nis_id	name	welfare_relevance	welfare_fit	relevance_signal	matched_organisation	reg_no	reg_date	level	region	district	years_experience	latest_project_end	nearest_campus_registry_coords	distance_km_registry_coords	latitude	longitude	profile_url	profile_fetched	vision	projects
4410	WOMEN INITIATIVES FOR THE STREET AND WORKING CHILDREN' WELFARE (WIWOCHI)	strong	likely	vulnerable child	WOMEN INITIATIVES FOR THE STREET AND WORKING CHILDREN' WELFARE (WIWOCHI) (added from register)	00NGO/R1/00600	2018-01-19	National	Arusha	Arusha	5	2025-12-31	Kijenge	0.4	-3.3857374	36.7070135	https://nis.jamii.go.tz/ngo_profile/4410	True	A community with protected children and empowered women	"[{""title"": ""Children Education and School Supplies"", ""from"": ""2025-01-01"", ""to"": ""2025-12-31""}, {""title"": ""Education Support"", ""from"": ""2024-01-01"", ""to"": ""2024-12-31""}, {""title"": ""Provision of schools needs to vulnerable children"", ""from"": ""2023-01-01"", ""to"": ""2023-12-31""}, {""title"": ""Support street children with basic needs including but limited education"", ""from"": ""2023-01-01"", ""to"": ""2023-12-31""}]"
11362	ProManity International	strong	likely	Orphan	ProManity International (added from register)	I-NGO/R/2260	2021-09-10	International	Arusha	Arusha	5	2025-12-31	Ilboru	0.4	-3.3497575499999996	36.694137528166095	https://nis.jamii.go.tz/ngo_profile/11362	True	Eradication of&nbsp;&nbsp;poverty sustainably for&nbsp;girls and young women living in impoverished communities.	"[{""title"": ""Orphans Sponsorship"", ""from"": ""2025-01-01"", ""to"": ""2025-12-31""}, {""title"": ""Orphans Sponsorship"", ""from"": ""2024-01-01"", ""to"": ""2024-12-31""}, {""title"": ""Sponsoring orphans"", ""from"": ""2023-01-01"", ""to"": ""2023-12-31""}]"
2701	Fruitful Organization	strong	likely	Orphan	Fruitful Organization	00NGO/0008934	2010-11-29	National	Arusha	Arumeru	0		Kijenge	0.7	-3.3895645	36.7093653	https://nis.jamii.go.tz/ngo_profile/2701	True	To ensure the children of Tanzania especially Orphans and other children in need may attain better living through developing in health, literacy and social welfare.	
5358	GLORY REACH AND HELP FOUNDATION	strong	likely	ORPHAN	GLORY REACH AND HELP FOUNDATION (added from register)	00NGO/00009788	2018-07-19	National	Arusha	Arumeru	1	2020-11-30	Usa River	0.8	-3.3662019	36.8562422	https://nis.jamii.go.tz/ngo_profile/5358	True	A society that is self reliance economically	"[{""title"": ""SARA ORPHANAGE"", ""from"": ""2020-10-01"", ""to"": ""2020-11-30""}, {""title"": ""MSAADA WA CHAKULA CHA NJAA"", ""from"": ""2020-02-24"", ""to"": ""2020-11-30""}, {""title"": ""SAKILA WAREHOUSE"", ""from"": ""2020-02-24"", ""to"": ""2020-11-30""}, {""title"": ""Kasharu Sekondary School"", ""from"": ""2020-01-27"", ""to"": ""2020-04-15""}]"
18870	INUKA ORGANIZATION	strong	likely	ORPHAN	Inuka	I-NGO/R/5533	2024-02-02	International	Arusha	Arusha	2	2025-12-22	Arusha City	0.9	-3.3577334	36.6545962	https://nis.jamii.go.tz/ngo_profile/18870	True	A sustainable society with equal access to quality education and vocational training for all.	"[{""title"": ""SUPPORTING EDUCATION BY EMPOWERING QUALITY EDUCATION AND TRAINING TO VULNERABLE AND ORPHAN CHILDREN"", ""from"": ""2025-01-01"", ""to"": ""2025-12-22""}, {""title"": ""Empower quality education and vocational training to vulnerable and orphan children in Tanzania"", ""from"": ""2024-02-05"", ""to"": ""2024-12-20""}]"
5083	NEXT LIFE FOUNDATION TANZANIA (NLFT)	strong	likely	orphan	Next Life Foundation	00NGO/00007911	2015-04-10	National	Arusha	Arusha	6	2025-12-31	Kijenge	1.2	-3.3909726	36.7174112	https://nis.jamii.go.tz/ngo_profile/5083	True	A better life for the orphanage and unprivileged Tanzanian children through good health, nutrition, education and loving support.	"[{""title"": ""EDUCATION VOCATION TRAINING"", ""from"": ""2025-01-06"", ""to"": ""2025-12-31""}, {""title"": ""Community empowerment project"", ""from"": ""2024-01-01"", ""to"": ""2024-12-31""}, {""title"": ""Taylor and carpentry training"", ""from"": ""2021-01-04"", ""to"": ""2024-04-06""}, {""title"": ""NARRATIVE REPORT OF NLFT ACTIVITIES"", ""from"": ""2020-01-01"", ""to"": ""2020-12-31""}]"
256	BRIGHT HOPE CHILDREN DOUNDATION	strong	likely	vulnerable child	BRIGHT HOPE CHILDREN DOUNDATION (added from register)	00NGO/R/0296	2019-08-01	National	Arusha	Arusha	0		Ilboru	1.5	-3.35438755	36.681305116482804	https://nis.jamii.go.tz/ngo_profile/256	True	Organization envisions bringing peace, hope and fuiture for all vulnerable children and women so as to ensure sustainable high living standard	
23514	Gladness Kanyika Home Organization	strong	likely	orphan	Gladness Kanyika Home Organization (added from register)	00NGO/R/9523	2026-03-03	National	Arusha	Arumeru	0		Usa River	1.5	-3.3702226	36.8504702	https://nis.jamii.go.tz/ngo_profile/23514	True	A leading organzaition in providing conducive&nbsp;&nbsp;environment for orphans and children	
18998	SPORTS HOSTEL FOUNDATION	strong	likely	vulnerable child	SPORTS HOSTEL FOUNDATION (added from register)	00NGO/R/5260	2024-03-13	National	Arusha	Arumeru	0		Usa River	1.7	-3.358618	36.877091	https://nis.jamii.go.tz/ngo_profile/18998	True	To build society that accept vulnerable childrens to attain healing of their emotional feeling and inclusive&nbsp;education,&nbsp;sports experiences in a sustainable way.	
13080	CARORYAN FOUNDATION	strong	likely	yatima	CARORYAN FOUNDATION (added from register)	00NGO/R/2200	2021-08-17	National	Arusha	Arusha	3		Kijenge	1.9	-3.3678507	36.7161318	https://nis.jamii.go.tz/ngo_profile/13080	True	"Kusadia wanawake ambao ni wajane na mabinti yatima wanaoishi katika mazingira magumu,&nbsp;kupambana na&nbsp;kuepukana na utegemezi pamoja na manyanyaso. 

 &nbsp;"	
249	ME AND ORPHANS TANZANIA	strong	likely	ORPHAN	ME AND ORPHANS TANZANIA (added from register)	00NGO/R/0361	2019-08-19	National	Arusha	Arusha	0		Arusha City	2.1	-3.3694219	36.6711546	https://nis.jamii.go.tz/ngo_profile/249	True	Asaidiwe mtoto yatima ili aweze kuwa msaada wa kizazi cha kesho	
12687	FINNISH SPECIAL EDUCATION IN AFRICA ry	strong	likely	special needs child	FINNISH SPECIAL EDUCATION IN AFRICA ry (added from register)	I-NG0/R1/0078	2019-07-05	International	Arusha	Arusha	6	2026-03-25	Kijenge	2.1	-3.3857469	36.6909783	https://nis.jamii.go.tz/ngo_profile/12687	True	Advanced education opportunities of children in Africa.	"[{""title"": ""Arusha Especially Project"", ""from"": ""2026-01-01"", ""to"": ""2026-03-25""}, {""title"": ""Arusha Especially Project"", ""from"": ""2025-01-01"", ""to"": ""2025-12-31""}, {""title"": ""Deaf Students Accessibility"", ""from"": ""2025-01-01"", ""to"": ""2025-04-30""}, {""title"": ""Deaf Students Accessibility"", ""from"": ""2024-01-01"", ""to"": ""2024-12-31""}, {""title"": ""Deaf Students Accessibility"", ""from"": ""2020-01-06"", ""to"": ""2020-12-31""}, {""title"": ""DeSA - Deaf Students Accessibility"", ""from"": ""2023-01-02"", ""to"": ""2023-12-31""}, {""title"": ""DeSA - Deaf Students Accessibility"", ""from"": ""2023-01-02"", ""to"": ""2023-12-31""}, {""title"": ""DeSA - Deaf Students Accessibility Project"", ""from"": ""2022-01-02"", ""to"": ""2022-12-30""}, {""title"": ""DeSA - Deaf Students Accessibility Project"", ""from"": ""2021-01-01"", ""to"": ""2021-12-31""}, {""title"": ""Education for special needs children, girls and youth: Support the special needs children from primary, secondary and co"", ""from"": ""2020-01-01"", ""to"": ""2020-12-31""}]"
290	TERRAWATU	strong	likely	ORPHAN	TerraWatu	00NGO/R2/000249	2019-08-03	National	Arusha	Arusha	5	2025-12-31	Kijenge	2.2	-3.3678647	36.6985453	https://nis.jamii.go.tz/ngo_profile/290	True	Improving community access to quality education,affordable whole health services and sustainable livelihoods rooted in the natural environment	"[{""title"": ""Huruma Ophanage"", ""from"": ""2025-01-01"", ""to"": ""2025-12-31""}, {""title"": ""Information Technology(IT)"", ""from"": ""2025-01-01"", ""to"": ""2025-12-31""}, {""title"": ""Women Initiative"", ""from"": ""2025-01-01"", ""to"": ""2025-12-31""}, {""title"": ""Child School Scholarship"", ""from"": ""2025-01-01"", ""to"": ""2025-12-31""}, {""title"": ""PERMACULTURE"", ""from"": ""2024-01-01"", ""to"": ""2024-12-31""}, {""title"": ""AFRICA CHILD DAY"", ""from"": ""2024-01-01"", ""to"": ""2024-12-31""}, {""title"": ""WOMEN INITIATIVE"", ""from"": ""2024-01-01"", ""to"": ""2024-12-31""}, {""title"": ""HURUMA OPHANAGE"", ""from"": ""2024-01-01"", ""to"": ""2024-12-31""}, {""title"": ""IT PROJECT"", ""from"": ""2024-01-08"", ""to"": ""2024-12-31""}, {""title"": ""CHILD SCHOOL SCHOLARSHIP"", ""from"": ""2024-01-08"", ""to"": ""2024-12-31""}, {""title"": ""Parmaculture"", ""from"": ""2023-01-09"", ""to"": ""2023-12-31""}, {""title"": ""IT Project"", ""from"": ""2023-01-09"", ""to"": ""2023-12-31""}]"
517	HOLLEY CHILDREN ORPHANAGE (HCO)	strong	likely	ORPHAN	Holley Children Orphanage (Arusha)	00NGO/R/0594	2019-09-06	National	Arusha	Arusha	1	2024-12-31	Ilboru	2.2	-3.3657729	36.6881183	https://nis.jamii.go.tz/ngo_profile/517	True	HEALTH COMMUNITY THAT ACQUIRE BETTER HEALTH SERVICES EDUCATION AND BETTER LIVELIHOOD	"[{""title"": ""Holley Children Orphanage"", ""from"": ""2019-09-06"", ""to"": ""2024-12-31""}, {""title"": ""Holley Children Orphanage"", ""from"": ""2019-09-06"", ""to"": ""2023-12-31""}]"
5124	TANZANIA CHILD CARE AND TECHNICAL SUPPORT	strong	likely	Safe house	TANZANIA CHILD CARE AND TECHNICAL SUPPORT (added from register)	00NGO/0009433	2017-12-20	National	Arusha	Arusha	0		Kijenge	2.2	-3.3678647	36.6985453	https://nis.jamii.go.tz/ngo_profile/5124	True	Safe households, sale communities which inspire community members and act to realize then dreams by holding the power to create and stimulate&nbsp;opportunities for themselves and others through positive-effect action to impact interactive community change and leave a mark for hope	
12477	CONVOY OF HOPE	strong	likely	orphan	CONVOY OF HOPE	I-NG0/R2/000263	2013-05-28	International	Arusha	Arusha	6	2025-12-31	Kijenge	2.4	-3.3748484	36.690731	https://nis.jamii.go.tz/ngo_profile/12477	True	A &nbsp;society where children, orphans and other vulnerable are &nbsp;integrally empowered forself sustainable development and community improvement in totality.	"[{""title"": ""Water wells"", ""from"": ""2025-01-01"", ""to"": ""2025-12-31""}, {""title"": ""Agriculture"", ""from"": ""2024-01-01"", ""to"": ""2024-12-31""}, {""title"": ""Girls Empowerment"", ""from"": ""2023-01-01"", ""to"": ""2023-12-31""}, {""title"": ""Girls Empowerment"", ""from"": ""2023-01-01"", ""to"": ""2023-12-31""}, {""title"": ""Children feeding Initiative"", ""from"": ""2023-12-01"", ""to"": ""2023-12-30""}, {""title"": ""AGRICULTURE"", ""from"": ""2022-01-10"", ""to"": ""2022-12-31""}, {""title"": ""AGRICULTURE"", ""from"": ""2022-01-10"", ""to"": ""2022-12-31""}, {""title"": ""AGRICULTURE"", ""from"": ""2022-01-10"", ""to"": ""2022-12-31""}, {""title"": ""GIRLS EMPOWERMENT"", ""from"": ""2022-01-10"", ""to"": ""2022-12-31""}, {""title"": ""GIRLS EMPOWERMENT"", ""from"": ""2022-01-10"", ""to"": ""2022-12-31""}, {""title"": ""GIRLS EMPOWERMENT"", ""from"": ""2022-01-10"", ""to"": ""2022-12-31""}, {""title"": ""GIRLS EMPOWERMENT"", ""from"": ""2022-01-10"", ""to"": ""2022-12-31""}]"
18951	AREM FOUNDATION	strong	likely	orphan	AREM FOUNDATION	00NGO/R/5261	2024-03-13	National	Arusha	Arumeru	0		Ilboru	2.4	-3.36666670	36.68333330	https://nis.jamii.go.tz/ngo_profile/18951	True	The Vision of the Organization is to get equal opportunity to all children and orphans and youth in need.	
381	Happy Childhood Foundation	strong	likely	Children's Home	Happy Childhood Foundation (added from register)	I-NGO/R2/000150	2019-07-19	International	Arusha	Arusha	4	2025-04-01	Kijenge	2.7	-3.3718215	36.6888561	https://nis.jamii.go.tz/ngo_profile/381	True	As misery sweeps through children&#39;s lives in all kinds of ways we want to make less fortunate children of the world happier and eqger to live and mature into good people by doing so, we aim to make a positive and long- lasting contribution in turning our world into a better place	"[{""title"": ""Basic Needs Support to Canaan Children's Home"", ""from"": ""2025-04-01"", ""to"": ""2025-04-01""}, {""title"": ""Happy Childhood Village Tanzania Site"", ""from"": ""2025-04-01"", ""to"": ""2025-04-01""}, {""title"": ""HAPPY CHILDHOOD VILLAGE TANZANIA SITE"", ""from"": ""2022-01-01"", ""to"": ""2023-12-31""}, {""title"": ""ESSENTIAL NEEDS - CANAAN CHILDREN'S HOME"", ""from"": ""2023-01-01"", ""to"": ""2023-12-31""}, {""title"": ""REFORASTATION OF HAPPY CHILDHOOD VILLAGE TANZANIA SITE"", ""from"": ""2022-01-01"", ""to"": ""2022-12-31""}, {""title"": ""ESSENTIAL NEEDS - CANAAN CHILDREN'S CENTRE"", ""from"": ""2021-01-01"", ""to"": ""2021-12-31""}]"
4501	FARAJA SUPPORT FOR NEEDY CHILDREN AND ORPHANS ORGANIZATION (FSNO)	strong	likely	ORPHAN	FARAJA SUPPORT FOR NEEDY CHILDREN AND ORPHANS ORGANIZATION (FSNO) (added from register)	00NGO/08378	2016-01-18	National	Arusha	Arusha	2	2025-03-31	Kijenge	2.7	-3.3737474	36.6878854	https://nis.jamii.go.tz/ngo_profile/4501	True	"&nbsp; 

 To become one of the best organization on improving the welfare of orphans and needy children."	"[{""title"": ""Pig Project"", ""from"": ""2025-01-01"", ""to"": ""2025-03-31""}, {""title"": ""Pig Project"", ""from"": ""2023-10-02"", ""to"": ""2023-12-29""}]"
24143	Levites Children Foundation (LCF)	strong	likely	vulnerable child	Levites Children Foundation (LCF) (added from register)	00NGO/R/9526	2026-03-03	National	Arusha	Arusha	0		Kijenge	2.8	-3.367635468443397	36.72902651739748	https://nis.jamii.go.tz/ngo_profile/24143	True	To create a society where every vulnerable child in Tanzania is nurtured, protected, and empowered to reach their full potential.	
12983	Hope and Soul Tanzania	strong	likely	Orphan	Hope and Soul Tanzania (added from register)	I-NGO/R/2104	2021-08-10	International	Arusha	Arusha	4	2025-12-31	Kijenge	3.0	-3.4079443	36.6982539	https://nis.jamii.go.tz/ngo_profile/12983	True	Shaping the future generation of Tanzania by eradicating poverty and develop children in safely environment and accomplish life intention within the family unit.	"[{""title"": ""Women's Microfinance Project"", ""from"": ""2025-01-01"", ""to"": ""2025-12-31""}, {""title"": ""Orphanage Support"", ""from"": ""2025-01-01"", ""to"": ""2025-12-31""}, {""title"": ""Youth Support"", ""from"": ""2025-01-01"", ""to"": ""2025-12-31""}, {""title"": ""Family Support"", ""from"": ""2025-01-01"", ""to"": ""2025-12-31""}, {""title"": ""Hope and Soul Daycare"", ""from"": ""2025-01-01"", ""to"": ""2025-12-31""}, {""title"": ""Youth Support"", ""from"": ""2024-01-01"", ""to"": ""2024-12-31""}, {""title"": ""Orphanage"", ""from"": ""2024-12-01"", ""to"": ""2024-12-31""}, {""title"": ""Family support"", ""from"": ""2024-01-01"", ""to"": ""2024-12-31""}, {""title"": ""Counselling and Mentorship"", ""from"": ""2024-01-01"", ""to"": ""2024-12-31""}, {""title"": ""Day Care services"", ""from"": ""2024-01-01"", ""to"": ""2024-12-31""}, {""title"": ""support education and families"", ""from"": ""2023-01-01"", ""to"": ""2023-12-31""}, {""title"": ""Hope and Soul"", ""from"": ""2022-01-03"", ""to"": ""2022-12-31""}]"
333	LENGIJABE CHILDREN'S VOLUNTEERING RELIEF	strong	likely	vulnerable child	LENGIJABE CHILDREN'S VOLUNTEERING RELIEF (added from register)	00NGO/R/0374	2019-08-06	National	Arusha	Arusha	0		Kijenge	3.1	-3.3792966	36.7376686	https://nis.jamii.go.tz/ngo_profile/333	True	A society of equal opportunities where vulnerable children and youth are holistically empowered	
12715	GEM LEGACY INC	strong	likely	ORPHAN	GEM LEGACY INC (added from register)	I-NGO/R/2561	2021-11-18	International	Arusha	Arusha	2	2023-12-15	Ilboru	3.1	-3.3717987	36.6813162	https://nis.jamii.go.tz/ngo_profile/12715	True	To be recognized as Tanzanian&#39;s artisanal mining community focused&nbsp; in the areas of kids, education, and entrepreneurship.	"[{""title"": ""ORPHANAGE SUPPORT"", ""from"": ""2023-12-12"", ""to"": ""2023-12-12""}, {""title"": ""STUDENT FAIR RETREAT"", ""from"": ""2023-12-04"", ""to"": ""2023-12-04""}, {""title"": ""SILICOSIS RESEARCH PREVENTION"", ""from"": ""2023-01-23"", ""to"": ""2023-01-25""}, {""title"": ""College Students Sholarship"", ""from"": ""2023-08-06"", ""to"": ""2023-12-15""}, {""title"": ""Kitarini Primary School - One Classroom Building"", ""from"": ""2023-03-06"", ""to"": ""2023-10-31""}, {""title"": ""Gemological & Faceting Training Center - Arusha"", ""from"": ""2023-01-08"", ""to"": ""2023-12-15""}, {""title"": ""37 Form I - Scholarship Program"", ""from"": ""2023-01-08"", ""to"": ""2023-12-08""}, {""title"": ""44 Sanawari P/School Scholarship Students"", ""from"": ""2023-01-15"", ""to"": ""2023-12-08""}, {""title"": ""3 Form IV - Secondary Students scholarship"", ""from"": ""2023-01-08"", ""to"": ""2023-12-07""}, {""title"": ""KITARINI PRIMARY SCHOOL LUNCH PROGRAM"", ""from"": ""2023-01-08"", ""to"": ""2023-12-07""}, {""title"": ""Morogoro Miners"", ""from"": ""2022-11-14"", ""to"": ""2022-11-18""}, {""title"": ""Merelani Tanzanite Mines - Simanjiro, Manyara"", ""from"": ""2022-09-20"", ""to"": ""2022-11-25""}]"
439	SINONI NGARASHI EDUCATION AND ORPHANS ORGANIZATION	strong	likely	ORPHAN	SINONI NGARASHI EDUCATION AND ORPHANS ORGANIZATION	01NGO/R2/000273	2019-08-05	District	Arusha	Monduli	5	2026-06-30	Kijenge	3.2	-3.3858516	36.681075	https://nis.jamii.go.tz/ngo_profile/439	True	To enable all orphans to get free education and free heath care	"[{""title"": ""SINON NGARASHI EDUCATION AND ORPHANS ORGANIZATION"", ""from"": ""2026-04-01"", ""to"": ""2026-06-30""}, {""title"": ""SINON NGARASHI EDUCATION AND ORPHANS ORGANIZATION"", ""from"": ""2026-01-01"", ""to"": ""2026-03-31""}, {""title"": ""SINON NGARASHI EDUCATION AND ORPHANS ORGANIZATION"", ""from"": ""2025-01-01"", ""to"": ""2025-12-31""}, {""title"": ""SINON NGARASHI EDUCATION AND ORPHANS ORGANIZATION"", ""from"": ""2025-07-01"", ""to"": ""2025-09-30""}, {""title"": ""SINON NGARASHI EDUCATION AND ORPHANS ORGANIZATION"", ""from"": ""2025-04-01"", ""to"": ""2025-06-30""}, {""title"": ""SINON NGARASHI EDUCATION AND ORPHANS ORGANIZATION"", ""from"": ""2024-01-01"", ""to"": ""2024-12-31""}, {""title"": ""Sinon Ngarashi Education and Orphans Organization"", ""from"": ""2024-04-01"", ""to"": ""2024-06-30""}, {""title"": ""SINON NGARASHI EDUCATION AND ORPHANS ORGANIZATION"", ""from"": ""2023-01-01"", ""to"": ""2023-12-31""}, {""title"": ""SINON NGARASHI EDUCATION AND ORPHANS ORGANIZATION"", ""from"": ""2022-01-01"", ""to"": ""2022-12-31""}, {""title"": ""SINON NGARASH EDUCATION AND ORPHANS ORGANIZATION"", ""from"": ""2021-01-01"", ""to"": ""2021-12-31""}]"
15157	SAFARIS WITH A HEART	strong	likely	orphan	SAFARIS WITH A HEART (added from register)	00NGO/R/3451	2022-06-30	National	Arusha	Arusha	2	2025-12-31	Kijenge	3.3	-3.3582817	36.7247789	https://nis.jamii.go.tz/ngo_profile/15157	True	"&nbsp; 

 &nbsp;vision educated unity and build self-sustaining communities Socio-Economically. 

 &nbsp;"	"[{""title"": ""Construction and Renovation"", ""from"": ""2025-01-15"", ""to"": ""2025-12-31""}, {""title"": ""Education Empowerment to Children and Youth"", ""from"": ""2025-01-15"", ""to"": ""2025-12-31""}, {""title"": ""Health Insurance for orphan's and Children with Disabilities"", ""from"": ""2022-10-14"", ""to"": ""2023-10-13""}, {""title"": ""Child support program"", ""from"": ""2023-01-06"", ""to"": ""2024-01-12""}, {""title"": ""Child support program"", ""from"": ""2023-01-06"", ""to"": ""2024-01-12""}]"
18013	Empact Foundation	strong	likely	Children with Disabilit	Empact Foundation (added from register)	00NGO/R/5433	2023-09-12	National	Arusha	Arusha	0	2024-06-26	Ilboru	3.3	-3.317172	36.6854726	https://nis.jamii.go.tz/ngo_profile/18013	True	&ldquo; We envision&nbsp;for the&nbsp;&nbsp;society where economic growth is equitable and sustainable, and well-being of all community members is prioritized and nurtured.	"[{""title"": ""SIGN TO SPEAK -Support for Children with Disabilities (DEAF CHILDREN)"", ""from"": ""2024-04-22"", ""to"": ""2024-06-26""}, {""title"": ""Wanawake na Maendeleo"", ""from"": ""2024-02-23"", ""to"": ""2024-03-10""}, {""title"": ""Vijana na Uchumi"", ""from"": ""2023-11-14"", ""to"": ""2024-03-29""}]"
16291	Starving children	strong	likely	Child care cent	Starving children (added from register)	I-NGO/R/4122	2022-12-14	International	Arusha	Arusha	3	2025-12-31	Kijenge	3.5	-3.4149	36.7132	https://nis.jamii.go.tz/ngo_profile/16291	True	To see the strengthened position and lifes of children&nbsp;and women in the society of the future.	"[{""title"": ""Mother and Child care"", ""from"": ""2025-01-01"", ""to"": ""2025-12-31""}, {""title"": ""Mother and Child Care"", ""from"": ""2024-01-01"", ""to"": ""2024-12-31""}, {""title"": ""Mother and Child care center Orkisima (4a)"", ""from"": ""2023-01-01"", ""to"": ""2023-12-31""}]"
18149	NASHUMU VULNERABLE GIRLS RESCUE INITIATIVES (NAVUGIREI)	strong	likely	GIRLS RESCUE	NASHUMU VULNERABLE GIRLS RESCUE INITIATIVES (NAVUGIREI) (added from register)	00NGO/R/5422	2023-09-12	National	Arusha	Arumeru	1	2025-12-31	Usa River	3.6	-3.370616	36.8954664	https://nis.jamii.go.tz/ngo_profile/18149	True	A transformed community with girls free from all forms of oppression, abuse, harassment, predicament &nbsp;and violence.	"[{""title"": ""Education Support for Vulnerable Girls"", ""from"": ""2025-01-01"", ""to"": ""2025-12-31""}, {""title"": ""Education Support for Vulnerable Girls"", ""from"": ""2025-10-01"", ""to"": ""2025-12-31""}, {""title"": ""Education Support For Vulnerable Girls"", ""from"": ""2025-07-01"", ""to"": ""2025-09-30""}, {""title"": ""Education Support for Vulnerable Girls"", ""from"": ""2025-04-01"", ""to"": ""2025-06-30""}, {""title"": ""Education Support for Vulnerable Girls"", ""from"": ""2025-01-02"", ""to"": ""2025-03-31""}]"
4950	EBENEZER ORPHANAGE CENTRE	strong	likely	ORPHAN	EBENEZER ORPHANAGE CENTRE (added from register)	00NGO/00003343	2009-08-03	National	Arusha	Arumeru	0		Usa River	4.0	-3.3556094	36.8278424	https://nis.jamii.go.tz/ngo_profile/4950	True	To become a center of excellence in caring children through parental care and social services	
11261	UJAMAA TANZANIA FOUNDATION	strong	likely	orphan	Ujamaa Children's Home	I-NGO/R/1774	2021-03-31	International	Arusha	Arusha	0		Arusha City	4.2	-3.3900029	36.666762	https://nis.jamii.go.tz/ngo_profile/11261	True	Envision orphans, young girl and the whole community have environment suitable to attain equal and better opportunity on health service, education and social welfare for their well being and lastly prosperity in life.	
16623	AHSANTE FOUNDATION TANZANIA (AFOTA)	strong	likely	KITUO CHA KULELEA	AHSANTE FOUNDATION TANZANIA (AFOTA) (added from register)	00NGO/R/4371	2023-02-01	National	Arusha	Arusha	3	2025-12-31	Arusha City	4.2	-3.3900029	36.666762	https://nis.jamii.go.tz/ngo_profile/16623	True	Building a community to self-reliance	"[{""title"": ""UJENZI WA KITUO CHA KULELEA WATOTO YATIMA"", ""from"": ""2024-11-01"", ""to"": ""2025-12-31""}, {""title"": ""KUCHINJA NA KUGAWA NYAMA"", ""from"": ""2025-01-01"", ""to"": ""2025-12-31""}, {""title"": ""kugawa vyakula vikavu na vilivyo pikwa"", ""from"": ""2024-01-01"", ""to"": ""2024-12-31""}, {""title"": ""kugawa vyakula vikavu na vilivyo pikwa"", ""from"": ""2024-01-01"", ""to"": ""2024-12-31""}, {""title"": ""kugawa vyakula vikavu na vilivyo pikwa"", ""from"": ""2024-01-01"", ""to"": ""2024-12-31""}, {""title"": ""uchimbaji wa visima"", ""from"": ""2024-02-01"", ""to"": ""2024-12-31""}, {""title"": ""uchimbaji wa visima"", ""from"": ""2024-02-01"", ""to"": ""2024-12-31""}, {""title"": ""kuchinja na kugawa kitoweo kwa wenye uhitaji"", ""from"": ""2024-01-01"", ""to"": ""2024-12-31""}, {""title"": ""kuchinja na kugawa kitoweo kwa wenye uhitaji"", ""from"": ""2024-01-01"", ""to"": ""2024-12-31""}, {""title"": ""kuchinja na kugawa kitoweo kwa wenye uhitaji"", ""from"": ""2024-01-01"", ""to"": ""2024-12-31""}, {""title"": ""kuchinja na kugawa kitoweo kwa wenye uhitaji"", ""from"": ""2024-01-01"", ""to"": ""2024-12-31""}, {""title"": ""kuchinja na kugawa kitoweo kwa wenye uhitaji"", ""from"": ""2024-01-01"", ""to"": ""2024-12-31""}]"
18284	THE TERENCE G. KLINGELE FOUNDATION	strong	likely	orphan	THE TERENCE G. KLINGELE FOUNDATION	I-NGO/R/5723	2023-09-29	International	Arusha	Arusha	0		Kijenge	4.2	-3.4046427	36.6784247	https://nis.jamii.go.tz/ngo_profile/18284	True	THE TERENCE G KLINGELE FOUNDATION&nbsp;envision to become a global leader in provision of&nbsp; education&nbsp;scholarship support for orphans and vulnarable children.&nbsp;	
370	NEEMA VILLAGE TANZANIA, INC.	strong	likely	RESCUE BABIES	Neema Village Tanzania Inc	I-NGO/R/0446	2019-08-10	International	Arusha	Arusha	5	2025-12-31	Kijenge	4.5	-3.4134597	36.7369139	https://nis.jamii.go.tz/ngo_profile/370	True	A healthy community where families and children come first	"[{""title"": ""COMMUNITY SOCCER FIELD"", ""from"": ""2025-01-01"", ""to"": ""2025-12-31""}, {""title"": ""OUTREACH PROGRAM"", ""from"": ""2025-01-01"", ""to"": ""2025-12-31""}, {""title"": ""CHILDCARE"", ""from"": ""2025-01-01"", ""to"": ""2025-12-31""}, {""title"": ""TZ WATER PROJECT"", ""from"": ""2025-01-01"", ""to"": ""2025-12-31""}, {""title"": ""REHABILITATIVE DAYCARE"", ""from"": ""2025-01-01"", ""to"": ""2025-12-31""}, {""title"": ""SAVE THE MOTHERS"", ""from"": ""2025-01-01"", ""to"": ""2025-12-31""}, {""title"": ""MOTHER AGAINST POVERTY"", ""from"": ""2025-01-01"", ""to"": ""2025-12-31""}, {""title"": ""GIFT PROGRAM"", ""from"": ""2024-01-01"", ""to"": ""2024-12-31""}, {""title"": ""COMMUNITY FOOTBALL FIELD"", ""from"": ""2024-01-01"", ""to"": ""2024-12-31""}, {""title"": ""OUTREACH PROGRAM"", ""from"": ""2024-01-01"", ""to"": ""2024-12-31""}, {""title"": ""TZ WATER PROJECT"", ""from"": ""2024-01-01"", ""to"": ""2024-12-31""}, {""title"": ""SAVE THE MOTHERS"", ""from"": ""2024-01-01"", ""to"": ""2024-12-31""}]"
23961	Ndovu Foundation	strong	likely	orphan	Ndovu Foundation (added from register)	00NGO/R/8982	2026-02-04	National	Arusha	Arusha	0		Kijenge	4.5	-3.424	36.7034	https://nis.jamii.go.tz/ngo_profile/23961	True	To ensure equal opportunities and a dignified life for all children, orphans, and youth in need, enabling them to reach their full potential	
18213	MERU PEAK FOUNDATION	strong	likely	orphan	MERU PEAK FOUNDATION (added from register)	00NGO/R/5790	2023-10-18	National	Arusha	Arumeru	1	2025-06-21	Usa River	4.6	-3.329117	36.884049	https://nis.jamii.go.tz/ngo_profile/18213	True	To build society which loves and accept orphans and vulnerable children&#39;s so as to attain healing of their emotional wounds.&nbsp;	"[{""title"": ""N/A"", ""from"": ""2025-06-21"", ""to"": ""2025-06-21""}]"
5387	FORTUNE KIDS AND EDUCATION FOUNDATION (FKEF)	strong	likely	orphan	FORTUNE KIDS AND EDUCATION FOUNDATION (FKEF)	00NGO/0009344	2017-08-04	National	Arusha	Arumeru	5	2021-12-10	Usa River	5.1	-3.3657427	36.9093782	https://nis.jamii.go.tz/ngo_profile/5387	True	To attain an educated community that realize rights and the full potential of orphans, street children and delinquent children to ensure them with healthy life, giving them education and all basic need.	"[{""title"": ""WOMEN EMPOWERMENT"", ""from"": ""2021-12-06"", ""to"": ""2021-12-10""}, {""title"": ""TALENTS INOVATION"", ""from"": ""2021-08-23"", ""to"": ""2021-08-27""}, {""title"": ""Child health"", ""from"": ""2021-05-10"", ""to"": ""2021-05-14""}, {""title"": ""Child Development and Wellbeing"", ""from"": ""2021-02-15"", ""to"": ""2021-02-19""}, {""title"": ""ENTREPRENEURSHIP"", ""from"": ""2020-12-07"", ""to"": ""2020-12-11""}, {""title"": ""TALENTS INOVATION"", ""from"": ""2020-08-24"", ""to"": ""2020-08-28""}, {""title"": ""CHILD HEALTH"", ""from"": ""2020-05-11"", ""to"": ""2020-05-15""}, {""title"": ""Child Development and Wellbeing"", ""from"": ""2020-02-05"", ""to"": ""2020-02-11""}]"
4578	TRAINING, RESEARCH, MONITORING AND EVALUATION ON GENDER AND AIDS (TRMEGA)	strong	likely	Vulnerable Child	TRAINING, RESEARCH, MONITORING AND EVALUATION ON GENDER AND AIDS (TRMEGA) (added from register)	00NGO/00004102	2010-09-13	National	Arusha	Arumeru	5	2025-12-31	Usa River	7.0	-3.3354265	36.8077667	https://nis.jamii.go.tz/ngo_profile/4578	True	"Enabling the creation of&nbsp;the communities&nbsp;which are aware of&nbsp;&nbsp;gender&nbsp;inequalities&nbsp;and&nbsp; empowered to mitigate the impact of HIV&amp;AIDS. 

 &nbsp;"	"[{""title"": ""Most Vulnerable Children"", ""from"": ""2025-01-01"", ""to"": ""2025-12-31""}, {""title"": ""Most Vulnerable Children"", ""from"": ""2024-01-01"", ""to"": ""2024-12-31""}, {""title"": ""Most Vulnerable Children"", ""from"": ""2022-01-01"", ""to"": ""2022-12-31""}, {""title"": ""Most Vulnerable Children"", ""from"": ""2022-01-01"", ""to"": ""2022-12-31""}, {""title"": ""Most Vulnerable Children(MVC)"", ""from"": ""2022-04-13"", ""to"": ""2022-04-14""}]"
4657	THE SMALL THINGS TANZANIA	strong	likely	orphan	The Small Things	00NGO/R1/00803	2014-12-05	National	Arusha	Arumeru	1		Usa River	7.3	-3.3178577	36.8164455	https://nis.jamii.go.tz/ngo_profile/4657	True	A better life for the orphanage and uprivileged Tanzania children through good health, nutrition, education and loving support.	
424	Bassari Community Empowerment and Development	strong	likely	Childrens home	Bassari Community Empowerment and Development (added from register)	I-NGO/R1/006	2019-08-20	International	Arusha	Arumeru	6	2025-12-31	Usa River	7.4	-3.3170657	36.8169879	https://nis.jamii.go.tz/ngo_profile/424	True	A community with children who aquire better education, accomodation and medical care.	"[{""title"": ""Childrens home and empowering vulnerable groups"", ""from"": ""2025-01-01"", ""to"": ""2025-12-31""}, {""title"": ""Childrens home and empowering vulnerable groups"", ""from"": ""2024-01-01"", ""to"": ""2024-12-31""}, {""title"": ""Childrens home and empowering vulnerable groups"", ""from"": ""2023-01-01"", ""to"": ""2023-12-31""}, {""title"": ""Childrens home and empowering vulnerable groups"", ""from"": ""2022-01-01"", ""to"": ""2022-12-31""}, {""title"": ""Childrens home and empowering vulnerable groups"", ""from"": ""2021-01-01"", ""to"": ""2021-12-31""}, {""title"": ""home activities"", ""from"": ""2020-09-01"", ""to"": ""2020-12-31""}, {""title"": ""Daily Home activities"", ""from"": ""2020-04-01"", ""to"": ""2020-06-30""}, {""title"": ""Home/ domestic activities"", ""from"": ""2020-01-01"", ""to"": ""2020-03-31""}]"
10487	Friends Support for Community Development (FRI-SUCODE) Organization	strong	likely	Orphan	Friends Support for Community Development (FRI-SUCODE) Organization (added from register)	00NGO/R/0967	Years of Experience:	National	Arusha	Arumeru	6	2025-12-31	Kijenge	8.4	-3.3489691	36.7768995	https://nis.jamii.go.tz/ngo_profile/10487	True	"Communities&nbsp; &nbsp;enjoying &nbsp;sustainable&nbsp; &nbsp;livelihoods,&nbsp; &nbsp;individuals&nbsp; &nbsp;realizing&nbsp; &nbsp;their&nbsp; &nbsp;full &nbsp;potential &nbsp;in accessing &nbsp;social and economic &nbsp;opportunities &nbsp;in the community 

 &nbsp; 

 &nbsp; 

 &nbsp; 

 &nbsp; 

 &nbsp; 

 &nbsp;"	"[{""title"": ""COMMUNITY AWARENESS CREATION &REFERALS IN FIGHTING AGAINST FISTULA IN LAKE ZONE"", ""from"": ""2025-01-01"", ""to"": ""2025-12-31""}, {""title"": ""COMMUNITY AWARENESS CREATION &REFERALS IN FIGHTING AGAINST FISTULA IN LAKE ZONE"", ""from"": ""2024-07-01"", ""to"": ""2024-12-31""}, {""title"": ""Community sustenance"", ""from"": ""2023-01-01"", ""to"": ""2023-12-31""}, {""title"": ""Community Sustenance"", ""from"": ""2022-01-03"", ""to"": ""2022-12-31""}, {""title"": ""Child Health and Welfare"", ""from"": ""2022-01-03"", ""to"": ""2022-03-31""}, {""title"": ""Combacting Covid 19 for Community Growth"", ""from"": ""2020-10-01"", ""to"": ""2021-04-30""}, {""title"": ""Support Orphans and Vulnerable Children"", ""from"": ""2021-01-01"", ""to"": ""2021-12-31""}, {""title"": ""Improve livelihood of 50 household in the year 2020."", ""from"": ""2020-01-01"", ""to"": ""2020-12-31""}, {""title"": ""Rehabilitate 6 water points in the schools and community water schemes as well as formation of Community Based Water Sup"", ""from"": ""2020-01-01"", ""to"": ""2020-12-31""}, {""title"": ""Conduct Entrepreneurship Training on Soap, Sanitizer and Petroleum Jelly Making"", ""from"": ""2020-01-01"", ""to"": ""2020-12-31""}, {""title"": ""Purchase and distribute 30 hand-washing facilities in schools and health centers"", ""from"": ""2020-01-01"", ""to"": ""2020-12-31""}, {""title"": ""Conduct Public Awareness on Combating Communicable Diseases"", ""from"": ""2020-01-01"", ""to"": ""2020-12-31""}]"
16805	CHILD FIRST INITIATIVE (CFI)	strong	likely	BABY HOME	Child First Initiative (CFI)	00NGO/R/4448	2023-03-01	National	Arusha	Arumeru	1	2024-12-31	Kijenge	8.4	-3.3489691	36.7768995	https://nis.jamii.go.tz/ngo_profile/16805	True	&ldquo;Child First Initiative (CFI)&rdquo; envisions all children access quality inclusive education as are innovatively made to learn.	"[{""title"": ""AMSHA NGABOBO"", ""from"": ""2025-04-15"", ""to"": ""2024-12-31""}, {""title"": ""BABY HOME"", ""from"": ""2024-01-01"", ""to"": ""2024-12-31""}, {""title"": ""Amsha Ngabobo"", ""from"": ""2024-03-16"", ""to"": ""2024-03-16""}]"
12564	MALAIKA CHILDREN'S FRIENDS	strong	likely	ORPHAN	Malaika Children's Friends	I-NGO/R1/00890	2009-09-06	International	Arusha	Arusha	5	2024-12-31	Kijenge	8.5	-3.4424539	36.7587366	https://nis.jamii.go.tz/ngo_profile/12564	True	-	"[{""title"": ""CANDLE PROJECT"", ""from"": ""2024-01-01"", ""to"": ""2024-12-31""}, {""title"": ""CANDLE PROJECT"", ""from"": ""2023-01-01"", ""to"": ""2023-12-31""}, {""title"": ""MALAIKA CHILDREN`S FRIENDS"", ""from"": ""2022-05-23"", ""to"": ""2023-01-23""}, {""title"": ""TO PROVIDE A SAFE AND HEALTHY ENVIROMENT FOR HOMELESS AND ORPHANED CHILDREN"", ""from"": ""2020-12-31"", ""to"": ""2021-12-31""}, {""title"": ""Promoting welfare economic, social development of children"", ""from"": ""2021-05-13"", ""to"": ""2021-05-13""}]"
11757	RESCUE CHILDREN CHARITY ORGANIZATION	strong	likely	RESCUE CHILD	RESCUE CHILDREN CHARITY ORGANIZATION	00NGO/R/1815	2021-04-19	National	Arusha	Arusha	4	2030-04-23	Kijenge	8.9	-3.463104645895706	36.69846759546872	https://nis.jamii.go.tz/ngo_profile/11757	True	Community children access quality and. affordable education and health services for the development.&nbsp;	"[{""title"": ""Rescue children charity organization"", ""from"": ""2025-04-20"", ""to"": ""2025-11-04""}, {""title"": ""Rescue children charity organization"", ""from"": ""2024-02-13"", ""to"": ""2024-10-30""}, {""title"": ""Rescue children charity organization"", ""from"": ""2024-02-13"", ""to"": ""2024-10-30""}, {""title"": ""Rescue children charity organization"", ""from"": ""2024-04-26"", ""to"": ""2024-06-30""}, {""title"": ""Rescue children charity organization"", ""from"": ""2024-01-09"", ""to"": ""2024-03-19""}, {""title"": ""Rescue children charity organization"", ""from"": ""2024-01-09"", ""to"": ""2024-03-19""}, {""title"": ""Rescue children charity organization"", ""from"": ""2023-04-21"", ""to"": ""2024-01-10""}, {""title"": ""Rescue children charity organization"", ""from"": ""2021-04-23"", ""to"": ""2030-04-23""}]"
419	Kingdom Matters Organisation	strong	likely	orphan	Kingdom Matters Organisation (added from register)	I-NGO/R2/000260	2019-08-03	International	Arusha	Arumeru	4	2025-12-31	Usa River	9.2	-3.3331407	36.7866134	https://nis.jamii.go.tz/ngo_profile/419	True	Widows, disabled and orphans emancipated from extreme poverty and self-sustaining	"[{""title"": ""Holistic Community Care, Livelihood Empowerment, and Shelter Support Programme"", ""from"": ""2025-03-28"", ""to"": ""2025-12-31""}, {""title"": ""BIBI AANA'S"", ""from"": ""2024-08-27"", ""to"": ""2024-10-20""}, {""title"": ""BIBI KITUMI'S"", ""from"": ""2024-06-18"", ""to"": ""2024-07-30""}, {""title"": ""MAMA GODY'S HOUSE"", ""from"": ""2024-05-06"", ""to"": ""2024-06-20""}, {""title"": ""CATHERIN'S CHOO FLOOR"", ""from"": ""2024-05-03"", ""to"": ""2024-05-10""}, {""title"": ""MAMA ELISHA'S HOUSE AND SHOP"", ""from"": ""2024-03-22"", ""to"": ""2024-05-17""}, {""title"": ""Medical project"", ""from"": ""2023-01-01"", ""to"": ""2023-12-31""}, {""title"": ""New business start up"", ""from"": ""2023-01-01"", ""to"": ""2023-12-31""}, {""title"": ""Widows feeding program"", ""from"": ""2023-01-01"", ""to"": ""2023-12-31""}, {""title"": ""Widows Home Project"", ""from"": ""2023-01-01"", ""to"": ""2023-12-31""}, {""title"": ""Agro-Project"", ""from"": ""2023-01-01"", ""to"": ""2023-12-31""}, {""title"": ""Kingdom Matters organization"", ""from"": ""2020-01-01"", ""to"": ""2020-12-31""}]"
12070	Salama Home and Joyful Children Organization	strong	likely	street child	Salama Home and Joyful Children Organization (added from register)	00NGO/R/1714	2021-03-24	National	Arusha	Arumeru	0		Usa River	9.2	-3.3873642	36.9429517	https://nis.jamii.go.tz/ngo_profile/12070	True	To bring an equitable community with no street children	
13550	TUPENDANE FOUNDATION AND INITIATIVES (TUFOI)	strong	likely	VULNERABLE CHILD	TUPENDANE FOUNDATION AND INITIATIVES (TUFOI) (added from register)	00NGO/R/2425	2021-10-20	National	Arusha	Arumeru	1	2025-09-30	Usa River	9.2	-3.3331407	36.7866134	https://nis.jamii.go.tz/ngo_profile/13550	True	Healthy, economically stable communty with children who acquire better education and livelihood.	"[{""title"": ""Education Support Project"", ""from"": ""2025-07-01"", ""to"": ""2025-09-30""}, {""title"": ""EDUCATION FOR VULNERABLE CHILDREN"", ""from"": ""2024-01-08"", ""to"": ""2024-12-31""}, {""title"": ""PROTECTION OF MEDICINAL PLANT"", ""from"": ""2024-04-15"", ""to"": ""2024-12-31""}, {""title"": ""ENVIRONMENT PROTECTION"", ""from"": ""2024-03-04"", ""to"": ""2024-09-30""}, {""title"": ""ENVIRONMENT PROTECTION"", ""from"": ""2024-03-04"", ""to"": ""2024-09-30""}, {""title"": ""ENVIRONMENT PROTECTION"", ""from"": ""2024-03-04"", ""to"": ""2024-09-30""}, {""title"": ""ENVIRONMENT PROTECTION"", ""from"": ""2024-03-04"", ""to"": ""2024-09-30""}, {""title"": ""ENVIRONMENT PROTECTION"", ""from"": ""2024-03-04"", ""to"": ""2024-09-30""}, {""title"": ""ENVIRONMENT PROTECTION"", ""from"": ""2024-03-04"", ""to"": ""2024-09-30""}, {""title"": ""Education Suport Project"", ""from"": ""2023-01-01"", ""to"": ""2023-12-31""}, {""title"": ""Enviroment Protection"", ""from"": ""2022-01-05"", ""to"": ""2022-06-30""}]"
19954	Tanzania Youth Support and Self Reliance Organization	strong	likely	Orphan	Tanzania Youth Support and Self Reliance Organization	00NGO/R/7535	2024-09-30	National	Arusha	Arumeru	2	2025-12-25	Usa River	9.6	-3.30500000	36.80100000	https://nis.jamii.go.tz/ngo_profile/19954	True	To ensure youth&nbsp;groups and Orphanages&nbsp;acquire knowledge,&nbsp;Vocational skills and experience which will&nbsp;help them to secure employement or employ themselves.	"[{""title"": ""BASIC VOCATIONAL TRAINING FOR YOUTH TO EQUIP THEM FOR SELF EMPLOYMENT"", ""from"": ""2025-02-10"", ""to"": ""2025-12-25""}, {""title"": ""BASIC VOCATIONAL TRAINING FOR YOUTH TO EQUIP THEM FOR SELF EMPLOYMENT"", ""from"": ""2025-02-01"", ""to"": ""2025-09-15""}]"
5158	ARUSHA CHILD RIGHTS ORGANIZATION (ACRO)	strong	likely	yatima	ARUSHA CHILD RIGHTS ORGANIZATION (ACRO) (added from register)	00NGO/00009883	2018-08-27	National	Arusha	Arusha	0		Arusha City	10.3	-3.3860685	36.5743733	https://nis.jamii.go.tz/ngo_profile/5158	True	Kuwa na jamii inavo saidia, kueshimu na kuwajali yatima na watoto waishio katika mazingira magumu&nbsp;ili waweze kuishi na kufikia malengo yao kama watoto wengine.	
393	ZOE AFRICA (TZ)	strong	likely	orphan	ZOE AFRICA (TZ) (added from register)	00NGO/R2/000214	2019-07-31	National	Arusha	Arusha	5		Arusha City	11.1	-3.2626649	36.6180325	https://nis.jamii.go.tz/ngo_profile/393	True	A society where children,orphans and other vulnerable are integrally empowered to usher in sustainable development for the improvement of their life in totality	
686	African Moons Tanzania	strong	likely	SAFE HOUSE	African Moons Tanzania (added from register)	I-NGO/R1/00957	2019-08-23	International	Arusha	Arusha	5	2025-12-31	Arusha City	11.1	-3.2742992	36.6001866	https://nis.jamii.go.tz/ngo_profile/686	True	To have the society free from ignorance and poverty	"[{""title"": ""SAFE HOUSE FOR CHILDREN WITH DISABILITIES"", ""from"": ""2025-01-01"", ""to"": ""2025-12-31""}, {""title"": ""SHALOM ORPHANAGE CENTER"", ""from"": ""2025-01-01"", ""to"": ""2025-12-31""}, {""title"": ""SAFE HOME FOR CHILDREN WITH DISABILITY"", ""from"": ""2024-01-01"", ""to"": ""2024-12-31""}, {""title"": ""SHALOM CENTRE FOR STREET CHILDREDN"", ""from"": ""2024-01-01"", ""to"": ""2024-12-31""}, {""title"": ""Donation to Shalom Orphanage Centre"", ""from"": ""2022-01-01"", ""to"": ""2022-12-31""}, {""title"": ""• Safe Home for Children with special needs"", ""from"": ""2023-02-01"", ""to"": ""2024-01-01""}, {""title"": ""Shalom Training Center Orphanage"", ""from"": ""2023-01-01"", ""to"": ""2024-01-01""}]"
16951	Hope Sunshine Foundation	strong	likely	orphan	Hope Sunshine Foundation (added from register)	00NGO/R/4529	2023-03-27	National	Arusha	Arusha	0		Arusha City	11.1	-3.2626649	36.6180325	https://nis.jamii.go.tz/ngo_profile/16951	True	"Our vision&nbsp; 

 &nbsp; To bring vulnerable and orphan children together, help them grow and live the life of their dreams.&nbsp;"	
14662	TANZANIA HOST VOLUNTEER (THV)	strong	likely	orphan	TANZANIA HOST VOLUNTEER (THV) (added from register)	00NGO/R/3230	2022-05-05	National	Arusha	Arusha	4	2026-04-08	Kijenge	11.5	-3.4844169	36.6852175	https://nis.jamii.go.tz/ngo_profile/14662	True	Our vision is to build a sustainable community through local and international volunteers.	"[{""title"": ""animal welfare"", ""from"": ""2026-04-05"", ""to"": ""2026-04-08""}, {""title"": ""Animal welfare"", ""from"": ""2026-04-05"", ""to"": ""2026-04-08""}, {""title"": ""Grace orphanage children's center"", ""from"": ""2025-04-20"", ""to"": ""2025-04-20""}, {""title"": ""special needs/disable people"", ""from"": ""2023-12-20"", ""to"": ""2023-12-20""}, {""title"": ""Empowering woman"", ""from"": ""2023-04-28"", ""to"": ""2023-04-28""}, {""title"": ""Home visiting"", ""from"": ""2023-06-14"", ""to"": ""2023-06-14""}]"
4752	Precious Orphans Children (POCH)	strong	likely	Orphan	Precious Orphans Children (POCH) (added from register)	00NGO/R1/00825	2011-10-17	National	Arusha	Arumeru	0		Boma Ngombe	13.9	-3.3769343	37.020315	https://nis.jamii.go.tz/ngo_profile/4752	True	To get equal opportunity to all children and orphans in need	
4850	NICE ORPHANS CENTRE (NOC)	strong	likely	ORPHAN	NICE ORPHANS CENTRE (NOC) (added from register)	01NGO/1058	2008-07-24	Regional	Arusha	Arumeru	5	2025-12-31	Boma Ngombe	13.9	-3.3769343	37.020315	https://nis.jamii.go.tz/ngo_profile/4850	True	-	"[{""title"": ""Community Empowerment"", ""from"": ""2025-01-01"", ""to"": ""2025-12-31""}, {""title"": ""CONSTRUCTION OF SOCIAL HALL"", ""from"": ""2021-11-01"", ""to"": ""2024-04-16""}, {""title"": ""Construction of General Purpose Hall - Nice Orphans Centre"", ""from"": ""2019-04-01"", ""to"": ""2024-03-31""}]"
12466	MOSHONO CHILDREN FOUNDATION (MCF)	strong	likely	orphan	MOSHONO CHILDREN FOUNDATION (MCF) (added from register)	00NG0/00004671	2011-06-09	National	Arusha	Arumeru	0		Boma Ngombe	13.9	-3.3769343	37.020315	https://nis.jamii.go.tz/ngo_profile/12466	True	Envision a community whereby children, orphans, youth and elderly live free from any discrimination and stigmatization.	
462	THEMI YOUTH ORPHANAGE	strong	likely	ORPHAN	THEMI YOUTH ORPHANAGE (added from register)	01NGO/R2/000514	2019-08-27	Regional	Arusha	Arusha	0		Arusha City	14.4	-3.22868	36.6259	https://nis.jamii.go.tz/ngo_profile/462	True	No children should be without basic necessities in life negazelless of their circumstances	
4951	SHALOM CENTRE FOR STREET CHILDREN	strong	likely	STREET CHILD	SHALOM CENTRE FOR STREET CHILDREN (added from register)	00NGO/0878	2005-08-07	National	Arusha	Arusha	6	2025-12-31	Arusha City	14.4	-3.22868	36.6259	https://nis.jamii.go.tz/ngo_profile/4951	True	-	"[{""title"": ""Rescue Centre"", ""from"": ""2025-01-31"", ""to"": ""2025-12-31""}, {""title"": ""Rescue Centre"", ""from"": ""2024-01-01"", ""to"": ""2024-12-31""}, {""title"": ""Rescue centre"", ""from"": ""2023-01-01"", ""to"": ""2023-12-31""}, {""title"": ""Rescue centre"", ""from"": ""2022-01-01"", ""to"": ""2022-12-01""}, {""title"": ""SHALOM CENTRE FOR STREET CHILDREN"", ""from"": ""2021-01-01"", ""to"": ""2020-12-31""}]"
10299	Ikunda Needs and Orphans Children Organization	strong	likely	Orphan	Ikunda Needs and Orphans Children Organization (added from register)	00NGO/R/0864	2019-12-02	National	Arusha	Arumeru	3	2024-11-20	Usa River	14.7	-3.2542067	36.9356167	https://nis.jamii.go.tz/ngo_profile/10299	True	Kuwa na jamii ambayo watoto wote wanapata haki zao na wanaishi kufurahia maisha	"[{""title"": ""KUEZESHA WATOTO TOKA MAZINGIRA MAGUMU"", ""from"": ""2024-11-16"", ""to"": ""2024-11-20""}, {""title"": ""Kuwasaidia watoto yatima"", ""from"": ""2022-01-01"", ""to"": ""2022-12-31""}]"
4859	SIOUXLAND TANZANIA EDUCATION MEDICAL MINISTRIES	strong	likely	orphan	SIOUXLAND TANZANIA EDUCATION MEDICAL MINISTRIES	I-NGO/00009913	2018-09-07	International	Arusha	Arumeru	1	2025-12-31	Usa River	15.7	-3.2839875	36.9795488	https://nis.jamii.go.tz/ngo_profile/4859	True	To provide health to the community; alleviate poverty, and distress within our area of operation&nbsp;and to fight against of all kind of deceases, illiteracy of all forms and support orphanage, orphans.	"[{""title"": ""community development"", ""from"": ""2025-07-21"", ""to"": ""2025-07-23""}, {""title"": ""Scholarships for university and secondary school, orphanage children"", ""from"": ""2025-01-01"", ""to"": ""2025-12-31""}, {""title"": ""Teachers' Workshops"", ""from"": ""2023-01-01"", ""to"": ""2023-12-31""}, {""title"": ""STEMM supported families"", ""from"": ""2023-02-01"", ""to"": ""2023-12-31""}, {""title"": ""Feeding Program"", ""from"": ""2022-01-01"", ""to"": ""2022-12-31""}]"
18132	ABILITY IN DISABILITY TANZANIA	strong	likely	children with disabilit	ABILITY IN DISABILITY TANZANIA (added from register)	00NGO/R/5379	2023-09-04	National	Arusha	Arumeru	0		Usa River	15.7	-3.2839875	36.9795488	https://nis.jamii.go.tz/ngo_profile/18132	True	Envisions a community in which children with disabilities are empowered and have access to services that improve their lives.&nbsp;&nbsp;	
11639	Glory Vision Tanzania	strong	likely	CHILDREN'S HOME	Glory Vision Tanzania (added from register)	I-NGO/R1/00835	2021-03-19	International	Arusha	Arusha	5	2025-12-31	Kijenge	15.8	-3.494500000000000	36.799700000000000	https://nis.jamii.go.tz/ngo_profile/11639	True	Envision children attain proper, equal opportunity, adequate high quality, accessibility and free education regardless of their socio-economic backgrounds.	"[{""title"": ""HEALTH & WELL-BEING SUPPORT"", ""from"": ""2025-01-01"", ""to"": ""2025-12-31""}, {""title"": ""CHILD WELFARE & HOME OUTREACH PROGRAM"", ""from"": ""2022-10-01"", ""to"": ""2025-12-31""}, {""title"": ""ACADEMIC SUPPORT & REMEDIAL EDUCATION PROGRAM"", ""from"": ""2025-01-01"", ""to"": ""2025-12-31""}, {""title"": ""FOOD & NUTRITION SUPPORT PROGRAM"", ""from"": ""2025-01-01"", ""to"": ""2025-12-31""}, {""title"": ""ACADEMIC SUPPORT & REMEDIAL EDUCATION PROGRAM"", ""from"": ""2025-10-01"", ""to"": ""2025-12-31""}, {""title"": ""FOOD & NUTRITION SUPPORT PROGRAM"", ""from"": ""2025-10-01"", ""to"": ""2025-12-31""}, {""title"": ""ACADEMIC SUPPORT & REMEDIAL EDUCATION PROGRAM"", ""from"": ""2025-04-01"", ""to"": ""2025-06-30""}, {""title"": ""FOOD & NUTRITION SUPPORT PROGRAM"", ""from"": ""2025-04-01"", ""to"": ""2025-06-30""}, {""title"": ""FOOD & NUTRITION SUPPORT PROGRAM"", ""from"": ""2025-07-01"", ""to"": ""2025-09-30""}, {""title"": ""CHILDREN'S HOME VISITING"", ""from"": ""2025-01-01"", ""to"": ""2025-03-31""}, {""title"": ""CHILDREN'S HOME VISITING"", ""from"": ""2025-01-01"", ""to"": ""2025-03-31""}, {""title"": ""DAILY FOOD PROVISION"", ""from"": ""2025-01-01"", ""to"": ""2025-03-31""}]"
7584	Tuleeni Orphan's Home	strong	likely	Orphan	Tuleeni Children's Home	00NGO/00003265	2009-07-02	National	Kilimanjaro	Moshi	1	2026-09-03	Boma Ngombe	16.6	-3.2830093	37.2783842	https://nis.jamii.go.tz/ngo_profile/7584	True	To break the circle of poverty and provide hope for the future of orphaned and vulnerable children.	"[{""title"": ""SCHOOL EXPENSES"", ""from"": ""2024-01-01"", ""to"": ""2024-12-31""}, {""title"": ""ADMINISTRATION"", ""from"": ""2026-04-01"", ""to"": ""2026-06-01""}, {""title"": ""RENOVATION"", ""from"": ""2026-04-01"", ""to"": ""2026-06-30""}, {""title"": ""PUBLIC PRIMARY SCHOOL DINING HALL"", ""from"": ""2026-04-01"", ""to"": ""2026-09-03""}, {""title"": ""EDUCATION, SHELTER AND HEALTH"", ""from"": ""2026-04-01"", ""to"": ""2026-06-30""}, {""title"": ""INITIATIVE TRAINING PROJECT"", ""from"": ""2026-04-01"", ""to"": ""2026-06-30""}, {""title"": ""Jamii na Malezi"", ""from"": ""2021-01-01"", ""to"": ""2021-12-31""}, {""title"": ""Uzalishaji"", ""from"": ""2021-01-01"", ""to"": ""2021-12-31""}, {""title"": ""Afya"", ""from"": ""2021-01-01"", ""to"": ""2021-12-31""}, {""title"": ""Elimu"", ""from"": ""2022-01-01"", ""to"": ""2021-12-31""}]"
6856	SHARE CHILDREN'S VILLAGES FOUNDATION	strong	likely	CHILDREN'S VILLAGE	SHARE CHILDREN'S VILLAGES FOUNDATION	00NGO/R1/00365	2016-02-15	National	Kilimanjaro	Moshi	1	2025-03-04	Boma Ngombe	16.7	-3.2602472	37.2693377	https://nis.jamii.go.tz/ngo_profile/6856	True	To have improved&nbsp; social services that would lead to improve the standard of living&nbsp; of the people,healthy environment and better life community.	"[{""title"": ""child support and women empowerment"", ""from"": ""2025-01-02"", ""to"": ""2025-03-04""}, {""title"": ""child support"", ""from"": ""2025-04-15"", ""to"": ""2024-12-30""}]"
10554	The Tanzania Women Research Foundation (TAWREF)	strong	likely	OVC	Tanzania Women Research Foundation (Moshi)	00NGO/00004319	2010-12-24	National	Kilimanjaro	Moshi	8	2025-12-31	Boma Ngombe	16.7	-3.2602472	37.2693377	https://nis.jamii.go.tz/ngo_profile/10554	True	A community where &nbsp;people are addressing the &nbsp;impact of social, &nbsp;cultural, economic &nbsp;and health &nbsp;challenges &nbsp;and benefitting from &nbsp;the interventions &nbsp;leading to transformed &nbsp;lives	"[{""title"": ""OVC SHELTER PROJECT"", ""from"": ""2025-01-01"", ""to"": ""2025-12-31""}, {""title"": ""The Shelter Project"", ""from"": ""2024-01-01"", ""to"": ""2024-12-31""}]"
18633	TUNAJALI Foundation	strong	likely	Vulnerable Child	TUNAJALI Foundation (added from register)	00NGO/R/8055	2025-02-24	National	Arusha	Arumeru	1	2026-06-30	Usa River	18.0	-3.256391	36.9840456	https://nis.jamii.go.tz/ngo_profile/18633	True	A community where every needy child, regardless of background, has the opportunity to thrive and reach their full potential.	"[{""title"": ""Community-Based Support and Protection of Vulnerable Children and Youth"", ""from"": ""2026-04-01"", ""to"": ""2026-06-30""}, {""title"": ""Support to Children and women"", ""from"": ""2026-01-13"", ""to"": ""2026-03-31""}, {""title"": ""ORGANIZATIONAL DEVELOPMENT & PARTNERSHIPS"", ""from"": ""2025-02-28"", ""to"": ""2025-12-31""}, {""title"": ""EDUCATION SUPPORT PROGRAM"", ""from"": ""2025-04-10"", ""to"": ""2025-08-10""}]"
204	CANDENEZ MISSION FOR EMPOWERING VULNERABLE CHILDREN	strong	likely	VULNERABLE CHILD	CANDENEZ MISSION FOR EMPOWERING VULNERABLE CHILDREN	00NGO/R/0295	2019-08-01	National	Arusha	Arusha	2	2024-03-25	Ilboru	18.4	-3.1822253	36.6708023	https://nis.jamii.go.tz/ngo_profile/204	True	BETTER LIFE FOR EVERY CHILD	"[{""title"": ""learning mission with candenez"", ""from"": ""2024-03-25"", ""to"": ""2024-03-25""}, {""title"": ""medical insurance to venerable children"", ""from"": ""2024-03-25"", ""to"": ""2024-03-25""}, {""title"": ""empwering women to make difference for vulnerable children"", ""from"": ""2024-03-25"", ""to"": ""2024-03-25""}, {""title"": ""Social assistance to vulnerable children"", ""from"": ""2020-01-01"", ""to"": ""2021-05-31""}]"
23826	CHILDREN MUST LIVE-TANZANIA  (CML-T)	strong	likely	vulnerable child	CHILDREN MUST LIVE-TANZANIA  (CML-T) (added from register)	00NGO/R/8833	2025-12-18	National	Kilimanjaro	Siha	0		Boma Ngombe	18.5	-3.1868368	37.0607149	https://nis.jamii.go.tz/ngo_profile/23826	True	Communities where children (vulnerable children, poor, special need or orphaned), poor families and their care-givers are empowered to improve their livelihood, through appropriate and affordable means suiting their environment and culture.	
10545	UPENDO FOUNDATION AUSTRALIA CHILDREN'S HOME (UFACH)	strong	likely	CHILDREN'S HOME	UPENDO FOUNDATION AUSTRALIA CHILDREN'S HOME (UFACH)	I-NGO/R1/00130	2020-03-25	International	Kilimanjaro	Moshi	3		Boma Ngombe	19.0	-3.3544766	37.308589	https://nis.jamii.go.tz/ngo_profile/10545	True	"&quot;Vulnerable and orphaned children are provided with every opportunity to thrive and make a contribution to their community.&quot; 

 &nbsp; 

 &nbsp; 

 &nbsp; 

 &nbsp; 

 &nbsp; 

 &nbsp; 

 &nbsp; &nbsp; &nbsp; &nbsp; &nbsp; &nbsp; &nbsp; &nbsp; 

 &nbsp; 

 &nbsp; 

 &nbsp; 

 &nbsp; 

 &nbsp; 

 &nbsp; 

 &nbsp;"	
7176	AMANI CENTRE FOR STREET CHILDREN	strong	likely	STREET CHILD	Amani Centre for Street Children	00NGO/R1/00266	2005-02-24	National	Kilimanjaro	Moshi	3	2022-12-31	Boma Ngombe	19.8	-3.3653172500000004	37.31394525147299	https://nis.jamii.go.tz/ngo_profile/7176	True	Envision a brighter future for every child, free from exploitation and full of opportunities.	"[{""title"": ""Education support"", ""from"": ""2022-01-01"", ""to"": ""2022-12-31""}, {""title"": ""Safe House and Drop-in Centre"", ""from"": ""2022-01-01"", ""to"": ""2022-12-31""}, {""title"": ""Child Rescue and restoration"", ""from"": ""2022-01-01"", ""to"": ""2022-12-31""}, {""title"": ""Amani Centre for Street Children"", ""from"": ""2021-01-01"", ""to"": ""2021-12-31""}]"
504	ADVENTIST DEVELOPMENT AND RELIEF AGENCY	strong	likely	Children with Albin	ADVENTIST DEVELOPMENT AND RELIEF AGENCY (added from register)	I-NGO/R2/000563	2019-08-29	National	Arusha	Arumeru	2	2025-02-28	Usa River	21.0	-3.5451778	36.9185745	https://nis.jamii.go.tz/ngo_profile/504	True	A just and sustainable world where people can attain well beng and live life to the full physically psychologically and spriritually.	"[{""title"": ""Action for the Right and Inclusion of Children with Albinism-AFRICA Project"", ""from"": ""2023-05-01"", ""to"": ""2024-05-31""}, {""title"": ""Action for the Right and Inclusion of Children with Albinism-AFRICA Project"", ""from"": ""2023-05-01"", ""to"": ""2024-05-31""}, {""title"": ""The Climate Action for Food and Education (CAFE) Project"", ""from"": ""2024-01-09"", ""to"": ""2024-12-31""}, {""title"": ""Action for Gender Inclussive Livelihood and Empowerment-AGILE Project"", ""from"": ""2024-01-01"", ""to"": ""2025-02-28""}, {""title"": ""Action for Gender Inclussive Livelihood and Empowerment-AGILE Project"", ""from"": ""2024-01-01"", ""to"": ""2025-02-28""}, {""title"": ""ACP PROJECT"", ""from"": ""2020-06-01"", ""to"": ""2020-12-31""}]"
17297	Rise Up and Go (RU&GO)	strong	likely	Children with Disabilit	Rise Up and Go (RU&GO) (added from register)	01NGO/R/5385	2023-09-04	Regional	Arusha	Arumeru	1		Usa River	21.0	-3.5451778	36.9185745	https://nis.jamii.go.tz/ngo_profile/17297	True	"Vision statement  

 Children with Disabilities Access to Education Opportunities."	
18481	THE SAMARITAN CHILDREN'S HOME (TSCH)	strong	likely	CHILDREN'S HOME	THE SAMARITAN CHILDREN'S HOME (TSCH) (added from register)	00NGO/R/5749	2023-09-29	National	Arusha	Arumeru	0		Usa River	21.0	-3.5451778	36.9185745	https://nis.jamii.go.tz/ngo_profile/18481	True	To improve and challenge the conditions of victimized, underprivileged and vulnerable children, including abandoned elders, towards a descent life accomplish their dreams in a balance.	
4321	ENJIVAI ORPHANAGE FOUNDATION( EOF)	strong	likely	ORPHAN	Enjivai Orphanage	00NG0/9850	2018-08-14	National	Arusha	Arusha	0		Arusha City	21.5	-3.3190633	36.4709752	https://nis.jamii.go.tz/ngo_profile/4321	True	To become one of the best organization in improving the welfare of orphans, nedy children and widows or widower in the society	
10598	ONE LOVE AFRICA FOUNDATION	strong	likely	orphan	ONE LOVE AFRICA FOUNDATION (added from register)	I-NGO/R/1059	2020-04-09	International	Kilimanjaro	Moshi	2	2024-12-31	Boma Ngombe	21.6	-3.35815995	37.330972917538986	https://nis.jamii.go.tz/ngo_profile/10598	True	community that uderstands economic deelopment opprtnities and importance of helping orphanage and community.	"[{""title"": ""Biashara Village Ventures Program"", ""from"": ""2024-01-01"", ""to"": ""2024-12-31""}, {""title"": ""Biashara Village Ventures Program"", ""from"": ""2024-01-01"", ""to"": ""2024-12-31""}, {""title"": ""Mama Empowerment Days"", ""from"": ""2024-01-01"", ""to"": ""2024-12-31""}, {""title"": ""Mama Empowerment Days"", ""from"": ""2024-01-01"", ""to"": ""2024-12-31""}, {""title"": ""Mama Empowerment Days"", ""from"": ""2024-01-01"", ""to"": ""2024-12-31""}, {""title"": ""Biashara Village Ventures Program"", ""from"": ""2023-01-01"", ""to"": ""2023-12-31""}, {""title"": ""Biashara Village Ventures Program"", ""from"": ""2022-01-01"", ""to"": ""2022-12-31""}, {""title"": ""EMPOWERING WOMEN IN BUSINES SKILLS"", ""from"": ""2020-11-04"", ""to"": ""2021-05-08""}]"
5242	ROLINA ASSOCIATION FOR ORPHANS	strong	likely	ORPHAN	ROLINA ASSOCIATION FOR ORPHANS (added from register)	00NGO/00004403	2011-03-16	National	Kilimanjaro	Moshi	1		Boma Ngombe	21.7	-3.2371088	37.3081896	https://nis.jamii.go.tz/ngo_profile/5242	True	The vision statement of the organisation shall be minorities/ vulnerabilities rights to basics needs	
7411	MSAMARIA CENTRE FOR STREET CHILDREN	strong	likely	STREET CHILD	Msamaria Centre for Street Children	07NGO/0468	Years of Experience:	National	Kilimanjaro	Moshi	0		Boma Ngombe	21.7	-3.2371088	37.3081896	https://nis.jamii.go.tz/ngo_profile/7411	True	-	
10764	CHILD HOPE DEVELOPMENT ORGANIZATION	strong	likely	vulnerable child	Child Hope Development Organization	00NGO/R/1539	2020-12-03	National	Kilimanjaro	Moshi	4	2024-12-31	Boma Ngombe	21.7	-3.2371088	37.3081896	https://nis.jamii.go.tz/ngo_profile/10764	True	To build a nation in which every disadvantage and vulnerable children have opportunity to go school.	"[{""title"": ""Education"", ""from"": ""2024-01-03"", ""to"": ""2024-12-31""}, {""title"": ""Education"", ""from"": ""2024-01-03"", ""to"": ""2024-12-31""}, {""title"": ""Education"", ""from"": ""2024-01-03"", ""to"": ""2024-12-31""}, {""title"": ""Education"", ""from"": ""2023-01-12"", ""to"": ""2023-12-23""}, {""title"": ""Empowerment of Communities"", ""from"": ""2021-06-28"", ""to"": ""2022-06-28""}, {""title"": ""Empowerment of Communities"", ""from"": ""2021-06-28"", ""to"": ""2022-06-28""}, {""title"": ""HEALTH AND NUTRITION"", ""from"": ""2021-06-28"", ""to"": ""2022-06-30""}, {""title"": ""HEALTH AND NUTRITION"", ""from"": ""2021-06-28"", ""to"": ""2022-06-30""}, {""title"": ""Education"", ""from"": ""2021-06-28"", ""to"": ""2022-06-30""}, {""title"": ""Education"", ""from"": ""2021-06-28"", ""to"": ""2022-06-30""}]"
5278	HEALTH INTEGRATED MULTISECTORAL DEVELOPMENT (HIMD)	strong	likely	SAFE HOUSE	HEALTH INTEGRATED MULTISECTORAL DEVELOPMENT (HIMD)	00NGO/R1/00394	2018-07-19	National	Arusha	Arumeru	6	2026-05-02	Usa River	21.8	-3.4896124	37.0141625	https://nis.jamii.go.tz/ngo_profile/5278	True	"To have a healthy society physically , pyschologically, mentally and socio-economically 

 &nbsp;"	"[{""title"": ""Reflective Leadership Approach"", ""from"": ""2026-04-01"", ""to"": ""2026-05-02""}, {""title"": ""Reflective Leadership Approach"", ""from"": ""2026-01-01"", ""to"": ""2026-03-31""}, {""title"": ""Reflective Leadership Approach"", ""from"": ""2026-01-01"", ""to"": ""2026-03-31""}, {""title"": ""Reflective Leadership Approach"", ""from"": ""2026-01-01"", ""to"": ""2026-03-31""}, {""title"": ""Reflective Leadership Approach"", ""from"": ""2026-01-01"", ""to"": ""2026-03-31""}, {""title"": ""Mobile Health Outreach"", ""from"": ""2026-01-01"", ""to"": ""2026-03-31""}, {""title"": ""Adolescent Girls Power Program"", ""from"": ""2026-01-01"", ""to"": ""2026-03-31""}, {""title"": ""Adolescent Girls Power Program"", ""from"": ""2026-01-01"", ""to"": ""2026-03-31""}, {""title"": ""HIMD-ENDIDAA"", ""from"": ""2025-01-01"", ""to"": ""2025-12-31""}, {""title"": ""Adolescent Girls Power Program"", ""from"": ""2025-06-01"", ""to"": ""2025-12-31""}, {""title"": ""Adolescent Girls Power Program"", ""from"": ""2025-06-01"", ""to"": ""2025-12-31""}, {""title"": ""Reflective Leadership Approach"", ""from"": ""2025-01-01"", ""to"": ""2025-12-31""}]"
14657	EMUNYANI CHARITY	strong	likely	Children's Home	EMUNYANI CHARITY (added from register)	00NGO/R/3082	2022-04-13	National	Arusha	Arumeru	3	2025-12-31	Usa River	21.8	-3.4896124	37.0141625	https://nis.jamii.go.tz/ngo_profile/14657	True	To improve the quality of life in the society by supporting and empowering needy people to access their basic human needs.	"[{""title"": ""Water project Kikwe - Construction of a 300.000 litres tank at Nambala (Mandela University site)"", ""from"": ""2025-02-21"", ""to"": ""2025-12-31""}, {""title"": ""Naomi and Lindael - Support of 2 students"", ""from"": ""2025-01-09"", ""to"": ""2025-12-24""}, {""title"": ""Naomi and Lindael - Support of 2 students"", ""from"": ""2025-01-09"", ""to"": ""2025-12-24""}, {""title"": ""Glory - Support of a student"", ""from"": ""2025-07-03"", ""to"": ""2025-12-24""}, {""title"": ""Rebeccah - Support of a student"", ""from"": ""2025-01-04"", ""to"": ""2025-12-24""}, {""title"": ""Ivan and Juliana - Support of 2 students"", ""from"": ""2025-01-03"", ""to"": ""2025-12-24""}, {""title"": ""Mama Silas - support of a single mother"", ""from"": ""2025-03-17"", ""to"": ""2025-04-17""}, {""title"": ""Ummy and Zulfa - support of 2 students"", ""from"": ""2025-01-01"", ""to"": ""2025-12-24""}, {""title"": ""Sajida - Support of a single mother in a difficult situation"", ""from"": ""2025-01-06"", ""to"": ""2025-09-30""}, {""title"": ""Water project Kikwe - Construction of a 300.000 litres tank at Nambala (Mandela University Premises)"", ""from"": ""2025-02-02"", ""to"": ""2025-12-31""}, {""title"": ""Naomi and Lindael - Support of 2 Students"", ""from"": ""2025-11-02"", ""to"": ""2025-12-24""}, {""title"": ""Naomi and Lindael - Support of 2 Students"", ""from"": ""2025-11-02"", ""to"": ""2025-12-24""}]"
10395	New Hope Initiative, Inc	strong	likely	orphan	New Hope Initiative, Inc	N-NGO/R/0924	2020-01-21	International	Arusha	Arusha	1	2021-12-31	Ilboru	22.3	-3.1459858	36.6933213	https://nis.jamii.go.tz/ngo_profile/10395	True	A coherent, respected and empowered community actively making a positive change to the lives of children in difficult condition, orphans, disabled, aged, women and youth in need, contributing to the wellbeing and safeguarding of community healthy and development.	"[{""title"": ""EMPOWERMENT"", ""from"": ""2021-01-01"", ""to"": ""2021-12-31""}]"
17855	TANZANIAN  AMBASSADORS  FACILITATING COMMUNITY-DEVELOPMENT  METHODOLOGIES (TAFCOM)	strong	likely	orphan	TANZANIAN  AMBASSADORS  FACILITATING COMMUNITY-DEVELOPMENT  METHODOLOGIES (TAFCOM)	00NGO/R/5055	2023-08-01	National	Kilimanjaro	Moshi	0		Boma Ngombe	22.8	-3.3709577	37.3405499	https://nis.jamii.go.tz/ngo_profile/17855	True	"Access to justice with positive Sustainable development to the women,children,youth,disables and orphans in Tanzania. 
&nbsp;"	
5186	The Foundation for African Empowerment (FAE)	strong	likely	Child sponsor	The Foundation for African Empowerment (FAE) (added from register)	00NGO/R1/00969	2016-03-04	National	Arusha	Arumeru	5	2026-01-05	Usa River	23.7	-3.15274	36.8406814	https://nis.jamii.go.tz/ngo_profile/5186	True	We envision a more peaceful, just and sustainably developed Tanzania.	"[{""title"": ""Prevention of Violence Against Children"", ""from"": ""2024-04-01"", ""to"": ""2025-04-30""}, {""title"": ""Zanzibar School Building Project (Fencewall building phase 1)"", ""from"": ""2025-11-25"", ""to"": ""2025-12-22""}, {""title"": ""Esilalei Maasai Nursery school Project (School meals)"", ""from"": ""2025-11-24"", ""to"": ""2025-11-29""}, {""title"": ""Esilalei Nursery School Water Project"", ""from"": ""2025-08-15"", ""to"": ""2025-09-19""}, {""title"": ""Zanzibar School Building Project (Fencewall Bricks Makaing)"", ""from"": ""2025-07-20"", ""to"": ""2025-12-31""}, {""title"": ""Makuyuni Maasai Nursery School Classroom Building Project"", ""from"": ""2025-07-02"", ""to"": ""2025-12-03""}, {""title"": ""Inclusive Early Childhood Learning and Development Center Classroom Building"", ""from"": ""2025-09-03"", ""to"": ""2026-01-05""}, {""title"": ""Esilalei Nursery School Toilet Building Project"", ""from"": ""2025-03-05"", ""to"": ""2025-06-28""}, {""title"": ""Children Sponsorship Program (48 Kids)"", ""from"": ""2025-03-10"", ""to"": ""2025-12-12""}, {""title"": ""Zanzibar School Building Project (Tendering for Constructors)"", ""from"": ""2025-02-17"", ""to"": ""2025-03-20""}, {""title"": ""Child sponsorship (John Simon)"", ""from"": ""2025-01-13"", ""to"": ""2025-12-30""}, {""title"": ""Esilalei Classroom Building Project"", ""from"": ""2025-02-14"", ""to"": ""2025-05-09""}]"
14997	ZORAH ORGANIZATION	strong	likely	orphan	ZORAH ORGANIZATION	00NGO/R/3325	2022-05-19	National	Arusha	Arumeru	0	2024-02-03	Usa River	23.7	-3.15274	36.8406814	https://nis.jamii.go.tz/ngo_profile/14997	True	To become a safe home for orphans who have lost their parents due to various life circumsatnces&nbsp;	"[{""title"": ""FOOD PROVISION"", ""from"": ""2024-02-02"", ""to"": ""2024-02-03""}]"
14338	LIFE SUPPORT FOR CHANGE (LSFORC)	strong	likely	vulnerable child	LIFE SUPPORT FOR CHANGE (LSFORC) (added from register)	00NGO/R1/00987	2014-10-15	National	Arusha	Arumeru	5	2026-03-28	Usa River	23.8	-3.151823	36.8415493	https://nis.jamii.go.tz/ngo_profile/14338	True	Life Support for Change believes in a world where vulnerable children and women in rural areas of Tanzania have no limit to reach their full potential.	"[{""title"": ""Women Empowerment"", ""from"": ""2026-01-21"", ""to"": ""2026-03-18""}, {""title"": ""Maisha Ya Binti"", ""from"": ""2026-02-10"", ""to"": ""2026-03-28""}, {""title"": ""Most Vulnerable Children (MVC Project )"", ""from"": ""2026-01-13"", ""to"": ""2026-03-28""}, {""title"": ""LIFE OF A GIRL PROJECT"", ""from"": ""2025-03-05"", ""to"": ""2025-12-20""}, {""title"": ""MOST VULNERABLE CHILDREN PROGRAM (MVC)"", ""from"": ""2025-01-01"", ""to"": ""2025-12-31""}, {""title"": ""VOLUNTEERS AT LIFE SUPPORT FOR CHANGE"", ""from"": ""2024-05-09"", ""to"": ""2024-09-19""}, {""title"": ""WOMEN EMPOWERMENT PROGRAM"", ""from"": ""2024-01-11"", ""to"": ""2024-11-12""}, {""title"": ""MAISHAYA BINTI PROGRAM"", ""from"": ""2024-02-08"", ""to"": ""2024-12-20""}, {""title"": ""MOST VULNERABLE CHILDREN PROGRAM (MVC)"", ""from"": ""2024-01-10"", ""to"": ""2024-11-21""}, {""title"": ""Celebration of Africa Child Day"", ""from"": ""2024-06-01"", ""to"": ""2024-06-15""}, {""title"": ""DISTRIBUTION OF EDUCATION NEEDS"", ""from"": ""2024-04-11"", ""to"": ""2024-07-25""}, {""title"": ""MOST VULNERABLE CHILDREN PROGRAM (MVC)"", ""from"": ""2024-04-08"", ""to"": ""2024-05-29""}]"
16574	Comfort Watoto Foundation [COWAFO]	strong	likely	orphan	Comfort Watoto Foundation [COWAFO] (added from register)	00NGO/R/4579	2023-04-04	National	Arusha	Arumeru	0		Usa River	23.8	-3.151823	36.8415493	https://nis.jamii.go.tz/ngo_profile/16574	True	Striving to create happiness to orphans and vulnerable children through provision of basic social services	
19846	Amazing Grace Widows and orphans Tanzania	strong	likely	orphan	Amazing Grace Widows and orphans Tanzania	00NGO/R/7621	2024-10-17	National	Arusha	Monduli	1	2025-12-30	Arusha City	24.3	-3.2961	36.4500	https://nis.jamii.go.tz/ngo_profile/19846	True	Organization envision for happy and poverty free rural communities in Tanzania.	"[{""title"": ""Volunteers programme"", ""from"": ""2025-05-05"", ""to"": ""2025-11-30""}, {""title"": ""Combating Girl Trafficking"", ""from"": ""2025-01-06"", ""to"": ""2025-12-30""}, {""title"": ""Empowering Widows"", ""from"": ""2025-01-10"", ""to"": ""2025-12-30""}]"
5048	INITIATIVE FOR YOUTH (INFOY)	strong	likely	orphan	INITIATIVE FOR YOUTH (INFOY) (added from register)	00NGO/00002363	2008-08-14	National	Arusha	Arusha	0		Kijenge	24.5	-3.5804324	36.8086048	https://nis.jamii.go.tz/ngo_profile/5048	True	To have a society which youth, orphans and vulnerable children are living happy life with quality free education	
12436	AUTISM BEYOND BORDERS  TZ	strong	likely	children with autis	AUTISM BEYOND BORDERS  TZ	07NGO/R/1980	2021-06-17	National	Kilimanjaro	Moshi	0	2026-06-30	Boma Ngombe	24.5	-3.2968443	37.3555628	https://nis.jamii.go.tz/ngo_profile/12436	True	Enable children with autism to reach their optimum potential	"[{""title"": ""Advocating autism awareness and acceptance in Tanzania"", ""from"": ""2026-04-01"", ""to"": ""2026-06-30""}, {""title"": ""Support for Vocational Training Fees for Students with Autism"", ""from"": ""2025-01-01"", ""to"": ""2025-06-30""}, {""title"": ""Support for Vocational Training Fees for Students with Autism"", ""from"": ""2025-01-01"", ""to"": ""2025-06-30""}, {""title"": ""OCCUPATIONAL THERAPY INTEVENTION"", ""from"": ""2025-04-01"", ""to"": ""2025-06-30""}, {""title"": ""Education support program"", ""from"": ""2023-01-01"", ""to"": ""2023-12-31""}, {""title"": ""Occupationa Therapy Intervention"", ""from"": ""2025-03-13"", ""to"": ""2025-03-31""}, {""title"": ""Occuptional therapy intervention"", ""from"": ""2024-07-01"", ""to"": ""2024-09-30""}, {""title"": ""Occupational therapy intervention"", ""from"": ""2024-04-01"", ""to"": ""2024-05-31""}]"
16359	Tansania Laechelt Organization	strong	likely	Vulnerable Child	Tansania Laechelt Organization	I-NGO/R/4127	2022-12-14	International	Arusha	Arusha	1		Kijenge	24.5	-3.5804324	36.8086048	https://nis.jamii.go.tz/ngo_profile/16359	True	To bring sustainable programs to&nbsp; projects in Tanzania, financially sustain&nbsp; and able&nbsp;&nbsp; to promote self-help and financial support for Most Vulnerable Children in Tanzania.	
7296	GABRIELLA CHILDREN'S REHABILITATION CENTRE	strong	likely	CHILDREN'S REHABILITATION	Gabriella Children's Rehabilitation Centre	00NGO/00003511	2009-10-09	National	Kilimanjaro	Moshi	0		Boma Ngombe	25.4	-3.2589439	37.3545407	https://nis.jamii.go.tz/ngo_profile/7296	True	-	
17581	KILIMANJARO AID PROJECT	strong	likely	vulnerable child	KILIMANJARO AID PROJECT (added from register)	00NGO/R/5832	2023-08-09	National	Kilimanjaro	Moshi	1	2025-12-31	Boma Ngombe	25.7	-3.3346433	37.3697167	https://nis.jamii.go.tz/ngo_profile/17581	True	To improve the lives of helpless&nbsp;old people and vulnerable children.	"[{""title"": ""Organization Development and setup"", ""from"": ""2025-01-01"", ""to"": ""2025-12-31""}, {""title"": ""Organization Development and setup"", ""from"": ""2025-01-01"", ""to"": ""2025-12-31""}, {""title"": ""Women and elders feeding Project"", ""from"": ""2023-08-12"", ""to"": ""2023-09-30""}]"
15948	SEEDS OF KINDNESS ORGANIZATION (SOK)	strong	likely	street child	SEEDS OF KINDNESS ORGANIZATION (SOK) (added from register)	00NGO/R/3801	2022-09-16	National	Kilimanjaro	Moshi	1	2023-12-28	Boma Ngombe	26.7	-3.3439479	37.37856195909961	https://nis.jamii.go.tz/ngo_profile/15948	True	To see a healthy, educated, economically and socially developed Tanzanian community where human rights are respected and integrity is uplifted.	"[{""title"": ""TWENDE KWA JAMII"", ""from"": ""2023-11-20"", ""to"": ""2023-12-28""}, {""title"": ""Msamaria Center for street children"", ""from"": ""2023-02-22"", ""to"": ""2023-03-06""}]"
20735	Kilimanjaro Foundation	strong	likely	vulnerable child	Kilimanjaro Foundation	00NGO/R/7747	2024-11-14	National	Kilimanjaro	Moshi	0		Boma Ngombe	27.1	-3.260435	37.370832	https://nis.jamii.go.tz/ngo_profile/20735	True	To create empowered, sustainable communities where women thrive, the environment is preserved, and vulnerable children are nurtured with love and care.	
16812	Upendo Kwanza	medium	possible	child	Upendo Kwanza (added from register)	00NGO/R/4521	2023-03-29	National	Arusha	Arumeru	0	2025-02-28	Usa River	0.8	-3.3662019	36.8562422	https://nis.jamii.go.tz/ngo_profile/16812	True	To create a world in which&nbsp;every child, regardless of their&nbsp;socio-economic background, has the opportunity to receive a&nbsp;high-quality education&nbsp;and&nbsp;achieve their dreams.	"[{""title"": ""Matumaini Project"", ""from"": ""2025-01-06"", ""to"": ""2025-02-21""}, {""title"": ""Bukara Project"", ""from"": ""2025-01-06"", ""to"": ""2025-02-21""}, {""title"": ""Kisimiri Project"", ""from"": ""2025-01-06"", ""to"": ""2025-02-28""}]"
18204	LITTLE PROSPECTS FOUNDATION (LPF)	medium	possible	child	LITTLE PROSPECTS FOUNDATION (LPF) (added from register)	00NGO/R/5763	2023-10-16	National	Arusha	Arusha	2	2025-09-30	Ilboru	0.8	-3.3397589	36.6940379	https://nis.jamii.go.tz/ngo_profile/18204	True	To create a safe and supportive community that nurtures the potential of every child.	"[{""title"": ""Adolescent Girls Power Program"", ""from"": ""2024-10-01"", ""to"": ""2025-09-30""}, {""title"": ""Adolescent Girls Power Program"", ""from"": ""2024-10-01"", ""to"": ""2025-09-30""}, {""title"": ""ADOLESCENT GIRLS POWER PROGRAM"", ""from"": ""2022-07-13"", ""to"": ""2025-09-30""}, {""title"": ""ADOLESCENT GIRLS POWER PROGRAM"", ""from"": ""2025-04-01"", ""to"": ""2025-06-30""}, {""title"": ""Adolescent Girls Power Program"", ""from"": ""2024-10-01"", ""to"": ""2024-12-16""}, {""title"": ""Adolescent Girls Power Program"", ""from"": ""2024-10-01"", ""to"": ""2024-12-16""}, {""title"": ""Adolescent Girls Power Program"", ""from"": ""2024-10-01"", ""to"": ""2025-03-10""}]"
18908	Gloria foundation	medium	possible	disabilit	Gloria foundation (added from register)	00NGO/R/5586	2024-01-05	National	Kilimanjaro	Hai	1	2026-03-31	Boma Ngombe	0.8	-3.33216	37.14546	https://nis.jamii.go.tz/ngo_profile/18908	True	A foundation that touches and changes lives of stroke survivors as well as caregivers and people with disabilities.	"[{""title"": ""Non Communicable Diseases"", ""from"": ""2026-01-01"", ""to"": ""2026-03-31""}]"
4729	ASANTE AFRICA TANZANIA	medium	possible	child	ASANTE AFRICA TANZANIA (added from register)	I-NGO/R1/00979	2011-11-22	International	Arusha	Arusha	0		Ilboru	1.1	-3.337226	36.6893863	https://nis.jamii.go.tz/ngo_profile/4729	True	To create a connected world with welfare for every child.	
18361	BETTER LIFE FOR DEAF FOUNDATION TANZANIA	medium	possible	DEAF	BETTER LIFE FOR DEAF FOUNDATION TANZANIA (added from register)	00NGO/R/5737	2023-09-29	National	Arusha	Arusha	0		Ilboru	1.1	-3.337226	36.6893863	https://nis.jamii.go.tz/ngo_profile/18361	True	Improving life for deaf Tanzania	
19706	MORAVIAN NORTHERN SOCIAL DEVELOPMENT ORGANIZATION	medium	possible	Child	MORAVIAN NORTHERN SOCIAL DEVELOPMENT ORGANIZATION (added from register)	00NGO/R/6983	2024-05-31	National	Arusha	Arusha	0		Kijenge	1.1	-3.3925	36.7048	https://nis.jamii.go.tz/ngo_profile/19706	True	Sustainable holistic age-appropriate Development for Children and Youth in Tanzania	
593	WILLOWS INTERNATIONAL TANZANIA	medium	possible	child	WILLOWS INTERNATIONAL TANZANIA (added from register)	I-NGO/R2/000148	2019-10-16	International	Arusha	Arusha	2		Kijenge	1.2	-3.3909726	36.7174112	https://nis.jamii.go.tz/ngo_profile/593	True	To be accurate informer of women ,man and children&#39;s health in Tanzania	
2550	Kid Care International	medium	possible	child	Kid Care International (added from register)	00NGO/00004274	2010-11-19	International	Arusha	Arusha	6	2025-12-31	Ilboru	1.2	-3.3560759	36.6977624	https://nis.jamii.go.tz/ngo_profile/2550	True	The vision of KidCare International is to bring hope into the lives of desperately disadvantaged children by providing &nbsp;humanitarian aid, sending teams of volunteers to educate and encourage&nbsp;joining &nbsp;with &nbsp;indigenous &nbsp;people &nbsp;to build &nbsp;and repair, &nbsp;and &nbsp;linki ng &nbsp;them &nbsp;with &nbsp;people &nbsp;and organizations of resources who&nbsp; desire &nbsp;to Make &nbsp;a Difference &nbsp;in &nbsp;the lives &nbsp;of the world&#39;s &nbsp;poorest childr	"[{""title"": ""Social Protection"", ""from"": ""2025-01-01"", ""to"": ""2025-12-31""}, {""title"": ""Rescue centre support"", ""from"": ""2024-01-01"", ""to"": ""2024-12-31""}, {""title"": ""Provision of basic needs to local organization"", ""from"": ""2023-01-01"", ""to"": ""2023-12-01""}, {""title"": ""KIDCARE INTERNATIONAL"", ""from"": ""2020-01-01"", ""to"": ""2020-12-31""}]"
5274	PROJECT ZAWADI INCORPORATED	medium	possible	child	PROJECT ZAWADI INCORPORATED (added from register)	I-NGO/0009398	2017-10-25	International	Arusha	Arusha	2	2025-12-31	Kijenge	1.2	-3.3909726	36.7174112	https://nis.jamii.go.tz/ngo_profile/5274	True	To &nbsp;have a community where children &nbsp;access &nbsp;equally education &nbsp;prospects &nbsp;and basic skills for sustainable development.	"[{""title"": ""MODEL SCHOOLS"", ""from"": ""2025-01-01"", ""to"": ""2025-12-31""}, {""title"": ""STUDENT SPONSORSHIP"", ""from"": ""2025-01-01"", ""to"": ""2025-12-31""}, {""title"": ""TENDA TEACHERS"", ""from"": ""2025-01-01"", ""to"": ""2025-12-31""}, {""title"": ""MODEL SCHOOLS"", ""from"": ""2024-01-01"", ""to"": ""2024-12-31""}, {""title"": ""TENDA TEACHERS"", ""from"": ""2024-01-01"", ""to"": ""2024-12-31""}, {""title"": ""SPONSORSHIP PROGRAM"", ""from"": ""2024-01-01"", ""to"": ""2024-12-31""}]"
11514	NIKUMBUKE LEO ORGANIZATION	medium	possible	child	NIKUMBUKE LEO ORGANIZATION (added from register)	00NGO/R/2093	2021-08-12	National	Arusha	Arusha	2	2022-12-17	Kijenge	1.2	-3.3909726	36.7174112	https://nis.jamii.go.tz/ngo_profile/11514	True	Well eudcated children and the community with quality and better life that acquire quality social services.	"[{""title"": ""TRAINNING TO YOUTH, WOMEN AND WIDOWS ABOUT INFECTIOUS DISEASES AND ENVIROMENTAL POLLUTION"", ""from"": ""2022-07-15"", ""to"": ""2022-12-17""}]"
18151	CENTRAL CHILDREN SUPPORT (CCS)	medium	possible	CHILD	CENTRAL CHILDREN SUPPORT (CCS) (added from register)	00NGO/R/5237	2024-02-23	National	Arusha	Arusha	0		Kijenge	1.2	-3.3909726	36.7174112	https://nis.jamii.go.tz/ngo_profile/18151	True	Our vision is strong and vibrant society in which the communities adhere and respect human rights, free from infectious diseases, poverty and illiteracy.	
7544	O'BRIEN SCHOOL FOR THE MAASAI	medium	possible	child	O'BRIEN SCHOOL FOR THE MAASAI	00NGO/00003590	2009-12-02	International	Kilimanjaro	Hai	2	2022-12-31	Boma Ngombe	1.3	-3.3332717	37.1501661	https://nis.jamii.go.tz/ngo_profile/7544	True	Envisage a community free from ignorance, poverty and child rights.	"[{""title"": ""OBRIEN SCHOOL FOR THE MAASAI"", ""from"": ""2022-01-01"", ""to"": ""2022-12-31""}, {""title"": ""OBRIEN SCHOOL FOR THE MAASAI"", ""from"": ""2021-01-01"", ""to"": ""2021-12-31""}]"
14098	KAFIKA HOUSE TANZANIA	medium	possible	Child	Kafika House	I-NGO/R1/00373	2022-01-18	International	Arusha	Arusha	2	2025-12-31	Kijenge	1.3	-3.3865015	36.6988859	https://nis.jamii.go.tz/ngo_profile/14098	True	No Child in Tanzania shall&nbsp;live with treatable disabilities.	"[{""title"": ""Mamas Education Programme"", ""from"": ""2025-01-31"", ""to"": ""2025-12-31""}, {""title"": ""Community Outreach"", ""from"": ""2025-01-01"", ""to"": ""2025-12-31""}, {""title"": ""Clinical"", ""from"": ""2025-01-01"", ""to"": ""2025-12-31""}, {""title"": ""Future proofing - Kafika House: High Love, Low Cost"", ""from"": ""2024-01-01"", ""to"": ""2024-06-30""}, {""title"": ""Partnerships: Unleashing Potential"", ""from"": ""2024-01-01"", ""to"": ""2024-06-30""}, {""title"": ""Outreach: Transforming communities"", ""from"": ""2024-01-01"", ""to"": ""2024-06-30""}, {""title"": ""Strategic Goal 1"", ""from"": ""2024-01-01"", ""to"": ""2024-06-30""}, {""title"": ""Excellent Care: Healing Individuals"", ""from"": ""2023-01-02"", ""to"": ""2023-12-31""}]"
18167	BETTER FUTURE FOR ALL	medium	possible	child	BETTER FUTURE FOR ALL (added from register)	00NGO/R/5425	2023-09-05	National	Kilimanjaro	Hai	0		Boma Ngombe	1.3	-3.3332717	37.1501661	https://nis.jamii.go.tz/ngo_profile/18167	True	To strive to see vulnerable people of all ages&nbsp; in Tanzania both men and women are aware of&nbsp; child rights,Life chances,Life skills and environmental issues.	
11766	AFRICA MASTERPIECE CHILDREN ORGANIZATION	medium	possible	CHILD	AFRICA MASTERPIECE CHILDREN ORGANIZATION (added from register)	00NG0/R/1184	2020-06-22	National	Arusha	Arusha	1	2024-12-31	Ilboru	1.5	-3.35438755	36.681305116482804	https://nis.jamii.go.tz/ngo_profile/11766	True	Organization envision for a Peaceful, educated and healthy community.	"[{""title"": ""ADMINISTRATION"", ""from"": ""2024-01-01"", ""to"": ""2024-12-31""}, {""title"": ""FOOD SUPPORT"", ""from"": ""2024-01-01"", ""to"": ""2024-12-31""}, {""title"": ""SCHOOL SUPPORT PROGRAM"", ""from"": ""2024-01-05"", ""to"": ""2024-12-31""}]"
19405	From Hearts 2 Hands	medium	possible	child	From Hearts 2 Hands (added from register)	00NGO/R/6242	2024-05-01	International	Arusha	Arumeru	0		Usa River	1.5	-3.3667	36.8500	https://nis.jamii.go.tz/ngo_profile/19405	True	To be the leading organization in providing support to the disadvantaged and vunerable communities especially women and children both in USA and abroad	
21208	UGUTU COMMUNITY FOUNDATION	medium	possible	child	UGUTU COMMUNITY FOUNDATION (added from register)	00NGO/R/8070	2025-02-24	National	Arusha	Arumeru	1	2025-12-31	Usa River	1.5	-3.3667	36.8500	https://nis.jamii.go.tz/ngo_profile/21208	True	Helping deprived Tanzanian children realising their full potential through education.	"[{""title"": ""UCF programs administration"", ""from"": ""2025-01-10"", ""to"": ""2025-02-24""}, {""title"": ""Volunteer Engagement"", ""from"": ""2025-03-10"", ""to"": ""2025-12-31""}, {""title"": ""Early Childhood education( ECD)"", ""from"": ""2025-01-10"", ""to"": ""2025-12-31""}]"
11823	ELLE PEUT NAIDIM (EPN)	medium	possible	girl child	ELLE PEUT NAIDIM (EPN) (added from register)	00NG0/R1/0069	2020-07-29	National	Arusha	Arusha	5	2025-12-20	Arusha City	1.6	-3.3659818178082324	36.667023723862286	https://nis.jamii.go.tz/ngo_profile/11823	True	"A society in which every young woman, boy and girl child voice matters. 

 &nbsp;"	"[{""title"": ""Advocacy"", ""from"": ""2025-10-06"", ""to"": ""2025-10-31""}, {""title"": ""Mvulana Camp"", ""from"": ""2025-06-09"", ""to"": ""2025-06-15""}, {""title"": ""Msichana Power Camp"", ""from"": ""2025-12-14"", ""to"": ""2025-12-20""}, {""title"": ""Last Kilometer"", ""from"": ""2025-01-13"", ""to"": ""2025-11-28""}, {""title"": ""Last Kilometer"", ""from"": ""2025-01-13"", ""to"": ""2025-11-28""}, {""title"": ""Last Kilometer"", ""from"": ""2025-01-13"", ""to"": ""2025-11-28""}, {""title"": ""Happy Period Happy Girls(HPHG)"", ""from"": ""2025-03-03"", ""to"": ""2025-10-31""}, {""title"": ""Happy Period Happy Girls(HPHG)"", ""from"": ""2025-03-03"", ""to"": ""2025-10-31""}, {""title"": ""MSICHANA POWER CAMP"", ""from"": ""2024-12-08"", ""to"": ""2024-12-13""}, {""title"": ""LAST KILOMETER"", ""from"": ""2023-03-06"", ""to"": ""2024-11-21""}, {""title"": ""LAST KILOMETER"", ""from"": ""2023-03-06"", ""to"": ""2024-11-21""}, {""title"": ""HAPPY PERIOD HAPPY GIRLS (HPHG)"", ""from"": ""2024-01-08"", ""to"": ""2024-12-10""}]"
22582	Change your life Foundation	medium	possible	child	Change your life Foundation (added from register)	00NGO/R/9197	2025-06-29	National	Arusha	Arusha	0		Kijenge	1.6	-3.3922488	36.7215358	https://nis.jamii.go.tz/ngo_profile/22582	True	To have a community where by women, youths and children are protected, cared and benefit all human basic needs.	
14103	AFRO RURAL DEVELOPMENT CONSORTIUM	medium	possible	child	AFRO RURAL DEVELOPMENT CONSORTIUM (added from register)	00NGO/R/8083	2025-02-24	National	Arusha	Arusha	0		Kijenge	1.7	-3.368300	36.712181	https://nis.jamii.go.tz/ngo_profile/14103	True	"A society where all children and youth access education, healthcare, and social services, breaking poverty cycles and achieving their full potential for a sustainable future. 

 &nbsp;"	
237	WARIOBA CHILD COMPASSION	medium	possible	CHILD	WARIOBA CHILD COMPASSION (added from register)	00NGO/R/0365	2019-08-06	National	Arusha	Arusha	0		Arusha City	1.8	-3.3681767	36.6651169	https://nis.jamii.go.tz/ngo_profile/237	True	Children living under difficult condition access quality education	
10589	FRIENDS OF KIDS SPEAK OUT	medium	possible	KIDS	FRIENDS OF KIDS SPEAK OUT (added from register)	00NGO/R/1058	2020-04-06	National	Arusha	Arusha	4	2025-12-31	Arusha City	1.8	-3.3681767	36.6651169	https://nis.jamii.go.tz/ngo_profile/10589	True	envisage community children access to speak out and affodable quality education and health servicess and lives in clean and friendly ennironmental for development	"[{""title"": ""none"", ""from"": ""2025-01-01"", ""to"": ""2025-12-31""}]"
18410	HUSNA FOUNDATION	medium	possible	child	HUSNA FOUNDATION (added from register)	00NGO/R/6494	2024-05-02	National	Arusha	Arusha	0		Arusha City	1.8	-3.3681767	36.6651169	https://nis.jamii.go.tz/ngo_profile/18410	True	To become a stable, sustainable Foundation&nbsp;that is truly inclusive, supportive, protective&nbsp;and better for all children&nbsp;young people&nbsp;and women in the community.	
4656	SHIELD OF WOMEN AND CHILDREN FOUNDATION	medium	possible	CHILD	SHIELD OF WOMEN AND CHILDREN FOUNDATION (added from register)	00NGO/R1/00134	2014-04-03	National	Arusha	Arusha	3	2025-12-31	Arusha City	1.9	-3.369308	36.6562917	https://nis.jamii.go.tz/ngo_profile/4656	True	Community access quality and better education and skills, affordable health services and lives in clean and friendly environmental for development.	"[{""title"": ""CHILDREN SPONSORSHIP"", ""from"": ""2025-01-06"", ""to"": ""2025-12-31""}, {""title"": ""Women empowerment"", ""from"": ""2025-01-01"", ""to"": ""2025-12-31""}]"
19216	THE LITTLE OASIS FOUNDATION (TLOF)	medium	possible	child	THE LITTLE OASIS FOUNDATION (TLOF) (added from register)	00NGO/R/6520	2024-05-15	National	Arusha	Arusha	0		Kijenge	1.9	-3.37349	36.69659	https://nis.jamii.go.tz/ngo_profile/19216	True	&ldquo;A society where all children have equal opportunities to receive quality education in Tanzania&rdquo;	
23827	The Hearts of Hope Foundation Tanzania	medium	possible	child	The Hearts of Hope Foundation Tanzania (added from register)	00NGO/R/8910	2026-01-19	National	Arusha	Arumeru	0		Arusha City	1.9	-3.362740	36.675522	https://nis.jamii.go.tz/ngo_profile/23827	True	A healthy, educated, and empowered community where every child has access to food, quality education, and equal opportunities for a brighter future.	
4080	MOTHER AND CHILD CARE	medium	possible	CHILD	MOTHER AND CHILD CARE (added from register)	00NGO/OOO9526	2018-02-19	National	Arusha	Arusha	0		Ilboru	2.0	-3.364309782804426	36.68959419962025	https://nis.jamii.go.tz/ngo_profile/4080	True	Improved quality of life of vulerable pastoral community mother and child and ensure they enjoy their livehood and wellbeing	
24547	TRAVEL WISE INITIATIVE	medium	unlikely	child		00NGO/R/9666	2026-04-19	National	Arusha	Arusha	0		Arusha City	2.0	-3.3691349	36.6696166	https://nis.jamii.go.tz/ngo_profile/24547	True	Manage and promote a society where safe and responsible travel enhances access to healthcare,education, and improved quality of life for all, especially children and vulnerable communities.	
5216	AZIMIO PARALEGAL UNIT	medium	unlikely	watoto		01NGO/08200	2015-09-23	District	Arusha	Arusha	0		Kijenge	2.1	-3.3857469	36.6909783	https://nis.jamii.go.tz/ngo_profile/5216	True	Kuwa na jamii yenye haki, usawa na jamii yenye uelewa wa sheria za wanawake na watoto na kutetea haki zao.	
14796	Gily's Children Foundation	medium	possible	Child	Gily's Children Foundation (added from register)	00NGO/R/3516	2022-07-19	National	Arusha	Arusha	1	2025-12-31	Kijenge	2.1	-3.3857469	36.6909783	https://nis.jamii.go.tz/ngo_profile/14796	True	To build the community in which all children have the opportunity to attain better Education	"[{""title"": ""Community Engagement & Family Support Program"", ""from"": ""2025-07-23"", ""to"": ""2025-09-10""}, {""title"": ""Child Protection & Rights Awareness Program"", ""from"": ""2025-05-13"", ""to"": ""2025-12-31""}, {""title"": ""Education Support Program"", ""from"": ""2025-02-10"", ""to"": ""2025-12-31""}]"
24482	ATPEACE FOUNDATION	medium	possible	child	ATPEACE FOUNDATION (added from register)	00NGO/R/9633	2026-04-24	National	Arusha	Arusha	0		Kijenge	2.1	-3.370859	36.695593	https://nis.jamii.go.tz/ngo_profile/24482	True	A peaceful and empowered society where children,women, and youth thrive socially,economically and environmentally.	
24879	VOLANTE'S EAGLES ORGANIZATION (VEO)	medium	possible	Child	VOLANTE'S EAGLES ORGANIZATION (VEO) (added from register)	00NGO/R/10145	2026-08-07	National	Arusha	Arusha	0		Kijenge	2.1	-3.3724	36.6945	https://nis.jamii.go.tz/ngo_profile/24879	True	To establish a community in which every Children&rsquo;s, Youth, and women achieves theirs, rights, protections good health and equality.	
275	TREE OF LOVE FOUNDATION	medium	possible	child	TREE OF LOVE FOUNDATION (added from register)	00NGO/R/0505	2019-08-17	National	Arusha	Arusha	0		Kijenge	2.2	-3.3678647	36.6985453	https://nis.jamii.go.tz/ngo_profile/275	True	A community with a group of youth, women and children&#39;s of good health for future sustainable development through community participation.	
4914	DINKWA WOMEN DEVELOPMENT ORGANIZATION (DIWODEO)	medium	possible	Child	DINKWA WOMEN DEVELOPMENT ORGANIZATION (DIWODEO) (added from register)	01NGO/1502	2006-07-27	National	Arusha	Arusha	2	2024-03-31	Arusha City	2.2	-3.3701875	36.6523548	https://nis.jamii.go.tz/ngo_profile/4914	True	Envisages to empowering women, Children and youth with knowledge and skills to generate active and effective voice with which will sustainable development.	"[{""title"": ""Girls empowerment"", ""from"": ""2024-01-01"", ""to"": ""2024-03-31""}, {""title"": ""Improving women wellbeing through entrepreneurships skills"", ""from"": ""2023-01-01"", ""to"": ""2023-12-31""}, {""title"": ""Improving women wellbeing through entrepreneurships skills"", ""from"": ""2023-01-01"", ""to"": ""2023-12-31""}, {""title"": ""Improving women wellbeing through entrepreneurships skills"", ""from"": ""2023-01-01"", ""to"": ""2023-12-31""}, {""title"": ""Improving women wellbeing through entrepreneurships skills"", ""from"": ""2023-01-01"", ""to"": ""2023-12-31""}, {""title"": ""Improving women wellbeing through entrepreneurships skills"", ""from"": ""2023-01-01"", ""to"": ""2023-12-31""}, {""title"": ""Improving women wellbeing through entrepreneurships skills"", ""from"": ""2023-01-01"", ""to"": ""2023-12-31""}, {""title"": ""Improving women wellbeing through entrepreneurships skills"", ""from"": ""2023-01-01"", ""to"": ""2023-12-31""}, {""title"": ""Improving women wellbeing through entrepreneurships skills"", ""from"": ""2023-01-01"", ""to"": ""2023-12-31""}, {""title"": ""Improving women wellbeing through entrepreneurships skills"", ""from"": ""2023-01-01"", ""to"": ""2023-12-31""}, {""title"": ""Improving women wellbeing through entrepreneurships skills"", ""from"": ""2023-01-01"", ""to"": ""2023-12-31""}, {""title"": ""Improving women wellbeing through entrepreneurships skills"", ""from"": ""2023-01-01"", ""to"": ""2023-12-31""}]"
11385	HOPE SEED INITIATIVES	medium	possible	watoto	HOPE SEED INITIATIVES (added from register)	00NGO/R/1609	2021-01-20	National	Arusha	Arusha	2	2023-12-31	Ilboru	2.2	-3.3657729	36.6881183	https://nis.jamii.go.tz/ngo_profile/11385	True	Kuwa shirika litakalowafikia wanawake,watoto na wajane walio katika hali duni kiuchumi ili kuwawezesha mitaji mdogo midogo, mafunzo pamoja&nbsp; na uwezeshaji katika nyanja za kilimo, ufugaji na lishe bora.	"[{""title"": ""ECONOMIC EMPOWERMENT TO THE NEEDY FAMILIES AT MERU"", ""from"": ""2023-01-01"", ""to"": ""2023-12-31""}]"
17176	LEADING BY FEEDING AFRICA	medium	possible	child	LEADING BY FEEDING AFRICA (added from register)	00NGO/R/4667	2023-04-17	National	Arusha	Arusha	0		Kijenge	2.2	-3.3678647	36.6985453	https://nis.jamii.go.tz/ngo_profile/17176	True	"To be&nbsp; the leading organization in&nbsp; in providing&nbsp;basic needs to children and empower them socially. 

 &nbsp;"	
4076	LEARNING MINDS AFRICA ORGANIZATION	medium	possible	Child	LEARNING MINDS AFRICA ORGANIZATION (added from register)	00NGO/0001036	2018-04-17	National	Arusha	Arusha	0		Ilboru	2.3	-3.3657019	36.6834783	https://nis.jamii.go.tz/ngo_profile/4076	True	To have a society &nbsp;where &nbsp;Children &nbsp;and Youth are imbued and demonstrate &nbsp;relevant life skills and competencies &nbsp;in their life.	
4968	EASTERN STAR CHILDREN ORGANIZATION	medium	possible	CHILD	EASTERN STAR CHILDREN ORGANIZATION (added from register)	00NGO/08407	2016-02-24	National	Arusha	Arumeru	0		Arusha City	2.3	-3.3713166	36.6701004	https://nis.jamii.go.tz/ngo_profile/4968	True	To have children in Tanzania who are healthy, well education and protected	
8810	SUPPORT CHILDREN AND COMMUNITY ADVANCEMENT   (SUCARE)	medium	possible	CHILD	SUPPORT CHILDREN AND COMMUNITY ADVANCEMENT   (SUCARE) (added from register)	00NGO/R1/00369	2010-07-08	National	Arusha	Arumeru	1		Ilboru	2.3	-3.335019	36.6749387	https://nis.jamii.go.tz/ngo_profile/8810	True	Equitable social, cultural and&nbsp;economic life&nbsp;for all people in Tanzania	
22294	I Want to Be Foundation	medium	possible	child	I Want to Be Foundation (added from register)	00NGO/R/8535	2025-10-01	National	Arusha	Arusha	0		Kijenge	2.3	-3.368073706910817	36.69599307991419	https://nis.jamii.go.tz/ngo_profile/22294	True	Envisioning a world where every child can unlock their potential, dream without limits, and thrive with dignity, hope, and purpose.	
438	HANDICAPPED CHILDREN REHABILITATION TANZANIA (HACRET)	medium	possible	CHILD	HANDICAPPED CHILDREN REHABILITATION TANZANIA (HACRET)	00NGO/R2/000319	2019-08-06	Regional	Arusha	Arusha	0		Ilboru	2.4	-3.3644375	36.6808591	https://nis.jamii.go.tz/ngo_profile/438	True	A community with a children youth and women&nbsp; with disabilies getting their rights quality services and well empowered	
4342	TUMAINI HOME ORGANIZATION (T.H.T.O)	medium	possible	Child	TUMAINI HOME ORGANIZATION (T.H.T.O)	I-NGO/08603	2016-05-16	International	Arusha	Arusha	1		Kijenge	2.4	-3.3715492	36.6924384	https://nis.jamii.go.tz/ngo_profile/4342	True	Children are well educated and cared.	
4526	HANDS FOR CHILDREN AND WOMEN IN TANZANIA (HACHAWOTA)	medium	possible	CHILD	HANDS FOR CHILDREN AND WOMEN IN TANZANIA (HACHAWOTA) (added from register)	00NGO/00007376	2014-07-22	National	Arusha	Arusha	5	2024-12-31	Kijenge	2.4	-3.404266636186649	36.70502052372264	https://nis.jamii.go.tz/ngo_profile/4526	True	HACHAWOTA envisages communities with improved equitable and sustainable livelihood	"[{""title"": ""Strategic Plan Implementation"", ""from"": ""2024-01-01"", ""to"": ""2024-12-31""}, {""title"": ""Advancing Equality through Human Rights Education (AEHRE)"", ""from"": ""2023-01-01"", ""to"": ""2023-12-31""}, {""title"": ""AEHRE"", ""from"": ""2022-04-14"", ""to"": ""2022-04-14""}]"
382	DEAF AND COMMUNITY PROGRESS ORGANIZATION	medium	possible	DEAF	DEAF AND COMMUNITY PROGRESS ORGANIZATION (added from register)	00NGO/R/0330	2019-08-05	National	Arusha	Arusha	3	2025-04-15	Kijenge	2.5	-3.3717429	36.6907693	https://nis.jamii.go.tz/ngo_profile/382	True	Kuwa na jamii ya Watanzania yenye kuwezesha viziwi kwa kutengeneza mazingira huru yasiyo na vikwazo kwa watu wote na rika zote.	"[{""title"": ""Reproductive equity strategy in Tanzania"", ""from"": ""2024-09-01"", ""to"": ""2025-04-15""}, {""title"": ""REPRODUCTIVE EQUITY STRATEGY FOR TANZANIA (REST)"", ""from"": ""2024-01-05"", ""to"": ""2024-04-15""}, {""title"": ""REPRODUCTIVE EQUITY STRATEGY FOR TANZANIA (REST)"", ""from"": ""2023-01-05"", ""to"": ""2024-04-13""}, {""title"": ""Kutoa elimu ya Korona"", ""from"": ""2021-05-13"", ""to"": ""2021-05-30""}]"
5067	WIDOWS ENCOURAGEMENT AND HIV/IDS FOUNDATION (WeHAF)	medium	unlikely	child		00NGO/R1/0074	2017-05-08	National	Arusha	Arusha	5	2032-12-31	Kijenge	2.6	-3.3843071	36.6861387	https://nis.jamii.go.tz/ngo_profile/5067	True	The &nbsp;organization envisages a &nbsp;community&nbsp; where &nbsp;widows, children and &nbsp;HIV/AIDS victims&#39; livelihood &nbsp;is ensured	"[{""title"": ""Women Project"", ""from"": ""2025-01-01"", ""to"": ""2025-12-31""}, {""title"": ""Sustainable Women Business (SWB)"", ""from"": ""2024-02-21"", ""to"": ""2025-01-31""}, {""title"": ""Sewing lessons"", ""from"": ""2024-01-01"", ""to"": ""2024-02-21""}, {""title"": ""Mboga Mboga Project"", ""from"": ""2024-01-01"", ""to"": ""2024-02-21""}, {""title"": ""Elimu Project"", ""from"": ""2024-01-01"", ""to"": ""2024-02-21""}, {""title"": ""Sustainable Women Business"", ""from"": ""2024-01-01"", ""to"": ""2024-02-21""}, {""title"": ""Women Empowerment"", ""from"": ""2022-01-01"", ""to"": ""2022-12-31""}, {""title"": ""Watoto education project"", ""from"": ""2022-01-03"", ""to"": ""2032-12-31""}, {""title"": ""Wamama project"", ""from"": ""2022-01-01"", ""to"": ""2022-12-31""}]"
20087	LOVING BY ACTIONS ORGANIZATION	medium	possible	child	LOVING BY ACTIONS ORGANIZATION (added from register)	00NGO/R/7246	2024-08-11	National	Arusha	Arusha	0		Ilboru	2.6	-3.369916	36.688703	https://nis.jamii.go.tz/ngo_profile/20087	True	To empower parents with knowledge and skills to support their own and their children&#39;s lives.	
4372	WORLD VISION TANZANIA	medium	possible	child	WORLD VISION TANZANIA (added from register)	00NGO/00009755	2018-07-16	International	Arusha	Arusha	5	2025-12-31	Kijenge	2.7	-3.407863367324807	36.70808171689707	https://nis.jamii.go.tz/ngo_profile/4372	True	for every child ,life in all its fullness.our prayer for every heart,the will to make it	"[{""title"": ""Resilience and Livelihoods"", ""from"": ""2025-01-31"", ""to"": ""2025-12-31""}, {""title"": ""Education"", ""from"": ""2025-01-01"", ""to"": ""2025-12-31""}, {""title"": ""Water Sanitation and Hygiene"", ""from"": ""2025-01-01"", ""to"": ""2025-12-31""}, {""title"": ""Health and Nutrition"", ""from"": ""2025-01-01"", ""to"": ""2025-12-31""}, {""title"": ""Resilience and Livelihood"", ""from"": ""2021-04-01"", ""to"": ""2025-04-15""}, {""title"": ""Health and Nutrition"", ""from"": ""2021-05-01"", ""to"": ""2025-04-15""}, {""title"": ""Water Sanitation and Hygiene Program"", ""from"": ""2021-04-01"", ""to"": ""2025-04-15""}, {""title"": ""Education"", ""from"": ""2021-10-01"", ""to"": ""2025-04-15""}, {""title"": ""Education"", ""from"": ""2021-10-20"", ""to"": ""2024-04-13""}, {""title"": ""Health and Nutrition"", ""from"": ""2021-10-20"", ""to"": ""2024-04-13""}, {""title"": ""Water Sanitation and Hygiene"", ""from"": ""2020-10-20"", ""to"": ""2024-04-13""}, {""title"": ""RESILIENCE AND LIVELIHOOD"", ""from"": ""2021-10-21"", ""to"": ""2024-04-13""}]"
5015	The Foundation for Tomorrow	medium	possible	child	The Foundation For Tomorrow	00NGO/1051	2008-07-27	International	Arusha	Arusha	5	2025-12-19	Kijenge	2.7	-3.3737474	36.6878854	https://nis.jamii.go.tz/ngo_profile/5015	True	Envisions a world where all children contribute equally to society as active and empowered citizens free of exclusion, disadvantage, and vulnerability.	"[{""title"": ""Scholarship Program"", ""from"": ""2025-01-06"", ""to"": ""2025-12-19""}, {""title"": ""The Learning Centre (TLC)"", ""from"": ""2024-01-08"", ""to"": ""2024-12-20""}, {""title"": ""Teacher Training Program:"", ""from"": ""2024-01-08"", ""to"": ""2024-12-20""}, {""title"": ""Scholarship Program"", ""from"": ""2024-01-08"", ""to"": ""2024-12-20""}, {""title"": ""Scholarship Program"", ""from"": ""2023-01-09"", ""to"": ""2023-12-22""}, {""title"": ""The Teacher Training Program"", ""from"": ""2023-01-09"", ""to"": ""2023-12-22""}, {""title"": ""Communication Education of TFFT Branding"", ""from"": ""2023-10-01"", ""to"": ""2023-12-31""}, {""title"": ""Teachers Convention"", ""from"": ""2023-10-01"", ""to"": ""2023-12-31""}, {""title"": ""Implementers Dialogue"", ""from"": ""2023-10-01"", ""to"": ""2023-12-31""}, {""title"": ""The Lunch project"", ""from"": ""2023-10-01"", ""to"": ""2023-12-31""}, {""title"": ""Teachers school based profesional development"", ""from"": ""2023-10-01"", ""to"": ""2023-12-31""}, {""title"": ""Family Day"", ""from"": ""2023-10-01"", ""to"": ""2023-12-31""}]"
5031	EDUCATION FOR CHILDREN IN NEED (ECN)	medium	possible	CHILD	EDUCATION FOR CHILDREN IN NEED (ECN) (added from register)	00NGO/00005905	2012-11-05	National	Arusha	Arusha	0		Kijenge	2.7	-3.3737474	36.6878854	https://nis.jamii.go.tz/ngo_profile/5031	True	-	
15750	WIDOWS AND CHILDREN EMPOWERMENT ORGANIZATION  (WICHEO)	medium	unlikely	CHILD		01NGO/3879	2022-10-17	Regional	Arusha	Arusha	0		Kijenge	2.7	-3.3737474	36.6878854	https://nis.jamii.go.tz/ngo_profile/15750	True	To have prosperous widows and children free from poverty and food insecurity	
21549	Butterfly Africa	medium	possible	child	Butterfly Africa (added from register)	00NGO/R/8371	2025-05-19	National	Arusha	Arusha	0		Kijenge	2.7	-3.3897016576474073	36.733257957036265	https://nis.jamii.go.tz/ngo_profile/21549	True	We envision a future where every child and youth in Tanzania has access to digital education and technology, enebling them to unlock their full potential.&nbsp;	
24593	ANGAZIA	medium	possible	child	ANGAZIA (added from register)	00NGO/R/9758	2026-04-30	National	Kigoma	Level:	0		Kijenge	2.7	-3.369030	36.729780	https://nis.jamii.go.tz/ngo_profile/24593	True	A world where every child is empowered mentally and psychologically to let their unique light shine.&nbsp; &nbsp; &nbsp; &nbsp; &nbsp; &nbsp; &nbsp; &nbsp; &nbsp; &nbsp; &nbsp; &nbsp; &nbsp; &nbsp; &nbsp; &nbsp; &nbsp; &nbsp; &nbsp; &nbsp; &nbsp; &nbsp; &nbsp; &nbsp; &nbsp; &nbsp; &nbsp; &nbsp; &nbsp; &nbsp;&nbsp;	
10692	Watoto Foundation Tanzania	medium	possible	Watoto	Watoto Foundation Tanzania	I-NGO/R/1596	2021-01-05	International	Arusha	Arusha	0		Kijenge	2.8	-3.4066593	36.698778	https://nis.jamii.go.tz/ngo_profile/10692	True	A future where fundamental rights are respected and protected.	
16360	OSOTUWA FOUNDATION	medium	possible	child	OSOTUWA FOUNDATION (added from register)	00NGO/R/4128	2022-12-14	National	Arusha	Arusha	1	2026-03-16	Arusha City	2.9	-3.3267011	36.6642004	https://nis.jamii.go.tz/ngo_profile/16360	True	To envision of community where the societies include women, man,&nbsp;youth ,children potential are effective utilised for sustainable in our societies and national.	"[{""title"": ""Education"", ""from"": ""2026-03-16"", ""to"": ""2026-03-16""}]"
19516	Salama Foundation Tanzania	medium	possible	malezi	Salama Foundation Tanzania (added from register)	00NGO/R/6518	2024-05-02	National	Arusha	Arusha	0		Arusha City	2.9	-3.3751834	36.6746492	https://nis.jamii.go.tz/ngo_profile/19516	True	Chombo chenye mshikamano endelevu na kuelimisha jamii juu ya ujasiriamali, kupiga vita madawa ya kulevya kuenzi maadili na malezi na utunzaji wa mazingira	
12233	RELIEF FOR THE HOPELESS FOUNDATION (RHF)	medium	possible	child	RELIEF FOR THE HOPELESS FOUNDATION (RHF) (added from register)	00NGO/R/1851	2021-04-30	National	Arusha	Arusha	2	2022-12-31	Kijenge	3.0	-3.4079443	36.6982539	https://nis.jamii.go.tz/ngo_profile/12233	True	To improve the quality of life of needy people socially, spIritually and economical to ensure acquire their full potentials to reduce children vulnerability to get sustainable development	"[{""title"": ""Sanitary pads and underwear for girls"", ""from"": ""2021-05-02"", ""to"": ""2021-09-03""}, {""title"": ""Health Insuarance ids"", ""from"": ""2021-05-19"", ""to"": ""2022-07-17""}, {""title"": ""Muwezeshe Mtoto wa kike"", ""from"": ""2022-04-06"", ""to"": ""2022-04-09""}, {""title"": ""Health Insuarance Project"", ""from"": ""2022-01-01"", ""to"": ""2022-12-31""}, {""title"": ""Health Insuarance Project"", ""from"": ""2022-01-01"", ""to"": ""2022-12-31""}, {""title"": ""Widows/ Wajane Project"", ""from"": ""2022-01-01"", ""to"": ""2022-12-31""}, {""title"": ""Widows/ Wajane Project"", ""from"": ""2022-01-01"", ""to"": ""2022-12-31""}, {""title"": ""Widows/ Wajane Project"", ""from"": ""2022-01-01"", ""to"": ""2022-12-31""}]"
19013	Uplifting  and Nurturing Them	medium	possible	child	Uplifting  and Nurturing Them (added from register)	00NGO/R/7412	2024-09-17	National	Arusha	Arusha	0	2025-10-31	Kijenge	3.0	-3.38692	36.682995	https://nis.jamii.go.tz/ngo_profile/19013	True	To create future where every child regardless their circumstance, background or challenge has a chance to be empowered,&nbsp;and build a brighter tomorrow through education.	"[{""title"": ""Life After School Project"", ""from"": ""2025-07-25"", ""to"": ""2025-10-31""}]"
5500	HELP FOR THE MAASAI ORGANIZATION	medium	possible	child	HELP FOR THE MAASAI ORGANIZATION (added from register)	00NGO/00007949	2015-04-30	International	Arusha	Arusha	4	2025-12-31	Ilboru	3.1	-3.3717987	36.6813162	https://nis.jamii.go.tz/ngo_profile/5500	True	Healthy &nbsp;community, &nbsp;economically &nbsp;stable &nbsp;with &nbsp;children&nbsp; &nbsp;who&nbsp; &nbsp;are &nbsp;cared &nbsp;for &nbsp;and &nbsp;kept secure all the time.	"[{""title"": ""Education for needy children"", ""from"": ""2025-01-01"", ""to"": ""2025-12-31""}, {""title"": ""EDUCATION FOR NEEDY CHILDREN"", ""from"": ""2024-01-01"", ""to"": ""2024-12-31""}, {""title"": ""Education for needy children"", ""from"": ""2023-01-01"", ""to"": ""2023-12-31""}, {""title"": ""HELP FOR THE MASSAI"", ""from"": ""2021-01-01"", ""to"": ""2021-12-31""}]"
14218	ACHA WACHEZE	medium	possible	child	ACHA WACHEZE (added from register)	00NGO/R/2935	2022-02-25	National	Arusha	Arusha	0		Kijenge	3.1	-3.3792966	36.7376686	https://nis.jamii.go.tz/ngo_profile/14218	True	Envision a Community whereby children have knowledge, skills, altitude and values	
14867	NURU YETU FOUNDATION	medium	possible	child	NURU YETU FOUNDATION (added from register)	00NGO/R/3249	2022-05-11	National	Arusha	Arusha	1	2026-03-01	Ilboru	3.1	-3.3717987	36.6813162	https://nis.jamii.go.tz/ngo_profile/14867	True	The society where all children&rsquo;s free from poverty, healthy and knowledgeable about their rights and injustice	"[{""title"": ""Tumaini la Hedhi"", ""from"": ""2026-01-01"", ""to"": ""2026-03-01""}, {""title"": ""Girls Round Table"", ""from"": ""2025-08-08"", ""to"": ""2025-08-08""}, {""title"": ""Girls round table season 7"", ""from"": ""2023-10-30"", ""to"": ""2023-12-10""}, {""title"": ""Girls round table season 6"", ""from"": ""2023-03-01"", ""to"": ""2023-06-23""}, {""title"": ""DONATION OF SANITARY PADS"", ""from"": ""2022-11-27"", ""to"": ""2022-12-31""}, {""title"": ""Teens Round Table"", ""from"": ""2022-10-07"", ""to"": ""2022-10-08""}, {""title"": ""INSTAGRAM LIVE SHOW"", ""from"": ""2022-09-06"", ""to"": ""2022-09-10""}, {""title"": ""WATOTO KWANZA"", ""from"": ""2022-05-20"", ""to"": ""2022-05-21""}, {""title"": ""GIRLS ROUND TABLE"", ""from"": ""2022-02-12"", ""to"": ""2022-03-26""}, {""title"": ""GIRLS ROUND TABLE"", ""from"": ""2022-03-06"", ""to"": ""2022-04-30""}]"
17121	DYSLEXIA TANZANIA	medium	possible	child	DYSLEXIA TANZANIA (added from register)	00NGO/R/4691	2023-05-02	National	Arusha	Arusha	1	2024-12-31	Ilboru	3.1	-3.3717987	36.6813162	https://nis.jamii.go.tz/ngo_profile/17121	True	DTs vision that&nbsp; dyslexic children should go to be the best trhey can&nbsp; be,live a healthy and happy life and receive an education .	"[{""title"": ""Talent Show"", ""from"": ""2024-10-13"", ""to"": ""2024-10-13""}, {""title"": ""Parents Awareness"", ""from"": ""2024-12-01"", ""to"": ""2024-12-31""}, {""title"": ""Teachers and Non-Teaching Staff"", ""from"": ""2024-01-01"", ""to"": ""2024-12-30""}, {""title"": ""Organizations and Institutions"", ""from"": ""2024-12-13"", ""to"": ""2024-12-13""}, {""title"": ""Dyslexia Awareness"", ""from"": ""2023-01-01"", ""to"": ""2023-12-31""}]"
17534	OKIA TANZANIA	medium	possible	child	OKIA TANZANIA (added from register)	00NGO/R/4900	2023-06-07	National	Arusha	Arusha	1	2025-08-01	Ilboru	3.1	-3.3717987	36.6813162	https://nis.jamii.go.tz/ngo_profile/17534	True	Envision Community in where all children,&nbsp; women and youth are nurtured to reach their fullest potential.	"[{""title"": ""WOMEN EMPOWERMENT"", ""from"": ""2025-01-01"", ""to"": ""2025-08-01""}]"
18160	Maasai Women and Children Initiative ( MWACI-Ogranization)	medium	possible	Child	Maasai Women and Children Initiative ( MWACI-Ogranization) (added from register)	01NGO/R/5869	2023-08-23	Regional	Arusha	Arusha	0		Ilboru	3.1	-3.3717987	36.6813162	https://nis.jamii.go.tz/ngo_profile/18160	True	Women and Children are free to live in the non violence environment with respect and dignity by everyone in our societies.	
10377	Furahia Mtoto Foundation (FUMFO)	medium	possible	Mtoto	Furahia Mtoto Foundation (FUMFO) (added from register)	00NGO/R/0842	2019-12-30	National	Arusha	Arumeru	1		Usa River	3.2	-3.3368064	36.8564782	https://nis.jamii.go.tz/ngo_profile/10377	True	Jamii yenye watoto wanaopata elimu bora, wanaolindwa na maisha Imara	
13974	Benjamin Runga Foundation	medium	possible	child	Benjamin Runga Foundation (added from register)	00NGO/R/2682	2021-12-08	National	Arusha	Arumeru	3	2025-10-17	Usa River	3.2	-3.3368064	36.8564782	https://nis.jamii.go.tz/ngo_profile/13974	True	Advocate for children and youth ICT education to reshape the future for good.	"[{""title"": ""BRF FREE ICT EDUCATION - 2025"", ""from"": ""2025-01-13"", ""to"": ""2025-10-17""}, {""title"": ""Free ICT Education"", ""from"": ""2024-01-15"", ""to"": ""2024-11-29""}, {""title"": ""Free ICT Education"", ""from"": ""2023-01-09"", ""to"": ""2023-12-13""}]"
4976	THE BANDARI YA MAENDELEO ORGANIZATION	medium	possible	child	THE BANDARI YA MAENDELEO ORGANIZATION (added from register)	00NGO/08538	2016-04-18	National	Arusha	Arusha	1	2024-05-21	Kijenge	3.3	-3.3582817	36.7247789	https://nis.jamii.go.tz/ngo_profile/4976	True	To &nbsp;have &nbsp;the &nbsp;community that &nbsp;marginalized and disadvantaged people especially children &nbsp;are supported and access quality education.	"[{""title"": ""SCHOOL FOR DISADVANTAGED CHILDREN"", ""from"": ""2024-01-01"", ""to"": ""2024-05-21""}]"
10581	Children, Youth education and Talent Empowerment Organisation (CHAYETEO)	medium	possible	Child	Children, Youth education and Talent Empowerment Organisation (CHAYETEO) (added from register)	00NGO/R/1028	2020-04-09	National	Arusha	Arusha	0		Ilboru	3.3	-3.3419053	36.7220210275093	https://nis.jamii.go.tz/ngo_profile/10581	True	"CHAYETEO vision is to be a reliable organization on raising awareness&nbsp; regarding &nbsp;education to children and youth. 

 &nbsp; 

 &nbsp; 

 &nbsp; 

 &nbsp; 

 &nbsp; 

 &nbsp;"	
11096	Every Child Count	medium	possible	Child	Every Child Count (added from register)	00NGO/R/1315	2020-09-30	National	Arusha	Arusha	4	2026-02-02	Kijenge	3.3	-3.3582817	36.7247789	https://nis.jamii.go.tz/ngo_profile/11096	True	"To see a free violence society where girls and women are equal and fairly treated 

 &nbsp;"	"[{""title"": ""FGM and sponsorship"", ""from"": ""2026-02-01"", ""to"": ""2026-02-02""}, {""title"": ""abandoning FGM and child marriages"", ""from"": ""2023-01-01"", ""to"": ""2023-12-31""}, {""title"": ""female genitl mutilatilation and scholarship"", ""from"": ""2023-01-10"", ""to"": ""2023-12-08""}, {""title"": ""abandoning female genital mutilation"", ""from"": ""2022-01-21"", ""to"": ""2021-09-16""}, {""title"": ""abandoning female genital mutilation and creation of awareness on the importance of education to young girls in pastoral"", ""from"": ""2021-05-20"", ""to"": ""2021-07-30""}, {""title"": ""abandoning femal genital mutilation and education on the importance of education to girls"", ""from"": ""2020-10-12"", ""to"": ""2021-01-08""}]"
14608	LIGHT FOR MANY	medium	possible	child	LIGHT FOR MANY (added from register)	00NGO/R/3101	2022-04-19	National	Arusha	Arusha	0		Kijenge	3.3	-3.39254995	36.681364698588645	https://nis.jamii.go.tz/ngo_profile/14608	True	Envisioning a society where youth, women and children in both&nbsp; rural and arburn areas&nbsp; access to Heath and social economic opportunities equally to the privileged&nbsp;	
17059	LIFE BRIDGE FOUNDATION	medium	possible	Child	LIFE BRIDGE FOUNDATION (added from register)	00NGO/R/4662	2023-04-17	National	Arusha	Arusha	1	2024-12-31	Arusha City	3.3	-3.3796172	36.6740723	https://nis.jamii.go.tz/ngo_profile/17059	True	"Children, women, families and communities are supported to access and create opportunities in this life. 

 &nbsp; 

 &nbsp; 

 &nbsp;"	"[{""title"": ""Family support"", ""from"": ""2024-01-01"", ""to"": ""2024-12-31""}]"
20503	GOOD HOPE KIWAWA FOUNDATION	medium	possible	child	GOOD HOPE KIWAWA FOUNDATION (added from register)	00NGO/R/7341	2024-08-29	National	Arusha	Arumeru	0		Usa River	3.4	-3.33457	36.87114	https://nis.jamii.go.tz/ngo_profile/20503	True	Envisions a future where every child is empowered with access to quality education	
17656	TANZANIA PEOPLE WITH DISABILITY SUPPORT ORGANISATION- (TAPDISO)	medium	possible	DISABILIT	TANZANIA PEOPLE WITH DISABILITY SUPPORT ORGANISATION- (TAPDISO) (added from register)	00NGO/R/5370	2023-09-01	National	Arusha	Arumeru	0		Usa River	3.6	-3.370616	36.8954664	https://nis.jamii.go.tz/ngo_profile/17656	True	To support Children and Youth with Disabilities access social, health and economic support hence live independent and dynamic life and enjoy their dignity.	
17802	save the rain tanzania	medium	unlikely	child		I-NGO/R/4915	2023-06-19	International	Arusha	Arumeru	2	2024-12-30	Usa River	3.6	-3.370616	36.8954664	https://nis.jamii.go.tz/ngo_profile/17802	True	To make sure every child has access to clean and safe drinking water, food, security and lives in an environment&nbsp;that supports them.	"[{""title"": ""SAVE THE RAIN"", ""from"": ""2023-06-19"", ""to"": ""2024-12-30""}, {""title"": ""women water initiative"", ""from"": ""2023-06-19"", ""to"": ""2024-07-05""}]"
4280	PEACEMAKERS FOR ALBINISM AND COMMUNITY (PAC)	medium	possible	ALBIN	PEACEMAKERS FOR ALBINISM AND COMMUNITY (PAC)	00NGO/00008005	2015-06-09	National	Arusha	Arusha	0		Kijenge	3.7	-3.40417	36.6837985	https://nis.jamii.go.tz/ngo_profile/4280	True	--	
19117	KALULU  CHARITABLE  FOUNDATION	medium	possible	kids	KALULU  CHARITABLE  FOUNDATION (added from register)	00NGO/R/8010	2025-02-07	National	Kilimanjaro	Siha	0		Boma Ngombe	4.1	-3.3437070	37.1028440	https://nis.jamii.go.tz/ngo_profile/19117	True	&ldquo;Our Vision; To be the most leading organization that provide awareness, skills, create opportunities for kids, youth and society in general.	
19163	TATA CHILDREN ORGANIZATION	medium	possible	CHILD	TATA CHILDREN ORGANIZATION (added from register)	00NGO/R/6222	2024-04-30	National	Arusha	Arusha	0		Arusha City	4.1	-3.38928	36.66219	https://nis.jamii.go.tz/ngo_profile/19163	True	To create a better future&nbsp;for the troubled (Vulnerable) and talented children and Youth	
7846	LIFTED STRONG COMMUNITY ORGANIZATION (LISCO)	medium	possible	Child	LIFTED STRONG COMMUNITY ORGANIZATION (LISCO) (added from register)	00NGO/00010163	2019-04-05	National	Arusha	Arusha	6	2025-12-31	Kijenge	4.2	-3.4046427	36.6784247	https://nis.jamii.go.tz/ngo_profile/7846	True	To &nbsp;have a community &nbsp;where Children, women, youth and elderly livelihood &nbsp;are &nbsp;sustained &nbsp;in social and economic endeavors.	"[{""title"": ""women empowerment"", ""from"": ""2025-01-01"", ""to"": ""2025-12-31""}, {""title"": ""Economic Empowernment"", ""from"": ""2024-01-01"", ""to"": ""2024-12-31""}, {""title"": ""Sanitary pad program"", ""from"": ""2024-01-01"", ""to"": ""2024-12-31""}, {""title"": ""Community Development"", ""from"": ""2024-01-01"", ""to"": ""2024-12-31""}, {""title"": ""Women empoerment"", ""from"": ""2023-01-01"", ""to"": ""2023-12-31""}, {""title"": ""Economic empwerment"", ""from"": ""2020-01-06"", ""to"": ""2020-12-31""}]"
11707	Ndoto in Action (NIA)	medium	possible	child	Ndoto in Action (NIA) (added from register)	00NGO/R/1567	2021-01-04	National	Arusha	Arusha	5	2026-03-13	Arusha City	4.2	-3.3900029	36.666762	https://nis.jamii.go.tz/ngo_profile/11707	True	Our vision is to transform&nbsp; poor children&rsquo;s dreams into reality through education to break the cycle of poverty and create the generation with creativity and independent minds.	"[{""title"": ""school gardening-Manyire primary school"", ""from"": ""2025-11-19"", ""to"": ""2026-03-13""}, {""title"": ""boys and girls toilet-Umoja primary school"", ""from"": ""2025-03-14"", ""to"": ""2025-06-20""}, {""title"": ""Renovation of 8 classrooms-Umoja primary school"", ""from"": ""2025-05-02"", ""to"": ""2025-09-16""}, {""title"": ""Renovation of 8 classrooms-Umoja primary school"", ""from"": ""2025-05-02"", ""to"": ""2025-09-16""}, {""title"": ""school kitchen tiles- Umoja primary school"", ""from"": ""2025-07-08"", ""to"": ""2025-08-28""}, {""title"": ""school garden-oldendereti primary school"", ""from"": ""2025-01-08"", ""to"": ""2025-12-07""}, {""title"": ""girls and boys toilet-Nduruma primary school"", ""from"": ""2025-06-02"", ""to"": ""2025-09-05""}, {""title"": ""Rain water harvesting- mzimuni primary school"", ""from"": ""2025-11-11"", ""to"": ""2026-01-19""}, {""title"": ""8 New classrooms and 2 teachers offices-mzimuni primary school"", ""from"": ""2025-07-05"", ""to"": ""2026-01-23""}, {""title"": ""girls and boys toilet-Muungano primary chool"", ""from"": ""2025-01-15"", ""to"": ""2025-04-12""}, {""title"": ""Rain Water Harvesting- Muungano primary school"", ""from"": ""2025-04-20"", ""to"": ""2025-06-02""}, {""title"": ""School Water Sanitation and Hygiene"", ""from"": ""2025-01-28"", ""to"": ""2025-11-05""}]"
20034	Exploration Kids Organization - EKO	medium	possible	Kids	Exploration Kids Organization - EKO (added from register)	00NGO/R/7539	2024-09-30	National	Arusha	Level:	0		Arusha City	4.3	-3.391371	36.656294	https://nis.jamii.go.tz/ngo_profile/20034	True	Our vision is to empower students and ensure equal access to education for children facing socio-economic barriers	
4473	Children Talents Identification and Development Organization	medium	possible	Child	Children Talents Identification and Development Organization (added from register)	00NGO/00007924	2015-04-20	National	Arusha	Arusha	0		Kijenge	4.5	-3.3894637	36.7499399	https://nis.jamii.go.tz/ngo_profile/4473	True	Children talents identification and development organization envisions a wellbeing society where talented children realize their full development potentials	
4677	TODAY'S CHILDREN  AND YOUTH LIFE ORGANIZATION (TCYLO)	medium	possible	CHILD	TODAY'S CHILDREN  AND YOUTH LIFE ORGANIZATION (TCYLO) (added from register)	00NGO/R1/00474	2017-02-06	National	Arusha	Arusha	4	2026-06-30	Kijenge	4.5	-3.4134597	36.7369139	https://nis.jamii.go.tz/ngo_profile/4677	True	To have&nbsp; a society&nbsp; that&nbsp; children&nbsp; and youth have&nbsp; prosperous&nbsp; and sustainable high&nbsp; living&nbsp; standard.	"[{""title"": ""STRENGTHENING ENVIRONMENTS FREE FROM VIOLENCE FOR CHILDREN AND YOUNG PEOPLE IN FAMILIES, SCHOOLS"", ""from"": ""2026-04-01"", ""to"": ""2026-06-30""}, {""title"": ""STRENGTHENING ENVIRONMENTS FREE FROM VIOLENCE FOR CHILDREN AND YOUNG PEOPLE IN FAMILIES, SCHOOLS"", ""from"": ""2026-04-01"", ""to"": ""2026-06-30""}, {""title"": ""STRENGTHENING ENVIRONMENTS FREE FROM VIOLENCE FOR CHILDREN AND YOUNG PEOPLE IN FAMILIES, SCHOOLS"", ""from"": ""2026-04-01"", ""to"": ""2026-06-30""}, {""title"": ""STRENGTHENING ENVIRONMENTS FREE FROM VIOLENCE FOR CHILDREN AND YOUNG PEOPLE IN FAMILIES, SCHOOLS"", ""from"": ""2026-01-01"", ""to"": ""2026-03-31""}, {""title"": ""STRENGTHENING ENVIRONMENTS FREE FROM VIOLENCE FOR CHILDREN AND YOUNG PEOPLE IN FAMILIES, SCHOOLS"", ""from"": ""2026-01-01"", ""to"": ""2026-03-31""}, {""title"": ""STRENGTHENING ENVIRONMENTS FREE FROM VIOLENCE FOR CHILDREN AND YOUNG PEOPLE IN FAMILIES, SCHOOLS"", ""from"": ""2026-01-01"", ""to"": ""2026-03-31""}, {""title"": ""STRENGTHENING ENVIRONMENTS FREE FROM VIOLENCE FOR CHILDREN AND YOUNG PEOPLE IN FAMILIES, SCHOOLS"", ""from"": ""2025-01-02"", ""to"": ""2025-03-31""}, {""title"": ""STRENGTHENING ENVIRONMENTS FREE FROM VIOLENCE FOR CHILDREN AND YOUNG PEOPLE IN FAMILIES, SCHOOLS"", ""from"": ""2025-01-02"", ""to"": ""2025-03-31""}, {""title"": ""STRENGTHENING ENVIRONMENTS FREE FROM VIOLENCE FOR CHILDREN AND YOUNG PEOPLE IN FAMILIES, SCHOOLS"", ""from"": ""2025-01-02"", ""to"": ""2025-03-31""}, {""title"": ""STRENGTHENING ENVIRONMENTS FREE FROM VIOLENCE FOR CHILDREN AND YOUNG PEOPLE IN FAMILIES, SCHOOLS"", ""from"": ""2025-01-01"", ""to"": ""2025-12-31""}, {""title"": ""STRENGTHENING ENVIRONMENTS FREE FROM VIOLENCE FOR CHILDREN AND YOUNG PEOPLE IN FAMILIES, SCHOOLS"", ""from"": ""2025-01-01"", ""to"": ""2025-12-31""}, {""title"": ""STRENGTHENING ENVIRONMENTS FREE FROM VIOLENCE FOR CHILDREN AND YOUNG PEOPLE IN FAMILIES, SCHOOLS"", ""from"": ""2025-01-01"", ""to"": ""2025-12-31""}]"
10398	WOMEN AND CHILD VISION (WOCHIVI)	medium	possible	CHILD	WOMEN AND CHILD VISION (WOCHIVI) (added from register)	00NGO/R1/00484	2006-07-20	National	Arusha	Arusha	5	2025-12-31	Arusha City	4.5	-3.3881209	36.6412401	https://nis.jamii.go.tz/ngo_profile/10398	True	To create &nbsp;a healthy community where &nbsp;people &nbsp;do not live in fear of poverty &nbsp;and diseases &nbsp;through providing&nbsp; education &nbsp;and&nbsp; &nbsp;socio economic &nbsp;empowerment &nbsp;to &nbsp;families &nbsp;youth&nbsp; &nbsp;and &nbsp;children.To establish &nbsp;health centre &nbsp;such&nbsp; as dispensaries and hospitals &nbsp;in the community for easy provision of medical &nbsp;treatment to the &nbsp;general &nbsp;community as well as combating &nbsp;diseases.	"[{""title"": ""ALCOHOL ABUSE PREVENTION PROJECT"", ""from"": ""2025-01-01"", ""to"": ""2025-12-31""}, {""title"": ""ALCOHOL ABUSE PREVENTION PRPJECT"", ""from"": ""2024-01-01"", ""to"": ""2024-11-30""}, {""title"": ""ALCOHOL ABUSE PREVENTION"", ""from"": ""2023-01-01"", ""to"": ""2023-12-31""}, {""title"": ""Gender Based Violence Reduction"", ""from"": ""2022-01-01"", ""to"": ""2022-12-31""}, {""title"": ""Gender Based Violence Reduction"", ""from"": ""2022-01-01"", ""to"": ""2022-12-31""}, {""title"": ""Gender Based Violence Reduction"", ""from"": ""2022-01-01"", ""to"": ""2022-12-31""}, {""title"": ""Alcohol Abuse Prevention Project"", ""from"": ""2021-01-05"", ""to"": ""2021-12-17""}, {""title"": ""Alcohol Abuse Prevention Project"", ""from"": ""2021-01-05"", ""to"": ""2021-12-17""}]"
11832	HEALTH INITIATIVE FOR KIDS AND ELDERS (HIKE)	medium	possible	KIDS	HEALTH INITIATIVE FOR KIDS AND ELDERS (HIKE) (added from register)	00NG0/R/1088	2020-04-24	National	Arusha	Arusha	0		Kijenge	4.9	-3.3970664	36.6679932	https://nis.jamii.go.tz/ngo_profile/11832	True	"Community &nbsp;that access to social services is priority to all. 

 &nbsp;"	
14539	MAMA ZETU FOUNDATION	medium	possible	CHILD	MAMA ZETU FOUNDATION (added from register)	00NGO/R/3396	2022-06-15	National	Arusha	Arusha	0	2023-12-31	Kijenge	4.9	-3.4097126	36.6744903	https://nis.jamii.go.tz/ngo_profile/14539	True	WOMEN and CHILDREN&nbsp;united in co-created healthy lifestyles &nbsp;and businesses in a renewed inclusive community	"[{""title"": ""DIARY FARMING"", ""from"": ""2023-03-21"", ""to"": ""2023-12-31""}]"
17735	The Light of Change Foundation	medium	possible	child	The Light of Change Foundation (added from register)	00NGO/R/5907	2023-09-01	National	Arusha	Arusha	0		Kijenge	4.9	-3.4097126	36.6744903	https://nis.jamii.go.tz/ngo_profile/17735	True	Communities where children, youth, women, disabled people, and their caregivers are empowered to improve their own livelihood through appropriate and affordable alternatives.	
18502	LESSONS IN CONSERVATION NPC	medium	unlikely	child		00NGO/R/5955	2023-10-30	International	Arusha	Arusha	1	2025-07-26	Kijenge	4.9	-3.4097126	36.6744903	https://nis.jamii.go.tz/ngo_profile/18502	True	Transform the lives of children in rural areas in Africa by instilling a&nbsp;love and appreciation for conservation.	"[{""title"": ""Conservation education programme"", ""from"": ""2024-01-14"", ""to"": ""2025-07-26""}, {""title"": ""Conservation education programme"", ""from"": ""2024-01-14"", ""to"": ""2025-07-26""}, {""title"": ""Conservation education programme"", ""from"": ""2024-01-14"", ""to"": ""2025-07-26""}, {""title"": ""Conservation education programme"", ""from"": ""2024-01-14"", ""to"": ""2025-07-26""}, {""title"": ""Conservation education programme"", ""from"": ""2024-01-14"", ""to"": ""2025-07-26""}, {""title"": ""Conservation education programme"", ""from"": ""2024-01-14"", ""to"": ""2025-07-26""}, {""title"": ""Conservation education programme"", ""from"": ""2024-01-14"", ""to"": ""2025-07-26""}, {""title"": ""Conservation education programme"", ""from"": ""2024-01-14"", ""to"": ""2025-07-26""}, {""title"": ""Conservation education programme"", ""from"": ""2024-01-14"", ""to"": ""2025-07-26""}, {""title"": ""Conservation education programme"", ""from"": ""2024-01-14"", ""to"": ""2025-07-26""}]"
15621	Hope Bearers	medium	possible	child	Hope Bearers (added from register)	00NGO/R/5692	2023-08-09	National	Arusha	Arusha	0		Arusha City	5.0	-3.3523029	36.6164609	https://nis.jamii.go.tz/ngo_profile/15621	True	"Vision Statement  

 The vision of Hope Bearers&nbsp;is to see children, youth and women as key community change agents 

 &nbsp;"	
5229	YOUTH POWER IN SOCIAL ACTION	medium	possible	child	YOUTH POWER IN SOCIAL ACTION (added from register)	00NGO/0009080	2017-02-20	National	Arusha	Arumeru	2	2024-12-31	Usa River	5.3	-3.3709481	36.815598	https://nis.jamii.go.tz/ngo_profile/5229	True	We&nbsp; envision &nbsp;a society &nbsp;in &nbsp;which all street &nbsp;and deprived children &nbsp;are &nbsp;safe &nbsp;in &nbsp;communities; are &nbsp;treated &nbsp;with &nbsp;respect &nbsp;and dignity; &nbsp;and &nbsp;have &nbsp;equal&nbsp; &nbsp;opportunities &nbsp;to &nbsp;develop and activate their leadership abilities	"[{""title"": ""Agriculture"", ""from"": ""2024-01-01"", ""to"": ""2024-12-31""}, {""title"": ""Outreach"", ""from"": ""2023-01-16"", ""to"": ""2024-02-13""}]"
22579	Shujaa wa Upendo Initiative (SUI Tanzania)	medium	possible	child	Shujaa wa Upendo Initiative (SUI Tanzania) (added from register)	00NGO/R/9490	2025-09-14	National	Arusha	Arumeru	0		Kijenge	5.5	-3.3614354	36.7543138	https://nis.jamii.go.tz/ngo_profile/22579	True	A society where every child has knowledge, skills and opportunities to reach their full potential and then they can build a sustainable and independent future.	
25118	Green Path Foundation (Green PF)	medium	possible	child	Green Path Foundation (Green PF) (added from register)	00NGO/R/10244	2026-09-07	National	Arusha	Arumeru	0		Usa River	5.5	-3.3179774	36.8799361	https://nis.jamii.go.tz/ngo_profile/25118	True	"A society where every child enjoys their rights, has access to quality education and healthcare, and grows in a safe, nurturing, and supportive environment. 

 &nbsp;"	
4580	SAVE AFRICA TANZANIA	medium	possible	child	Save Africa Orphanage	00NGO/00005039	2011-11-14	National	Arusha	Arumeru	0		Kijenge	5.6	-3.3741191	36.7592422	https://nis.jamii.go.tz/ngo_profile/4580	True	"1. To extend&nbsp; the organization&nbsp; all over Africa&nbsp; to meet the needy children&nbsp; in rural&nbsp; Africa communities. 

 2. Opening branches&nbsp; in Africa&nbsp; to support&nbsp; the children who are living&nbsp; in harsh conditions/environment."	
5018	HOSSANA HOME CARE FOUNDATION	medium	possible	child	HOSSANA HOME CARE FOUNDATION (added from register)	00NGO/0008979	2016-12-19	National	Arusha	Arumeru	0		Kijenge	5.6	-3.3741191	36.7592422	https://nis.jamii.go.tz/ngo_profile/5018	True	To have the community where children needs,rights and dignity are esteemed	
5377	LEAD  FOR HUMAN CARE AND SHARE ORGANIZATION (LEHCSO)	medium	possible	child	LEAD  FOR HUMAN CARE AND SHARE ORGANIZATION (LEHCSO) (added from register)	00NGO/0009559	2018-03-07	National	Arusha	Arumeru	0		Kijenge	5.6	-3.3741191	36.7592422	https://nis.jamii.go.tz/ngo_profile/5377	True	Organization envisions for improved children conditions, easy to access to well- equipped knowledge and facilities which applies best practices in community for daily tasks and improved socio-economic for livelihood improvement	
11923	NEW STARS FOUNDATION	medium	possible	child	NEW STARS FOUNDATION (added from register)	00NGO/R/1687	2021-02-22	National	Arusha	Arumeru	4	2025-12-31	Kijenge	5.6	-3.3741191	36.7592422	https://nis.jamii.go.tz/ngo_profile/11923	True	Envision a community whereby children and women achieve their rights, protection and equality.	"[{""title"": ""Support kids to access education"", ""from"": ""2025-01-01"", ""to"": ""2025-12-31""}, {""title"": ""Foundation Centre improvement and renovation"", ""from"": ""2025-10-01"", ""to"": ""2025-12-31""}, {""title"": ""Women empowerment"", ""from"": ""2025-07-01"", ""to"": ""2025-09-30""}, {""title"": ""Good health and nutrition"", ""from"": ""2025-04-01"", ""to"": ""2025-06-30""}, {""title"": ""Support kids to access education"", ""from"": ""2025-01-01"", ""to"": ""2025-03-31""}, {""title"": ""New Star's Foundation Annual Activities Report"", ""from"": ""2024-01-01"", ""to"": ""2024-12-31""}, {""title"": ""Disabilities Support Program"", ""from"": ""2024-10-01"", ""to"": ""2024-12-31""}, {""title"": ""Women Empowerment Program"", ""from"": ""2024-07-01"", ""to"": ""2024-09-30""}, {""title"": ""Nutrition Program"", ""from"": ""2024-04-01"", ""to"": ""2025-06-30""}, {""title"": ""Children Support Program"", ""from"": ""2024-01-01"", ""to"": ""2024-03-31""}, {""title"": ""New Star's Foundation Annual Repot Activities"", ""from"": ""2023-01-01"", ""to"": ""2023-12-31""}, {""title"": ""Disabilities Support Program"", ""from"": ""2023-10-01"", ""to"": ""2023-12-31""}]"
24398	WAMOJA FOUNDATION	medium	possible	watoto	WAMOJA FOUNDATION (added from register)	00NGO/R/9930	2026-05-28	Regional	Arusha	Arumeru	0		Arusha City	5.6	-3.308118	36.637749	https://nis.jamii.go.tz/ngo_profile/24398	True	Dira yetu ni kuhakikisha watoto kutoka jamii za wafugaji na maeneo pembezoni wanapata fursa sawa ya kupata elimu yenye ubora na huduma &nbsp;bora za&nbsp;afya.	
20313	ELY EDUCATION VISION ORGANIZATION	medium	possible	youth and child	ELY EDUCATION VISION ORGANIZATION (added from register)	00NGO/R/7530	2024-09-30	National	Arusha	Arusha	0	2025-12-31	Arusha City	6.1	-3.4060160	36.6479535	https://nis.jamii.go.tz/ngo_profile/20313	True	To become Tanzania&#39;s premier community education organization, enabling youth and children from underprivileged homes to succeed in socioeconomic endeavors.	"[{""title"": ""Capacity Building to Primary and secondary school teachers"", ""from"": ""2025-01-01"", ""to"": ""2025-12-31""}, {""title"": ""Career Guidance in secondary schools"", ""from"": ""2025-01-01"", ""to"": ""2025-12-31""}]"
14402	Huduma ya Kijamii Tanzania (HKT)	medium	possible	watoto	Huduma ya Kijamii Tanzania (HKT) (added from register)	00NGO/R/2940	2022-02-25	National	Arusha	Arusha	0		Arusha City	6.5	-3.3918919	36.6181437	https://nis.jamii.go.tz/ngo_profile/14402	True	Kuwa na jamii yenye kupata huduma bora, afya bora, uchumi imara na kuheshimu haki za watoto.	
17231	JAMII IMARIKA FOUNDATION	medium	possible	youth and child	JAMII IMARIKA FOUNDATION (added from register)	00NGO/R/7845	2024-12-02	National	Arusha	Arusha	0		Arusha City	6.5	-3.3918919	36.6181437	https://nis.jamii.go.tz/ngo_profile/17231	True	To create the community whereby women, youth and children&nbsp; having the better future	
11875	The Kutamani Foundation	medium	possible	child	The Kutamani Foundation (added from register)	I-NGO/R/2027	2021-08-09	International	Arusha	Arumeru	3	2025-12-31	Usa River	6.7	-3.354645	36.8035269	https://nis.jamii.go.tz/ngo_profile/11875	True	A society where children access universal education	"[{""title"": ""Widows & Watoto e.V"", ""from"": ""2025-01-01"", ""to"": ""2025-12-31""}, {""title"": ""Teacher empowerment training"", ""from"": ""2023-01-01"", ""to"": ""2023-12-31""}, {""title"": ""Teacher empowerment training"", ""from"": ""2023-01-01"", ""to"": ""2023-12-31""}, {""title"": ""Teacher Outreach Program"", ""from"": ""2021-08-03"", ""to"": ""2022-12-31""}]"
14334	KIKATITI HAPPY WATOTO HOME	medium	possible	WATOTO	KIKATITI HAPPY WATOTO HOME	00NGO/R1/00736	2014-06-06	National	Arusha	Arumeru	2	2025-12-30	Usa River	6.7	-3.3918052	36.9165296	https://nis.jamii.go.tz/ngo_profile/14334	True	--To create conducive environment for children development and future opportunities.	"[{""title"": ""Annual Exams and Graduation"", ""from"": ""2024-10-01"", ""to"": ""2024-12-06""}, {""title"": ""Renovations"", ""from"": ""2024-12-01"", ""to"": ""2024-12-30""}, {""title"": ""Staff Program"", ""from"": ""2024-10-01"", ""to"": ""2024-12-30""}, {""title"": ""Children Program"", ""from"": ""2024-07-01"", ""to"": ""2024-09-30""}, {""title"": ""Staff program"", ""from"": ""2024-07-01"", ""to"": ""2024-09-30""}, {""title"": ""Children Medical Checkup"", ""from"": ""2024-07-01"", ""to"": ""2024-09-30""}, {""title"": ""Renovation and Infastructure Mantanance"", ""from"": ""2024-04-01"", ""to"": ""2024-06-30""}, {""title"": ""Farm/Garden Project"", ""from"": ""2024-04-01"", ""to"": ""2024-06-30""}, {""title"": ""Children/Pupils program"", ""from"": ""2024-04-01"", ""to"": ""2024-06-30""}, {""title"": ""Children/Pupils Project"", ""from"": ""2024-01-04"", ""to"": ""2024-03-30""}, {""title"": ""Procurement and supply"", ""from"": ""2024-01-04"", ""to"": ""2024-03-30""}, {""title"": ""Children Project"", ""from"": ""2025-01-06"", ""to"": ""2025-12-30""}]"
18246	VICTORY OF WOMEN AND CHILDREN FOUNDATION	medium	possible	CHILD	VICTORY OF WOMEN AND CHILDREN FOUNDATION (added from register)	00NGO/R/5350	2023-08-25	National	Arusha	Arumeru	0		Usa River	6.7	-3.354645	36.8035269	https://nis.jamii.go.tz/ngo_profile/18246	True	That all pregnant women gets access to safe and satisfying birth experience.	
18323	Lomayana-Saint	medium	possible	child	Lomayana-Saint (added from register)	00NGO/R/5994	2023-11-03	National	Arusha	Arumeru	2		Usa River	6.7	-3.354645	36.8035269	https://nis.jamii.go.tz/ngo_profile/18323	True	Provide quality innovative education to children, self-reliance in order eradicate poverty in Tanzania.	
18629	WINGS OF CHANGE (WOC)	medium	possible	child	WINGS OF CHANGE (WOC) (added from register)	00NGO/R/5730	2023-09-29	National	Arusha	Arumeru	0		Usa River	6.7	-3.354645	36.8035269	https://nis.jamii.go.tz/ngo_profile/18629	True	Empowering children, girls, and women to fulfil their dreams, create positive change, and build a better future for themselves and their communities.	
4611	TUMAINI CHILDREN FOUNDATION (TUCHIFO)	medium	possible	CHILD	Tumaini Children's Foundation	00NGO/00003232	2009-06-24	National	Arusha	Arumeru	2	2025-12-31	Usa River	7.0	-3.3354265	36.8077667	https://nis.jamii.go.tz/ngo_profile/4611	True	A just, caring, and inclusive organization where all children, elders, and vulnerable persons in Tanzania live in safety, dignity, and equal opportunity.	"[{""title"": ""Residential Care Program"", ""from"": ""2025-04-01"", ""to"": ""2025-04-30""}, {""title"": ""Community Outreach and Social Welfare Services"", ""from"": ""2025-01-01"", ""to"": ""2025-12-31""}, {""title"": ""Tumaini Nutrition and Health Program"", ""from"": ""2025-01-01"", ""to"": ""2025-12-31""}, {""title"": ""Education and School Support Program"", ""from"": ""2025-01-01"", ""to"": ""2025-12-31""}, {""title"": ""Family Strengthening and Reunification Program"", ""from"": ""2025-01-01"", ""to"": ""2025-12-31""}, {""title"": ""Residential Care Program"", ""from"": ""2025-01-01"", ""to"": ""2025-12-31""}, {""title"": ""Tumaini Children Home"", ""from"": ""2024-01-01"", ""to"": ""2024-12-31""}]"
18623	Wings Children Foundation (WCF)	medium	possible	Child	Wings Children Foundation (WCF) (added from register)	00NGO/R/5952	2023-10-30	National	Arusha	Arumeru	0		Usa River	7.0	-3.3354265	36.8077667	https://nis.jamii.go.tz/ngo_profile/18623	True	A community&nbsp;where every child is healthy, educated, and safe.	
18364	AFRICA ACTION FOR FUNDAMENTAL CHANGE AND DEVELOPMENT	medium	possible	child	AFRICA ACTION FOR FUNDAMENTAL CHANGE AND DEVELOPMENT (added from register)	00NGO/R/5397	2023-09-12	National	Arusha	Arusha	0	2023-12-30	Ilboru	7.1	-3.2832463	36.6807119	https://nis.jamii.go.tz/ngo_profile/18364	True	Communities where children and youths are empowered to develop their potentials and their livelihood through appropriate and affordable alternatives.	"[{""title"": ""Twaweza Tukiwezeshwa"", ""from"": ""2023-12-11"", ""to"": ""2023-12-30""}]"
360	AFRICA NDOTO ORGANIZATION	medium	possible	child	AFRICA NDOTO ORGANIZATION (added from register)	00NGO/R/0118	2019-07-17	National	Arusha	Arusha	2	2023-12-31	Arusha City	7.2	-3.314465	36.6093092	https://nis.jamii.go.tz/ngo_profile/360	True	TO envision&nbsp; a society with excellence and affordable education for children from vulnerable families	"[{""title"": ""AFRICA NDOTO ORGANISATION"", ""from"": ""2023-01-01"", ""to"": ""2023-12-31""}, {""title"": ""AFRICA NDOTO ORGANISATION"", ""from"": ""2021-03-01"", ""to"": ""2021-12-31""}, {""title"": ""AFRICA NDOTO ORGANIZATION"", ""from"": ""2022-01-01"", ""to"": ""2022-12-31""}]"
4029	KARIM CHILDREN CARE CENTRE (KCCC)	medium	possible	CHILD	Karim Children's Care Centre	01NGO/00002254	Years of Experience:	Regional	Arusha	Arusha	0		Arusha City	7.2	-3.4129261	36.6374918	https://nis.jamii.go.tz/ngo_profile/4029	True	..	
12129	WATOTO FUTURE INITIATIVES	medium	possible	WATOTO	WATOTO FUTURE INITIATIVES (added from register)	00NGO/R/1724	2021-03-19	National	Arusha	Arusha	0		Arusha City	7.2	-3.314465	36.6093092	https://nis.jamii.go.tz/ngo_profile/12129	True	Healthy children, well-educated within&nbsp;better environment.	
5185	FOUNDATION LE SOLSTICE TANZANIA	medium	possible	child	FOUNDATION LE SOLSTICE TANZANIA (added from register)	I-NGO/R1/00542	2019-11-09	International	Arusha	Arusha	6	2026-06-30	Kijenge	8.5	-3.4424539	36.7587366	https://nis.jamii.go.tz/ngo_profile/5185	True	We &nbsp;envision&nbsp; &nbsp;a&nbsp; &nbsp;society&nbsp; &nbsp;in&nbsp;&nbsp; which &nbsp;all &nbsp;children&nbsp; &nbsp;are&nbsp; &nbsp;safe&nbsp; &nbsp;in &nbsp;their &nbsp;homes, &nbsp;schools &nbsp;and communities;&nbsp; &nbsp;are &nbsp;treated &nbsp;with &nbsp;respect &nbsp;and &nbsp;dignity;&nbsp; &nbsp;and &nbsp;have &nbsp;equal &nbsp;opportunities &nbsp;to develop and activate their leadership abilities.	"[{""title"": ""Sponsorship Program"", ""from"": ""2026-04-01"", ""to"": ""2026-06-30""}, {""title"": ""Sponsorship Program"", ""from"": ""2026-01-01"", ""to"": ""2026-03-31""}, {""title"": ""School sponsorship"", ""from"": ""2025-01-01"", ""to"": ""2025-12-31""}, {""title"": ""CSO support - Mathematical Technical Workshop"", ""from"": ""2025-10-01"", ""to"": ""2025-12-31""}, {""title"": ""CSO support - Co Teaching at Nshupu Secondary School"", ""from"": ""2025-10-01"", ""to"": ""2025-12-31""}, {""title"": ""Sponsorship Program"", ""from"": ""2025-10-01"", ""to"": ""2025-12-31""}, {""title"": ""CSO support - Mathematical Technical Workshop"", ""from"": ""2025-07-01"", ""to"": ""2025-09-30""}, {""title"": ""CSO support - Co Teaching at Nshupu Secondary School"", ""from"": ""2025-07-01"", ""to"": ""2025-09-30""}, {""title"": ""Sponsorship Program"", ""from"": ""2025-07-01"", ""to"": ""2025-09-30""}, {""title"": ""CSO support - Mathematical Technical Workshop"", ""from"": ""2025-04-01"", ""to"": ""2025-06-30""}, {""title"": ""CSO support - Co Teaching at Nshupu Secondary School"", ""from"": ""2025-04-01"", ""to"": ""2025-06-30""}, {""title"": ""Sponsorship Program"", ""from"": ""2025-04-01"", ""to"": ""2025-06-30""}]"
7557	WASAIDIZI WA SHERIA SIHA	medium	unlikely	child		07NGO/08504	2016-03-24	District	Kilimanjaro	Siha	0		Boma Ngombe	8.7	-3.2876868	37.0756134	https://nis.jamii.go.tz/ngo_profile/7557	True	"A community that is gender proactive and accountable for gender responsiveness in livelihood development especially marginalized women and children of Siha District in Kilimanjaro Region through the provision of legal Aid services. 

 &nbsp; 

 &nbsp;"	
22511	MALEZI AIDS/CARE AWARENESS ORGANIZATION (MACAO)	medium	possible	MALEZI	MALEZI AIDS/CARE AWARENESS ORGANIZATION (MACAO) (added from register)	01NGO/1693	2006-09-20	Regional	Arusha	Arusha	0		Arusha City	8.9	-3.3981402	36.59481	https://nis.jamii.go.tz/ngo_profile/22511	True	MACAO envisages an empowered organization offering opportunity to the people to enjoy their life under maxmum care.	
10750	Mosses Confort Home Foundation (CHF)	medium	possible	Malezi	Mosses Confort Home Foundation (CHF)	00NGO/R/1185	2020-06-22	National	Arusha	Arumeru	6	2025-12-31	Kijenge	9.0	-3.338139	36.777262	https://nis.jamii.go.tz/ngo_profile/10750	True	Kuwa na jamii yenye mwamko wa Malezi bora na yenye watoto wanaolindwana kuwa na Maisha bora.	"[{""title"": ""Serving children in needy"", ""from"": ""2025-01-01"", ""to"": ""2025-12-31""}, {""title"": ""Serving children in needy"", ""from"": ""2025-10-01"", ""to"": ""2025-12-31""}, {""title"": ""Serving children in needy"", ""from"": ""2025-07-01"", ""to"": ""2025-09-30""}, {""title"": ""Serving children in needy"", ""from"": ""2025-04-01"", ""to"": ""2025-06-30""}, {""title"": ""Seving children in needy"", ""from"": ""2025-01-01"", ""to"": ""2025-03-31""}, {""title"": ""Serving children in needy"", ""from"": ""2024-01-01"", ""to"": ""2024-12-31""}, {""title"": ""serving children in needy"", ""from"": ""2024-10-01"", ""to"": ""2024-12-31""}, {""title"": ""serving children in needy"", ""from"": ""2024-07-01"", ""to"": ""2024-09-30""}, {""title"": ""Serving children in needy."", ""from"": ""2024-01-04"", ""to"": ""2024-07-31""}, {""title"": ""Serving children in needy."", ""from"": ""2024-01-01"", ""to"": ""2024-03-31""}, {""title"": ""Mosses Confort Home Foundation"", ""from"": ""2020-06-22"", ""to"": ""2021-03-31""}]"
10834	Masola Foundation	medium	possible	CHILD	Masola Foundation (added from register)	00NGO/R/3748	2022-09-05	National	Arusha	Arumeru	0		Kijenge	9.0	-3.338139	36.777262	https://nis.jamii.go.tz/ngo_profile/10834	True	AN EMPOWERED,HEALTHY,EDUCATED AND GENDER VIOLENCE FREE COMMUNITY FOR YOUTH,WOMEN AND CHILDREN	
11137	Bouncing Books Foundation	medium	unlikely	child		I-NGO/R/2348	2021-10-05	International	Arusha	Arumeru	3	2025-12-31	Kijenge	9.0	-3.338139	36.777262	https://nis.jamii.go.tz/ngo_profile/11137	True	Bouncing Books Foundation envisions freely accesible library services to children who have no access to such services; hence improve their learning	"[{""title"": ""Ngongongare Primary School Container Library"", ""from"": ""2025-10-01"", ""to"": ""2025-12-31""}, {""title"": ""Migandini Primary School Library"", ""from"": ""2025-10-01"", ""to"": ""2025-12-31""}, {""title"": ""Dolly Primary School Teachers House"", ""from"": ""2025-10-01"", ""to"": ""2025-12-31""}, {""title"": ""Kwaugoro Primary School Library"", ""from"": ""2024-09-01"", ""to"": ""2025-12-31""}, {""title"": ""Dolly Primary School Library"", ""from"": ""2024-09-01"", ""to"": ""2025-12-31""}, {""title"": ""Ngongongare Primary School Library"", ""from"": ""2025-10-01"", ""to"": ""2025-12-31""}, {""title"": ""Migandini Primary School Library"", ""from"": ""2025-10-01"", ""to"": ""2025-12-31""}, {""title"": ""Dolly Primary School Teachers House"", ""from"": ""2025-10-01"", ""to"": ""2025-12-31""}, {""title"": ""Kwaugoro Primary School Library"", ""from"": ""2024-09-01"", ""to"": ""2025-12-31""}, {""title"": ""Dolly Primary School Library"", ""from"": ""2024-09-01"", ""to"": ""2025-12-31""}, {""title"": ""Kwaugoro Primary School Library"", ""from"": ""2024-09-01"", ""to"": ""2025-09-30""}, {""title"": ""Dolly Primary School Library"", ""from"": ""2024-10-01"", ""to"": ""2025-09-30""}]"
13422	GENTECH FOUNDATION	medium	possible	kids	GENTECH FOUNDATION (added from register)	00NGO/R1/00775	2021-12-06	National	Arusha	Arumeru	0		Usa River	9.2	-3.3331407	36.7866134	https://nis.jamii.go.tz/ngo_profile/13422	True	&nbsp;The Community where marginalized kids and youths are&nbsp;empowered with technological tools and positive knowlwdge	
18035	KUJALI FOUNDATION TANZANIA (KFT)	medium	possible	child	KUJALI FOUNDATION TANZANIA (KFT) (added from register)	00NGO/R/5897	2023-08-23	National	Arusha	Arumeru	0		Usa River	9.2	-3.3873642	36.9429517	https://nis.jamii.go.tz/ngo_profile/18035	True	To have a Developed community where children, youth are empowered to achieve the most optimal standard of living.	
5772	Volcano Development of Children's (VODEC)	medium	possible	Child	Volcano Development of Children's (VODEC) (added from register)	01NGO/R1/00606	2012-03-13	District	Arusha	Arusha	0		Arusha City	10.3	-3.3860685	36.5743733	https://nis.jamii.go.tz/ngo_profile/5772	True	To have a standard of living and educated society this is capable of facing challenges and solving their problems.	
13710	TABASAMU AFRICA ORGANIZATION	medium	possible	child	TABASAMU AFRICA ORGANIZATION (added from register)	00NGO/R/2587	2021-11-19	National	Arusha	Arumeru	0		Usa River	10.3	-3.4565305	36.8534432	https://nis.jamii.go.tz/ngo_profile/13710	True	"To have&nbsp; a society with improved social and economic wellbeing of children, youth and their families. 

 &nbsp;"	
18458	TARAMA WOMEN FOUNDATION	medium	possible	child	TARAMA WOMEN FOUNDATION (added from register)	00NGO/R/5631	2023-11-20	National	Arusha	Arumeru	0		Usa River	10.3	-3.4565305	36.8534432	https://nis.jamii.go.tz/ngo_profile/18458	True	"Our vision is a world where women and children are empowered, resilient, and equipped to face the impacts of climate change. 

 &nbsp; 

 &nbsp; 

 &nbsp; 

 &nbsp; 

 &nbsp; 

 &nbsp; 

 &nbsp; 

 &nbsp; 

 &nbsp; 

 &nbsp;"	
445	ACTION FOR COMMUNITY ENVIRONMENT AFRICA (ACE AFRICA)	medium	unlikely	Child		I-NGO/R1/00915	2019-08-27	International	Arusha	Arusha	2	2023-06-30	Arusha City	11.1	-3.2742992	36.6001866	https://nis.jamii.go.tz/ngo_profile/445	True	Children and communities who are empowered, healthy and self-sufficient.	"[{""title"": ""Dental Health Awareness and Hygiene"", ""from"": ""2022-07-01"", ""to"": ""2023-06-30""}, {""title"": ""Dental Health Awareness and Hygiene"", ""from"": ""2022-07-01"", ""to"": ""2023-06-30""}]"
5271	STABLE LIFE FOR TANZANIA KIDS FOUNDATION	medium	possible	KIDS	STABLE LIFE FOR TANZANIA KIDS FOUNDATION (added from register)	00NGO/0009218	2017-05-16	National	Arusha	Arusha	1	2024-12-31	Arusha City	11.1	-3.2742992	36.6001866	https://nis.jamii.go.tz/ngo_profile/5271	True	Tanzania which every child lives peacefully, cared, educated, protected and respected by one another, regardless of social or economic status, hence grow to become self-supported adults	"[{""title"": ""school fee"", ""from"": ""2024-01-01"", ""to"": ""2024-12-31""}, {""title"": ""Provide food"", ""from"": ""2024-01-01"", ""to"": ""2024-12-31""}]"
12946	EJUNG'O CHILD AND YOUTH FOUNDATION	medium	possible	CHILD	EJUNG'O CHILD AND YOUTH FOUNDATION (added from register)	00NGO/R/2073	2021-08-10	National	Arusha	Arusha	0		Arusha City	11.1	-3.2626649	36.6180325	https://nis.jamii.go.tz/ngo_profile/12946	True	Children and Youth are holistically developed and ultimately become responsible and fulfilled good citizen adults.&nbsp;	
17791	ASHE FOUNDATION	medium	possible	child	ASHE FOUNDATION (added from register)	00NGO/R/5938	2023-10-23	National	Arusha	Arusha	0		Arusha City	11.1	-3.2626649	36.6180325	https://nis.jamii.go.tz/ngo_profile/17791	True	Envisage a Community whereby children boys and girls enjoy their basic human rights	
7623	Kao La Amani	medium	possible	child	Kao La Amani Children's Village	00NGO/00005721	2012-07-26	National	Kilimanjaro	Hai	0		Boma Ngombe	11.3	-3.249433	37.1941477	https://nis.jamii.go.tz/ngo_profile/7623	True	Is to bring hope and joy to the children who are living in a terrible situation.	
5009	EMBUAN CHILDREN AND YOUTH FOUNDATION (ECYF)	medium	possible	CHILD	EMBUAN CHILDREN AND YOUTH FOUNDATION (ECYF) (added from register)	00NGO/009137	2017-04-12	National	Arusha	Arusha	0		Kijenge	11.5	-3.4844169	36.6852175	https://nis.jamii.go.tz/ngo_profile/5009	True	To&nbsp; have a society that children and youth through effective and efficient use of resources, entrepreneurship skills and capacity building	
18619	KINGDOM CHILDCARE ORGANIZATION	medium	possible	CHILD	KINGDOM CHILDCARE ORGANIZATION (added from register)	00NGO/R/5923	2023-10-23	National	Kilimanjaro	Hai	0		Boma Ngombe	13.6	-3.4483698	37.0945283	https://nis.jamii.go.tz/ngo_profile/18619	True	Kingdom Childcare Organization (KCO) aims to promote, support and inform childcare process with regards to Kilimanjaro region at a community and national level.&nbsp;	
4088	DEAFBLIND ASSISTANCE SERVICES (DBAS)	medium	possible	DEAF	DEAFBLIND ASSISTANCE SERVICES (DBAS) (added from register)	00NGO/00006097	2013-02-07	National	Arusha	Arumeru	0		Boma Ngombe	13.9	-3.3769343	37.020315	https://nis.jamii.go.tz/ngo_profile/4088	True	To be the core of special needs education worldwide by 2025.	
15920	MESHACK ERETO FOUNDATION	medium	possible	child	MESHACK ERETO FOUNDATION (added from register)	00NGO/R/3792	2022-09-20	National	Arusha	Arusha	0		Arusha City	14.4	-3.22868	36.6259	https://nis.jamii.go.tz/ngo_profile/15920	True	It is to be the best and unique institution in helping children living in difficult environments in different parts of our country	
13599	YOUNG MINDS EDUCATION ORGANIZATION	medium	possible	child	YOUNG MINDS EDUCATION ORGANIZATION (added from register)	00NGO/R/2507	2021-11-01	National	Arusha	Arusha	0		Kijenge	15.0	-3.4909366	36.6283518	https://nis.jamii.go.tz/ngo_profile/13599	True	A Community which young children are inspired, equipped and empowered to improve their own livelihood through appropriate and affordable alternatives.	
17981	KUZA KIPAJI ORGANIZATION	medium	possible	Child	KUZA KIPAJI ORGANIZATION (added from register)	00NGO/R/9373	2025-09-02	National	Arusha	Arusha	0		Kijenge	15.0	-3.4909366	36.6283518	https://nis.jamii.go.tz/ngo_profile/17981	True	Children, Youth&nbsp; and Parents&nbsp;&nbsp;succeed with &nbsp;their Talents. &nbsp;	
18335	Kujengana Network	medium	possible	child	Kujengana Network (added from register)	00NGO/R/5327	2023-11-10	National	Arusha	Arusha	0		Kijenge	15.0	-3.4909366	36.6283518	https://nis.jamii.go.tz/ngo_profile/18335	True	Each child is supported to reach their highest potential	
766	POOR UNEDUCATED CHILDREN AND WIDOW	medium	unlikely	CHILD		07NGO/R2/000449	2019-08-22	District	Kilimanjaro	Siha	0		Boma Ngombe	15.6	-3.1945887	37.1249882	https://nis.jamii.go.tz/ngo_profile/766	True	AN EDUCATED AND DEVELOPED COMMUNITY FOR GENERATIONS	
4455	AFROPLAN FOUNDATION (APF)	medium	possible	child	Afroplan Foundation	00NGO/00007804	2015-02-18	National	Arusha	Arumeru	0		Usa River	15.7	-3.2839875	36.9795488	https://nis.jamii.go.tz/ngo_profile/4455	True	To free children from poverty, higher, lack of education and poor health servicesa for their bright future.	
22321	Milelo Tanzania Organization	medium	possible	child	Milelo Tanzania Organization (added from register)	00NGO/R/9280	2025-07-17	National	Arusha	Arusha	0		Kijenge	15.8	-3.494570	36.798450	https://nis.jamii.go.tz/ngo_profile/22321	True	To create an inclusive and empowered Tanzanian society where every child and youth has access to quality, equitable, and transformative education that unlocks their potential.	
21882	ESAM Foundation for Change	medium	possible	child	ESAM Foundation for Change (added from register)	00NGO/R/8505	2025-09-22	National	Arusha	Level:	0		Kijenge	16.1	-3.51667	36.7667	https://nis.jamii.go.tz/ngo_profile/21882	True	We envision a Tanzanian community where every&nbsp;child and young person break the cycle of poverty, build a self-sufficient and empowered future.	
14464	Huduma ya Fahari Kubwa Foundation	medium	possible	disabilit	Huduma ya Fahari Kubwa Foundation (added from register)	00NGO/R/2989	2022-03-18	National	Arusha	Arumeru	0	2023-04-14	Usa River	18.0	-3.256391	36.9840456	https://nis.jamii.go.tz/ngo_profile/14464	True	The foundation&#39;s vision is to support the government in establishing a community where people with disabilities and without disabilities live and develop together.	"[{""title"": ""Education for youths with disabilities"", ""from"": ""2023-03-18"", ""to"": ""2023-04-14""}, {""title"": ""Education for disabled"", ""from"": ""2023-01-01"", ""to"": ""2023-03-31""}, {""title"": ""Education for disabled"", ""from"": ""2022-10-01"", ""to"": ""2022-12-31""}, {""title"": ""Education"", ""from"": ""2022-07-01"", ""to"": ""2022-09-30""}, {""title"": ""Education for people with disabilities"", ""from"": ""2022-04-01"", ""to"": ""2022-06-30""}]"
16173	Son and Oscar Foundation	medium	possible	child	Son and Oscar Foundation (added from register)	00NGO/R/4001	2022-11-15	National	Arusha	Arumeru	3	2025-12-31	Usa River	18.0	-3.256391	36.9840456	https://nis.jamii.go.tz/ngo_profile/16173	True	Envision a Community with better welfare for every child	"[{""title"": ""HIGH QUALITY ENGLISH COURSE"", ""from"": ""2023-03-01"", ""to"": ""2025-12-31""}, {""title"": ""LUNCH SERVICE PROGRAM"", ""from"": ""2025-01-09"", ""to"": ""2025-12-31""}, {""title"": ""HIGH QUALITY ENGLISH COURSE"", ""from"": ""2025-10-01"", ""to"": ""2025-12-31""}, {""title"": ""LUNCH SERVICE PROJECT"", ""from"": ""2025-10-01"", ""to"": ""2025-12-31""}, {""title"": ""HIGH QUALITY ENGLISH COURSE PROJECT"", ""from"": ""2025-07-01"", ""to"": ""2025-09-30""}, {""title"": ""LUNCH SERVICE"", ""from"": ""2025-07-01"", ""to"": ""2025-09-30""}, {""title"": ""LUNCH SERVICE"", ""from"": ""2025-07-01"", ""to"": ""2025-09-30""}, {""title"": ""HIGH QUALITY ENGLISH COURSE"", ""from"": ""2025-04-01"", ""to"": ""2025-06-30""}, {""title"": ""LUNCH SERVICE PROGRAM"", ""from"": ""2025-04-01"", ""to"": ""2025-06-30""}, {""title"": ""HIGH QUALITY ENGLISH COURSE"", ""from"": ""2025-01-09"", ""to"": ""2025-03-31""}, {""title"": ""LUNCH SERVICE PROGRAM"", ""from"": ""2025-01-09"", ""to"": ""2025-03-31""}, {""title"": ""FAMILY VISITING PROGRAM"", ""from"": ""2024-01-09"", ""to"": ""2024-12-06""}]"
18427	YOUNG AND SINGLE MOTHERS DISABILITY ORGANIZATION-YOSIMODO	medium	possible	DISABILIT	YOUNG AND SINGLE MOTHERS DISABILITY ORGANIZATION-YOSIMODO (added from register)	00NGO/R/5153	2024-01-29	National	Arusha	Arusha	0		Arusha City	18.5	-3.24038165	36.538096949999996	https://nis.jamii.go.tz/ngo_profile/18427	True	Tanzania Community where  Young and Single Mothers with disability  enjoy their rights through evidence based interventions.	
17991	ST. SIMON TOMORROW RETURN OF HOPE FOUNDATION	medium	possible	child	ST. SIMON TOMORROW RETURN OF HOPE FOUNDATION (added from register)	00NGO/R/5852	2023-08-18	National	Arusha	Arumeru	0		Usa River	18.7	-3.5130284	36.9423463	https://nis.jamii.go.tz/ngo_profile/17991	True	Organization envisions a society where every child, regardless of their background, has access to education, talent development and basic needs.&nbsp;	
7356	KAHE HOME FOR MENTAL RETARTED CHILDREN	medium	possible	CHILD	KAHE HOME FOR MENTAL RETARTED CHILDREN	00NGO/00005711	2012-07-19	National	Kilimanjaro	Moshi	5	2025-11-02	Boma Ngombe	19.0	-3.3544766	37.308589	https://nis.jamii.go.tz/ngo_profile/7356	True	&quot; Intellectually Hand Capped Children in Tanzania are identified and provide &nbsp;with basic needs such as health care basic and vocational education, food, &nbsp;shelter, safe and clean water on a sustainable basis to enable them to live a normal life&quot;	"[{""title"": ""Vocational Skills Workshop: Tailoring & Embroidery"", ""from"": ""2025-04-02"", ""to"": ""2025-11-02""}, {""title"": ""Poultry project"", ""from"": ""2024-11-24"", ""to"": ""2025-01-16""}, {""title"": ""FARAJA GARDEN"", ""from"": ""2022-02-15"", ""to"": ""2023-03-01""}]"
16063	GRACIOUS GIVERS FAMILY	medium	possible	child	GRACIOUS GIVERS FAMILY (added from register)	00NGO/R/4091	2022-11-24	National	Arusha	Arusha	0		Kijenge	19.4	-3.5413007	36.7844683	https://nis.jamii.go.tz/ngo_profile/16063	True	to build up the bridge of success among children, youths and women living in vulnerable communities.	
16346	UNITED WE CHANGE LIVES	medium	possible	child	UNITED WE CHANGE LIVES (added from register)	00NGO/R/4419	2023-03-01	National	Arusha	Arusha	3	2025-12-31	Kijenge	19.4	-3.5413007	36.7844683	https://nis.jamii.go.tz/ngo_profile/16346	True	To create a connected world with welfare for every women, childern and prisoners	"[{""title"": ""Nurturing Children"", ""from"": ""2025-01-01"", ""to"": ""2025-12-31""}, {""title"": ""Youth Ambassadors Programme"", ""from"": ""2025-01-01"", ""to"": ""2025-12-31""}, {""title"": ""End Period Poverty"", ""from"": ""2025-01-01"", ""to"": ""2025-12-31""}, {""title"": ""End Period Poverty"", ""from"": ""2025-01-01"", ""to"": ""2025-12-31""}, {""title"": ""End Period Poverty"", ""from"": ""2025-01-01"", ""to"": ""2025-12-31""}, {""title"": ""End Period Poverty"", ""from"": ""2025-01-01"", ""to"": ""2025-12-31""}, {""title"": ""Youth Ambassadors Programme"", ""from"": ""2025-04-08"", ""to"": ""2025-04-08""}, {""title"": ""NGO Whisperer Global Fellows Programme"", ""from"": ""2024-06-01"", ""to"": ""2024-12-31""}, {""title"": ""Gender Equality"", ""from"": ""2024-12-11"", ""to"": ""2024-12-11""}, {""title"": ""End Period Poverty-Pilot"", ""from"": ""2024-01-01"", ""to"": ""2024-12-31""}, {""title"": ""United We Change Lives Youth Ambassadors"", ""from"": ""2024-04-01"", ""to"": ""2024-05-31""}, {""title"": ""Inception year"", ""from"": ""2023-04-01"", ""to"": ""2023-12-31""}]"
13312	Child & Youth Development Center - DLBC	medium	possible	Child	Child & Youth Development Center - DLBC (added from register)	07NGO/R/3720	2022-08-18	National	Kilimanjaro	Moshi	0	2023-04-29	Boma Ngombe	20.4	-3.3529124	37.3207288	https://nis.jamii.go.tz/ngo_profile/13312	True	Youth and Children who are economically empowered , good morals,&nbsp;&nbsp;responsible and better living standards.	"[{""title"": ""Program Day"", ""from"": ""2023-04-14"", ""to"": ""2023-04-29""}, {""title"": ""Provision of food for Victims of HIV"", ""from"": ""2023-04-01"", ""to"": ""2023-04-22""}, {""title"": ""Providing financial support for treatment."", ""from"": ""2023-04-01"", ""to"": ""2023-04-22""}, {""title"": ""Payment of school fees and school contributions."", ""from"": ""2023-04-01"", ""to"": ""2023-04-21""}]"
233	DISABILITY REPRO - LIGHT ORGANIZATION	medium	possible	DISABILIT	DISABILITY REPRO - LIGHT ORGANIZATION	00NGO/R/0372	2019-08-06	National	Arusha	Arumeru	2	2023-05-31	Usa River	21.0	-3.5451778	36.9185745	https://nis.jamii.go.tz/ngo_profile/233	True	To envision a society where adolescents youth and women with disabilities enjoy their social and reproductive rights.	"[{""title"": ""AMKA Project"", ""from"": ""2022-04-01"", ""to"": ""2023-05-31""}, {""title"": ""Repro HERI Project"", ""from"": ""2019-11-01"", ""to"": ""2020-10-31""}, {""title"": ""Repro HERI Project"", ""from"": ""2019-11-01"", ""to"": ""2020-10-31""}, {""title"": ""Repro HERI Project"", ""from"": ""2019-11-01"", ""to"": ""2020-10-31""}]"
12434	Widows & Watoto e.V	medium	unlikely	Watoto		I-NGO/R/1875	2021-05-17	International	Arusha	Arumeru	4	2024-12-31	Usa River	21.0	-3.5451778	36.9185745	https://nis.jamii.go.tz/ngo_profile/12434	True	"A society where single mothers are healthy, financially secured and their children access education 

 &nbsp; 

 &nbsp;"	"[{""title"": ""Widows and watoto social support"", ""from"": ""2024-01-01"", ""to"": ""2024-12-31""}, {""title"": ""Widows & Watoto Social Support"", ""from"": ""2023-01-02"", ""to"": ""2023-12-31""}, {""title"": ""Widows & Watoto Social Support"", ""from"": ""2023-01-02"", ""to"": ""2023-12-31""}, {""title"": ""Widows & Watoto Social Support"", ""from"": ""2023-01-02"", ""to"": ""2023-12-31""}, {""title"": ""Widows & Watoto Social Support"", ""from"": ""2023-01-02"", ""to"": ""2023-12-31""}, {""title"": ""Widows & Watoto Social Support"", ""from"": ""2023-01-02"", ""to"": ""2023-12-31""}, {""title"": ""Widows & Watoto Social Support"", ""from"": ""2023-01-02"", ""to"": ""2023-12-31""}, {""title"": ""Widows and Watoto social support"", ""from"": ""2021-12-01"", ""to"": ""2022-04-28""}, {""title"": ""Widows and Watoto social support"", ""from"": ""2021-12-01"", ""to"": ""2022-04-28""}]"
15689	RESTORE HOPE FOR YOUTH	medium	possible	child	RESTORE HOPE FOR YOUTH (added from register)	00NGO/R/3899	2022-10-18	National	Arusha	Arumeru	3	2025-07-13	Usa River	21.0	-3.5451778	36.9185745	https://nis.jamii.go.tz/ngo_profile/15689	True	Communities where childern and their caregivers are empowered with an&nbsp;&nbsp;improved &nbsp;livelihood	"[{""title"": ""Tuongee na Watoto"", ""from"": ""2025-07-13"", ""to"": ""2025-07-13""}, {""title"": ""Tuwasomeshe Project"", ""from"": ""2025-01-06"", ""to"": ""2025-01-06""}, {""title"": ""Entreprenuirship Project"", ""from"": ""2025-03-10"", ""to"": ""2025-05-01""}, {""title"": ""Women Bites Project"", ""from"": ""2025-01-21"", ""to"": ""2025-06-23""}, {""title"": ""Mazingira Project"", ""from"": ""2024-03-06"", ""to"": ""2024-04-24""}, {""title"": ""Education Helping Hand"", ""from"": ""2023-02-05"", ""to"": ""2024-03-03""}, {""title"": ""Healthy lifestyle advocate"", ""from"": ""2023-04-03"", ""to"": ""2024-03-06""}, {""title"": ""Entrepreneurship Empowerment"", ""from"": ""2023-03-08"", ""to"": ""2024-03-10""}]"
1214	kipepeo family foudation	medium	possible	CHILD	kipepeo family foudation (added from register)	00NGO/R/0329	2019-08-03	National	Kilimanjaro	Moshi	4	2025-12-31	Boma Ngombe	21.2	-3.33237845	37.32917923346371	https://nis.jamii.go.tz/ngo_profile/1214	True	SOCIETY THAT CARE AND PROTECT ALL CHILDREN REGERDING OF THEIR STATUS	"[{""title"": ""empowerment"", ""from"": ""2024-09-01"", ""to"": ""2025-12-31""}, {""title"": ""family empowerment"", ""from"": ""2024-01-01"", ""to"": ""2024-12-17""}, {""title"": ""kipepeo"", ""from"": ""2024-04-08"", ""to"": ""2024-04-08""}]"
13564	Marangu Anza Pamoja Organization	medium	possible	child	Marangu Anza Pamoja Organization (added from register)	00NGO/R/2448	2021-10-22	National	Kilimanjaro	Moshi	0	2024-06-21	Boma Ngombe	21.2	-3.33237845	37.32917923346371	https://nis.jamii.go.tz/ngo_profile/13564	True	Envision community whereby all children and youth regardless of their background have equal opportunities	"[{""title"": ""Anza pamoja"", ""from"": ""2024-04-01"", ""to"": ""2024-06-21""}, {""title"": ""Anza pamoja"", ""from"": ""2024-01-03"", ""to"": ""2024-03-30""}]"
4748	Matonyok Children Home	medium	possible	Child	Matonyok Children's Home	00NGO/R2/000289	2019-08-05	National	Arusha	Arusha	1	2024-12-16	Arusha City	21.5	-3.3190633	36.4709752	https://nis.jamii.go.tz/ngo_profile/4748	True	Every child should enjoy life despite of his/her vulnerability	"[{""title"": ""School materials provide"", ""from"": ""2024-01-04"", ""to"": ""2024-12-16""}]"
18505	Green Future and Community Development Tanzania Organization.	medium	possible	child	Green Future and Community Development Tanzania Organization. (added from register)	00NGO/R/5917	2023-10-23	National	Arusha	Monduli	0		Arusha City	21.7	-3.4570382	36.4955327	https://nis.jamii.go.tz/ngo_profile/18505	True	To see better educational development of women and children in facilitating their access to essential social services, economic empowerment and climate change resilience and culture	
21394	NEEMAH WINGS FOUNDATION	medium	possible	child	NEEMAH WINGS FOUNDATION (added from register)	00NGO/R/7989	2025-02-07	National	Arusha	Arumeru	0		Arusha City	21.8	-3.3635178	36.4650167	https://nis.jamii.go.tz/ngo_profile/21394	True	Empowered women and children through education and resources for a brighter future.	
19551	LIPO TUMAINI ORGANIZATION (LTO)	medium	possible	child	LIPO TUMAINI ORGANIZATION (LTO) (added from register)	00NGO/R/7072	2024-07-25	National	Manyara	Simanjiro	0		Boma Ngombe	22.1	-3.372520	37.333450	https://nis.jamii.go.tz/ngo_profile/19551	True	To be a leading Organization in the country in providing material to the disadvantaged children and elders among the indigenous communities in Tanzania.	
4508	USA-RIVER CHILDREN CENTRE	medium	possible	CHILD	USA-RIVER CHILDREN CENTRE (added from register)	00NGO/R1/00309	2005-12-20	National	Arusha	Arusha	0		Ilboru	22.3	-3.1459858	36.6933213	https://nis.jamii.go.tz/ngo_profile/4508	True	To have Tanzanian Society free from poverty, respect and digity as well as good lively hood citizen	
5017	ARUSHA WOMEN LEGAL AID  AND HUMAN RIGHTS ORGANIZATION (AWLAHURIO)	medium	unlikely	child		00NGO/R1/00818	2014-11-26	National	Arusha	Arusha	4	2025-12-31	Kijenge	22.3	-3.579539	36.6676334	https://nis.jamii.go.tz/ngo_profile/5017	True	A just society that respects women, children&rsquo;s and &nbsp;vulnerable rights.	"[{""title"": ""Legal Aid"", ""from"": ""2025-01-01"", ""to"": ""2025-12-31""}, {""title"": ""Legal Aid services; Legal and Human Rights education, Voters Education, gender equaity"", ""from"": ""2024-01-01"", ""to"": ""2024-12-31""}, {""title"": ""Legal Aid Services"", ""from"": ""2023-01-02"", ""to"": ""2023-12-29""}]"
16834	JAMII JASIRI	medium	possible	child	JAMII JASIRI (added from register)	00NGO/R/4495	2023-03-03	National	Arusha	Arusha	0	2023-06-30	Kijenge	22.3	-3.579539	36.6676334	https://nis.jamii.go.tz/ngo_profile/16834	True	We envision a community where lives of the Women, children, elderly people and disabled peopleare improved by implementing sustainable programs now and for future generations	"[{""title"": ""Empowerment Center"", ""from"": ""2023-04-01"", ""to"": ""2023-06-30""}]"
21046	PASSIONATE KIDS CONNECT	medium	possible	KIDS	PASSIONATE KIDS CONNECT (added from register)	00NGO/R/9100	2025-06-12	National	Kilimanjaro	Moshi	0		Boma Ngombe	22.4	-3.334883	37.340382	https://nis.jamii.go.tz/ngo_profile/21046	True	Creating a generation of self-sufficient and innovative young Leaders.	
21148	Faraja Forward Tanzania.	medium	possible	child	Faraja Forward Tanzania.	00NGO/R/7846	2024-12-02	National	Kilimanjaro	Moshi	0	2025-03-31	Boma Ngombe	22.4	-3.334883	37.340382	https://nis.jamii.go.tz/ngo_profile/21148	True	"&nbsp; 

 A society that Value, Respect and embrace the Development of children and people with disabilities. 

 &nbsp;"	"[{""title"": ""Faraja Mobile Health care Program"", ""from"": ""2025-01-05"", ""to"": ""2025-03-31""}]"
22508	RELIGHT WINGS FOUNDATION	medium	possible	child	RELIGHT WINGS FOUNDATION (added from register)	00NGO/R/9116	2025-06-12	National	Kilimanjaro	Moshi	1	2026-04-12	Boma Ngombe	22.4	-3.334883	37.340382	https://nis.jamii.go.tz/ngo_profile/22508	True	"&lsquo;Envision community where all children and women regardless of their circumstantial have equal opportunities. 

 &nbsp;"	"[{""title"": ""TEEN MOMS EMPOWERNMENT PROJECT"", ""from"": ""2025-06-12"", ""to"": ""2026-04-12""}]"
7282	ELECTIVE DEVELOPMENT VOLUNTEERS ORGANIZATION	medium	possible	child	ELECTIVE DEVELOPMENT VOLUNTEERS ORGANIZATION (added from register)	00NGO/R1/00207	2018-12-20	National	Kilimanjaro	Moshi	0	2023-05-01	Boma Ngombe	22.7	-3.3260736	37.3422766	https://nis.jamii.go.tz/ngo_profile/7282	True	We envision a community where children&#39;s affairs, education facilities and health services are improved	"[{""title"": ""kuwajengea uwezo vijana"", ""from"": ""2021-07-01"", ""to"": ""2023-05-01""}, {""title"": ""family history book"", ""from"": ""2022-11-01"", ""to"": ""2020-06-28""}]"
7441	ALBINOS' ENTREPRENEURSHIP EDUCATION AND HEALTH FOUNDATION (AEEHF)	medium	unlikely	ALBIN		00NGO/0008728	2016-08-16	National	Kilimanjaro	Moshi	0		Boma Ngombe	22.7	-3.3260736	37.3422766	https://nis.jamii.go.tz/ngo_profile/7441	True	Kuwa na jamii ya &nbsp;watu &nbsp;wenye Albinism &nbsp;iliyopiga hatua katika afya, elimu &nbsp;na maendeleo ya kiuchumi na isiyo tegemezi.	
16478	KILIMANJARO SMILEY FOUNDATION	medium	possible	child	KILIMANJARO SMILEY FOUNDATION (added from register)	00NGO/R/4261	2023-01-16	National	Kilimanjaro	Moshi	2	2025-03-31	Boma Ngombe	22.7	-3.3260736	37.3422766	https://nis.jamii.go.tz/ngo_profile/16478	True	We envision a community whereby all children, youth and women regardless of their background have equal opportunities.	"[{""title"": ""NIL"", ""from"": ""2025-01-01"", ""to"": ""2025-03-31""}, {""title"": ""nil"", ""from"": ""2024-01-01"", ""to"": ""2024-12-31""}, {""title"": ""N/A"", ""from"": ""2023-01-01"", ""to"": ""2023-12-31""}]"
6915	NAFGEM Tanzania	medium	possible	youth and child	NAFGEM Tanzania (added from register)	1386	2010-12-23	National	Kilimanjaro	Moshi	3	2025-12-31	Boma Ngombe	22.8	-3.3709577	37.3405499	https://nis.jamii.go.tz/ngo_profile/6915	True	A society which values and protects human rights of women, youth and children	"[{""title"": ""Elimination of FGM, child marriage and other types of GBV in Manyara and Kilimanjaro regions"", ""from"": ""2025-01-01"", ""to"": ""2025-12-31""}]"
6941	Alliance on Traditional Practices and Women Empowerment (ATPWE)	medium	possible	child	Alliance on Traditional Practices and Women Empowerment (ATPWE) (added from register)	00NGO/R1/00953	2014-07-02	National	Kilimanjaro	Moshi	0		Boma Ngombe	22.8	-3.3709577	37.3405499	https://nis.jamii.go.tz/ngo_profile/6941	True	Have a society where women and children are empowered and free from violence and harmful traditional practices	
7402	SECOND CHANCE EDUCATION CENTRE	medium	possible	child	SECOND CHANCE EDUCATION CENTRE	07NGO/0625	2015-02-07	District	Kilimanjaro	Moshi	1	2028-12-08	Boma Ngombe	22.8	-3.3709577	37.3405499	https://nis.jamii.go.tz/ngo_profile/7402	True	"Our Vision is to align opportunities through access to a fair chance in education to children and business to the youth that have special needs or situations. We will meet this vision by equipping the targeted participants with the knowledge or skills that will allow them to transition from poverty to access a fair chance towards empowerment and self sustainment. 

 &nbsp;"	"[{""title"": ""SECOND CHANCE OUTREACH PROGRAMME"", ""from"": ""2025-01-06"", ""to"": ""2025-03-31""}, {""title"": ""YOUNG WOMEN'S TAILORING PROJECT"", ""from"": ""2025-01-07"", ""to"": ""2025-04-30""}, {""title"": ""Second Chance Education Outreach"", ""from"": ""2024-01-01"", ""to"": ""2024-12-31""}, {""title"": ""YOUNG WOMEN TAILORING PROJECT"", ""from"": ""2024-01-01"", ""to"": ""2024-12-31""}, {""title"": ""FIRST CHANCE DAYCARE"", ""from"": ""2024-01-02"", ""to"": ""2024-12-31""}, {""title"": ""YOUNG WOMEN TAILORING PROJECT"", ""from"": ""2023-04-01"", ""to"": ""2023-06-30""}, {""title"": ""YOUNG WOMEN TAILORING PROJECT"", ""from"": ""2023-04-01"", ""to"": ""2023-06-30""}, {""title"": ""YOUNG WOMEN TAILORING PROJECT"", ""from"": ""2023-01-02"", ""to"": ""2023-03-31""}, {""title"": ""YOUNG WOMEN TAILORING PROJECT"", ""from"": ""2022-01-10"", ""to"": ""2028-12-08""}, {""title"": ""YOUNG WOMEN TAILORING PROJECT"", ""from"": ""2022-01-10"", ""to"": ""2028-12-08""}, {""title"": ""YOUNG WOMEN TAILORING PROJECT"", ""from"": ""2022-01-10"", ""to"": ""2028-12-08""}, {""title"": ""YOUNG WOMEN TAILORING PROJECT"", ""from"": ""2022-01-10"", ""to"": ""2028-12-08""}]"
17582	KABILA MOJA IMPACT	medium	possible	child	KABILA MOJA IMPACT (added from register)	00NGO/R/5058	2023-08-01	National	Kilimanjaro	Moshi	0		Boma Ngombe	22.8	-3.3489229	37.3427344	https://nis.jamii.go.tz/ngo_profile/17582	True	Envision community whereby all children youth and women regardless of their background have equal opportunities	
18516	HALEVAFRICA	medium	possible	child	HALEVAFRICA (added from register)	00NGO/R/5753	2023-09-29	National	Kilimanjaro	Moshi	1	2024-12-31	Boma Ngombe	22.8	-3.3489229	37.3427344	https://nis.jamii.go.tz/ngo_profile/18516	True	Envision community whereby all children &nbsp;regardless of their background have equal opportunities	"[{""title"": ""Education Support for Disadvantage children"", ""from"": ""2024-01-01"", ""to"": ""2024-12-31""}]"
23366	EMPATHY FOUNDATION  TANZANIA	medium	possible	child	EMPATHY FOUNDATION  TANZANIA (added from register)	00NGO/R/8703	2025-10-24	National	Arusha	Arumeru	0		Usa River	22.8	-3.56666	36.89927	https://nis.jamii.go.tz/ngo_profile/23366	True	A word where every childs grows up educated,protected and empowered to live free from abuse,neglet and exploitation.	
7315	SONGAMBELE INITIATIVE ORGANIZATION	medium	possible	child	SONGAMBELE INITIATIVE ORGANIZATION	00NGO/00010039	2018-12-20	National	Kilimanjaro	Moshi	5	2026-03-30	Boma Ngombe	23.4	-3.2330289	37.3228132	https://nis.jamii.go.tz/ngo_profile/7315	True	-Disabled &nbsp;women, girls and children living independently and with dignity.	"[{""title"": ""Partnerships & Networking"", ""from"": ""2026-01-01"", ""to"": ""2026-03-30""}, {""title"": ""Partnerships & Networking"", ""from"": ""2026-01-01"", ""to"": ""2026-03-30""}, {""title"": ""Partnerships & Networking"", ""from"": ""2026-01-01"", ""to"": ""2026-03-30""}, {""title"": ""Partnerships & Networking"", ""from"": ""2026-01-01"", ""to"": ""2026-03-30""}, {""title"": ""Partnerships & Networking"", ""from"": ""2026-01-01"", ""to"": ""2026-03-30""}, {""title"": ""Partnerships & Networking"", ""from"": ""2026-01-01"", ""to"": ""2026-03-30""}, {""title"": ""Partnerships & Networking"", ""from"": ""2026-01-01"", ""to"": ""2026-03-30""}, {""title"": ""Advocacy and Awareness."", ""from"": ""2026-01-01"", ""to"": ""2026-03-30""}, {""title"": ""Advocacy and Awareness."", ""from"": ""2026-01-01"", ""to"": ""2026-03-30""}, {""title"": ""Advocacy and Awareness."", ""from"": ""2026-01-01"", ""to"": ""2026-03-30""}, {""title"": ""Advocacy and Awareness."", ""from"": ""2026-01-01"", ""to"": ""2026-03-30""}, {""title"": ""Advocacy and Awareness."", ""from"": ""2026-01-01"", ""to"": ""2026-03-30""}]"
16741	TANZANIA INCLUSIVE EDUCATION SUPPORT ORGANIZATION (TIESO)	medium	possible	special needs	TANZANIA INCLUSIVE EDUCATION SUPPORT ORGANIZATION (TIESO) (added from register)	00NGO/R/4649	2023-04-17	National	Arusha	Arumeru	1		Usa River	23.7	-3.15274	36.8406814	https://nis.jamii.go.tz/ngo_profile/16741	True	Providing community awareness on inclusive education and empower people with special needs knowledge and skills which&nbsp; enable them to have sustanable &nbsp;social&nbsp; economicall&nbsp;development.	
5190	ENYORATA CHIDREN ORGANIZATION	medium	possible	child	Enyorata Children's Home	00NGO/0009452	2018-01-15	National	Arusha	Arumeru	0		Usa River	23.8	-3.151823	36.8415493	https://nis.jamii.go.tz/ngo_profile/5190	True	A community which every child is cared, educated, protected and respected regardless of social or economic status hence grow to become self-supported and responsible adults.	
5245	Vision of East African Child	medium	possible	Child	Vision of East African Child (added from register)	00NGO/00008068	2015-07-14	National	Arusha	Arumeru	0		Usa River	23.8	-3.151823	36.8415493	https://nis.jamii.go.tz/ngo_profile/5245	True	Empowered community &nbsp;in sustainable development and strong economy in every house hold&quot;	
6982	WASAIDIZI WA SHERIA MOSHI MJINI	medium	unlikely	child		07NGO/08501	2016-03-24	District	Kilimanjaro	Moshi	2	2025-09-30	Boma Ngombe	23.8	-3.34900585	37.35245613455861	https://nis.jamii.go.tz/ngo_profile/6982	True	A community that is gender proactive and accountable for gender, responsiveness in livelihood development especially marginalized women and children of Moshi&nbsp; urban District in Kilimanjaro region through the provision of legal aid services.	"[{""title"": ""SAUTI YA MWANAMKE"", ""from"": ""2025-07-01"", ""to"": ""2025-09-30""}, {""title"": ""SAUTI YA MWANAMKE"", ""from"": ""2025-04-01"", ""to"": ""2025-06-30""}, {""title"": ""SAUTI YA MWANAMKE"", ""from"": ""2025-01-06"", ""to"": ""2025-03-31""}, {""title"": ""KUIMARISHA UPATIKANAJI WA HAKI KUPITIA HUDUMA ZA MSAADA WA KISHERIA 2024"", ""from"": ""2024-07-01"", ""to"": ""2024-09-30""}, {""title"": ""Mradi wa Upatikaji wa Haki"", ""from"": ""2023-01-02"", ""to"": ""2023-12-29""}, {""title"": ""Upatikanaji wa haki za binadamu"", ""from"": ""2023-04-01"", ""to"": ""2023-06-01""}, {""title"": ""MRADI WA UPATIKANAJI HAKI"", ""from"": ""2023-01-02"", ""to"": ""2023-03-31""}, {""title"": ""UPATIKANAJI WA HAKI KWA JAMII"", ""from"": ""2021-10-01"", ""to"": ""2022-09-01""}]"
11826	NDOTO ZETU	medium	possible	Child	NDOTO ZETU (added from register)	00NGO/R/1645	2021-02-03	National	Arusha	Arumeru	4	2021-12-31	Usa River	23.8	-3.151823	36.8415493	https://nis.jamii.go.tz/ngo_profile/11826	True	Children have access to skills, quality care, safe environment for holistic development to reach their dreams	"[{""title"": ""NDOTO ZETU"", ""from"": ""2021-02-03"", ""to"": ""2021-12-31""}, {""title"": ""NDOTO ZETU"", ""from"": ""2021-02-03"", ""to"": ""2021-12-31""}]"
13174	ZION GATES FOUNDATION	medium	possible	Child	ZION GATES FOUNDATION (added from register)	00NGO/R/2216	2021-08-25	National	Kilimanjaro	Moshi	0	2023-09-30	Boma Ngombe	23.8	-3.34900585	37.35245613455861	https://nis.jamii.go.tz/ngo_profile/13174	True	Envision Community whereby all Children and Youth regardless of their background have equal opportunities	"[{""title"": ""My body is my body"", ""from"": ""2023-04-02"", ""to"": ""2023-06-02""}, {""title"": ""Environmental conservation"", ""from"": ""2023-01-02"", ""to"": ""2023-03-03""}, {""title"": ""CHILD PROTECTION PROGRAM AND ENVIRONMENTAL CONSERVATION"", ""from"": ""2022-01-01"", ""to"": ""2022-12-31""}, {""title"": ""Mwili Wangu ni Mwili Wangu"", ""from"": ""2022-10-03"", ""to"": ""2022-12-23""}, {""title"": ""My body is my body"", ""from"": ""2023-06-30"", ""to"": ""2023-09-30""}, {""title"": ""ACTION PLAN FOR UPLIFTING THE ENVIRONMENT ON VARIOUS SOCIETAL STRATEGIC ASPECTS."", ""from"": ""2022-03-27"", ""to"": ""2022-06-28""}, {""title"": ""MWILI WANGU NI MWILI WANGU"", ""from"": ""2022-01-17"", ""to"": ""2022-03-14""}]"
17248	STUDENTS SUPPORT FOUNDATION(SSF)	medium	possible	child	STUDENTS SUPPORT FOUNDATION(SSF) (added from register)	00NGO/R/4827	2023-05-17	National	Kilimanjaro	Moshi	1	2024-02-12	Boma Ngombe	23.8	-3.34900585	37.35245613455861	https://nis.jamii.go.tz/ngo_profile/17248	True	To be a leding Organization in making Sustainable and Long-lasting impact on the lives of children and Youths.	"[{""title"": ""REJESHA TUMAINI PROJECT(RT1)"", ""from"": ""2023-10-01"", ""to"": ""2024-02-12""}]"
12284	KILI-HOPE ORGANISATION	medium	possible	child	KILI-HOPE ORGANISATION (added from register)	07NGO/R/1940	2021-06-10	Regional	Kilimanjaro	Moshi	2		Boma Ngombe	23.9	-3.3429806	37.3535062	https://nis.jamii.go.tz/ngo_profile/12284	True	Envision better and skilled community with the ability to serve children in need.	
7641	SAIDIA WANAJAMII TANZANIA (SAWATA)	medium	possible	watoto	SAIDIA WANAJAMII TANZANIA (SAWATA) (added from register)	00NGO/00003191	2009-06-08	National	Manyara	Simanjiro	0		Usa River	24.5	-3.546574126969281	36.987830964108376	https://nis.jamii.go.tz/ngo_profile/7641	True	Dira ya SAWATA ni kuona jamii yenye huduma endelevu kwa makundi yaliyosahaulika pamoja na jamii, hususan wanawake, watoto na vijana pamoja na kuwaendeleza kiuchumini, kiafya, na kiutamaduni ili kuwa na Taifa bora	
9953	ARUSHA YOUNG  FEMALE RECOVERY COMMUNITY (AYOFERC)	medium	possible	Child	ARUSHA YOUNG  FEMALE RECOVERY COMMUNITY (AYOFERC) (added from register)	00NGO/0869	2019-12-02	National	Arusha	Arusha	0		Kijenge	24.5	-3.5804324	36.8086048	https://nis.jamii.go.tz/ngo_profile/9953	True	"To be the best organization &nbsp;in providing special and 

 A   society with improved &nbsp;economic, supported young women and Children &nbsp;for the sake of their welfare against &nbsp;social and economic contingencies such as early pregnancy and education &nbsp;exclusion."	
16712	LIKALILO INITIATIVES FOUNDATION	medium	possible	child	LIKALILO INITIATIVES FOUNDATION (added from register)	00NGO/R/4925	2023-07-14	National	Kilimanjaro	Moshi	0		Boma Ngombe	24.5	-3.2968443	37.3555628	https://nis.jamii.go.tz/ngo_profile/16712	True	we envission to improve the well being among children, adolescence and women we serve in the community.	
18056	DOVE FOUNDATION	medium	possible	Child	DOVE FOUNDATION (added from register)	00NGO/R/5891	2023-08-23	National	Arusha	Arusha	0		Kijenge	24.5	-3.5804324	36.8086048	https://nis.jamii.go.tz/ngo_profile/18056	True	To reach out and support Children who are in difficult life also empowering women in different activities	
6746	WATER KIOSK FOUNDATION	medium	unlikely	child		00NGO/0008735	2016-09-17	National	Kilimanjaro	Moshi	0		Boma Ngombe	24.8	-3.3499321	37.3614808	https://nis.jamii.go.tz/ngo_profile/6746	True	"The healthier society that bring up the spirt of equity, peace, love, respect and recognition where children, youth, disabled people, widows, adolescent girls and women, will realize and utilize their full potentials. 

 &nbsp;"	
16885	JAMII INNOVATION	medium	possible	child	JAMII INNOVATION (added from register)	00NGO/R/4503	2023-03-15	National	Manyara	Simanjiro	0		Usa River	25.2	-3.5794198	36.9348884	https://nis.jamii.go.tz/ngo_profile/16885	True	Simanjiro District a place where women,Men,and their children live and work together in a mutual respect.	
13618	WE CARE AID (WCAid) Organization	medium	possible	child	WE CARE AID (WCAid) Organization (added from register)	00NGO/R/2495	2021-11-01	National	Kilimanjaro	Moshi	0		Boma Ngombe	25.4	-3.2589439	37.3545407	https://nis.jamii.go.tz/ngo_profile/13618	True	"Communities where children grannies, poor families and their care-givers are empowered to improve their livelihood, through appropriate and affordable means suiting their environment and culture. 

 &nbsp;"	
4833	THE SAME QUALITIES FOUNDATION (SQF)	medium	possible	child	THE SAME QUALITIES FOUNDATION (SQF) (added from register)	00NGO/00007506	2014-10-13	National	Arusha	Arusha	5	2025-12-31	Arusha City	25.8	-3.4760382	36.4646286	https://nis.jamii.go.tz/ngo_profile/4833	True	The vision &nbsp;of  the &nbsp;Same Qualities Foundation &nbsp; is to create awareness to the society on children qualities and provide the necessary services to-the ones in need.	"[{""title"": ""Cleft Care & Emergency Care"", ""from"": ""2025-01-01"", ""to"": ""2025-12-31""}, {""title"": ""Health and community education on health"", ""from"": ""2024-01-01"", ""to"": ""2024-12-31""}, {""title"": ""Health and Community Education on Health"", ""from"": ""2024-02-23"", ""to"": ""2024-02-23""}, {""title"": ""Cleft Surgeries and nutrition rehabilitation"", ""from"": ""2022-01-01"", ""to"": ""2022-12-31""}, {""title"": ""Cleft Surgeries and nutrition rehabilitation"", ""from"": ""2022-01-01"", ""to"": ""2022-12-31""}, {""title"": ""Cleft Surgeries and nutrition rehabilitation"", ""from"": ""2022-01-01"", ""to"": ""2022-12-31""}, {""title"": ""Cleft Surgeries and nutrition rehabilitation"", ""from"": ""2022-01-01"", ""to"": ""2022-12-31""}, {""title"": ""Cleft Surgeries and nutrition rehabilitation"", ""from"": ""2022-01-01"", ""to"": ""2022-12-31""}, {""title"": ""Cleft Surgeries and nutrition rehabilitation"", ""from"": ""2022-01-01"", ""to"": ""2022-12-31""}, {""title"": ""Cleft Surgeries and nutrition rehabilitation"", ""from"": ""2022-01-01"", ""to"": ""2022-12-31""}, {""title"": ""Cleft Surgeries and nutrition rehabilitation"", ""from"": ""2022-01-01"", ""to"": ""2022-12-31""}, {""title"": ""Cleft Surgeries and nutrition rehabilitation"", ""from"": ""2022-01-01"", ""to"": ""2022-12-31""}]"
11233	Victoria's  Giving Foundation	medium	possible	disabilit	Victoria's Giving Foundation (Arusha)	00NGO/R/1751	2021-03-19	National	Arusha	Arusha	4	2026-04-14	Arusha City	25.8	-3.4760382	36.4646286	https://nis.jamii.go.tz/ngo_profile/11233	True	Our Vision is: A society with well educated and social economically empowered girls and young women no matter their disability status.	"[{""title"": ""Sponsorship program"", ""from"": ""2025-01-01"", ""to"": ""2026-04-14""}, {""title"": ""Victoria's Women Saving Group"", ""from"": ""2024-01-01"", ""to"": ""2024-12-31""}, {""title"": ""Life skills, Health, Gender and Climate through purposive Sport."", ""from"": ""2024-01-01"", ""to"": ""2024-12-31""}, {""title"": ""Sponsorship College Program"", ""from"": ""2024-01-01"", ""to"": ""2024-12-31""}, {""title"": ""Sponsorship Program"", ""from"": ""2024-01-01"", ""to"": ""2024-12-31""}, {""title"": ""Sponsorship Program"", ""from"": ""2024-01-01"", ""to"": ""2024-12-31""}, {""title"": ""Sponsorship Program"", ""from"": ""2024-01-01"", ""to"": ""2024-12-31""}, {""title"": ""Community outreach program"", ""from"": ""2023-03-01"", ""to"": ""2023-11-30""}, {""title"": ""sponsorship program"", ""from"": ""2023-01-01"", ""to"": ""2023-12-31""}, {""title"": ""sponsorship program"", ""from"": ""2023-01-01"", ""to"": ""2023-12-31""}, {""title"": ""Health club teaching SRHR through sports"", ""from"": ""2022-07-01"", ""to"": ""2022-09-30""}, {""title"": ""Health club teaching SRHR through sports"", ""from"": ""2022-04-01"", ""to"": ""2022-06-30""}]"
13098	HOPE FOR CHILDREN ORGANIZATION	medium	possible	CHILD	HOPE FOR CHILDREN ORGANIZATION (added from register)	00NGO/R/2381	2021-10-21	National	Arusha	Arusha	0		Arusha City	25.8	-3.4760382	36.4646286	https://nis.jamii.go.tz/ngo_profile/13098	True	To have community where by&nbsp;&nbsp;children &nbsp;are health and enjoying their full potential	
19839	SILOAM INTERNATIONAL AFRICA	medium	possible	disabilit	SILOAM INTERNATIONAL AFRICA (added from register)	I-NGO/R/7124	2024-07-29	International	Kilimanjaro	Moshi	2	2025-12-31	Boma Ngombe	26.5	-3.3493771	37.3769276	https://nis.jamii.go.tz/ngo_profile/19839	True	To assist the community to improve educational environment overcome poverty,promote healthcare and rehabilitation andpromote human dignity for sustainable development for the people with disabilities.	"[{""title"": ""SCHOLARSHIP PROGRAM"", ""from"": ""2025-01-01"", ""to"": ""2025-12-31""}, {""title"": ""Registration and mobilization"", ""from"": ""2024-07-01"", ""to"": ""2024-12-31""}]"
7285	WASAIDIZI WA SHERIA MOSHI VIJIJINI	medium	unlikely	child		07NGO/08523	2016-04-11	District	Kilimanjaro	Moshi	5		Boma Ngombe	26.8	-3.4124857	37.3671184	https://nis.jamii.go.tz/ngo_profile/7285	True	A community that is gender proactive and accountable for gender responsiveness in livelihood &nbsp;development especially marginalized women and children  o  f    Moshi Rural District in Kilimanjaro Region through the provision of legal Aid services.	
14823	Bridge foundation	medium	possible	child	Bridge foundation (added from register)	00NGO/R/3410	2022-06-27	National	Kilimanjaro	Moshi	0		Boma Ngombe	26.8	-3.4124857	37.3671184	https://nis.jamii.go.tz/ngo_profile/14823	True	A community of children and youth who are healthy, well educated and&nbsp; self reliant citizens in the future.&nbsp;&nbsp;	
14252	Deaf Hands Foundation(DEHAFO)	medium	possible	Deaf	Deaf Hands Foundation(DEHAFO) (added from register)	00NGO/R/7908	2024-12-18	National	Arusha	Arumeru	1	2025-09-12	Usa River	28.9	-3.1067215	36.8991802	https://nis.jamii.go.tz/ngo_profile/14252	True	People with hearing disabilities are treated with dignity and respect	"[{""title"": ""Happy Girls Project"", ""from"": ""2025-09-12"", ""to"": ""2025-09-12""}, {""title"": ""Environment for Future"", ""from"": ""2025-05-18"", ""to"": ""2025-07-30""}, {""title"": ""Participation on African Child Day at Meru"", ""from"": ""2025-06-10"", ""to"": ""2025-06-16""}]"
10647	VUKA INITIATIVE	medium	possible	watoto	VUKA INITIATIVE (added from register)	00NGO/R/1149	2020-06-03	National	Arusha	Arusha	2	2024-09-30	Arusha City	0.0	-3.3527984	36.661260867522074	https://nis.jamii.go.tz/ngo_profile/10647	True	Ni kuwa Kimbilio la wanawake na watoto wenye changamoto kimaisha na waliofanyiwa ukatilii wa kijinsia.	"[{""title"": ""Adolscence Girls Power Project"", ""from"": ""2023-10-01"", ""to"": ""2024-09-30""}, {""title"": ""Adolscence Girls Power Project"", ""from"": ""2023-10-01"", ""to"": ""2024-09-30""}, {""title"": ""Binti pevuka"", ""from"": ""2024-01-01"", ""to"": ""2024-03-31""}, {""title"": ""Binti pevuka"", ""from"": ""2024-01-01"", ""to"": ""2024-03-31""}, {""title"": ""Binti pevuka"", ""from"": ""2023-10-01"", ""to"": ""2023-12-31""}, {""title"": ""Binti pevuka"", ""from"": ""2023-10-01"", ""to"": ""2023-12-31""}, {""title"": ""Binti pevuka"", ""from"": ""2023-10-01"", ""to"": ""2023-12-31""}, {""title"": ""Binti pevuka"", ""from"": ""2023-10-01"", ""to"": ""2023-12-31""}, {""title"": ""MLINDE MTOTO WA KIUME"", ""from"": ""2022-10-01"", ""to"": ""2022-12-31""}, {""title"": ""BINTI PEVUKA"", ""from"": ""2022-10-01"", ""to"": ""2022-12-31""}, {""title"": ""Kutoa elimu kwa njia ya vyombo vya Habari na mitandao ya kijamii, juu ya Ukatili wa kijinsia na namna ya kutambua ukatil"", ""from"": ""2022-07-01"", ""to"": ""2022-09-30""}, {""title"": ""MLINDE MTOTO WA KIUME DHIDI YA UKATILI WA ULAWITI"", ""from"": ""2022-04-01"", ""to"": ""2022-06-30""}]"
13594	Loving Hands For Deprived and Aged (LOHADA)	medium	unlikely	child		00NGO/R/2599	2021-11-17	National	Arusha	Arusha	0		Arusha City	0.0	-3.3527984	36.661260867522074	https://nis.jamii.go.tz/ngo_profile/13594	True	To become an organization with positive changes and create a healthy, and socially stable environment where children grow up and look forward to their future	
23115	Tanzania Host Experience Foundation	medium_projects_only	unlikely	child		00NGO/R/8576	2025-10-03	National	Arusha	Arusha	0		Arusha City	0.9	-3.35927	36.65600	https://nis.jamii.go.tz/ngo_profile/23115	True	A thriving, inclusive community where all individuals, especially women&nbsp;&nbsp;are empowered, self-reliant, and living in dignity.	
12545	ISLAND OF PEACE	medium_projects_only	unlikely	Child		I-NGO/00010227	2019-06-28	International	Arusha	Arusha	6	2026-12-31	Kijenge	1.1	-3.3767442	36.7023825	https://nis.jamii.go.tz/ngo_profile/12545	True	Island of Peace strive for a world allowing everyone to live in dignity and develop their potential, a united world that promote access to all human rights in a protected environment.	"[{""title"": ""AgroKilimo"", ""from"": ""2025-08-15"", ""to"": ""2025-12-31""}, {""title"": ""ECO FOOD"", ""from"": ""2025-01-01"", ""to"": ""2025-12-31""}, {""title"": ""Accelerated Inovation Delivery Initiative-AIDI"", ""from"": ""2025-01-01"", ""to"": ""2025-08-31""}, {""title"": ""Kilimo Endelevu Arusha Plus"", ""from"": ""2025-01-31"", ""to"": ""2025-12-31""}, {""title"": ""Kilimo Endelevu Arusha"", ""from"": ""2025-01-01"", ""to"": ""2025-12-31""}, {""title"": ""ECO FOOD"", ""from"": ""2024-10-01"", ""to"": ""2024-12-31""}, {""title"": ""MAJI KWA CHAKULA-MKC"", ""from"": ""2024-01-01"", ""to"": ""2024-10-17""}, {""title"": ""Accelerated Inovation Delivery Initiative-AIDI"", ""from"": ""2024-03-01"", ""to"": ""2024-12-31""}, {""title"": ""Kilimo Endelevu Arusha +"", ""from"": ""2024-01-01"", ""to"": ""2024-12-31""}, {""title"": ""Kilimo Endelevu Arusha"", ""from"": ""2024-01-01"", ""to"": ""2024-12-31""}, {""title"": ""MAJI KWA CHAKULA ( MKC )"", ""from"": ""2023-08-01"", ""to"": ""2024-10-17""}, {""title"": ""KILIMO ENDELEVU ARUSHA PLUS ( KEA+ )"", ""from"": ""2023-06-01"", ""to"": ""2026-03-31""}]"
4775	Bright Star Foundation	medium_projects_only	unlikely	Child		00NGO/00006043	2013-01-17	National	Arusha	Arusha	3	2024-12-31	Kijenge	1.2	-3.3909726	36.7174112	https://nis.jamii.go.tz/ngo_profile/4775	True	-	"[{""title"": ""Miliki Ustawi wako"", ""from"": ""2024-01-01"", ""to"": ""2024-12-31""}, {""title"": ""Miliki Ustawi wako"", ""from"": ""2024-01-01"", ""to"": ""2024-12-31""}]"
25893	NOMAD TRAILS FOUNDATION	medium_projects_only	unlikely	disabilit		00NGO/R/10300	2026-09-18	National	Arusha	Arusha	0		Arusha City	1.2	-3.3424815	36.6655576	https://nis.jamii.go.tz/ngo_profile/25893	True	To build inclusive, healthy, culturally vibrant, and economically resilient communities where cultural heritage is preserved, every person enjoys dignity and access to appropriate support and healthcare, and women have the knowledge, opportunities, and resources to achieve sustainable economic independence.	
3678	PROJECTS ABROAD TANZANIA	medium_projects_only	unlikely	Child		00001475	2012-07-18	National	Arusha	Arusha	2	2025-12-31	Arusha City	1.3	-3.3639252	36.6639113	https://nis.jamii.go.tz/ngo_profile/3678	True	Empowered Tanzanian communities leading their own sustainable future.	"[{""title"": ""Medical Project"", ""from"": ""2025-01-06"", ""to"": ""2025-12-31""}, {""title"": ""Women Empowerment"", ""from"": ""2025-01-19"", ""to"": ""2025-12-11""}, {""title"": ""Early Childhood education"", ""from"": ""2025-01-01"", ""to"": ""2025-12-31""}, {""title"": ""Early Childhood education"", ""from"": ""2025-01-01"", ""to"": ""2025-12-31""}, {""title"": ""Medical Project"", ""from"": ""2023-01-01"", ""to"": ""2023-12-15""}, {""title"": ""Medical Project"", ""from"": ""2023-01-01"", ""to"": ""2023-12-15""}, {""title"": ""Medical Project"", ""from"": ""2023-01-01"", ""to"": ""2023-12-15""}, {""title"": ""Medical Project"", ""from"": ""2023-01-01"", ""to"": ""2023-12-15""}, {""title"": ""Medical Project"", ""from"": ""2023-01-01"", ""to"": ""2023-12-15""}, {""title"": ""Medical Project"", ""from"": ""2023-01-01"", ""to"": ""2023-12-15""}]"
11051	HUDUMA YANGU FURAHA YANGU ORGANIZATION(HYFY)	medium_projects_only	unlikely	MTOTO		00NGO/R/1337	2020-09-30	National	Arusha	Arusha	5	2025-12-31	Arusha City	1.3	-3.3643931	36.6609031	https://nis.jamii.go.tz/ngo_profile/11051	True	&nbsp;Vision should be &quot;To see a community having people having people who are protected, healthier, educated and released from severe poverty&quot; Article 8: Mission Statement	"[{""title"": ""WEZESHA MAMA NA MTOTO"", ""from"": ""2025-01-01"", ""to"": ""2025-12-31""}, {""title"": ""WEZESHA MAMA NA MTOTO"", ""from"": ""2024-01-01"", ""to"": ""2024-12-31""}, {""title"": ""Wezesha Mama na Mtoto"", ""from"": ""2021-01-01"", ""to"": ""2021-12-31""}, {""title"": ""WEZESHA MAMA NA MTOTO"", ""from"": ""2023-01-01"", ""to"": ""2023-11-30""}, {""title"": ""WEZESHA MAMA NA MTOTO"", ""from"": ""2023-04-01"", ""to"": ""2023-06-30""}]"
4889	DANG'AIDA BASOTU VISION TANZANIA (DABAVITA)	medium_projects_only	unlikely	Child		00NGO/R1/00385	2009-03-23	National	Arusha	Arusha	5	2025-12-19	Arusha City	1.4	-3.3613396	36.6711366	https://nis.jamii.go.tz/ngo_profile/4889	True	"Being Tanzania societies that live and work in an environment where living conditions and livelihoods need are improving. 

 &nbsp;"	"[{""title"": ""SUPPORTING THE COMMUNITY DAILY LIFE AND OTHER ACTIVITIES"", ""from"": ""2025-01-15"", ""to"": ""2025-12-19""}, {""title"": ""SUPPORTING THE COMMUNITY DAILY LIFE AND OTHER ACTIVITIES"", ""from"": ""2024-01-02"", ""to"": ""2024-12-26""}]"
10154	LAND AFRICA ORGANIZATION	medium_projects_only	unlikely	child		00NGO/00010110	2019-02-20	National	Arusha	Arusha	0		Ilboru	1.4	-3.3594003	36.6912676	https://nis.jamii.go.tz/ngo_profile/10154	True	heath.well-educated cmmunity with stable economy.	
5036	MOBILEYES FOUNDATION (TZ)	medium_projects_only	unlikely	orphan		00NGO/00006213	2013-04-07	National	Arusha	Arusha	2		Ilboru	1.5	-3.35438755	36.681305116482804	https://nis.jamii.go.tz/ngo_profile/5036	True	&quot;Kwa pamoja inawezekana&quot;	
16018	THE REACH FOUNDATION	medium_projects_only	unlikely	child		OONGO/R/4104	2022-12-14	National	Arusha	Arusha	0		Ilboru	1.5	-3.35438755	36.681305116482804	https://nis.jamii.go.tz/ngo_profile/16018	True	Better education for the better Future	
16512	Nature Steward and Partners	medium_projects_only	unlikely	Child		00NGO/R/4282	2023-01-11	National	Arusha	Arusha	1	2023-12-31	Arusha City	1.5	-3.3575816	36.6487371	https://nis.jamii.go.tz/ngo_profile/16512	True	Envision sustainable environment for natural resources&nbsp;that benefits communities in Tanzania	"[{""title"": ""Office Costs"", ""from"": ""2023-01-01"", ""to"": ""2023-12-31""}]"
5369	EMATASIA FOR EDUCATION AND EMPOWERMENT ORGANIZATION	medium_projects_only	unlikely	Child		00NGO/00009787	2018-07-19	National	Arusha	Arusha	6	2025-12-19	Arusha City	1.8	-3.3681767	36.6651169	https://nis.jamii.go.tz/ngo_profile/5369	True	To have a society which all people&nbsp; achieve a better&nbsp; standard of livin through education	"[{""title"": ""EMATASIA FOR RDUCATION AND EMPOWERMENT ORGANIZATION"", ""from"": ""2025-01-19"", ""to"": ""2025-12-19""}, {""title"": ""Ematasia For Education and Empowerment Organisation"", ""from"": ""2024-02-05"", ""to"": ""2024-12-13""}, {""title"": ""Provide Pre-Early Education"", ""from"": ""2023-01-01"", ""to"": ""2023-12-31""}, {""title"": ""Provide Pre-Primary Education"", ""from"": ""2020-01-01"", ""to"": ""2020-12-31""}]"
13429	Climate Smart Solutions (CSS)	medium_projects_only	unlikely	Child		00NGO/R/2284	2021-09-07	National	Arusha	Arusha	4	2025-12-31	Arusha City	1.8	-3.3681767	36.6651169	https://nis.jamii.go.tz/ngo_profile/13429	True	Resilient environment for biodiversity protection and better life of the rural communities in East Africa	"[{""title"": ""Scaling for Sustainability: Nature-based solutions for water supply in Tanzania"", ""from"": ""2025-07-01"", ""to"": ""2025-12-31""}, {""title"": ""Construction of defluoridazation water filter plant in Engutukoit Village"", ""from"": ""2023-01-01"", ""to"": ""2023-12-31""}, {""title"": ""Prevention of Fluorosis – Urgent defluoridated water supply for the Engutukoit village, Tanzania"", ""from"": ""2023-07-01"", ""to"": ""2023-09-30""}, {""title"": ""Prevention of Fluorosis – Urgent defluoridated water supply for the Engutukoit village, Tanzania"", ""from"": ""2023-04-01"", ""to"": ""2023-06-30""}, {""title"": ""Prevention of Fluorosis – Urgent defluoridated water supply for the Engutukoit village, Tanzania"", ""from"": ""2023-01-01"", ""to"": ""2023-11-30""}, {""title"": ""Mangrove tree planting in pangani district Tanzania"", ""from"": ""2022-04-01"", ""to"": ""2022-05-31""}, {""title"": ""Tree planting to schools at Arusha Municipality"", ""from"": ""2022-02-01"", ""to"": ""2022-02-14""}]"
15742	COMMUNITIES SUSTAINABLE TRANSFORMATION ORGANIZATIO (CoSTO)	medium_projects_only	unlikely	Child		00NGO/R/3837	2022-09-22	National	Arusha	Arusha	3	2025-12-31	Arusha City	1.8	-3.3681767	36.6651169	https://nis.jamii.go.tz/ngo_profile/15742	True	COSTO envisions transformed and sustainable Communities that are well organized,&nbsp;democratic and participate&nbsp;on economic, social, academic&nbsp;and spiritual development.	"[{""title"": ""Improved Health"", ""from"": ""2025-01-01"", ""to"": ""2025-12-31""}, {""title"": ""Improved Education"", ""from"": ""2025-01-01"", ""to"": ""2025-12-31""}, {""title"": ""Educational Empowerment"", ""from"": ""2024-01-01"", ""to"": ""2024-12-31""}, {""title"": ""CoSTO Strategic Plan Implementation (CSPI)"", ""from"": ""2023-01-02"", ""to"": ""2023-12-22""}, {""title"": ""CoSTO Strategic Plan Implementation (CSPI)"", ""from"": ""2023-01-02"", ""to"": ""2023-12-22""}, {""title"": ""CoSTO Strategic Plan Implementation (CSPI)"", ""from"": ""2023-01-02"", ""to"": ""2023-12-22""}, {""title"": ""COSTO Institutional Strengthening and Sustainability (CISS)"", ""from"": ""2022-10-01"", ""to"": ""2022-12-31""}]"
16568	UNAPENDWA TANZANIA FOUNDATION	medium_projects_only	unlikely	Kids		00NGO/R/4333	2023-01-23	National	Arusha	Arusha	3	2025-12-31	Arusha City	1.8	-3.3681767	36.6651169	https://nis.jamii.go.tz/ngo_profile/16568	True	To see all community member getting their basic needs so as to overcome poverty and living with equal standard of life	"[{""title"": ""Jiamini women group"", ""from"": ""2024-01-01"", ""to"": ""2025-12-31""}, {""title"": ""Girls Education Program"", ""from"": ""2024-09-01"", ""to"": ""2025-12-31""}, {""title"": ""Kuku project"", ""from"": ""2025-01-01"", ""to"": ""2025-12-31""}, {""title"": ""Tailoring Project"", ""from"": ""2025-05-01"", ""to"": ""2025-12-31""}, {""title"": ""Girl education program"", ""from"": ""2025-10-01"", ""to"": ""2025-12-31""}, {""title"": ""Girls education program"", ""from"": ""2025-07-01"", ""to"": ""2025-09-01""}, {""title"": ""ECONOMIC EMPOWERNMENT"", ""from"": ""2025-07-01"", ""to"": ""2025-09-01""}, {""title"": ""ECONOMIC EMPOWERMENT"", ""from"": ""2025-04-01"", ""to"": ""2025-06-01""}, {""title"": ""Economic empowernment project"", ""from"": ""2025-01-01"", ""to"": ""2025-03-31""}, {""title"": ""SEWING PROJECT"", ""from"": ""2024-01-01"", ""to"": ""2024-12-31""}, {""title"": ""KUKU PROJECT"", ""from"": ""2024-01-01"", ""to"": ""2024-12-31""}, {""title"": ""Kids donation"", ""from"": ""2024-10-01"", ""to"": ""2024-12-31""}]"
24182	Meru Clay Foundation	medium_projects_only	unlikely	child		00NGO/R/10332	2026-09-21	National	Arusha	Arusha	0		Kijenge	1.8	-3.369	36.7163	https://nis.jamii.go.tz/ngo_profile/24182	True	A healthy and empowered generation of young people in Tanzania who have equal access to sports and education&nbsp;	
11693	NUMBERS FOUNDATION	medium_projects_only	unlikely	Child		00NGO/R/2112	2021-08-12	National	Arusha	Arumeru	1	2026-01-31	Usa River	1.9	-3.3713174	36.8479834	https://nis.jamii.go.tz/ngo_profile/11693	True	To see students who are highly motivated and performing well in Mathematics subject among primary and secondary schools in Tanzania.	"[{""title"": ""Give Back with Math"", ""from"": ""2025-02-01"", ""to"": ""2026-01-31""}, {""title"": ""Give Back with Maths"", ""from"": ""2024-02-08"", ""to"": ""2024-10-31""}, {""title"": ""Give Back with Math"", ""from"": ""2024-02-06"", ""to"": ""2024-03-24""}, {""title"": ""Give Back with Math"", ""from"": ""2023-02-06"", ""to"": ""2023-11-14""}]"
212	COMMUNITY AID AND SOCIAL EDUCATION EMPOWERMENT (CASEE)	medium_projects_only	unlikely	Child		00NGO/R/0291	2019-07-31	National	Arusha	Arusha	5	2026-01-20	Ilboru	2.1	-3.3655503	36.6939543	https://nis.jamii.go.tz/ngo_profile/212	True	EDUCATED FUTURE COMMUNITY, FREE FROM FROM POVERTY AND IN ACCESS TO ALL SOCIAL SERVICES AND AVAILABLE DEVELOPMENT OPPORTUNITIES	"[{""title"": ""ELIMU SAWA KWA WOTE"", ""from"": ""2025-01-06"", ""to"": ""2026-01-20""}, {""title"": ""Elimu Sawa kwa Wote"", ""from"": ""2020-07-01"", ""to"": ""2024-12-31""}, {""title"": ""Walinde Waendelee"", ""from"": ""2020-01-01"", ""to"": ""2024-12-31""}, {""title"": ""Walinde Waendelee"", ""from"": ""2023-01-01"", ""to"": ""2023-12-01""}, {""title"": ""Walinde Waendelee"", ""from"": ""2023-01-01"", ""to"": ""2023-12-01""}, {""title"": ""Elimu Sawa kwa Wote"", ""from"": ""2020-08-01"", ""to"": ""2023-06-30""}, {""title"": ""Kitkit Tablet Project"", ""from"": ""2021-01-01"", ""to"": ""2022-01-31""}, {""title"": ""Elimu Sawa kwa Wote"", ""from"": ""2020-07-01"", ""to"": ""2023-06-30""}, {""title"": ""Walinde Waendelee"", ""from"": ""2020-02-01"", ""to"": ""2024-12-31""}, {""title"": ""Elimu Sawa Kwa Wote"", ""from"": ""2020-06-01"", ""to"": ""2020-12-31""}]"
7535	Kibo Education Lebaration and Sympathy Organisation (KELASO)	medium_projects_only	unlikely	Child		00NGO/00009706	2018-05-31	National	Kilimanjaro	Hai	3	2024-05-16	Boma Ngombe	2.1	-3.318929	37.1489918	https://nis.jamii.go.tz/ngo_profile/7535	True	Advanced and successful society in the field of education and economy.	"[{""title"": ""WOMEN EMPOWERMENT"", ""from"": ""2023-08-14"", ""to"": ""2024-05-16""}, {""title"": ""CAPACITY BUILDING FOR WOMEN"", ""from"": ""2022-03-18"", ""to"": ""2022-06-07""}, {""title"": ""CAPACITY BUILDING FOR WOMEN"", ""from"": ""2021-08-09"", ""to"": ""2022-03-14""}, {""title"": ""support education for children and women"", ""from"": ""2018-12-15"", ""to"": ""2019-11-20""}]"
11185	ZAMHA CHARITABLE ORGANIZATION	medium_projects_only	unlikely	Child		00NGO/R/6118	2024-05-01	National	Arusha	Arusha	1	2024-12-31	Kijenge	2.1	-3.3740862	36.6939681	https://nis.jamii.go.tz/ngo_profile/11185	True	Envision&nbsp; equitable social , cultural and&nbsp; economic life&nbsp; for all people in Tanzania .	"[{""title"": ""PROVIDING FREE HEALTH SERVICE TO THE CHILDREN UP TO 7 YEARS AT NDURUMA HOSITAL ARUSHA"", ""from"": ""2024-01-01"", ""to"": ""2024-12-31""}]"
16128	THE SOTE INITIATIVE (SoI)	medium_projects_only	unlikely	child		00NGO/R/4039	2022-11-15	National	Arusha	Arusha	0	2025-12-31	Ilboru	2.1	-3.3655503	36.6939543	https://nis.jamii.go.tz/ngo_profile/16128	True	A Community with Sound Economic, Environmental and Social Wellbeing	"[{""title"": ""BUZZ WOMEN GLOBAL"", ""from"": ""2025-10-01"", ""to"": ""2025-12-31""}, {""title"": ""BUZZ WOMEN GLOBAL"", ""from"": ""2025-07-01"", ""to"": ""2025-09-30""}, {""title"": ""BUZZ WOMEN GLOBAL"", ""from"": ""2025-04-01"", ""to"": ""2025-06-30""}, {""title"": ""Buzz Women Global"", ""from"": ""2025-01-01"", ""to"": ""2025-03-31""}, {""title"": ""BUZZ WOMEN GLOBAL"", ""from"": ""2023-10-01"", ""to"": ""2023-12-31""}, {""title"": ""BUZZ WOMEN GLOBAL"", ""from"": ""2024-07-01"", ""to"": ""2024-09-30""}, {""title"": ""BUZZ WOMEN GLOBAL"", ""from"": ""2023-04-01"", ""to"": ""2024-06-30""}, {""title"": ""BUZZ WOMEN GLOBAL"", ""from"": ""2024-01-01"", ""to"": ""2024-03-31""}, {""title"": ""BUZZ WOMEN GLOBAL"", ""from"": ""2023-10-01"", ""to"": ""2023-12-31""}, {""title"": ""BUZZ WOMEN GLOBAL"", ""from"": ""2023-07-01"", ""to"": ""2023-09-30""}]"
5023	CONSERVATION FOUNDATION  TANZANIA( CFT)	medium_projects_only	unlikely	Child		00NGO/0008782	2016-10-13	National	Arusha	Arusha	2	2022-02-02	Arusha City	2.2	-3.3692407	36.6731075	https://nis.jamii.go.tz/ngo_profile/5023	True	To encourage and promote the development, preservation.propagation, conservation and well-being of species of wildlife in the united republic of Tanzania, through such means as selective hunting and the establishment of ant-poaching measures which will act as a deterrent to the illegal poaching of such and to train, educate and othewise cultivate silled the science and culture of development, preservation, propagation, conservation and well-being of endangered species a wildlife, as well as in w	"[{""title"": ""Anti-poaching"", ""from"": ""2022-02-02"", ""to"": ""2022-02-02""}, {""title"": ""Anti-poaching"", ""from"": ""2022-02-02"", ""to"": ""2022-02-02""}, {""title"": ""Anti-poaching"", ""from"": ""2021-04-01"", ""to"": ""2021-06-30""}, {""title"": ""Anti-poaching"", ""from"": ""2021-04-01"", ""to"": ""2021-06-30""}, {""title"": ""Anti-poaching"", ""from"": ""2021-04-01"", ""to"": ""2021-06-30""}, {""title"": ""Anti-poaching"", ""from"": ""2021-04-01"", ""to"": ""2021-06-30""}, {""title"": ""Road clearing"", ""from"": ""2021-05-20"", ""to"": ""2021-06-03""}, {""title"": ""African Child"", ""from"": ""2021-06-09"", ""to"": ""2021-07-09""}, {""title"": ""School Fees donation"", ""from"": ""2021-04-04"", ""to"": ""2021-04-24""}, {""title"": ""Uhuru torch celebrations"", ""from"": ""2021-06-12"", ""to"": ""2021-06-12""}, {""title"": ""Uhuru torch celebrations"", ""from"": ""2021-06-12"", ""to"": ""2021-06-12""}, {""title"": ""Uhuru torch celebrations"", ""from"": ""2021-06-12"", ""to"": ""2021-06-12""}]"
10821	School Girl Essentials	medium_projects_only	unlikely	girl child		00NGO/R/1221	2020-07-13	National	Arusha	Arusha	1	2026-04-19	Kijenge	2.2	-3.3678647	36.6985453	https://nis.jamii.go.tz/ngo_profile/10821	True	School Girl Essentials&#39;&nbsp;vision is to see a community where girls lives are developed as they have equal and uninterrupted access to education.	"[{""title"": ""Fahari ya Msichana"", ""from"": ""2025-01-24"", ""to"": ""2026-04-19""}, {""title"": ""Fahari ya Msichana"", ""from"": ""2025-01-24"", ""to"": ""2026-04-19""}, {""title"": ""Fahari ya Msichana"", ""from"": ""2025-01-24"", ""to"": ""2026-04-19""}, {""title"": ""Fahari ya Msichana"", ""from"": ""2025-01-24"", ""to"": ""2026-04-19""}]"
12593	ADVOCACY INITIATIVE FOR DEVELOPMENT TANZANIA  (AID TANZANIA)	medium_projects_only	unlikely	child		00NGO/R/1926	2021-06-03	National	Arusha	Arusha	2	2023-12-10	Arusha City	2.2	-3.3698005	36.6508966	https://nis.jamii.go.tz/ngo_profile/12593	True	Our vision is to have a society where its citizens can exercise their human rights&nbsp;and&nbsp;are able to live a&nbsp;life free from poverty and diseases.	"[{""title"": ""16 days of anti-sexual violence"", ""from"": ""2023-11-25"", ""to"": ""2023-12-10""}, {""title"": ""Keeping girl child in school"", ""from"": ""2021-10-01"", ""to"": ""2021-10-31""}]"
13736	Help Them Write	medium_projects_only	unlikely	Child		00NGO/R/3070	2022-04-13	National	Arusha	Arusha	1	2023-12-18	Kijenge	2.2	-3.3678647	36.6985453	https://nis.jamii.go.tz/ngo_profile/13736	True	A better society with excellent literature used in schools	"[{""title"": ""EDUCATION SUPPORT PROGRAM"", ""from"": ""2023-01-16"", ""to"": ""2023-12-18""}, {""title"": ""EDUCATION SUPPORT PROGRAM"", ""from"": ""2023-01-16"", ""to"": ""2023-12-18""}]"
18100	Familia Imara	medium_projects_only	unlikely	child		00NGO/R/5629	2023-11-20	National	Arusha	Arusha	0		Ilboru	2.2	-3.3657729	36.6881183	https://nis.jamii.go.tz/ngo_profile/18100	True	Empowered&nbsp;families that&nbsp;&nbsp;atains socio-economic stability with no&nbsp;poverty.	
15215	Extent  Community Smiles (ECoS)	medium_projects_only	unlikely	Child		00NGO/R/3868	2022-10-06	National	Arusha	Arusha	2	2025-12-31	Ilboru	2.3	-3.3657019	36.6834783	https://nis.jamii.go.tz/ngo_profile/15215	True	To have a community where by people of all categories are&nbsp;protected cared and benefit all human basic needs	"[{""title"": ""Sponsorship Program"", ""from"": ""2025-01-13"", ""to"": ""2025-12-31""}, {""title"": ""Economic empowerment"", ""from"": ""2025-12-18"", ""to"": ""2025-12-19""}, {""title"": ""Economic empowerment"", ""from"": ""2025-12-18"", ""to"": ""2025-12-19""}, {""title"": ""Sponsorship program"", ""from"": ""2024-02-10"", ""to"": ""2024-11-10""}, {""title"": ""Day Care Center"", ""from"": ""2024-01-01"", ""to"": ""2024-12-31""}]"
5717	COMMUNITY BASED HEALTH CARE COUNCIL	medium_projects_only	unlikely	Child		00NGO/R1/00720	2019-05-26	National	Arusha	Arusha	3	2025-08-31	Kijenge	2.5	-3.4042184	36.7018716	https://nis.jamii.go.tz/ngo_profile/5717	True	The council envisages a healthy people /society, where an access to clean and safe water for safe society is ensured;where society health and well being of people is improved,where environment is conserved and where quality life is attained.	"[{""title"": ""Water, Sanitation and Hygiene in Biharamulo District"", ""from"": ""2024-03-01"", ""to"": ""2025-08-31""}, {""title"": ""Water, Sanitation and Hygiene in Biharamulo District"", ""from"": ""2024-03-01"", ""to"": ""2025-08-31""}, {""title"": ""Water, Sanitation and Hygiene in Biharamulo District"", ""from"": ""2024-03-01"", ""to"": ""2025-08-31""}, {""title"": ""Water, Sanitation and Hygiene in Biharamulo District"", ""from"": ""2024-03-01"", ""to"": ""2025-08-31""}, {""title"": ""Water, Sanitation and Hygiene in Biharamulo District"", ""from"": ""2024-03-01"", ""to"": ""2025-08-31""}, {""title"": ""Water, Sanitation and Hygiene in Biharamulo District"", ""from"": ""2024-03-01"", ""to"": ""2025-08-31""}, {""title"": ""Water, Sanitation and Hygiene in Biharamulo District"", ""from"": ""2024-03-01"", ""to"": ""2025-08-31""}, {""title"": ""Water, Sanitation and Hygiene in Biharamulo District"", ""from"": ""2024-03-01"", ""to"": ""2025-08-31""}, {""title"": ""Water, Sanitation and Hygiene in Biharamulo District"", ""from"": ""2024-03-01"", ""to"": ""2025-08-31""}, {""title"": ""WASH Program at Biharamulo"", ""from"": ""2023-03-01"", ""to"": ""2024-06-30""}, {""title"": ""WASH Program at Biharamulo"", ""from"": ""2023-03-01"", ""to"": ""2024-06-30""}, {""title"": ""WASH Program at Biharamulo"", ""from"": ""2023-03-01"", ""to"": ""2024-06-30""}]"
23004	NDEMBEKA FOUNDATION	medium_projects_only	unlikely	orphan		00NGO/R/9342	2025-08-19	National	Arusha	Arusha	0		Kijenge	2.6	-3.3697812	36.6917297	https://nis.jamii.go.tz/ngo_profile/23004	True	We envision a day when there is no more poverty in Tanzania and every person&rsquo;s dignity is protected, especially those affected by human and natural hazards.	
484	Serengeti Women of Vision	medium_projects_only	unlikely	orphan		00NGO/R2/000327	2019-08-06	National	Arusha	Arusha	2	2023-12-31	Arusha City	2.9	-3.3267011	36.6642004	https://nis.jamii.go.tz/ngo_profile/484	True	A community where women are self reliant and have access to equal opportunities	"[{""title"": ""Supporting women on Income Generating Activities"", ""from"": ""2023-01-01"", ""to"": ""2023-12-31""}, {""title"": ""Income generating activities (IGAs) and job creation including gardening and poultry"", ""from"": ""2022-01-01"", ""to"": ""2022-12-31""}]"
18431	THE ELECTIVE AND VOLUNTEERS NETWORK	medium_projects_only	unlikely	orphan		00NGO/R/5640	2023-11-21	National	Arusha	Arusha	0		Arusha City	2.9	-3.3267011	36.6642004	https://nis.jamii.go.tz/ngo_profile/18431	True	"we envision; 

 &nbsp; &nbsp; &nbsp; - To&nbsp;provide the community with exchange program of expart volunteers and healthcare students who wish to travel in or outside Tanzania.&nbsp;&nbsp; 

 &nbsp;"	
19717	COMMUNITY EMPOWERMENT TANZANIA (CET)	medium_projects_only	unlikely	child		00NGO/R/7151	2024-07-30	National	Arusha	Arumeru	0		Usa River	2.9	-3.3712675	36.8880828	https://nis.jamii.go.tz/ngo_profile/19717	True	"To be the best developmental organization offering social services that empowers poor communities in Tanzania. 

 &nbsp;"	
4874	FUTURE DREAMS ORGANIZATION	medium_projects_only	unlikely	child		00NGO/R1/0019	2015-06-09	National	Arusha	Arumeru	0		Kijenge	3.0	-3.4079443	36.6982539	https://nis.jamii.go.tz/ngo_profile/4874	True	Just community with an improved living standards.	
22185	SUN UP FOUNDATION (SUF)	medium_projects_only	unlikely	Child		00NGO/R/9098	2025-06-12	International	Arusha	Arumeru	1	2026-03-31	Kijenge	3.0	-3.386925	36.682993	https://nis.jamii.go.tz/ngo_profile/22185	True	"To impart youth with life skills as means of empowering them economically. 

 &nbsp;"	"[{""title"": ""CONSTRUCTION"", ""from"": ""2025-01-05"", ""to"": ""2025-12-31""}, {""title"": ""CONSTRUCTION"", ""from"": ""2026-01-05"", ""to"": ""2026-03-31""}]"
25579	Love Share Tanzania Foundation	medium_projects_only	unlikely	vulnerable child		00NGO/R/10280	2026-09-14	National	Arusha	Arusha	0		Kijenge	3.0	-3.386925	36.682995	https://nis.jamii.go.tz/ngo_profile/25579	True	A Tanzania where every community lives with dignity,hope,justice and equal opportunity in a safe,healthy and sustainable environment.	
437	STRAIT FOUNDATION TANZANIA	medium_projects_only	unlikely	Child		I-NGO/R2/000222	2019-07-31	International	Arusha	Arusha	5	2024-12-31	Ilboru	3.1	-3.3717987	36.6813162	https://nis.jamii.go.tz/ngo_profile/437	True	COMMUNITY WITH SUFFICIENT KNOWLEDGE ON FORST AID	"[{""title"": ""Ceased Operations"", ""from"": ""2024-01-01"", ""to"": ""2024-12-31""}, {""title"": ""SFT Tuition"", ""from"": ""2023-01-01"", ""to"": ""2023-09-30""}, {""title"": ""Strait Foundation Tanzania Annual Activity Report"", ""from"": ""2020-01-01"", ""to"": ""2020-12-31""}]"
4286	SERVING FRIENDS INTERNATIONAL	medium_projects_only	unlikely	Child		I-NGO/R1/00364	2009-12-31	International	Arusha	Arusha	6	2025-12-31	Ilboru	3.1	-3.3717987	36.6813162	https://nis.jamii.go.tz/ngo_profile/4286	True	- Transform the world into a place where everyone can be joyful together by serving people in hardship	"[{""title"": ""Undergroundwater development projects"", ""from"": ""2025-01-01"", ""to"": ""2025-12-31""}, {""title"": ""Underground water Development projects"", ""from"": ""2023-01-02"", ""to"": ""2023-12-31""}, {""title"": ""Underground water Development projects"", ""from"": ""2023-01-02"", ""to"": ""2023-12-31""}, {""title"": ""Underground water Development projects"", ""from"": ""2023-01-02"", ""to"": ""2023-12-31""}, {""title"": ""Underground water Development projects"", ""from"": ""2023-01-02"", ""to"": ""2023-12-31""}, {""title"": ""Underground water Development projects"", ""from"": ""2023-01-02"", ""to"": ""2023-12-31""}]"
6203	OIKOS EAST AFRICA	medium_projects_only	unlikely	Child		00NGO/R1/00734	2009-12-31	National	Arusha	Arusha	5	2026-03-31	Kijenge	3.1	-3.3792966	36.7376686	https://nis.jamii.go.tz/ngo_profile/6203	True	OEA vision is a future where rural communities in Tanzania mainland have reached wellbeing and adop a sustainable&nbsp; lifestyle.	"[{""title"": ""Safepad School Distribution"", ""from"": ""2026-01-05"", ""to"": ""2026-03-31""}, {""title"": ""Safepad School Distribution"", ""from"": ""2026-01-05"", ""to"": ""2026-03-31""}, {""title"": ""Safepad School Distribution"", ""from"": ""2026-01-05"", ""to"": ""2026-03-31""}, {""title"": ""Safepad School Distribution"", ""from"": ""2026-01-05"", ""to"": ""2026-03-31""}, {""title"": ""Safepad School Distribution"", ""from"": ""2026-01-05"", ""to"": ""2026-03-31""}]"
14074	Hawega Foundation	medium_projects_only	unlikely	sponsorship		00NGO/R/2847	2022-02-16	National	Arusha	Arusha	0	2023-12-31	Kijenge	3.1	-3.3792966	36.7376686	https://nis.jamii.go.tz/ngo_profile/14074	True	"A society that is prosperous in education, health and safe water, which preserves safe cultural values. 

 &nbsp;"	"[{""title"": ""Education sponsorship"", ""from"": ""2023-01-01"", ""to"": ""2023-12-31""}]"
17289	COMFY CARE12	medium_projects_only	unlikely	Child		00NGO/R/9626	2026-04-04	National	Arusha	Arusha	1	2026-06-30	Ilboru	3.1	-3.3717987	36.6813162	https://nis.jamii.go.tz/ngo_profile/17289	True	Vision; Comfy Care12 empowers girls and young women in rural areas , through trusted menstrual health and hygiene education, fostering dignity and sustainable change.	"[{""title"": ""MENSTRUAL HEALTH EDUCATION AND HYGIENE TRAINING"", ""from"": ""2026-04-01"", ""to"": ""2026-06-30""}, {""title"": ""Menstrual health education for rural adolescent girls"", ""from"": ""2025-07-17"", ""to"": ""2025-07-18""}]"
4918	AGAPE BLIND CENTRE (ABC)	medium_projects_only	unlikely	Child		00NGO/R1/00601	2014-01-15	National	Arusha	Arumeru	1	2023-12-31	Usa River	3.2	-3.3368064	36.8564782	https://nis.jamii.go.tz/ngo_profile/4918	True	A compassionate and inclusive society where the blind, the poor, and the elderly live with dignity, independence, and equal opportunity.	"[{""title"": ""Agape blind center"", ""from"": ""2023-01-01"", ""to"": ""2023-12-31""}, {""title"": ""Agape blind center"", ""from"": ""2023-01-01"", ""to"": ""2023-12-31""}, {""title"": ""Agape blind center"", ""from"": ""2023-01-01"", ""to"": ""2023-12-31""}]"
11670	Dashir Community Projects International Inc.	medium_projects_only	unlikely	Child		I-NGO/R/1543	2020-12-03	International	Arusha	Arumeru	4	2024-12-31	Usa River	3.2	-3.3368064	36.8564782	https://nis.jamii.go.tz/ngo_profile/11670	True	A thriving healthy community with better social services	"[{""title"": ""Dashir Community Dispensary"", ""from"": ""2024-01-01"", ""to"": ""2024-12-31""}, {""title"": ""OPERATION OF COMMUNITY DISPENSARY"", ""from"": ""2023-01-01"", ""to"": ""2023-10-31""}, {""title"": ""COMMUNITY DISPENSARY"", ""from"": ""2022-01-01"", ""to"": ""2022-12-31""}, {""title"": ""Community Dispensary"", ""from"": ""2021-01-01"", ""to"": ""2021-12-31""}]"
498	Our Little Ones	medium_projects_only	unlikely	child		00NGO/R/0379	2019-08-06	National	Arusha	Arusha	1	2023-12-31	Arusha City	3.3	-3.3796172	36.6740723	https://nis.jamii.go.tz/ngo_profile/498	True	Community access to education services	"[{""title"": ""Qurus"", ""from"": ""2023-01-09"", ""to"": ""2023-12-31""}]"
507	Nawiri Foundation	medium_projects_only	unlikely	Child		00NGO/R1/00243	2019-08-30	National	Arusha	Arusha	4	2025-12-31	Ilboru	3.3	-3.3419053	36.7220210275093	https://nis.jamii.go.tz/ngo_profile/507	True	To be the leading non-profit organization in supporting conservation and community in the wilderness area.	"[{""title"": ""Centre For Research Cooperation"", ""from"": ""2025-01-01"", ""to"": ""2025-12-31""}, {""title"": ""Maasai Steppe Carnivore Trust"", ""from"": ""2025-01-01"", ""to"": ""2025-12-31""}, {""title"": ""Kopelion"", ""from"": ""2025-01-01"", ""to"": ""2025-12-31""}, {""title"": ""Honeyguide Foundation - Rubondo Chimps Project"", ""from"": ""2025-01-01"", ""to"": ""2025-12-31""}, {""title"": ""Frankfurt Zoological Society"", ""from"": ""2025-01-01"", ""to"": ""2025-12-31""}, {""title"": ""The Green Economy"", ""from"": ""2025-01-01"", ""to"": ""2025-12-31""}, {""title"": ""Lion Landscapes"", ""from"": ""2025-01-01"", ""to"": ""2025-12-31""}, {""title"": ""LEAD Foundation"", ""from"": ""2025-01-01"", ""to"": ""2025-12-31""}, {""title"": ""Southern Tanzania Elephant Programme"", ""from"": ""2025-01-01"", ""to"": ""2025-12-31""}, {""title"": ""Kamitei Foundation"", ""from"": ""2025-01-01"", ""to"": ""2025-12-31""}, {""title"": ""Honeyguide Foundation"", ""from"": ""2025-01-01"", ""to"": ""2025-12-31""}, {""title"": ""The Green Economy"", ""from"": ""2025-09-30"", ""to"": ""2025-12-31""}]"
3083	Mimutie Women Organization (MWO)	medium_projects_only	unlikely	Child		00NGO/R1/00964	2015-02-09	National	Arusha	Ngorongoro	3	2025-03-27	Arusha City	3.3	-3.3796172	36.6740723	https://nis.jamii.go.tz/ngo_profile/3083	True	Asasi hii inamwelekeo wa kuwa asasi bora jia yenye uwezo mkubwa wa kutatua &#39; kero za wanawake na maslahi yao katika jamii ya wafugaji.	"[{""title"": ""violence against children"", ""from"": ""2025-03-27"", ""to"": ""2025-03-27""}, {""title"": ""Mapambano Dhidi ya Ukatili wa kijinsia"", ""from"": ""2023-07-04"", ""to"": ""2023-07-05""}, {""title"": ""''strengthening the capacity of UNDP-GEF SGP grantees in project design and management; project management; financial ma"", ""from"": ""2022-05-09"", ""to"": ""2023-05-31""}, {""title"": ""'mapambano dhidi ya ukatili wa kijinsia rushwa ya ngono, ndoa za utotoni na zalazima na udhalilishwaji wa wanawake na wa"", ""from"": ""2022-08-10"", ""to"": ""2022-12-06""}, {""title"": ""STRETHENING THE UNDP GRANTEES ON PROJECT AND PROGRMA MANAGMENT"", ""from"": ""2022-05-09"", ""to"": ""2022-05-30""}, {""title"": ""TAPALA"", ""from"": ""2022-02-07"", ""to"": ""2022-02-09""}, {""title"": ""TAPALA"", ""from"": ""2022-02-06"", ""to"": ""2022-02-06""}, {""title"": ""Reliable Health Care"", ""from"": ""2021-01-10"", ""to"": ""2023-07-12""}, {""title"": ""Access to Education to all girls"", ""from"": ""2021-09-03"", ""to"": ""2021-11-30""}]"
5160	VISION FOR YOUTH (V4Y)	medium_projects_only	unlikely	Child		00NGO/R1/00605	2011-09-21	National	Arusha	Arusha	5	2025-12-31	Ilboru	3.3	-3.3419053	36.7220210275093	https://nis.jamii.go.tz/ngo_profile/5160	True	To have a responsible and independent society.	"[{""title"": ""Promotion of Girls Participation in Education (PGPE)"", ""from"": ""2025-03-19"", ""to"": ""2025-11-27""}, {""title"": ""Promotion of Girls Participation in Education (PGPE)"", ""from"": ""2025-03-19"", ""to"": ""2025-11-27""}, {""title"": ""Economic Empowerment, Innovation and Climate Change Program"", ""from"": ""2025-01-27"", ""to"": ""2025-11-28""}, {""title"": ""Jitambue Project (Health Promotion – SRHR Education)"", ""from"": ""2025-02-12"", ""to"": ""2025-12-31""}, {""title"": ""Jitambue Project (Health Promotion – SRHR Education)"", ""from"": ""2025-02-12"", ""to"": ""2025-12-31""}, {""title"": ""Jitambue Project (Health Promotion – SRHR Education)"", ""from"": ""2025-02-12"", ""to"": ""2025-12-31""}, {""title"": ""Education Support Program"", ""from"": ""2025-01-06"", ""to"": ""2025-12-31""}, {""title"": ""Education Support Program"", ""from"": ""2025-01-06"", ""to"": ""2025-12-31""}, {""title"": ""Education Support Program"", ""from"": ""2025-01-06"", ""to"": ""2025-12-31""}, {""title"": ""Youth Dialogue Series"", ""from"": ""2023-12-04"", ""to"": ""2024-02-29""}, {""title"": ""Youth Dialogue Series"", ""from"": ""2023-12-04"", ""to"": ""2024-02-29""}, {""title"": ""Youth Economic Empowerment Training"", ""from"": ""2024-02-19"", ""to"": ""2024-11-21""}]"
15568	MICHELLE MREMA FOUNDATION (MMF)	medium_projects_only	unlikely	Child		00NGO/R/3620	2022-08-05	National	Arusha	Arusha	1	2023-12-31	Ilboru	3.3	-3.3419053	36.7220210275093	https://nis.jamii.go.tz/ngo_profile/15568	True	To make Tanzania a just society where inclusivity and resilience for the disadvantaged is a way of life	"[{""title"": ""nil"", ""from"": ""2023-01-05"", ""to"": ""2023-12-31""}, {""title"": ""nil"", ""from"": ""2023-01-05"", ""to"": ""2023-12-31""}, {""title"": ""Nothing"", ""from"": ""2023-01-05"", ""to"": ""2023-12-31""}]"
16770	PROMISE VILLAGE ACADEMY	medium_projects_only	unlikely	vulnerable child		00NGO/00010051	2018-12-20	International	Arusha	Arusha	3	2024-12-31	Kijenge	3.3	-3.3582817	36.7247789	https://nis.jamii.go.tz/ngo_profile/16770	True	to envision a sustainable pastoralist society and family stability for social-economic development	"[{""title"": ""PROMISE VILLAGE ACADEMY"", ""from"": ""2024-01-01"", ""to"": ""2024-12-31""}, {""title"": ""PROMISE VILLAGE ACADEMY"", ""from"": ""2018-12-20"", ""to"": ""2024-12-16""}, {""title"": ""PROMISE VILLAGE SCHOOL"", ""from"": ""2018-12-20"", ""to"": ""2023-12-20""}]"
18005	COME TO AFRICA FOUNDATION	medium_projects_only	unlikely	child		00NGO/R/5896	2023-08-23	National	Arusha	Arusha	0		Arusha City	3.3	-3.3796172	36.6740723	https://nis.jamii.go.tz/ngo_profile/18005	True	We strive to empower society to acquire better life by providing high quality life skills education for betterment of their future	
18073	The Great African Foundation	medium_projects_only	unlikely	Child		00NGO/R/5716	2023-09-29	National	Arusha	Arusha	2	2025-09-20	Kijenge	3.3	-3.3582817	36.7247789	https://nis.jamii.go.tz/ngo_profile/18073	True	To build Africanacity in Africans to fight with obstacles in life.	"[{""title"": ""Green Paradise Clean Energy Trainig Project"", ""from"": ""2025-09-19"", ""to"": ""2025-09-20""}, {""title"": ""Kijana Africa summit"", ""from"": ""2024-08-16"", ""to"": ""2024-08-16""}, {""title"": ""Hearts For Autism Project"", ""from"": ""2023-11-03"", ""to"": ""2024-07-31""}]"
6357	HOPE EMPOWERMENT AND DEVELOPMENT ORGANIZATION (HEDO)	medium_projects_only	unlikely	Child		00NGO/R1/00943	2007-09-26	National	Arusha	Arumeru	4	2025-12-31	Usa River	3.6	-3.370616	36.8954664	https://nis.jamii.go.tz/ngo_profile/6357	True	To have Tanzanian Society free from Poverty,&nbsp; respect and dignity,&nbsp; as well as good lively &nbsp;hood citizen	"[{""title"": ""Direct Cost"", ""from"": ""2025-01-01"", ""to"": ""2025-12-31""}, {""title"": ""Children food (lishe na malezi bora)"", ""from"": ""2024-01-01"", ""to"": ""2024-12-31""}, {""title"": ""HOPE EMPOWERNMENT AND DEVELOPMENT ORGANIZATION"", ""from"": ""2022-01-01"", ""to"": ""2022-12-31""}, {""title"": ""HOPE EMPOWERNMENT AND DEVELOPMENT ORGANIZATION"", ""from"": ""2022-01-01"", ""to"": ""2022-12-31""}, {""title"": ""HOPE EMPOWERNMENT AND DEVELOPMENT ORGANIZATION"", ""from"": ""2022-01-01"", ""to"": ""2022-12-31""}, {""title"": ""HOPE EMPOWERNMENT AND DEVELOPMENT ORGANIZATION"", ""from"": ""2022-01-01"", ""to"": ""2022-12-31""}, {""title"": ""HOPE EMPOWERNMENT AND DEVELOPMENT ORGANIZATION"", ""from"": ""2022-01-01"", ""to"": ""2022-12-31""}, {""title"": ""HOPE EMPOWERNMENT AND DEVELOPMENT ORGANIZATION"", ""from"": ""2022-01-01"", ""to"": ""2022-12-31""}, {""title"": ""HOPE EMPOWERNMENT AND DEVELOPMENT ORGANIZATION"", ""from"": ""2022-01-01"", ""to"": ""2022-12-31""}, {""title"": ""HOPE EMPOWERNMENT AND DEVELOPMENT ORGANIZATION"", ""from"": ""2022-01-01"", ""to"": ""2022-12-31""}, {""title"": ""HOPE EMPOWERNMENT AND DEVELOPMENT ORGANIZATION"", ""from"": ""2022-01-01"", ""to"": ""2022-12-31""}, {""title"": ""Children Empowerment"", ""from"": ""2023-01-01"", ""to"": ""2023-12-31""}]"
11959	JABUNGU FOUNDATION	medium_projects_only	unlikely	CHILD		00NGO/R/1794	2021-03-24	National	Arusha	Arumeru	4	2023-03-21	Usa River	3.6	-3.370616	36.8954664	https://nis.jamii.go.tz/ngo_profile/11959	True	To have a stable young people with improved understanding that will contribute effectively to individual and national development.	"[{""title"": ""ENVIRONMENTAL CARE"", ""from"": ""2023-03-14"", ""to"": ""2023-03-21""}, {""title"": ""GENDER BALANCE"", ""from"": ""2022-11-01"", ""to"": ""2022-11-04""}, {""title"": ""WOMEN EMPOERMENT"", ""from"": ""2022-08-22"", ""to"": ""2022-08-26""}, {""title"": ""ENVIRONMENTAL CONSERVATION"", ""from"": ""2022-05-09"", ""to"": ""2022-05-13""}, {""title"": ""EDUCATIONAL EMPOWERMENT"", ""from"": ""2022-02-01"", ""to"": ""2022-02-04""}, {""title"": ""CHILDREN WELLBEING"", ""from"": ""2021-12-06"", ""to"": ""2021-12-17""}, {""title"": ""CHILDREN EDUCATION SUPPORT"", ""from"": ""2021-08-16"", ""to"": ""2021-08-25""}, {""title"": ""ORGANIC FARMING TRAINING"", ""from"": ""2021-05-03"", ""to"": ""2021-05-07""}, {""title"": ""SEMIRARS"", ""from"": ""2021-02-02"", ""to"": ""2021-03-02""}]"
12468	Change For Future(CFF)	medium_projects_only	unlikely	Child		00NGO/R/1891	2021-05-17	National	Arusha	Arumeru	5	2025-11-20	Usa River	3.6	-3.370616	36.8954664	https://nis.jamii.go.tz/ngo_profile/12468	True	A&nbsp; Tanzania Society where Women and Youth Use their potentials for&nbsp; Sustainable Development	"[{""title"": ""Mimi na wewe Tuinuke Project"", ""from"": ""2025-02-15"", ""to"": ""2025-11-20""}, {""title"": ""Mimi na wewe tuinuke"", ""from"": ""2025-01-02"", ""to"": ""2025-03-31""}, {""title"": ""Enviroment Conservation"", ""from"": ""2025-01-15"", ""to"": ""2025-03-31""}, {""title"": ""Twende na Stem"", ""from"": ""2025-01-01"", ""to"": ""2025-03-31""}, {""title"": ""MImi na wewe tuinuke"", ""from"": ""2024-02-25"", ""to"": ""2024-10-15""}, {""title"": ""Twende na STEM"", ""from"": ""2024-05-06"", ""to"": ""2025-02-18""}, {""title"": ""MIMI NA WEWE TUINUKE"", ""from"": ""2024-04-01"", ""to"": ""2024-06-30""}, {""title"": ""TWENDE NA STEM"", ""from"": ""2024-04-01"", ""to"": ""2024-06-29""}, {""title"": ""MIMI NA WEWE TUINUKE"", ""from"": ""2024-01-11"", ""to"": ""2024-03-31""}, {""title"": ""Quality Education For all"", ""from"": ""2023-01-12"", ""to"": ""2023-12-31""}, {""title"": ""Environmental Sustainability Program"", ""from"": ""2022-01-18"", ""to"": ""2022-12-19""}, {""title"": ""Access To quality Education"", ""from"": ""2022-01-15"", ""to"": ""2022-12-19""}]"
18605	Thrive Global Project Inc.	medium_projects_only	unlikely	Child		I-NGO/R/5579	2024-01-04	International	Arusha	Arumeru	2	2025-12-31	Usa River	3.6	-3.370616	36.8954664	https://nis.jamii.go.tz/ngo_profile/18605	True	Fueling the communities we serve with resources to thrive.	"[{""title"": ""Thrive Global Project"", ""from"": ""2025-04-01"", ""to"": ""2025-12-31""}, {""title"": ""The Lunch Project"", ""from"": ""2024-01-06"", ""to"": ""2024-12-31""}, {""title"": ""The Lunch Project"", ""from"": ""2025-01-06"", ""to"": ""2025-03-31""}]"
20179	Sustainable communityTech Alliance (ComTech Alliance)	medium_projects_only	unlikely	Child		00NGO/R/7334	2024-08-27	National	Arusha	Arumeru	1	2026-09-01	Usa River	3.6	-3.375810	36.893952	https://nis.jamii.go.tz/ngo_profile/20179	True	Empowering communities through intentional sustainability and cutting-edge technology	"[{""title"": ""COMTECH SCHOLARS PROGRAM"", ""from"": ""2026-07-01"", ""to"": ""2026-09-01""}, {""title"": ""TANZANIA SECONDARY SCHOOL AI CONFERENCE"", ""from"": ""2026-07-17"", ""to"": ""2026-07-17""}, {""title"": ""TANZANIA SECONDARY SCHOOL AI CONFERENCE"", ""from"": ""2026-04-01"", ""to"": ""2026-06-30""}, {""title"": ""COMTECH SCHOLARS PROGRAM"", ""from"": ""2026-04-01"", ""to"": ""2026-06-30""}, {""title"": ""TANZANIA SECONDARY SCHOOL AI CONFERENCE"", ""from"": ""2026-03-09"", ""to"": ""2026-05-12""}, {""title"": ""COMMUNITY-DRIVEN MULT-TIER FLOOD EARLY WARNING"", ""from"": ""2026-05-02"", ""to"": ""2026-05-12""}, {""title"": ""CAPACITY BUILDING FOR YOUNG INNOVATORS"", ""from"": ""2026-03-31"", ""to"": ""2026-03-31""}, {""title"": ""PROJECT PRESENTATION AND PARTNERSHIP PERMISSION MEETING WITH LOCAL GOVERNMENT AUTHORITY"", ""from"": ""2026-03-25"", ""to"": ""2026-04-24""}, {""title"": ""COMTECH SCHOLARS"", ""from"": ""2025-07-05"", ""to"": ""2026-05-05""}, {""title"": ""COMTECH THINK SPACE"", ""from"": ""2025-08-05"", ""to"": ""2026-05-05""}, {""title"": ""AI-DRIVEN COMMUNITY SOLUTIONS AND INNOVATION"", ""from"": ""2026-05-05"", ""to"": ""2026-05-05""}, {""title"": ""AI development"", ""from"": ""2025-05-01"", ""to"": ""2025-12-18""}]"
563	HEALTH FOR LIFE FOUNDATION	medium_projects_only	unlikely	Child		00NGO/R/0538	2019-08-24	National	Arusha	Arusha	1	2026-03-25	Ilboru	3.7	-3.3187959	36.6742645	https://nis.jamii.go.tz/ngo_profile/563	True	A community embodied with healthier lives and sustanable environmental for future generation.	"[{""title"": ""Child Vaccination Outreach"", ""from"": ""2026-01-10"", ""to"": ""2026-03-25""}, {""title"": ""Nutrition Support Program for Children Under Five"", ""from"": ""2025-01-07"", ""to"": ""2025-09-30""}, {""title"": ""Longdong Community Health Development Organization (LCHDO)"", ""from"": ""2025-03-06"", ""to"": ""2025-10-30""}, {""title"": ""KUGAWA VYANDARUA"", ""from"": ""2024-07-01"", ""to"": ""2024-08-30""}, {""title"": ""PROVISION OF VACCINE TO PREGNANT WOMEN"", ""from"": ""2024-04-05"", ""to"": ""2024-06-20""}, {""title"": ""PROVISION OF VACCINE"", ""from"": ""2024-01-02"", ""to"": ""2024-03-20""}, {""title"": ""UPIMAJI WA AFYA KWA NGAZI YA JAMII"", ""from"": ""2022-01-01"", ""to"": ""2022-12-31""}, {""title"": ""UPIMAJI WA AFYA KWA JAMII"", ""from"": ""2023-01-01"", ""to"": ""2023-12-31""}]"
3443	Miracle Corners Tanzania	medium_projects_only	unlikely	Child		00NGO/00007538	2016-10-07	National	Arusha	Arusha	5	2025-12-31	Ilboru	3.7	-3.3187959	36.6742645	https://nis.jamii.go.tz/ngo_profile/3443	True	&ldquo;To be the best Community Foundation in Educating and supporting communities in Tanzania&rdquo;	"[{""title"": ""Community Oral Health Fellowship Program"", ""from"": ""2025-01-01"", ""to"": ""2025-12-31""}, {""title"": ""Dental Therapist Outreach Training Program"", ""from"": ""2025-01-01"", ""to"": ""2025-12-31""}, {""title"": ""Dental Therapist Outreach Training Program"", ""from"": ""2024-01-01"", ""to"": ""2024-12-31""}, {""title"": ""World Oral Health Day"", ""from"": ""2024-01-01"", ""to"": ""2024-12-31""}, {""title"": ""• Dental Therapy Outreach Training Program conducted in Tanga and Mbeya regions"", ""from"": ""2023-04-01"", ""to"": ""2023-11-30""}, {""title"": ""• Dental Therapy Outreach Training Program conducted in Tanga and Mbeya regions"", ""from"": ""2023-04-01"", ""to"": ""2023-11-30""}, {""title"": ""Dental Club Initiative."", ""from"": ""2018-03-01"", ""to"": ""2021-12-31""}, {""title"": ""Dental Club Initiative."", ""from"": ""2018-03-01"", ""to"": ""2021-12-31""}, {""title"": ""The World Oral Health DayCommemoration"", ""from"": ""2021-03-18"", ""to"": ""2021-03-19""}, {""title"": ""DENTAL THERAPY OUTREACH TRAINING PROGRAM"", ""from"": ""2021-01-01"", ""to"": ""2021-12-31""}, {""title"": ""DENTAL THERAPY OUTREACH TRAINING PROGRAM"", ""from"": ""2021-01-01"", ""to"": ""2021-12-31""}]"
19534	Heart of Giving Foundation	medium_projects_only	unlikely	orphan		00NGO/R/7689	2024-11-14	National	Arusha	Arusha	0		Kijenge	3.7	-3.365320	36.737520	https://nis.jamii.go.tz/ngo_profile/19534	True	Restoring happiness to the needy&nbsp;	
4736	Echo East Africa	medium_projects_only	unlikely	Child		I-NGO/R2/000230	2019-08-01	International	Arusha	Arusha	5	2025-06-30	Arusha City	3.9	-3.3855704	36.6498953	https://nis.jamii.go.tz/ngo_profile/4736	True	Honoring God Through sustainable Hunger Solutions	"[{""title"": ""Echo - Appropriate, Sustainable & Seed bank"", ""from"": ""2024-07-01"", ""to"": ""2025-06-30""}, {""title"": ""Conservation Agriculture & Perennial Vegetable training"", ""from"": ""2023-04-01"", ""to"": ""2024-03-31""}, {""title"": ""Seed saving and banking"", ""from"": ""2023-04-01"", ""to"": ""2024-03-31""}, {""title"": ""Appropriate Technology and Innovation"", ""from"": ""2023-04-01"", ""to"": ""2024-03-31""}, {""title"": ""Seed saving and banking"", ""from"": ""2021-04-01"", ""to"": ""2022-03-31""}, {""title"": ""Seed saving and banking"", ""from"": ""2022-04-01"", ""to"": ""2023-03-31""}, {""title"": ""Appropriate Technology"", ""from"": ""2022-04-01"", ""to"": ""2023-03-31""}, {""title"": ""Tree project"", ""from"": ""2021-10-01"", ""to"": ""2021-12-31""}, {""title"": ""Tree project"", ""from"": ""2021-10-01"", ""to"": ""2021-12-31""}, {""title"": ""Appropriate Technology"", ""from"": ""2021-10-01"", ""to"": ""2021-12-31""}, {""title"": ""Provision of public health, education & water construction"", ""from"": ""2020-04-01"", ""to"": ""2021-03-31""}, {""title"": ""Advancement of education"", ""from"": ""2020-04-01"", ""to"": ""2021-03-31""}]"
22033	Eden Vision Community Organization	medium_projects_only	unlikely	child		00NGO/R/9359	2025-09-02	National	Arusha	Arusha	0		Kijenge	3.9	-3.4068	36.682995	https://nis.jamii.go.tz/ngo_profile/22033	True	A community of hope, where we have everything we need today, to grow the leaders of tomorrow.	
16791	UMOJA MAONO HUMANITARIAN ORGANIZATION	medium_projects_only	unlikely	Child		00NGO/R/4446	2023-03-01	National	Arusha	Arusha	2	2024-12-31	Arusha City	4.2	-3.3900029	36.666762	https://nis.jamii.go.tz/ngo_profile/16791	True	A world in which&nbsp; communities are able to regrow themselves from the inside out.	"[{""title"": ""Primary School Sponsorship"", ""from"": ""2024-01-01"", ""to"": ""2024-12-31""}, {""title"": ""Primary School Sponsorship"", ""from"": ""2023-03-15"", ""to"": ""2023-12-31""}]"
10241	THE GIRLS FOUNDATION OF TANZANIA	medium_projects_only	unlikely	Child		I-NGO/R2/000151	2019-07-18	International	Arusha	Arusha	5	2025-12-31	Kijenge	4.5	-3.4134597	36.7369139	https://nis.jamii.go.tz/ngo_profile/10241	True	With&nbsp; access to high quality educational opportunities, girls with a passion to excel will bring meaningful changes to their lives and help influence change in the lives of others.	"[{""title"": ""COMMUNITY OUTREACH PROGRAM"", ""from"": ""2025-01-01"", ""to"": ""2025-12-31""}, {""title"": ""COMMUNITY OUTREACH PROGRAM"", ""from"": ""2025-01-01"", ""to"": ""2025-12-31""}, {""title"": ""COMMUNITY OUTREACH PROGRAM"", ""from"": ""2025-01-01"", ""to"": ""2025-12-31""}, {""title"": ""ENRICHMENT PROGRAM"", ""from"": ""2025-01-01"", ""to"": ""2025-12-31""}, {""title"": ""SPONSORSHIP & SCHOLARSHIP PROGRAM"", ""from"": ""2025-01-01"", ""to"": ""2025-12-31""}, {""title"": ""Community Outreach Program"", ""from"": ""2024-01-01"", ""to"": ""2024-12-31""}, {""title"": ""Community Outreach Program"", ""from"": ""2024-01-01"", ""to"": ""2024-12-31""}, {""title"": ""Enrichment programs"", ""from"": ""2024-01-01"", ""to"": ""2024-12-31""}, {""title"": ""Enrichment programs"", ""from"": ""2024-01-01"", ""to"": ""2024-12-31""}, {""title"": ""Enrichment programs"", ""from"": ""2024-01-01"", ""to"": ""2024-12-31""}, {""title"": ""Enrichment programs"", ""from"": ""2024-01-01"", ""to"": ""2024-12-31""}, {""title"": ""SPONSORSHIP & SPONSORSHIP PROGRAM"", ""from"": ""2024-01-01"", ""to"": ""2024-12-31""}]"
15047	PAMOJA TUNALEA FOUNDATION	medium_projects_only	unlikely	child		00NGO/R/3605	2022-08-05	National	Arusha	Arusha	3	2025-12-31	Kijenge	4.9	-3.4097126	36.6744903	https://nis.jamii.go.tz/ngo_profile/15047	True	A&nbsp;skilled empowered&nbsp; and a self-reliant&nbsp;community&nbsp;	"[{""title"": ""PAMOJA TUNALEA EARLY CHILDHOOD EDUCATION"", ""from"": ""2025-01-01"", ""to"": ""2025-12-31""}, {""title"": ""ECD"", ""from"": ""2024-01-01"", ""to"": ""2024-12-31""}, {""title"": ""EARLY CHILDHOOD DEVELOPMENT"", ""from"": ""2023-03-04"", ""to"": ""2023-12-25""}]"
18146	MAASAI ACCESS TO EDUCATION	medium_projects_only	unlikely	Child		I-NGO/R/5766	2023-10-16	International	Arusha	Arusha	3	2025-12-31	Kijenge	4.9	-3.4097126	36.6744903	https://nis.jamii.go.tz/ngo_profile/18146	True	We envision a world in which everyone, regardless of their status and circumstances, can fully enjoy the right to education in all its dimensions.	"[{""title"": ""Salaries and Statutory Expense"", ""from"": ""2025-01-01"", ""to"": ""2025-12-31""}, {""title"": ""School Dues"", ""from"": ""2025-01-01"", ""to"": ""2025-07-31""}, {""title"": ""School Essentials"", ""from"": ""2025-01-01"", ""to"": ""2025-06-30""}, {""title"": ""EDUCATIONAL RESOURCES & SCHOOL SUPPLIES"", ""from"": ""2024-02-01"", ""to"": ""2024-12-31""}, {""title"": ""School Supplies"", ""from"": ""2023-12-15"", ""to"": ""2023-12-31""}]"
18491	HAMWE VISION FOUNDATION ORGANIZATION	medium_projects_only	unlikely	Child		00NGO/R/6015	2024-04-23	National	Arusha	Arusha	2	2026-06-30	Kijenge	4.9	-3.4097126	36.6744903	https://nis.jamii.go.tz/ngo_profile/18491	True	"ARTICLE 7: Vision Statement 

 Community access to quality education,quality settlement,quality and affordable health services and lives in clean and friendly enviromental for development"	"[{""title"": ""Sports"", ""from"": ""2026-04-01"", ""to"": ""2026-06-30""}, {""title"": ""Sports"", ""from"": ""2026-01-05"", ""to"": ""2026-03-30""}, {""title"": ""Nutrition Programe"", ""from"": ""2025-05-15"", ""to"": ""2025-05-23""}, {""title"": ""Nutrition Programe"", ""from"": ""2025-05-15"", ""to"": ""2025-05-23""}, {""title"": ""Outreach Programe"", ""from"": ""2025-04-01"", ""to"": ""2025-12-26""}, {""title"": ""Outreach Programe"", ""from"": ""2025-04-01"", ""to"": ""2025-12-26""}, {""title"": ""Outreach Programe"", ""from"": ""2025-04-01"", ""to"": ""2025-12-26""}, {""title"": ""Outreach Programe"", ""from"": ""2025-04-01"", ""to"": ""2025-12-26""}, {""title"": ""Home visits"", ""from"": ""2025-07-01"", ""to"": ""2025-12-31""}, {""title"": ""Breast feeding"", ""from"": ""2025-08-07"", ""to"": ""2025-08-07""}, {""title"": ""Food Programe"", ""from"": ""2025-03-02"", ""to"": ""2025-07-31""}, {""title"": ""Home visit"", ""from"": ""2025-07-01"", ""to"": ""2025-09-30""}]"
16543	HEALTH COMMUNITY OUTREACH PROGRAM	medium_projects_only	unlikely	Child		01NGO/R/4561	2023-04-04	Regional	Arusha	Arumeru	1	2025-12-31	Usa River	5.1	-3.3657427	36.9093782	https://nis.jamii.go.tz/ngo_profile/16543	True	A community in which all people achive their full potential for health.&nbsp;	"[{""title"": ""HCOP ACTIVITIES FOR YEAR 2025"", ""from"": ""2027-03-07"", ""to"": ""2025-12-31""}, {""title"": ""HCOP ACTIVITIES FOR YEAR 2025"", ""from"": ""2027-03-07"", ""to"": ""2025-12-31""}, {""title"": ""HCOP ACTIVITIES FOR YEAR 2025"", ""from"": ""2027-03-07"", ""to"": ""2025-12-31""}]"
4514	BUSINESS AND ENTREPRENEURSHIP SUPPORT TANZANIA (BEST)	medium_projects_only	unlikely	disabilit		00NGO/R1/00476	2006-10-27	National	Arusha	Arusha	6	2025-12-31	Arusha City	5.2	-3.3990968	36.6639543	https://nis.jamii.go.tz/ngo_profile/4514	True	A community of Equal Opportunities Empowered to manage Social and Economic Activities Sustainably.	"[{""title"": ""Microfinance Project"", ""from"": ""2025-01-01"", ""to"": ""2025-12-31""}, {""title"": ""Womens' Opportunity for Resources and Knowledge (WORK-Project)"", ""from"": ""2025-01-10"", ""to"": ""2025-12-31""}, {""title"": ""Womens' Opportunity for Resources and Knowledge (WORK-Project)"", ""from"": ""2024-02-15"", ""to"": ""2025-02-14""}, {""title"": ""Micro-financing Project"", ""from"": ""2023-01-01"", ""to"": ""2023-12-31""}, {""title"": ""Norwegian Aid Microfinance Project"", ""from"": ""2021-01-01"", ""to"": ""2021-12-31""}, {""title"": ""AWC - Micrfinance Project"", ""from"": ""2021-01-01"", ""to"": ""2021-12-31""}]"
10911	KELLY'S GIVING TREE	medium_projects_only	unlikely	vulnerable child		00NGO/R/5234	2024-02-23	National	Arusha	Arusha	0		Arusha City	5.2	-3.3919991	36.6360675	https://nis.jamii.go.tz/ngo_profile/10911	True	Bringing people from around the world together to end poverty and suffering in Arusha, Tanzania.	
11127	COMMUNITY DEVELOPMENT EMPOWERMENT ORGANISATION	medium_projects_only	unlikely	Child		00NGO/R/1367	2020-10-06	National	Arusha	Arumeru	4	2025-11-30	Kijenge	5.6	-3.3741191	36.7592422	https://nis.jamii.go.tz/ngo_profile/11127	True	"To have a society that women, Youth and most vulnerable groups have propsperous,sustainable and improved living standard in terms of education,health and livelihoods in general. 

 &nbsp;"	"[{""title"": ""TEACHERS IN A BOX"", ""from"": ""2025-01-29"", ""to"": ""2025-11-30""}, {""title"": ""Education"", ""from"": ""2021-02-01"", ""to"": ""2021-12-14""}, {""title"": ""Education project"", ""from"": ""2024-04-08"", ""to"": ""2024-11-22""}, {""title"": ""A teacher in a Box"", ""from"": ""2022-10-11"", ""to"": ""2022-10-28""}]"
15972	TUPENDANE AFRICA FOUNDATION	medium_projects_only	unlikely	Child		00NGO/R/4166	2022-12-20	National	Arusha	Arumeru	3	2025-12-23	Kijenge	5.6	-3.3741191	36.7592422	https://nis.jamii.go.tz/ngo_profile/15972	True	&nbsp; A society that uphold gender equality, dignity, respect and fairness for all in order to meet social-economic development.	"[{""title"": ""Daycare – Early Childhood Development (ECD) Program"", ""from"": ""2025-01-06"", ""to"": ""2025-12-22""}, {""title"": ""Community Support Outreach Program"", ""from"": ""2025-02-17"", ""to"": ""2025-11-24""}, {""title"": ""Women Economic Empowerment Program"", ""from"": ""2025-01-13"", ""to"": ""2025-12-23""}, {""title"": ""Daycare – Early Childhood Development (ECD) Program"", ""from"": ""2024-01-22"", ""to"": ""2024-12-13""}, {""title"": ""Community Support Outreach"", ""from"": ""2024-02-14"", ""to"": ""2024-12-23""}, {""title"": ""Women Economic Empowerment Program"", ""from"": ""2024-01-15"", ""to"": ""2024-12-20""}, {""title"": ""women empowerment"", ""from"": ""2024-01-01"", ""to"": ""2024-12-01""}, {""title"": ""women empowerment"", ""from"": ""2023-07-03"", ""to"": ""2023-09-29""}, {""title"": ""women empowerment"", ""from"": ""2023-04-03"", ""to"": ""2023-06-30""}, {""title"": ""women empowerment"", ""from"": ""2023-04-03"", ""to"": ""2023-06-30""}, {""title"": ""women empowerment"", ""from"": ""2023-04-03"", ""to"": ""2023-06-30""}, {""title"": ""women empowerment"", ""from"": ""2023-01-02"", ""to"": ""2023-03-31""}]"
12588	ORGANIZATION FOR PEOPLE'S EMPOWERMENT AND DEVELOPMENT	medium_projects_only	unlikely	Child		00NGO/R/2165	2021-08-17	National	Arusha	Arumeru	1	2023-12-31	Usa River	5.8	-3.3644608	36.9158983	https://nis.jamii.go.tz/ngo_profile/12588	True	A just community without poverty	"[{""title"": ""Compassion"", ""from"": ""2023-02-01"", ""to"": ""2023-12-31""}]"
4381	PILOT LIGHT DEVELOPMENT ORGANIZATION	medium_projects_only	unlikely	child		00NG0/0009538	2018-02-26	National	Arusha	Arusha	3	2023-04-20	Arusha City	5.9	-3.301397	36.6499678	https://nis.jamii.go.tz/ngo_profile/4381	True	Envisages a transformed society in which all are aware about their social economic rights and empowerd to participate in and enjoy inclusive sustainable development	"[{""title"": ""PILOT LIGHT DEVELOPMENT ORGANIZATION"", ""from"": ""2023-04-20"", ""to"": ""2023-04-20""}, {""title"": ""Gender and Women Development Activites"", ""from"": ""2020-03-01"", ""to"": ""2020-12-31""}, {""title"": ""Gender and Women Development Activites"", ""from"": ""2020-03-01"", ""to"": ""2020-12-31""}]"
4697	ELIMU COMMUNITY LIGHT (ECOLI)	medium_projects_only	unlikely	Child		00NGO/R1/0091	2006-09-21	National	Arusha	Arusha	4	2026-03-10	Arusha City	5.9	-3.301397	36.6499678	https://nis.jamii.go.tz/ngo_profile/4697	True	-Evision Tanzania with educated and developed citizens	"[{""title"": ""hela-tec platform"", ""from"": ""2025-05-14"", ""to"": ""2026-03-10""}, {""title"": ""Hela-Tec"", ""from"": ""2024-01-01"", ""to"": ""2024-12-31""}]"
4797	NGARASERO COMMUNITY ORGANIZATION	medium_projects_only	unlikely	child	Ngarasero Community Organization	00NGO/0009492	2018-01-26	National	Arusha	Arusha	0		Ilboru	5.9	-3.336215	36.7443566	https://nis.jamii.go.tz/ngo_profile/4797	True	To envision&nbsp; communities&nbsp; with improved&nbsp; social and economic, welfare in which&nbsp; survival&nbsp; and&nbsp; development&nbsp; of&nbsp; vulnerable&nbsp; people are guaranteed.	
5247	INHERIT YOUR RIGHTS	medium_projects_only	unlikely	Child		I-NGO/R1/0097	2012-02-28	International	Arusha	Arusha	3	2025-12-19	Arusha City	5.9	-3.301397	36.6499678	https://nis.jamii.go.tz/ngo_profile/5247	True	We want to see an end to gender-based violence in Tanzania	"[{""title"": ""Media Broadcasting"", ""from"": ""2025-01-06"", ""to"": ""2025-12-19""}, {""title"": ""Mental Health Support"", ""from"": ""2028-03-14"", ""to"": ""2025-12-19""}, {""title"": ""Mental Health Support"", ""from"": ""2028-03-14"", ""to"": ""2025-12-19""}, {""title"": ""Mental Health Support"", ""from"": ""2028-03-14"", ""to"": ""2025-12-19""}, {""title"": ""Mental Health Support"", ""from"": ""2028-03-14"", ""to"": ""2025-12-19""}, {""title"": ""Legal Aid Service"", ""from"": ""2025-01-06"", ""to"": ""2025-12-19""}, {""title"": ""Legal Aid Service"", ""from"": ""2025-01-06"", ""to"": ""2025-12-19""}, {""title"": ""Community Advisor Program"", ""from"": ""2025-01-13"", ""to"": ""2025-10-13""}, {""title"": ""Community Advisor Program"", ""from"": ""2025-01-13"", ""to"": ""2025-10-13""}, {""title"": ""Community Advisor Program"", ""from"": ""2025-01-13"", ""to"": ""2025-10-13""}, {""title"": ""Community Advisor Program"", ""from"": ""2025-01-13"", ""to"": ""2025-10-13""}, {""title"": ""Community Advisor Program"", ""from"": ""2025-01-13"", ""to"": ""2025-10-13""}]"
4571	The Pioneer for Women and Youth Transformation (PIWOYOT)	medium_projects_only	unlikely	Vulnerable child		00NGO/00009697	2018-05-29	National	Arusha	Arusha	5	2026-09-09	Arusha City	6.5	-3.3918919	36.6181437	https://nis.jamii.go.tz/ngo_profile/4571	True	-	"[{""title"": ""Empowering women group in Longido"", ""from"": ""2026-07-01"", ""to"": ""2026-09-09""}, {""title"": ""Drip irrigation project"", ""from"": ""2026-04-01"", ""to"": ""2026-06-30""}, {""title"": ""Monitoring of Equal and Sustainable Menstrual Health project"", ""from"": ""2026-01-20"", ""to"": ""2026-01-30""}, {""title"": ""tree planting,widow rights and women empowerment with tool boxes"", ""from"": ""2025-01-01"", ""to"": ""2025-12-31""}, {""title"": ""EQUAL AND SUSTAINABLE MENSTRUAL HEALTH PROJECT IN MONDUL DISTRICT."", ""from"": ""2025-10-01"", ""to"": ""2025-12-24""}, {""title"": ""EQUAL AND SUSTAINABLE MENSTRUAL HEALTH PROJECT IN MONDUL DISTRICT."", ""from"": ""2025-08-18"", ""to"": ""2025-10-15""}, {""title"": ""women empowement through VICOBA"", ""from"": ""2025-03-05"", ""to"": ""2025-06-26""}, {""title"": ""Empowerment of widows thought fruits project in monduli"", ""from"": ""2025-01-03"", ""to"": ""2025-12-31""}, {""title"": ""Drip irrigation project"", ""from"": ""2024-02-01"", ""to"": ""2024-12-30""}, {""title"": ""Widows Economic Empowerment through Drip Irrigation in Monduli"", ""from"": ""2024-04-01"", ""to"": ""2024-06-30""}, {""title"": ""Womenand youth empowerment"", ""from"": ""2023-01-01"", ""to"": ""2023-12-31""}, {""title"": ""Drip irrigation project"", ""from"": ""2024-01-01"", ""to"": ""2024-03-31""}]"
11657	TANZANIA DREAMS ORGANIZATION	medium_projects_only	unlikely	orphan		00NGO/R/1573	2021-01-04	National	Arusha	Arusha	1		Arusha City	6.5	-3.3918919	36.6181437	https://nis.jamii.go.tz/ngo_profile/11657	True	To envisage a community in which a just distribution of resources enable current and future generation to live in a safe environment and enjoying their economic rights with the living standard&nbsp;	
4358	NOW FOR COMPASSION (NFC) TANZANIA	medium_projects_only	unlikely	Child		1-NGO/00006782	2013-12-17	International	Arusha	Arumeru	5	2025-12-31	Usa River	6.7	-3.354645	36.8035269	https://nis.jamii.go.tz/ngo_profile/4358	True	---	"[{""title"": ""PAMOJA SPECIALIZED POLYCLINIC"", ""from"": ""2025-01-01"", ""to"": ""2025-12-31""}, {""title"": ""PAMOJA SPECIALIZED POLYCLINIC"", ""from"": ""2024-01-01"", ""to"": ""2024-12-31""}, {""title"": ""PAMOJA SPECIALIZED POLYLICNIC"", ""from"": ""2023-06-08"", ""to"": ""2023-12-31""}, {""title"": ""PAMOJA SPECIALIZED POLYCLINIC"", ""from"": ""2022-01-01"", ""to"": ""2022-12-31""}, {""title"": ""PAMOJA DISPENSARY"", ""from"": ""2021-01-01"", ""to"": ""2021-12-31""}]"
16334	DÆYEG FOUNDATION	medium_projects_only	unlikely	Child		00NGO/R1/00576	2023-01-13	National	Arusha	Arumeru	2	2025-12-31	Usa River	6.7	-3.354645	36.8035269	https://nis.jamii.go.tz/ngo_profile/16334	True	To see a Tanzania where everyone is enjoying for having access and benefits&nbsp;&nbsp;from useful and affordable sustainable better health, education and&nbsp;livelihoods opportunities.	"[{""title"": ""SPONSORSHIP PROGRAM"", ""from"": ""2025-10-01"", ""to"": ""2025-12-31""}, {""title"": ""SPONSORSHIP PROGRAM"", ""from"": ""2025-10-01"", ""to"": ""2025-12-31""}, {""title"": ""SPONSORSHIP PROGRAM"", ""from"": ""2025-04-01"", ""to"": ""2025-06-30""}, {""title"": ""ADMINISTRATION COSTS"", ""from"": ""2025-04-01"", ""to"": ""2025-06-30""}, {""title"": ""RESCUING LIVES PROGRAM"", ""from"": ""2023-12-16"", ""to"": ""2024-11-16""}, {""title"": ""SPONSORSHIP PROGRAM"", ""from"": ""2023-12-16"", ""to"": ""2024-12-31""}, {""title"": ""WATER, SANITATION AND HYGIENE PROJECT"", ""from"": ""2023-12-16"", ""to"": ""2024-12-31""}, {""title"": ""INCOME AND FOOD SECURITY PROJECT"", ""from"": ""2023-12-16"", ""to"": ""2024-12-31""}, {""title"": ""ECONOMIC EMPOWEREMENT PROJECT"", ""from"": ""2023-12-16"", ""to"": ""2024-12-31""}, {""title"": ""PROMOTING SECURITY AND SAFETY OF THE CITIZENS"", ""from"": ""2023-07-30"", ""to"": ""2023-12-04""}, {""title"": ""WATER HYGIENE AND SANITATION"", ""from"": ""2022-05-01"", ""to"": ""2023-11-30""}, {""title"": ""WATER HYGIENE AND SANITATION"", ""from"": ""2022-05-01"", ""to"": ""2023-11-30""}]"
272	Agape Mission Tanzania (AMT)	medium_projects_only	unlikely	Child		00NGO/R2/000415	2019-08-20	National	Arusha	Arumeru	3	2025-12-31	Usa River	7.0	-3.3354265	36.8077667	https://nis.jamii.go.tz/ngo_profile/272	True	A community that acquire better water services, good environment and health	"[{""title"": ""Simanjiro Greening Initiatives"", ""from"": ""2025-01-01"", ""to"": ""2025-12-31""}, {""title"": ""Mgutwa Secondary School Education Program"", ""from"": ""2025-01-01"", ""to"": ""2025-12-31""}, {""title"": ""Education Support for Mgutwa School"", ""from"": ""2022-01-01"", ""to"": ""2022-12-31""}, {""title"": ""Education Support for Mgutwa School"", ""from"": ""2023-01-01"", ""to"": ""2023-12-31""}]"
10439	Ifura Tanzania Foundation	medium_projects_only	unlikely	Child		01NGO/R/0938	2020-01-23	Regional	Arusha	Arumeru	2		Usa River	7.0	-3.3354265	36.8077667	https://nis.jamii.go.tz/ngo_profile/10439	True	Changing Lives through Education &nbsp;and support.	
15547	MILES OF SMILE ORGANIZATION	medium_projects_only	unlikely	Child		00NGO/R/3661	2022-08-11	National	Arusha	Arumeru	2	2025-11-12	Usa River	7.0	-3.3354265	36.8077667	https://nis.jamii.go.tz/ngo_profile/15547	True	To see all community member getting their basic needs so as to overcome poverty and living with equal standard of life	"[{""title"": ""MILES OF SMILE DAY CARE"", ""from"": ""2025-01-08"", ""to"": ""2025-11-12""}, {""title"": ""MILES OF SMILES DAY CARE"", ""from"": ""2022-08-25"", ""to"": ""2023-04-13""}, {""title"": ""MILES OF SMILES DAY CARE"", ""from"": ""2022-08-25"", ""to"": ""2023-04-13""}]"
19403	OUTREACH EXPERIENCE FOUNDATION	medium_projects_only	unlikely	Sponsorship		00NGO/R/7042	2024-07-23	National	Arusha	Arumeru	0	2025-12-31	Kijenge	7.0	-3.3685738	36.7711766	https://nis.jamii.go.tz/ngo_profile/19403	True	Adress education, health and environmental problems of the need community in Tanzania	"[{""title"": ""Hope in Education Project"", ""from"": ""2025-01-01"", ""to"": ""2025-12-31""}, {""title"": ""Mnini Secondary school Sponsorship Project"", ""from"": ""2025-02-15"", ""to"": ""2025-12-31""}, {""title"": ""Outreach Experience Foundation"", ""from"": ""2024-07-01"", ""to"": ""2024-12-31""}]"
12188	Tanzania Agape Foundation (TAF)	medium_projects_only	unlikely	child		00NGO/R/1823	2021-04-09	National	Arusha	Arusha	0		Ilboru	7.1	-3.2832463	36.6807119	https://nis.jamii.go.tz/ngo_profile/12188	True	"We dream of,&nbsp;envision&nbsp;and aim at&nbsp;building holistic and prosperious communities in Tanzania. 

 &nbsp;"	
18189	OMOM MAASAI COMMUNITY FOUNDATION	medium_projects_only	unlikely	child		00NGO/R/5874	2023-08-23	National	Arusha	Arusha	0		Ilboru	7.1	-3.2832463	36.6807119	https://nis.jamii.go.tz/ngo_profile/18189	True	To have a well being Maasai Community	
548	TANZANIA WELLSAFE SOCIAL ORGANIZATION	medium_projects_only	unlikely	Child		00NGO/R/0558	2019-08-26	National	Arusha	Arusha	4	2025-12-31	Arusha City	7.2	-3.314465	36.6093092	https://nis.jamii.go.tz/ngo_profile/548	True	Dedication of social works purposely for transform sociaties into good life	"[{""title"": ""Cultural tourism"", ""from"": ""2025-01-01"", ""to"": ""2025-12-31""}, {""title"": ""Cultural tourism"", ""from"": ""2022-01-01"", ""to"": ""2022-12-31""}, {""title"": ""Cultural tourism"", ""from"": ""2023-01-01"", ""to"": ""2023-12-31""}, {""title"": ""Cultural tourism"", ""from"": ""2021-01-01"", ""to"": ""2021-12-31""}, {""title"": ""TAWESO COMMUNITY SUPPORT PROJECT"", ""from"": ""2022-01-01"", ""to"": ""2022-12-31""}, {""title"": ""TAWESO COMMUNITY SUPPORT PROJECT"", ""from"": ""2022-01-01"", ""to"": ""2022-12-31""}]"
13948	Tanzania Health and Social Services	medium_projects_only	unlikely	Early Childhood		00NGO/R/2636	2021-12-06	National	Arusha	Arusha	3	2025-12-31	Arusha City	7.2	-3.314465	36.6093092	https://nis.jamii.go.tz/ngo_profile/13948	True	Community access better health,skills,quality and affordable social services and lives in clean and friendly enviromental for development	"[{""title"": ""Institutional Capacity Strengthening"", ""from"": ""2025-01-10"", ""to"": ""2025-12-31""}, {""title"": ""Drug Abuse Prevention Education"", ""from"": ""2025-01-01"", ""to"": ""2025-12-31""}, {""title"": ""Early Childhood Parenting Education"", ""from"": ""2025-01-10"", ""to"": ""2025-12-31""}, {""title"": ""Board of Directors capacity building training"", ""from"": ""2022-01-29"", ""to"": ""2022-01-29""}]"
7785	PROBONO	medium_projects_only	unlikely	child		00NGO/R1/00224	2012-03-22	National	Arusha	Arumeru	4	2021-09-30	Kijenge	7.3	-3.3526037	36.7674183	https://nis.jamii.go.tz/ngo_profile/7785	True	-	"[{""title"": ""Support educational projects"", ""from"": ""2022-02-26"", ""to"": ""2021-09-30""}, {""title"": ""Support educational projects"", ""from"": ""2022-02-26"", ""to"": ""2021-09-30""}, {""title"": ""Support educational projects"", ""from"": ""2022-02-26"", ""to"": ""2021-09-30""}, {""title"": ""Support educational projects"", ""from"": ""2022-02-26"", ""to"": ""2021-09-30""}, {""title"": ""Support educational projects"", ""from"": ""2022-02-26"", ""to"": ""2021-09-30""}, {""title"": ""Support educational projects"", ""from"": ""2022-02-26"", ""to"": ""2021-09-30""}, {""title"": ""Support educational projects"", ""from"": ""2022-02-26"", ""to"": ""2021-09-30""}, {""title"": ""Support educational projects"", ""from"": ""2022-02-26"", ""to"": ""2021-09-30""}, {""title"": ""Support educational projects"", ""from"": ""2022-02-26"", ""to"": ""2021-09-30""}, {""title"": ""Support educational projects"", ""from"": ""2022-02-26"", ""to"": ""2021-09-30""}, {""title"": ""Support educational projects"", ""from"": ""2022-02-26"", ""to"": ""2021-09-30""}, {""title"": ""Support educational projects"", ""from"": ""2022-02-26"", ""to"": ""2021-09-30""}]"
17219	Save the Elders Foundation	medium_projects_only	unlikely	kids		00NGO/R/4828	2023-05-17	National	Arusha	Arusha	2	2024-11-02	Kijenge	7.3	-3.3526037	36.7674183	https://nis.jamii.go.tz/ngo_profile/17219	True	A society where every elderly person is valued, respected, and empowered to live a fulfilling life.	"[{""title"": ""Healthcare Support for Non-Communicable Diseases & Food Supply to Sekei Elders, Arusha, Tanzania"", ""from"": ""2024-11-02"", ""to"": ""2024-11-02""}, {""title"": ""Food Supply to Longido Elders"", ""from"": ""2024-08-30"", ""to"": ""2024-08-30""}, {""title"": ""Supplying School Uniforms and Stationery to Grandkids of Longido Elders"", ""from"": ""2024-09-21"", ""to"": ""2024-09-21""}, {""title"": ""Provision of Hospital Facilities"", ""from"": ""2024-09-07"", ""to"": ""2024-09-07""}, {""title"": ""Basic needs for elderly people"", ""from"": ""2023-09-23"", ""to"": ""2023-09-23""}]"
449	COMMUNITY KNOWLEDGE CENTER	medium_projects_only	unlikely	Child		01NGO/R2/000594	2019-08-30	District	Arusha	Arumeru	5	2024-12-31	Usa River	7.4	-3.3170657	36.8169879	https://nis.jamii.go.tz/ngo_profile/449	True	TO HAVE A COMMUNITY WITH GOOD EDUCATION	"[{""title"": ""computer training"", ""from"": ""2024-01-03"", ""to"": ""2024-12-31""}, {""title"": ""Computer Training"", ""from"": ""2022-01-03"", ""to"": ""2023-03-28""}, {""title"": ""Computer Training Project"", ""from"": ""2021-01-01"", ""to"": ""2021-12-31""}, {""title"": ""Kindergaten"", ""from"": ""2020-01-01"", ""to"": ""2020-12-31""}, {""title"": ""Teaching computer to the community"", ""from"": ""2020-01-01"", ""to"": ""2020-12-31""}]"
12657	PASTORAL WOMEN'S COUNCIL	medium_projects_only	unlikely	child		00NGO/R1/00395	2014-06-30	National	Arusha	Arusha	2	2020-12-31	Arusha City	7.4	-3.4120544	36.6307251	https://nis.jamii.go.tz/ngo_profile/12657	True	A society, which respect rights and justice for all.	"[{""title"": ""Acivity 1. Formation and strengthening of women micro-credit groups"", ""from"": ""2019-10-12"", ""to"": ""2020-12-31""}]"
14990	2givelife.org Tanzania	medium_projects_only	unlikely	Child		I-NGO/R/3813	2022-09-16	International	Arusha	Arumeru	3	2025-12-31	Usa River	7.4	-3.3170657	36.8169879	https://nis.jamii.go.tz/ngo_profile/14990	True	A thriving community with people who acquire better life and ensure the building of bright futures.	"[{""title"": ""Day Care Support with School System"", ""from"": ""2025-01-01"", ""to"": ""2025-12-31""}, {""title"": ""Day Care Support with School System"", ""from"": ""2025-01-01"", ""to"": ""2025-12-31""}, {""title"": ""Day Care Support with School System"", ""from"": ""2024-01-01"", ""to"": ""2024-06-30""}, {""title"": ""Day Care Support with School System"", ""from"": ""2024-01-01"", ""to"": ""2024-06-30""}, {""title"": ""Day Care Support with School System"", ""from"": ""2023-01-01"", ""to"": ""2023-12-31""}, {""title"": ""Day Care Support with School System"", ""from"": ""2023-01-01"", ""to"": ""2023-12-31""}]"
254	GIVEN COMMUNITY ORGANIZATION (GCO)	medium_projects_only	unlikely	child		00NGO/R/0384	2019-08-06	National	Arusha	Arumeru	0		Usa River	7.8	-3.3354621	36.798989	https://nis.jamii.go.tz/ngo_profile/254	True	A community with improved services and improved standard of living of its people.	
21772	OASIS FOUNDATION	medium_projects_only	unlikely	Child		00NGO/R/8258	2025-03-25	National	Arusha	Arumeru	1	2025-07-08	Usa River	8.2	-3.427106	36.823958	https://nis.jamii.go.tz/ngo_profile/21772	True	"Vision  

  To foster community development through innovative research, expert consultancy, productive ventures, and sustainable practices."	"[{""title"": ""CHILD PROTECTION"", ""from"": ""2025-06-08"", ""to"": ""2025-07-08""}]"
416	FRIENDS OF MEILI INTERNATIONAL.INC	medium_projects_only	unlikely	child		I-NGO/R2/000409	2019-08-20	International	Arusha	Arusha	6	2025-12-31	Arusha City	8.4	-3.3704191	36.5880395	https://nis.jamii.go.tz/ngo_profile/416	True	A HEALTH AND EDUCATION SOCIETY	"[{""title"": ""FRIENDS OF MEALI INTERNATIONAL.INC"", ""from"": ""2025-01-01"", ""to"": ""2025-12-31""}, {""title"": ""FRIENDS OF MEALI INTERNATIONAL.INC"", ""from"": ""2024-01-01"", ""to"": ""2024-12-31""}, {""title"": ""Infrastructure development and services"", ""from"": ""2024-01-03"", ""to"": ""2024-03-29""}, {""title"": ""Friends of Meali International Inc"", ""from"": ""2023-01-25"", ""to"": ""2023-12-31""}, {""title"": ""INFRASTRUCTURE DEVELOPMENT AND SERVICES"", ""from"": ""2020-02-16"", ""to"": ""2020-03-24""}, {""title"": ""INFRASTRUCTURE DEVELOPMENT AND SERVICES"", ""from"": ""2020-02-16"", ""to"": ""2020-03-24""}, {""title"": ""PAYMENT FOR STAFF RENUMERATION"", ""from"": ""2021-01-30"", ""to"": ""2020-12-31""}, {""title"": ""PROVISION OF FOOD AT MEALI PRIMARY"", ""from"": ""2020-01-15"", ""to"": ""2020-12-31""}, {""title"": ""STUDENTS BURSARY PROGRAM"", ""from"": ""2021-01-08"", ""to"": ""2021-01-08""}]"
4857	USA RIVER YOUTH AND DEVELOPMENT ORGANIZATION (UYDO)	medium_projects_only	unlikely	child		00NGO/00003834	2010-05-07	National	Arusha	Arumeru	0		Kijenge	8.4	-3.371229	36.7845453	https://nis.jamii.go.tz/ngo_profile/4857	True	The vision of the organization&nbsp; is to have&nbsp; Tanzanian society free&nbsp; from&nbsp; poverty, respect and&nbsp; dignity as well as&nbsp; good&nbsp; lively hood citizen.	
11521	ATTRACTION BIRDS CONSERVATION	medium_projects_only	unlikely	Child		00NGO/R/1479	2020-11-11	National	Arusha	Arumeru	2	2023-03-24	Kijenge	8.4	-3.3489691	36.7768995	https://nis.jamii.go.tz/ngo_profile/11521	True	To make Tanzania in general the best bird and environmental conservation spot in the world	"[{""title"": ""Community empowerment program"", ""from"": ""2022-05-10"", ""to"": ""2022-12-02""}, {""title"": ""Birds Watching and Conservation"", ""from"": ""2022-01-18"", ""to"": ""2023-03-24""}, {""title"": ""Environmental Sustainability"", ""from"": ""2022-01-18"", ""to"": ""2022-12-30""}, {""title"": ""Environment Cleaning Program"", ""from"": ""2022-10-30"", ""to"": ""2022-12-31""}, {""title"": ""Bird watching"", ""from"": ""2022-10-20"", ""to"": ""2023-02-15""}, {""title"": ""Language and computer learning for Young mothers"", ""from"": ""2022-11-05"", ""to"": ""2022-12-31""}, {""title"": ""Environment Cleaning Project"", ""from"": ""2022-01-05"", ""to"": ""2022-03-31""}, {""title"": ""Bird Watching and Environmental Conservation"", ""from"": ""2022-07-02"", ""to"": ""2022-09-30""}, {""title"": ""Organization Develpment Program"", ""from"": ""2022-04-01"", ""to"": ""2022-06-30""}, {""title"": ""ENVIRONMENTAL CONSERVATION AND PRESERVATION"", ""from"": ""2022-04-01"", ""to"": ""2022-08-03""}, {""title"": ""Birds Identification and Conservation"", ""from"": ""2022-04-03"", ""to"": ""2022-06-30""}, {""title"": ""Birds Concervation"", ""from"": ""2020-11-11"", ""to"": ""2021-10-30""}]"
17746	Enduata Community Initiative Organization (ECIO)	medium_projects_only	unlikely	child		00NGO/R/5022	2023-08-01	National	Arusha	Arumeru	2	2027-05-17	Kijenge	8.4	-3.3489691	36.7768995	https://nis.jamii.go.tz/ngo_profile/17746	True	To be a leading organization that promote quality standard of living by addressing challenges facing the rural Maasai community&nbsp;in Tanzania&nbsp;	"[{""title"": ""Wildlife and Envioronmental conservation"", ""from"": ""2024-02-01"", ""to"": ""2024-12-31""}, {""title"": ""Climate change adaptation and resilience"", ""from"": ""2024-04-28"", ""to"": ""2024-12-31""}, {""title"": ""Driving Women economic empowement"", ""from"": ""2024-02-01"", ""to"": ""2027-05-17""}, {""title"": ""Driving Women economic empowement"", ""from"": ""2024-02-01"", ""to"": ""2027-05-17""}, {""title"": ""Driving Women economic empowement"", ""from"": ""2024-02-01"", ""to"": ""2027-05-17""}, {""title"": ""Pads Project"", ""from"": ""2024-04-01"", ""to"": ""2024-12-31""}, {""title"": ""Education Initiatives"", ""from"": ""2024-01-08"", ""to"": ""2024-12-31""}, {""title"": ""Education Initiatives"", ""from"": ""2024-01-08"", ""to"": ""2024-12-31""}, {""title"": ""Education Initiatives"", ""from"": ""2024-01-08"", ""to"": ""2024-12-31""}, {""title"": ""Support Maasai Girls Education"", ""from"": ""2023-12-14"", ""to"": ""2023-12-29""}]"
4060	The School of ST. Jude	medium_projects_only	unlikely	orphan		0920	2009-05-11	International	Arusha	Arusha	3		Kijenge	8.5	-3.4424539	36.7587366	https://nis.jamii.go.tz/ngo_profile/4060	True	-	
4433	TASWIRA YA HAKI PARALEGAL ORGANIZATION.	medium_projects_only	unlikely	watoto		01NGO/08455	2016-02-24	District	Arusha	Arumeru	0		Kijenge	9.0	-3.338139	36.777262	https://nis.jamii.go.tz/ngo_profile/4433	True	Kujenga jamii ya Tanzania yenye amani,utulivu na yenye kuheshimu sheria za nchi	
4496	JIFUNDISHE	medium_projects_only	unlikely	Child		01NGO/R1/00547	2008-02-29	District	Arusha	Arumeru	5	2025-12-31	Usa River	9.2	-3.3331407	36.7866134	https://nis.jamii.go.tz/ngo_profile/4496	True	Empowered communities of &nbsp;informed, educated &amp; self-motivated individuals.&nbsp;	"[{""title"": ""Jifundishe Free Library"", ""from"": ""2025-01-01"", ""to"": ""2025-12-31""}, {""title"": ""Jifundishe Free Library"", ""from"": ""2025-01-01"", ""to"": ""2025-03-31""}, {""title"": ""Independent Study Program"", ""from"": ""2024-07-01"", ""to"": ""2024-09-30""}, {""title"": ""Independent Study Program"", ""from"": ""2024-04-01"", ""to"": ""2024-06-30""}, {""title"": ""Jifundishe Free Library"", ""from"": ""2024-04-01"", ""to"": ""2024-06-30""}, {""title"": ""Jifundishe Free Library"", ""from"": ""2024-01-01"", ""to"": ""2024-03-31""}, {""title"": ""Jifundishe Free Library"", ""from"": ""2024-01-01"", ""to"": ""2024-12-31""}, {""title"": ""Jifundishe Free Library"", ""from"": ""2023-01-01"", ""to"": ""2023-01-31""}, {""title"": ""Entrepeneurship Program"", ""from"": ""2022-01-01"", ""to"": ""2022-12-31""}, {""title"": ""Scholarship Funds"", ""from"": ""2022-01-01"", ""to"": ""2022-12-31""}, {""title"": ""Independent Study Program"", ""from"": ""2022-01-01"", ""to"": ""2022-12-31""}, {""title"": ""Jifundishe Free Library"", ""from"": ""2022-01-01"", ""to"": ""2022-12-31""}]"
12121	NANAPAY FOUNDATION	medium_projects_only	unlikely	Child		I-NGO/R/7029	2024-07-23	International	Arusha	Monduli	1	2025-05-28	Usa River	9.2	-3.3873642	36.9429517	https://nis.jamii.go.tz/ngo_profile/12121	True	Women and girls who are well educated and empowered.	"[{""title"": ""Child school fees support"", ""from"": ""2024-07-01"", ""to"": ""2025-05-28""}]"
13059	Dunia Salama Foundation	medium_projects_only	unlikely	Child		00NGO/R/2064	2021-08-13	National	Arusha	Arumeru	3	2026-03-04	Usa River	9.2	-3.3331407	36.7866134	https://nis.jamii.go.tz/ngo_profile/13059	True	A world where peace and tranquility are prevailing.	"[{""title"": ""GBV Awareness"", ""from"": ""2025-12-09"", ""to"": ""2025-12-09""}, {""title"": ""Environment Cleaning Program"", ""from"": ""2025-07-13"", ""to"": ""2025-09-20""}, {""title"": ""Environment Media Tour"", ""from"": ""2025-05-05"", ""to"": ""2025-08-12""}, {""title"": ""Tecno Huru Project"", ""from"": ""2025-02-06"", ""to"": ""2025-12-23""}, {""title"": ""Maadhimisho ya siku ya Wanawake Duniani"", ""from"": ""2026-03-04"", ""to"": ""2026-03-04""}, {""title"": ""Mimi na TEHAMA"", ""from"": ""2026-02-17"", ""to"": ""2026-02-17""}, {""title"": ""Environment Media Tour"", ""from"": ""2026-02-10"", ""to"": ""2026-02-10""}, {""title"": ""Mimi na TEHAMA Project"", ""from"": ""2025-01-09"", ""to"": ""2025-11-19""}, {""title"": ""Mimi na TEHAMA"", ""from"": ""2025-01-08"", ""to"": ""2025-12-16""}, {""title"": ""Kongamano La NACONGO"", ""from"": ""2025-07-28"", ""to"": ""2025-07-28""}, {""title"": ""Wiki4inclusion Tanzania"", ""from"": ""2025-07-28"", ""to"": ""2025-09-28""}, {""title"": ""Combati VAC"", ""from"": ""2025-09-15"", ""to"": ""2025-09-15""}]"
4895	Ramat Tanzania Organization (RATO)	medium_projects_only	unlikely	Child		00NGO/00010094	2019-01-28	National	Arusha	Arusha	3	2023-10-31	Arusha City	9.4	-3.3600035	36.5769793	https://nis.jamii.go.tz/ngo_profile/4895	True	Organization envision for happy and poverty free rural communities in Tanzania	"[{""title"": ""YATUNZE PROJECT"", ""from"": ""2023-04-01"", ""to"": ""2023-10-31""}, {""title"": ""YATUNZE YAKUTUNZE"", ""from"": ""2022-04-26"", ""to"": ""2023-01-11""}]"
250	UWEZA FOUNDATION	medium_projects_only	unlikely	Child		00NGO/R/0398	2019-08-06	National	Arusha	Arumeru	6	2026-06-30	Usa River	9.7	-3.4385122	36.9099703	https://nis.jamii.go.tz/ngo_profile/250	True	A community free from poverty, access to education, skills developed and entrepreneurship	"[{""title"": ""School fees for Sharon"", ""from"": ""2026-04-01"", ""to"": ""2026-06-30""}, {""title"": ""Mnini Primary school kitchen construction"", ""from"": ""2026-04-01"", ""to"": ""2026-06-30""}, {""title"": ""College fees"", ""from"": ""2026-04-01"", ""to"": ""2026-06-30""}, {""title"": ""Medical expenses"", ""from"": ""2026-04-01"", ""to"": ""2026-06-30""}, {""title"": ""Kitchen expenses"", ""from"": ""2026-04-01"", ""to"": ""2026-06-30""}, {""title"": ""Staff allowance"", ""from"": ""2026-04-01"", ""to"": ""2026-06-30""}, {""title"": ""Auditing fees"", ""from"": ""2026-04-01"", ""to"": ""2026-06-30""}, {""title"": ""College allowance for Furaha and Maureen"", ""from"": ""2026-04-01"", ""to"": ""2026-06-30""}, {""title"": ""Fare and Fuel"", ""from"": ""2026-04-01"", ""to"": ""2026-06-30""}, {""title"": ""Installation of office printer and mobile subscription"", ""from"": ""2026-04-01"", ""to"": ""2026-06-30""}, {""title"": ""Allowances for teachers"", ""from"": ""2026-04-01"", ""to"": ""2026-06-30""}, {""title"": ""Friends of Uweza social engagement"", ""from"": ""2026-01-01"", ""to"": ""2026-03-31""}]"
14568	ERETO COMMUNITY INITIATIVE	medium_projects_only	unlikely	child		00NGO/R/4108	2022-12-14	National	Arusha	Arumeru	0		Usa River	9.8	-3.4372098	36.9134846	https://nis.jamii.go.tz/ngo_profile/14568	True	To become a leading community driven initiative in Tanzania impacting and touching lives.	
4777	Builders of Future Africa (B.F.A)	medium_projects_only	unlikely	Child		00NGO/0009237	2017-05-29	National	Arusha	Arusha	4	2026-03-31	Arusha City	10.1	-3.3718982	36.5719498	https://nis.jamii.go.tz/ngo_profile/4777	True	&ldquo;We envision a prosperous Africa where people are &lsquo;living&rsquo; rather than &lsquo;surviving&rsquo;.&rdquo;	"[{""title"": ""GIRLS ADVANCEMENT PATHWAYS"", ""from"": ""2025-08-30"", ""to"": ""2025-12-30""}, {""title"": ""SAVE THE MOTHERS"", ""from"": ""2025-03-01"", ""to"": ""2025-12-31""}, {""title"": ""YOUNG MOTHERS (AGPP)"", ""from"": ""2022-02-01"", ""to"": ""2025-11-30""}, {""title"": ""AFRICA YOUTH PANEL"", ""from"": ""2025-03-01"", ""to"": ""2026-03-31""}, {""title"": ""END VIOLENCE AGAINST CHILDREN"", ""from"": ""2024-01-01"", ""to"": ""2024-12-31""}, {""title"": ""TEEN MOTHERS PROJECT"", ""from"": ""2024-01-01"", ""to"": ""2024-12-31""}, {""title"": ""COMMUNITY OUTREACH"", ""from"": ""2024-04-01"", ""to"": ""2024-06-30""}, {""title"": ""Adolescent Power Project"", ""from"": ""2022-10-18"", ""to"": ""2023-05-31""}, {""title"": ""ADOLESECENTS GIRLS POWER PROGRAM"", ""from"": ""2022-01-01"", ""to"": ""2023-04-14""}, {""title"": ""Hedhi Salama"", ""from"": ""2021-03-03"", ""to"": ""2021-03-03""}, {""title"": ""Community Library"", ""from"": ""2020-06-15"", ""to"": ""2022-04-15""}, {""title"": ""Aid My Learning"", ""from"": ""2020-05-20"", ""to"": ""2020-06-10""}]"
1252	VILLAGE GOING FORWARD	medium_projects_only	unlikely	Child		I-NGO/R1/00122	2018-08-01	International	Arusha	Arusha	5	2025-12-31	Arusha City	10.3	-3.3860685	36.5743733	https://nis.jamii.go.tz/ngo_profile/1252	True	"To envisage a society with widen education opportunities and preserved nature for healthy habitants survival. 

 &nbsp;"	"[{""title"": ""Environmental and Sustainability Initiatives"", ""from"": ""2025-01-01"", ""to"": ""2025-12-31""}, {""title"": ""Education"", ""from"": ""2025-01-01"", ""to"": ""2025-12-31""}, {""title"": ""Education"", ""from"": ""2025-01-01"", ""to"": ""2025-12-31""}, {""title"": ""Education"", ""from"": ""2025-01-01"", ""to"": ""2025-12-31""}, {""title"": ""Tree Planting"", ""from"": ""2024-01-01"", ""to"": ""2024-12-31""}, {""title"": ""General Student support"", ""from"": ""2024-01-01"", ""to"": ""2024-12-31""}, {""title"": ""Sokon Primary School"", ""from"": ""2024-01-01"", ""to"": ""2024-12-31""}, {""title"": ""Elang'athadapash"", ""from"": ""2024-01-01"", ""to"": ""2024-12-31""}, {""title"": ""Elang'athadapash"", ""from"": ""2024-01-01"", ""to"": ""2024-12-31""}, {""title"": ""Olchoronyoike"", ""from"": ""2024-01-01"", ""to"": ""2024-12-31""}, {""title"": ""Olchoronyoike"", ""from"": ""2024-01-01"", ""to"": ""2024-12-31""}, {""title"": ""Education support"", ""from"": ""2023-01-01"", ""to"": ""2023-12-31""}]"
4804	TUJIKWAMUE KATIKA ELIMU KIAKILI, UMASKINI NA AFYA (T.E.K.U.A)	medium_projects_only	unlikely	special needs		00NGO/1548	2006-07-13	National	Arusha	Arusha	5	2025-12-05	Arusha City	10.3	-3.3860685	36.5743733	https://nis.jamii.go.tz/ngo_profile/4804	True	...	"[{""title"": ""Vocational Skills Training"", ""from"": ""2025-01-06"", ""to"": ""2025-12-05""}, {""title"": ""Entrepreneurship Program"", ""from"": ""2025-01-06"", ""to"": ""2025-12-05""}, {""title"": ""Girls Empowerment"", ""from"": ""2025-01-20"", ""to"": ""2025-12-05""}, {""title"": ""Educational Scholarship"", ""from"": ""2025-01-13"", ""to"": ""2025-12-05""}, {""title"": ""Income Generating Project"", ""from"": ""2024-01-08"", ""to"": ""2024-12-13""}, {""title"": ""Girls Empowerment"", ""from"": ""2024-01-08"", ""to"": ""2024-12-13""}, {""title"": ""Entrepreneurship and Establishment of Small business"", ""from"": ""2024-01-08"", ""to"": ""2024-12-13""}, {""title"": ""Educational Scholarship"", ""from"": ""2024-01-08"", ""to"": ""2024-12-27""}, {""title"": ""Entrepreneurship and Establishment of Small business"", ""from"": ""2023-01-09"", ""to"": ""2023-12-22""}, {""title"": ""Girls Empowerment"", ""from"": ""2023-01-09"", ""to"": ""2023-12-15""}, {""title"": ""Educational Scholarship"", ""from"": ""2023-01-09"", ""to"": ""2023-12-15""}, {""title"": ""Girls Empowerment"", ""from"": ""2023-01-09"", ""to"": ""2023-12-08""}]"
10065	Seeway Tanzania	medium_projects_only	unlikely	child	Seeway Tanzania	00NGO/1501	2006-07-25	International	Arusha	Arumeru	3	2023-07-31	Usa River	10.3	-3.4565305	36.8534432	https://nis.jamii.go.tz/ngo_profile/10065	True	---------------------------	"[{""title"": ""Community Projects"", ""from"": ""2022-08-01"", ""to"": ""2023-07-31""}]"
14467	Kwalemawe Culture Organization(KWAMACO)	medium_projects_only	unlikely	child		00NGO/R/3258	2022-05-11	National	Arusha	Arumeru	3	2025-11-21	Usa River	10.3	-3.4565305	36.8534432	https://nis.jamii.go.tz/ngo_profile/14467	True	A community where art and culture is valued and preseved.	"[{""title"": ""Watoto Film Project"", ""from"": ""2025-09-14"", ""to"": ""2025-11-21""}, {""title"": ""The Steps of Tomorrow"", ""from"": ""2025-01-13"", ""to"": ""2025-07-15""}, {""title"": ""Hip Hop Speaks to The children"", ""from"": ""2025-04-12"", ""to"": ""2025-06-14""}, {""title"": ""Hip Hop Speaks to The children"", ""from"": ""2025-04-12"", ""to"": ""2025-06-14""}, {""title"": ""Arts of Wahinza"", ""from"": ""2025-02-05"", ""to"": ""2025-03-30""}, {""title"": ""Zingatia Usafi Project"", ""from"": ""2024-09-02"", ""to"": ""2024-12-24""}, {""title"": ""Naelewa Kitabu Maktaba"", ""from"": ""2023-01-09"", ""to"": ""2023-11-29""}, {""title"": ""Hiphop Speaks to the Children"", ""from"": ""2023-05-19"", ""to"": ""2023-05-19""}, {""title"": ""Hiphop Speaks to the Children"", ""from"": ""2023-05-19"", ""to"": ""2023-05-19""}, {""title"": ""Arts Of Wahinza"", ""from"": ""2022-03-12"", ""to"": ""2022-03-13""}, {""title"": ""Hip Hop Speak to the Children"", ""from"": ""2022-05-02"", ""to"": ""2022-12-30""}]"
14690	KUKUA PAMOJA TANZANIA	medium_projects_only	unlikely	Child		00NGO/R/3308	2022-05-18	National	Arusha	Arusha	2	2024-03-26	Arusha City	10.3	-3.3860685	36.5743733	https://nis.jamii.go.tz/ngo_profile/14690	True	&quot;A&nbsp;community envisioned&nbsp;with&nbsp;an independent and esteemed&nbsp;life&nbsp;&quot;	"[{""title"": ""Smile Life Program"", ""from"": ""2022-06-08"", ""to"": ""2022-12-23""}, {""title"": ""Save the Nature Tanzania Program"", ""from"": ""2022-08-10"", ""to"": ""2022-12-29""}, {""title"": ""Child Education Sponsorship Program"", ""from"": ""2022-05-23"", ""to"": ""2022-11-25""}, {""title"": ""Women Economic Empowerment Program"", ""from"": ""2022-09-13"", ""to"": ""2022-12-23""}, {""title"": ""Nishike Mkono"", ""from"": ""2023-07-11"", ""to"": ""2023-12-29""}, {""title"": ""Beyond the field Program"", ""from"": ""2023-07-11"", ""to"": ""2023-12-29""}, {""title"": ""Save the Nature Tanzania-SANATA"", ""from"": ""2023-04-12"", ""to"": ""2023-05-19""}, {""title"": ""Tupe Mkono mtaa kwa mtaa"", ""from"": ""2023-09-16"", ""to"": ""2023-09-16""}, {""title"": ""Women Economic Empowerment"", ""from"": ""2023-01-02"", ""to"": ""2023-12-29""}, {""title"": ""Ulinzi wa kike"", ""from"": ""2022-08-09"", ""to"": ""2024-03-26""}, {""title"": ""Ulinzi wa kike"", ""from"": ""2022-08-09"", ""to"": ""2024-03-26""}, {""title"": ""Tupe Mkono Mtaa kwa Mtaa"", ""from"": ""2022-11-12"", ""to"": ""2022-11-12""}]"
16957	AFRICA TRAVEL INITIATIVE FOUNDATION	medium_projects_only	unlikely	child		00NGO/R/4781	2023-05-10	National	Arusha	Arusha	0		Arusha City	10.3	-3.3860685	36.5743733	https://nis.jamii.go.tz/ngo_profile/16957	True	"To see an educated society with good economy, and safe environment that attracts nation&nbsp;tourism. 

 &nbsp;"	
519	SHERIA KARIBU YAKO (SKY)	medium_projects_only	unlikely	Child		00NGO/R/0352	2019-10-15	National	Arusha	Arusha	2	2026-07-07	Arusha City	11.1	-3.2742992	36.6001866	https://nis.jamii.go.tz/ngo_profile/519	True	Community that respect equality before the law	"[{""title"": ""Child Protection Policy"", ""from"": ""2026-06-07"", ""to"": ""2026-07-07""}, {""title"": ""Startup"", ""from"": ""2026-03-13"", ""to"": ""2026-03-13""}, {""title"": ""Mama Samia Legal Aid Campaign"", ""from"": ""2025-03-01"", ""to"": ""2025-03-08""}, {""title"": ""Legal Aid Campain"", ""from"": ""2025-03-23"", ""to"": ""2025-04-02""}, {""title"": ""Women in Leadership"", ""from"": ""2024-07-02"", ""to"": ""2024-07-03""}, {""title"": ""Citizen potential"", ""from"": ""2024-06-17"", ""to"": ""2024-06-17""}, {""title"": ""Strategy for NGOs sustainability"", ""from"": ""2022-05-12"", ""to"": ""2022-05-12""}, {""title"": ""UMAKI"", ""from"": ""2022-01-28"", ""to"": ""2022-01-31""}, {""title"": ""Child rights/responsibilities"", ""from"": ""2022-01-27"", ""to"": ""2022-01-27""}, {""title"": ""Law week"", ""from"": ""2022-01-24"", ""to"": ""2022-01-29""}]"
650	ELIMU YETU DEVELOPMENT ORGANIZATION	medium_projects_only	unlikely	child		00NGO/R/0592	2019-09-06	National	Arusha	Arusha	1		Arusha City	11.1	-3.2626649	36.6180325	https://nis.jamii.go.tz/ngo_profile/650	True	Community free from ignarance.	
16847	Ester Therapy Center	medium_projects_only	unlikely	Child		00NGO/R/4780	2023-05-10	National	Arusha	Arusha	1	2025-11-14	Arusha City	11.2	-3.4147355	36.5821211	https://nis.jamii.go.tz/ngo_profile/16847	True	Enabling students and Youth to overcome personal life challenges by turning them into life oppurtunities.	"[{""title"": ""Kijana mwangaza"", ""from"": ""2025-02-10"", ""to"": ""2025-10-31""}, {""title"": ""Kijana mwangaza project"", ""from"": ""2024-04-15"", ""to"": ""2024-10-31""}, {""title"": ""Kijana Mwangaza project"", ""from"": ""2025-03-03"", ""to"": ""2025-11-14""}]"
15943	ELONG'O FOUNDATION	medium_projects_only	unlikely	orphan		00NGO/R/3930	2022-10-24	National	Arusha	Arusha	1	2023-10-30	Kijenge	11.5	-3.4844169	36.6852175	https://nis.jamii.go.tz/ngo_profile/15943	True	Community access quality education, better health, skills, quality and affordable social services and lives in clean and friendly environmental for development	"[{""title"": ""Support pastoralist women to amplify their invoices through community sensitization."", ""from"": ""2023-07-26"", ""to"": ""2023-10-30""}]"
19181	SMILING FUTURE ORGANIZATION	medium_projects_only	unlikely	vulnerable child		00NGO/R/6917	2024-05-25	National	Arusha	Arusha	0		Arusha City	12.5	-3.430003	36.579534	https://nis.jamii.go.tz/ngo_profile/19181	True	Build well educated and empowered communities in order to improve their own future livelihood and solve socio-economic problems through appropriate education obtained.	
4965	JIENDELEZE TANZANIA	medium_projects_only	unlikely	child		01NGO/08682	2016-06-23	Regional	Arusha	Arusha	0		Arusha City	14.4	-3.22868	36.6259	https://nis.jamii.go.tz/ngo_profile/4965	True	"To attain a strong community &nbsp;with capable and confident adults stands for their own development. 

 &nbsp;"	
14267	Selfless Solutions	medium_projects_only	unlikely	Child	Selfless Solutions	I-NGO/R/3107	2022-04-19	International	Arusha	Arusha	4	2026-06-30	Arusha City	14.4	-3.22868	36.6259	https://nis.jamii.go.tz/ngo_profile/14267	True	"To prevent and alleviate the suffering caused by poverty, mental illness/substance abuse, environmental degradation, and inadequate access to quality education and health services. 

 &nbsp;"	"[{""title"": ""E-Shuleni Program"", ""from"": ""2026-04-01"", ""to"": ""2026-06-30""}, {""title"": ""Selfless Nursery School"", ""from"": ""2026-04-01"", ""to"": ""2026-06-30""}, {""title"": ""Sponsor Program"", ""from"": ""2026-04-01"", ""to"": ""2026-06-30""}, {""title"": ""E-Shuleni Program"", ""from"": ""2026-01-01"", ""to"": ""2026-03-31""}, {""title"": ""Selfless Nursery School"", ""from"": ""2026-01-01"", ""to"": ""2026-03-31""}, {""title"": ""Sponsor Program"", ""from"": ""2026-01-01"", ""to"": ""2026-03-31""}, {""title"": ""Volunteering and Internships"", ""from"": ""2025-01-01"", ""to"": ""2025-12-31""}, {""title"": ""E-Shuleni Program"", ""from"": ""2025-01-01"", ""to"": ""2025-12-31""}, {""title"": ""Selfless Nursery School"", ""from"": ""2025-01-01"", ""to"": ""2025-12-31""}, {""title"": ""Sponsor Program"", ""from"": ""2024-01-01"", ""to"": ""2025-12-31""}, {""title"": ""E-Shuleni"", ""from"": ""2025-10-01"", ""to"": ""2025-12-31""}, {""title"": ""Sponsor Program"", ""from"": ""2025-10-01"", ""to"": ""2025-12-31""}]"
4354	SAMARITAN VILLAGE  TANZANIA (SVT)	medium_projects_only	unlikely	CHILD	Samaritan Village Orphanage	0789	2008-08-14	National	Arusha	Arumeru	2		Usa River	14.7	-3.2542067	36.9356167	https://nis.jamii.go.tz/ngo_profile/4354	True	...............	
12110	Mtue Mama Mzigo Foundation-MMMF	medium_projects_only	unlikely	Child		00NGO/R/1998	2021-08-12	National	Arusha	Arusha	1	2025-12-05	Kijenge	15.0	-3.4909366	36.6283518	https://nis.jamii.go.tz/ngo_profile/12110	True	Increasing of community involvement in sustainable development by providing the services in transparency and equal basis on family and parental care.	"[{""title"": ""Women Empowerment"", ""from"": ""2025-09-25"", ""to"": ""2025-09-25""}, {""title"": ""Maadili Project"", ""from"": ""2025-02-22"", ""to"": ""2025-06-25""}, {""title"": ""Mental Healthy and Community"", ""from"": ""2025-01-05"", ""to"": ""2025-03-22""}, {""title"": ""End Violence Against Children"", ""from"": ""2025-01-12"", ""to"": ""2025-12-05""}]"
15113	Destiny Hope Foundation	medium_projects_only	unlikely	Child		00NGO/R/3331	2022-05-19	National	Arusha	Arusha	1	2026-06-29	Kijenge	15.0	-3.4909366	36.6283518	https://nis.jamii.go.tz/ngo_profile/15113	True	We envision a future where a Tanzanian community are well informed and educated, environmentally conserved, economically empowered, good healthy and progressively achieve sustainable development goals	"[{""title"": ""Diary Goat Project"", ""from"": ""2025-11-17"", ""to"": ""2025-11-17""}, {""title"": ""Clean Energy"", ""from"": ""2025-10-08"", ""to"": ""2025-10-08""}, {""title"": ""Water Project"", ""from"": ""2025-10-02"", ""to"": ""2025-10-02""}, {""title"": ""Health"", ""from"": ""2025-10-02"", ""to"": ""2025-10-02""}, {""title"": ""Health"", ""from"": ""2025-07-08"", ""to"": ""2025-07-08""}, {""title"": ""Wildlife Conservation"", ""from"": ""2025-07-04"", ""to"": ""2026-06-29""}, {""title"": ""Education"", ""from"": ""2025-05-07"", ""to"": ""2025-05-07""}, {""title"": ""Tree Planting"", ""from"": ""2025-03-24"", ""to"": ""2025-03-24""}]"
4059	TIKUNDANE	medium_projects_only	unlikely	Child		00NGO/00004359	2011-02-01	National	Arusha	Arumeru	7	2025-12-31	Usa River	15.7	-3.2839875	36.9795488	https://nis.jamii.go.tz/ngo_profile/4059	True	Tikundane intends to develop an effect and sustainable community Support Project Model, which can be replicated within communities in greatest need, through out remote Tanzania rural village.	"[{""title"": ""TIKUNDANE"", ""from"": ""2025-01-01"", ""to"": ""2025-12-31""}, {""title"": ""TIKUNDANE"", ""from"": ""2024-01-01"", ""to"": ""2024-12-31""}, {""title"": ""TIKUNDANE"", ""from"": ""2023-01-01"", ""to"": ""2023-12-31""}, {""title"": ""TIKUNDANE"", ""from"": ""2022-01-01"", ""to"": ""2022-12-31""}, {""title"": ""TIKUNDANE"", ""from"": ""2021-04-07"", ""to"": ""2021-04-07""}]"
4531	Kuza Steam Generation	medium_projects_only	unlikely	Child		00NGO/00009717	2018-06-07	National	Arusha	Arusha	4	2026-03-27	Kijenge	15.8	-3.4945126	36.7997101	https://nis.jamii.go.tz/ngo_profile/4531	True	A &nbsp;skilled &nbsp;community &nbsp;in&nbsp; &nbsp;utilizing&nbsp; &nbsp;and&nbsp; &nbsp;accessing&nbsp; &nbsp;latest&nbsp; &nbsp;technologies,&nbsp; &nbsp;innovations&nbsp; &nbsp;and development environments for research and implementation.	"[{""title"": ""African women School of AI"", ""from"": ""2026-03-27"", ""to"": ""2026-03-27""}, {""title"": ""Kiswahili common voice"", ""from"": ""2026-02-13"", ""to"": ""2026-02-13""}, {""title"": ""Webinar to identify key challenges facing girls and women in science"", ""from"": ""2026-02-11"", ""to"": ""2026-02-11""}, {""title"": ""Internet safety training"", ""from"": ""2026-02-10"", ""to"": ""2026-02-10""}, {""title"": ""Gendering AI Conference"", ""from"": ""2024-11-28"", ""to"": ""2024-11-29""}, {""title"": ""Kiswahili Common voice project"", ""from"": ""2025-04-01"", ""to"": ""2025-11-30""}, {""title"": ""African Women School of Artificial Intelligence"", ""from"": ""2025-01-13"", ""to"": ""2025-09-03""}, {""title"": ""Gendering AI Conference"", ""from"": ""2026-04-30"", ""to"": ""2025-08-23""}, {""title"": ""CIVIL EDUCATION"", ""from"": ""2021-06-12"", ""to"": ""2021-06-13""}, {""title"": ""ENVIRONMENT AWARENESS"", ""from"": ""2021-06-05"", ""to"": ""2021-06-06""}, {""title"": ""Community based wildlife network(WILDNET) Project"", ""from"": ""2020-12-01"", ""to"": ""2023-12-30""}, {""title"": ""MENSTRUAL HYGIENE TRAINING"", ""from"": ""2021-05-28"", ""to"": ""2021-05-28""}]"
5394	URBAN ENVIRONMENTAL DEVELOPMENT ASSOCIATION (VEDA)	medium_projects_only	unlikely	Child		00NGO/R1/00935	1998-05-15	National	Arusha	Arusha	5	2024-12-31	Kijenge	15.8	-3.4945126	36.7997101	https://nis.jamii.go.tz/ngo_profile/5394	True	-UEDA strives to see a developed society&nbsp;	"[{""title"": ""PLANT TREE"", ""from"": ""2024-01-01"", ""to"": ""2024-12-31""}]"
21207	TANZANIA YOUTH PROMOTION AND EMPOWERMENT (TYPE)	medium_projects_only	unlikely	Youth and Child		00NGO/R/3984	2026-02-24	National	Arusha	Arusha	0		Kijenge	16.1	-3.5170	36.7670	https://nis.jamii.go.tz/ngo_profile/21207	True	Empower Youth against drug abuse, Corruption, Poverty, Diseases and environmental problems.	
7572	WOMEN EDUCATION AND ECONOMIC CENTRE	medium_projects_only	unlikely	Child		07NGO/1128	2007-09-03	National	Kilimanjaro	Moshi	4	2024-10-23	Boma Ngombe	16.7	-3.2602472	37.2693377	https://nis.jamii.go.tz/ngo_profile/7572	True	-	"[{""title"": ""UFUGAJI WA KUKU"", ""from"": ""2024-02-08"", ""to"": ""2024-10-23""}, {""title"": ""UFUGAJI WA NGURUWE"", ""from"": ""2024-04-08"", ""to"": ""2024-06-26""}, {""title"": ""UNUNUZI WA MASHINE YA KUKOBOA MPUNGA"", ""from"": ""2024-01-10"", ""to"": ""2024-03-20""}, {""title"": ""KILIMO CHA MAHINDI MSEREKIA"", ""from"": ""2024-03-05"", ""to"": ""2024-07-26""}, {""title"": ""ELIMU YA UFUGAJI WA NGURUWE"", ""from"": ""2023-01-03"", ""to"": ""2023-03-31""}, {""title"": ""UJENZI AWAMU YA TATU YA MASHINE YA KUKOBOA MPUNGA"", ""from"": ""2023-09-01"", ""to"": ""2023-10-31""}, {""title"": ""MAFUNZO YA KILIMO CHA KISASA NA MANUNUZI YA PEMBEJEO"", ""from"": ""2023-09-01"", ""to"": ""2023-10-31""}, {""title"": ""MAFUNZO YA UFUGAJI WA KUKU,UJENZI WA BANDA, NA MANUNUZI YA VIFARANGA VYA KUKU"", ""from"": ""2023-07-03"", ""to"": ""2023-09-29""}, {""title"": ""MIKOPO KWAAJILI YA KILIMO CHA MAHINDI KIKUNDI CHA REMITI"", ""from"": ""2023-06-01"", ""to"": ""2023-08-31""}, {""title"": ""UJENZI WA JENGO LA MASHINE YA KUKOBOLEA MPUNGA AWAMU YA MWISHO"", ""from"": ""2023-10-16"", ""to"": ""2023-12-22""}, {""title"": ""UJENZI WA JENGO LA MASHINE YA KUKOBOLEA MPUNGA AWAMU YA MWISHO"", ""from"": ""2023-10-16"", ""to"": ""2023-12-22""}, {""title"": ""KUENDELEZA MRADI WA UFUGAJI WA KUKU KATIKA KIJIJI CHA JOSHO"", ""from"": ""2023-09-09"", ""to"": ""2023-12-22""}]"
13113	YOUTH IN ACTION AGAINST POVERTY AND HIV / AIDS (YAAPHA)	medium_projects_only	unlikely	child		00NGO/R/2335	2021-10-05	National	Kilimanjaro	Moshi	2	2024-12-06	Boma Ngombe	16.7	-3.2602472	37.2693377	https://nis.jamii.go.tz/ngo_profile/13113	True	&nbsp;society implementing social and economic changes for sustainable development	"[{""title"": ""Soap Making Training for Women at KDC Moshi"", ""from"": ""2024-05-21"", ""to"": ""2024-06-13""}, {""title"": ""Share a Meal Program 2024"", ""from"": ""2024-01-08"", ""to"": ""2024-12-06""}, {""title"": ""Water Project"", ""from"": ""2024-02-12"", ""to"": ""2024-10-31""}, {""title"": ""Water Project"", ""from"": ""2024-02-12"", ""to"": ""2024-10-31""}, {""title"": ""Water Project"", ""from"": ""2024-02-12"", ""to"": ""2024-10-31""}, {""title"": ""School feeding project"", ""from"": ""2022-01-03"", ""to"": ""2022-12-12""}]"
10580	Friends of Karansi	medium_projects_only	unlikely	child		00NGO/R/1071	2020-04-05	National	Kilimanjaro	Siha	0		Boma Ngombe	17.3	-3.2260966	37.0262756	https://nis.jamii.go.tz/ngo_profile/10580	True	"The community with &nbsp;a better and adorable life&nbsp;free from all forms of discrimination, 

 &nbsp;"	
14315	Saidia Tanzania Community Foundation	medium_projects_only	unlikely	Child		00NGO/R/3093	2022-04-19	National	Arusha	Arumeru	4	2025-12-31	Usa River	18.0	-3.256391	36.9840456	https://nis.jamii.go.tz/ngo_profile/14315	True	Our vision is to break the vicious cycle of poverty and to create a better quality life for the Tanzania Community.	"[{""title"": ""Supporting Government Primary Schools"", ""from"": ""2025-04-01"", ""to"": ""2025-06-30""}, {""title"": ""Sport Project"", ""from"": ""2025-01-01"", ""to"": ""2025-12-31""}, {""title"": ""Schools Sponsorship Project"", ""from"": ""2025-01-01"", ""to"": ""2025-12-31""}, {""title"": ""Building Saidia Day Care"", ""from"": ""2025-01-01"", ""to"": ""2025-12-31""}, {""title"": ""Water Filter Project"", ""from"": ""2025-05-15"", ""to"": ""2025-08-31""}, {""title"": ""Relini Day Care Center"", ""from"": ""2025-01-06"", ""to"": ""2025-12-03""}, {""title"": ""Sport Project"", ""from"": ""2024-07-01"", ""to"": ""2024-08-24""}, {""title"": ""School Sponsorship Program"", ""from"": ""2024-01-01"", ""to"": ""2024-12-27""}, {""title"": ""Building Saidia Day Care"", ""from"": ""2024-01-01"", ""to"": ""2024-12-31""}, {""title"": ""Water Filter Project"", ""from"": ""2024-01-09"", ""to"": ""2024-03-29""}, {""title"": ""Supporting Makiba Primary Public School"", ""from"": ""2024-01-25"", ""to"": ""2024-02-23""}, {""title"": ""Relini Day Care Center"", ""from"": ""2024-01-08"", ""to"": ""2024-12-05""}]"
18588	PERMA MERCY TANZANIA	medium_projects_only	unlikely	child		00NGO/R/5313	2023-11-09	National	Arusha	Arumeru	0		Usa River	18.0	-3.256391	36.9840456	https://nis.jamii.go.tz/ngo_profile/18588	True	The community with better health, well educated, free from mulnutrition, just and better livelihood&nbsp;	
4935	HARVEST OF HOPE	medium_projects_only	unlikely	Child		00NGO/00006191	2013-03-19	National	Arusha	Arusha	5	2025-12-31	Arusha City	18.5	-3.24038165	36.538096949999996	https://nis.jamii.go.tz/ngo_profile/4935	True	--	"[{""title"": ""Harvest of hope Tanzania"", ""from"": ""2022-09-01"", ""to"": ""2025-12-31""}, {""title"": ""Harvest of hope Tanzania"", ""from"": ""2024-01-01"", ""to"": ""2024-12-31""}, {""title"": ""Harvest of hope Tanzania"", ""from"": ""2023-01-01"", ""to"": ""2023-12-31""}, {""title"": ""Harvest Of Hope Tanzania"", ""from"": ""2022-01-01"", ""to"": ""2023-12-31""}, {""title"": ""HARVEST OF HOPE TANZANIA"", ""from"": ""2021-01-01"", ""to"": ""2023-03-28""}]"
16748	Blessed Open Door	medium_projects_only	unlikely	Child		00NGO/R/4519	2023-03-28	National	Kilimanjaro	Moshi	3	2026-06-30	Boma Ngombe	19.0	-3.3544766	37.308589	https://nis.jamii.go.tz/ngo_profile/16748	True	"To be a center of excellence in bringing positive changes to communities in rural and urban areas through integrated approach. 

 &nbsp;"	"[{""title"": ""Think Well, Live Well"", ""from"": ""2026-04-01"", ""to"": ""2026-06-30""}, {""title"": ""Teen Mothers Support Circle"", ""from"": ""2026-01-05"", ""to"": ""2026-03-31""}, {""title"": ""Afya ya Akili"", ""from"": ""2025-10-01"", ""to"": ""2025-12-31""}, {""title"": ""Child Protection"", ""from"": ""2025-07-01"", ""to"": ""2025-09-30""}, {""title"": ""Mental Health"", ""from"": ""2025-04-01"", ""to"": ""2025-06-30""}, {""title"": ""Sexual Health and Transmission"", ""from"": ""2025-01-05"", ""to"": ""2025-03-30""}, {""title"": ""Afya Ya Akili"", ""from"": ""2025-10-01"", ""to"": ""2025-12-31""}, {""title"": ""Child Protection"", ""from"": ""2025-07-01"", ""to"": ""2025-09-30""}, {""title"": ""Mental Health"", ""from"": ""2025-04-01"", ""to"": ""2025-06-30""}, {""title"": ""Sexual Health and Transmission"", ""from"": ""2025-01-05"", ""to"": ""2025-03-30""}, {""title"": ""Women Empowerment"", ""from"": ""2024-10-01"", ""to"": ""2024-12-31""}, {""title"": ""Clinical Outreach"", ""from"": ""2024-07-01"", ""to"": ""2024-09-30""}]"
718	HOPE FOUNDATION	medium_projects_only	unlikely	Child		00NGO/R2/000321	2019-08-06	National	Kilimanjaro	Moshi	1	2024-11-30	Boma Ngombe	20.4	-3.3529124	37.3207288	https://nis.jamii.go.tz/ngo_profile/718	True	To see community members fighting against poverty environmental degradation , HIV/AIDS and gender inequality	"[{""title"": ""Accomodation Building"", ""from"": ""2024-02-07"", ""to"": ""2024-11-30""}]"
5261	SMALL STEPS FOR COMPASSION	medium_projects_only	unlikely	Child	Small Steps for Compassion	00001441	2012-01-23	National	Arusha	Arumeru	4	2023-12-31	Usa River	21.0	-3.5451778	36.9185745	https://nis.jamii.go.tz/ngo_profile/5261	True	--	"[{""title"": ""Compassion Project"", ""from"": ""2023-01-01"", ""to"": ""2023-12-31""}]"
711	Dr. Nicholaus Memorial Nature Conservation	medium_projects_only	unlikely	child		00NGO/R/0340	2019-08-05	National	Kilimanjaro	Moshi	6	2025-12-31	Boma Ngombe	21.2	-3.33237845	37.32917923346371	https://nis.jamii.go.tz/ngo_profile/711	True	To have healthy land &nbsp;free from soil erosion, desertification, soil degradation and a community that is aware of nature conservation.	"[{""title"": ""Bird Life Project Mwanza"", ""from"": ""2025-01-01"", ""to"": ""2025-12-31""}, {""title"": ""Tree Nursery"", ""from"": ""2025-01-01"", ""to"": ""2025-12-31""}, {""title"": ""AFR100 Initiative (Rau forest Moshi)"", ""from"": ""2025-01-01"", ""to"": ""2025-12-31""}, {""title"": ""Household Tree Planting/ Coffee and banana shade trees"", ""from"": ""2025-01-01"", ""to"": ""2025-12-31""}, {""title"": ""Riparian forest"", ""from"": ""2025-01-01"", ""to"": ""2025-12-31""}, {""title"": ""Water Sources Tree Planting"", ""from"": ""2024-01-01"", ""to"": ""2024-12-31""}, {""title"": ""Bird Life Project"", ""from"": ""2024-01-01"", ""to"": ""2024-12-31""}, {""title"": ""African Forest Landscape Restoration Initiative (AFR100)."", ""from"": ""2024-01-01"", ""to"": ""2024-12-31""}, {""title"": ""Tree Nursery"", ""from"": ""2024-01-01"", ""to"": ""2024-12-31""}, {""title"": ""House Hold Tree Planting"", ""from"": ""2024-01-01"", ""to"": ""2024-12-31""}, {""title"": ""Bird Life"", ""from"": ""2023-01-01"", ""to"": ""2023-12-31""}, {""title"": ""African Forest Landscape Restoration Initiative (AFR100)"", ""from"": ""2023-01-01"", ""to"": ""2023-12-31""}]"
14511	Open Digital Education Foundation (ODEF)	medium_projects_only	unlikely	child		00NGO/R/3847	2022-09-28	National	Arusha	Arusha	0		Arusha City	21.5	-3.3190633	36.4709752	https://nis.jamii.go.tz/ngo_profile/14511	True	To help 10 Million learners in and out of schools in Africa to use technology to improve and transform their learning journey.	
15232	NASERIAN SCHOOLS	medium_projects_only	unlikely	child		00NGO/R/3493	2022-07-15	National	Arusha	Monduli	0		Arusha City	21.5	-3.3190633	36.4709752	https://nis.jamii.go.tz/ngo_profile/15232	True	To see a greater level of independence thinking amongst&nbsp; the Maasai community thus enabling them to determine their future with confidence and without prejudice.	
17054	ACTS FOUNDATION TANZANIA	medium_projects_only	unlikely	Child		00NGO/R/4572	2023-03-31	National	Arusha	Arusha	1	2025-04-13	Arusha City	21.5	-3.3190633	36.4709752	https://nis.jamii.go.tz/ngo_profile/17054	True	Economically stable community with an improved living standards.	"[{""title"": ""DAYCARE ACTIVITIES"", ""from"": ""2025-04-13"", ""to"": ""2025-04-13""}, {""title"": ""SUPPORTING FAMILIES IN NEED"", ""from"": ""2025-01-06"", ""to"": ""2025-04-13""}, {""title"": ""SCHOOL FEES SUPPORT"", ""from"": ""2025-04-13"", ""to"": ""2025-04-13""}]"
12880	We4You Organization	medium_projects_only	unlikely	Child		00NGO/R/2143	2021-08-12	National	Kilimanjaro	Moshi	2	2025-06-27	Boma Ngombe	21.6	-3.35815995	37.330972917538986	https://nis.jamii.go.tz/ngo_profile/12880	True	To be a catalyst towards a society that is driven by continuous innovation through empowering and engaging individuals and communities to contribute actively to equitable current and future generation	"[{""title"": ""Education on Wheels"", ""from"": ""2025-05-11"", ""to"": ""2025-06-27""}, {""title"": ""Empowering rural women for enhanced livelihood"", ""from"": ""2025-06-09"", ""to"": ""2025-06-11""}, {""title"": ""School Gardening"", ""from"": ""2025-02-03"", ""to"": ""2025-02-07""}, {""title"": ""Empowering Rural Women of Lower Moshi in Agribusiness for Enhanced Livelihoods (ERWA)"", ""from"": ""2024-08-21"", ""to"": ""2024-12-20""}, {""title"": ""School Gardening"", ""from"": ""2024-02-05"", ""to"": ""2025-02-10""}, {""title"": ""Women empowerment in Agribusiness"", ""from"": ""2024-10-18"", ""to"": ""2024-12-13""}, {""title"": ""School Gardening"", ""from"": ""2024-04-08"", ""to"": ""2024-06-24""}, {""title"": ""Tree Planting Project"", ""from"": ""2022-07-06"", ""to"": ""2023-10-25""}, {""title"": ""Tree Planting Project"", ""from"": ""2022-07-06"", ""to"": ""2023-10-25""}, {""title"": ""Tree Planting Project"", ""from"": ""2022-07-06"", ""to"": ""2023-10-25""}, {""title"": ""School Gardening Programe"", ""from"": ""2024-01-01"", ""to"": ""2024-03-25""}]"
15603	SAYANSI AMBASSADORS ORGANISATION	medium_projects_only	unlikely	Child		00NGO/R/3587	2022-08-15	National	Kilimanjaro	Moshi	3	2025-12-31	Boma Ngombe	21.6	-3.35815995	37.330972917538986	https://nis.jamii.go.tz/ngo_profile/15603	True	&nbsp;To support the Tanzania industrial sector and reducing unemployment rates.&nbsp;	"[{""title"": ""Sayansi kwa Vitendo\"" Outreach - Arusha Chini & Mabogini Ward"", ""from"": ""2025-10-01"", ""to"": ""2025-12-31""}, {""title"": ""Sayansi kwa Vitendo\"" Outreach - Arusha Chini & Mabogini Ward"", ""from"": ""2025-10-01"", ""to"": ""2025-12-31""}, {""title"": ""\""Sayansi kwa Vitendo\"" Outreach - Arusha Chini Ward"", ""from"": ""2023-10-02"", ""to"": ""2023-10-19""}]"
23863	ISAACK AMANI FOUNDATION	medium_projects_only	unlikely	child		00NGO/R/8870	2026-01-14	National	Kilimanjaro	Moshi	0	2026-03-31	Boma Ngombe	21.6	-3.343210	37.332890	https://nis.jamii.go.tz/ngo_profile/23863	True	"Unlocking potential through educational opportunity 

 &nbsp;"	"[{""title"": ""Students recruitment and Obstinance of necessary permits from the government"", ""from"": ""2026-01-25"", ""to"": ""2026-03-31""}]"
7413	Tusonge Community Development Organization	medium_projects_only	unlikely	youth and child		00001517	2013-06-25	National	Kilimanjaro	Moshi	6	2026-06-30	Boma Ngombe	21.8	-3.3514832	37.3338473	https://nis.jamii.go.tz/ngo_profile/7413	True	TUSONGE envisions a society where people enjoy equal rights to sustainable livelihood, well-being, and play developmental roles as committed citizens.	"[{""title"": ""ORGANIZATION DEVELOPENT"", ""from"": ""2026-04-13"", ""to"": ""2026-06-30""}, {""title"": ""SOCIAL JUSTICE AND INCLUSSION"", ""from"": ""2026-04-13"", ""to"": ""2026-06-30""}, {""title"": ""SOCIAL JUSTICE AND INCLUSSION"", ""from"": ""2026-04-13"", ""to"": ""2026-06-30""}, {""title"": ""SOCIAL JUSTICE AND INCLUSSION"", ""from"": ""2026-04-13"", ""to"": ""2026-06-30""}, {""title"": ""SOCIAL JUSTICE AND INCLUSSION"", ""from"": ""2026-04-13"", ""to"": ""2026-06-30""}, {""title"": ""SOCIAL JUSTICE AND INCLUSSION"", ""from"": ""2026-04-13"", ""to"": ""2026-06-30""}, {""title"": ""SUSTAINABLE LIVELIHOOD & CARE ECONOMY"", ""from"": ""2026-04-13"", ""to"": ""2026-06-27""}, {""title"": ""SUSTAINABLE LIVELIHOOD & CARE ECONOMY"", ""from"": ""2026-04-13"", ""to"": ""2026-06-27""}, {""title"": ""SUSTAINABLE LIVELIHOOD & CARE ECONOMY"", ""from"": ""2026-04-13"", ""to"": ""2026-06-27""}, {""title"": ""SUSTAINABLE LIVELIHOOD & CARE ECONOMY"", ""from"": ""2026-04-13"", ""to"": ""2026-06-27""}, {""title"": ""ECO-SAN TOILET PROJECT"", ""from"": ""2025-07-28"", ""to"": ""2026-03-15""}, {""title"": ""Women's Leadership and Economic Rights (WLER)"", ""from"": ""2025-07-15"", ""to"": ""2025-11-15""}]"
5155	WORLDSERVE INTERNATIONAL	medium_projects_only	unlikely	Child		I-NGO/R1/00117	2016-12-30	International	Arusha	Arusha	4	2025-12-31	Kijenge	22.3	-3.579539	36.6676334	https://nis.jamii.go.tz/ngo_profile/5155	True	Providing clean and safe water,schools and sanitation to disadvantaged communities	"[{""title"": ""Water Project"", ""from"": ""2025-01-01"", ""to"": ""2025-12-31""}, {""title"": ""Water Project"", ""from"": ""2025-01-01"", ""to"": ""2025-12-31""}, {""title"": ""Water Project"", ""from"": ""2025-01-01"", ""to"": ""2025-12-31""}, {""title"": ""Health Project"", ""from"": ""2025-01-01"", ""to"": ""2025-12-31""}, {""title"": ""Education Poject"", ""from"": ""2025-01-01"", ""to"": ""2025-12-31""}, {""title"": ""Education Project"", ""from"": ""2025-01-01"", ""to"": ""2025-12-31""}, {""title"": ""Education Project"", ""from"": ""2025-01-01"", ""to"": ""2025-12-31""}, {""title"": ""Water drilling"", ""from"": ""2024-08-01"", ""to"": ""2024-12-31""}, {""title"": ""Water drilling"", ""from"": ""2024-02-05"", ""to"": ""2024-09-25""}, {""title"": ""Water drilling"", ""from"": ""2024-01-02"", ""to"": ""2024-12-31""}, {""title"": ""Water drilling"", ""from"": ""2024-06-18"", ""to"": ""2024-08-30""}, {""title"": ""Water drilling"", ""from"": ""2024-01-01"", ""to"": ""2024-12-31""}]"
17370	PUBLIC HEALTH INITIATIVES	medium_projects_only	unlikely	Child		00NGO/R/7112	2024-07-23	National	Arusha	Arusha	1	2025-09-12	Kijenge	22.3	-3.579539	36.6676334	https://nis.jamii.go.tz/ngo_profile/17370	True	&quot;Works towards the empowerment and well-being of women and youth&quot;.	"[{""title"": ""GBV awareness"", ""from"": ""2025-08-04"", ""to"": ""2025-09-12""}]"
16954	Tanzania Community Rising	medium_projects_only	unlikely	Child		00NGO/R/5002	2023-08-01	National	Kilimanjaro	Moshi	3	2025-12-31	Boma Ngombe	22.5	-3.3574011	37.3396578	https://nis.jamii.go.tz/ngo_profile/16954	True	To become the premier Organization for fighting poverty in Tanzania Community especially for youths and women.	"[{""title"": ""Entrepreneurship Club"", ""from"": ""2025-07-01"", ""to"": ""2025-12-31""}, {""title"": ""Entrepreneurship Club"", ""from"": ""2025-07-01"", ""to"": ""2025-12-31""}, {""title"": ""Entrepreneurship Club"", ""from"": ""2025-07-01"", ""to"": ""2025-12-31""}, {""title"": ""School Renovations"", ""from"": ""2025-04-01"", ""to"": ""2025-12-31""}, {""title"": ""School Renovations"", ""from"": ""2025-04-01"", ""to"": ""2025-12-31""}, {""title"": ""Schools Renovation"", ""from"": ""2024-01-01"", ""to"": ""2024-12-31""}, {""title"": ""NIL"", ""from"": ""2023-08-01"", ""to"": ""2023-12-31""}]"
676	FARAJA FARIJIKA FOUNDATION	medium_projects_only	unlikely	vulnerable child		00NGO/R/0366	2019-08-06	National	Kilimanjaro	Moshi	0		Boma Ngombe	22.6	-3.3753474	37.3378824	https://nis.jamii.go.tz/ngo_profile/676	True	Vulnerable chidren to get necessary sopport	
10232	CLARINETS FOR CONSERVATION INC DBA DARAJA MUSIC INITIATIVE	medium_projects_only	unlikely	Child		10161	2019-04-04	International	Kilimanjaro	Moshi	6	2025-07-19	Boma Ngombe	22.6	-3.3753474	37.3378824	https://nis.jamii.go.tz/ngo_profile/10232	True	The Organization works with the communities it serves to educate them &nbsp;on the &nbsp;importance &nbsp;of music and the mpingo tree (Tanzania&#39;s national &nbsp;tree) &nbsp;to promote the protection of natural resources	"[{""title"": ""Environmental conservation and Music Education"", ""from"": ""2025-06-05"", ""to"": ""2025-07-19""}, {""title"": ""Environmental conservation and music education"", ""from"": ""2024-06-06"", ""to"": ""2024-07-19""}, {""title"": ""Clarinets for Conservation"", ""from"": ""2023-05-25"", ""to"": ""2023-07-15""}, {""title"": ""Clarinets for Conservation"", ""from"": ""2022-04-01"", ""to"": ""2023-04-03""}, {""title"": ""Conservation education"", ""from"": ""2022-03-31"", ""to"": ""2022-04-30""}, {""title"": ""Submission of 2019 annual report and payment of the annual fee"", ""from"": ""2020-04-01"", ""to"": ""2020-04-14""}]"
14381	Friends Hearts Foundation	medium_projects_only	unlikely	child		00NGO/R/3355	2022-06-04	National	Kilimanjaro	Moshi	0		Boma Ngombe	22.6	-3.3753474	37.3378824	https://nis.jamii.go.tz/ngo_profile/14381	True	&nbsp;A better community with positive mind by using opportunities around them to fight against Poverty and hard life.	
7394	ZARA TANZANIA CHARITY	medium_projects_only	unlikely	Child	ZARA Tanzania Charity	00NGO/00003212	2009-06-15	National	Kilimanjaro	Moshi	5	2025-12-31	Boma Ngombe	22.8	-3.3489229	37.3427344	https://nis.jamii.go.tz/ngo_profile/7394	True	Well empowered grassroots community members who are actively participating in development agenda at local and international levels for improved quality of life.	"[{""title"": ""Maasai Pre School"", ""from"": ""2025-01-01"", ""to"": ""2025-12-31""}, {""title"": ""MOSHI KIDS CENTRE"", ""from"": ""2025-01-01"", ""to"": ""2025-12-31""}, {""title"": ""Tree Planting Program"", ""from"": ""2025-04-01"", ""to"": ""2025-07-31""}, {""title"": ""Moshi kids centre"", ""from"": ""2025-01-01"", ""to"": ""2025-04-30""}, {""title"": ""Maasai pre school"", ""from"": ""2025-01-01"", ""to"": ""2025-04-01""}, {""title"": ""Zara Charity (Women project)"", ""from"": ""2025-04-05"", ""to"": ""2025-12-04""}, {""title"": ""MOSHI KIDS CENTRE-NEW CLASSROOM PROJECT"", ""from"": ""2024-04-23"", ""to"": ""2025-01-01""}, {""title"": ""MOSHI KIDS CENTRE-New Classroom Project"", ""from"": ""2024-07-17"", ""to"": ""2024-09-20""}, {""title"": ""New classroom project-MOSHI KIDS CENTRE"", ""from"": ""2024-04-12"", ""to"": ""2024-07-09""}, {""title"": ""Moshi kids centre new classroom project"", ""from"": ""2023-12-11"", ""to"": ""2024-04-25""}, {""title"": ""ENVIRONMENTAL PROJECT"", ""from"": ""2023-01-19"", ""to"": ""2024-02-07""}, {""title"": ""MOSHI KIDS CENTRE CLASSROOM PROJECT"", ""from"": ""2023-01-09"", ""to"": ""2024-02-07""}]"
16228	EASY AMAZING TANZANIA.	medium_projects_only	unlikely	child		00NGO/R/4643	2023-04-17	National	Kilimanjaro	Moshi	0	2025-01-01	Boma Ngombe	22.8	-3.3709577	37.3405499	https://nis.jamii.go.tz/ngo_profile/16228	True	&#39;&#39;Inspiring the amazing World.&quot;	"[{""title"": ""GREEN BALANCE INITIATIVE"", ""from"": ""2024-01-01"", ""to"": ""2025-01-01""}, {""title"": ""Promoting tourism activities in Mbokomu ward"", ""from"": ""2024-01-05"", ""to"": ""2024-04-16""}]"
11244	ZUZU FOR AFRICA TANZANIA	medium_projects_only	unlikely	child		I-NGO/R1/00847	2021-03-18	International	Kilimanjaro	Moshi	0	2024-12-22	Boma Ngombe	23.0	-3.3362405	37.3452528	https://nis.jamii.go.tz/ngo_profile/11244	True	To consolidate itself as at an international reference organization in intergrated community development , which structured governance and sustainable impact.	"[{""title"": ""Community support"", ""from"": ""2024-01-07"", ""to"": ""2024-12-22""}, {""title"": ""Community support"", ""from"": ""2023-10-03"", ""to"": ""2023-12-30""}]"
7162	GIVE A HEART TO AFRICA	medium_projects_only	unlikely	child		00NGO/00003181	2009-06-08	International	Kilimanjaro	Moshi	3	2025-03-31	Boma Ngombe	23.1	-3.3696987	37.34344572961041	https://nis.jamii.go.tz/ngo_profile/7162	True	-	"[{""title"": ""Give A Heart To Africa"", ""from"": ""2025-01-13"", ""to"": ""2025-03-31""}, {""title"": ""women empowerment"", ""from"": ""2024-01-01"", ""to"": ""2024-12-31""}]"
11843	Educational Empowerment organization (Edpowerment)	medium_projects_only	unlikely	Child		00NGO/R/1630	2021-02-03	National	Kilimanjaro	Moshi	1		Boma Ngombe	23.4	-3.2330289	37.3228132	https://nis.jamii.go.tz/ngo_profile/11843	True	To ensure the community is free from ignorance	
7317	SIMBAS FOOTPRINTS FOUNDATION	medium_projects_only	unlikely	Child		00NGO/R1/00214	2016-02-19	National	Kilimanjaro	Moshi	6	2025-12-01	Boma Ngombe	23.6	-3.35681415	37.34979596722543	https://nis.jamii.go.tz/ngo_profile/7317	True	A thriving community led by creative problem solvers working to foster the unlimited potential of future generations, who are empowered to take ownership of their careers and future.	"[{""title"": ""YOUTH AND WOMEN EMPOWERMENT"", ""from"": ""2025-01-01"", ""to"": ""2025-04-01""}, {""title"": ""EXTRA CURRICULAR PROGRAMS"", ""from"": ""2025-01-01"", ""to"": ""2025-12-01""}, {""title"": ""SCHOOLS OUTREACH"", ""from"": ""2025-01-01"", ""to"": ""2025-11-25""}, {""title"": ""Community Support"", ""from"": ""2024-01-01"", ""to"": ""2024-12-28""}, {""title"": ""Youth and female empowerment"", ""from"": ""2024-01-02"", ""to"": ""2024-12-27""}, {""title"": ""schools outreach"", ""from"": ""2027-08-14"", ""to"": ""2024-11-22""}, {""title"": ""COMMUNITY SUPPORT"", ""from"": ""2023-01-01"", ""to"": ""2023-12-23""}, {""title"": ""SOCIO-ECONOMIC EMPOWERNEMT"", ""from"": ""2023-01-01"", ""to"": ""2023-12-01""}, {""title"": ""Education programs"", ""from"": ""2023-01-01"", ""to"": ""2023-12-01""}, {""title"": ""COMMUNITY SUPPORT PROGRAM"", ""from"": ""2022-01-01"", ""to"": ""2022-12-31""}, {""title"": ""COMMUNITY SUPPORT PROGRAM"", ""from"": ""2021-01-01"", ""to"": ""2021-12-31""}, {""title"": ""YOUTH ENGAGEMENT ACTIVITIES"", ""from"": ""2021-01-01"", ""to"": ""2021-12-31""}]"
11934	FRIENDS WE CARE ORGANIZATION	medium_projects_only	unlikely	OVC		00NGO/R/2375	2021-10-21	National	Kilimanjaro	Moshi	1		Boma Ngombe	23.6	-3.35681415	37.34979596722543	https://nis.jamii.go.tz/ngo_profile/11934	True	The vision statement of the organization is To create a self-sustaining future generation	
11527	LAZARO FOUNDATION	medium_projects_only	unlikely	early childhood		00NGO/R/2018	2021-08-12	National	Arusha	Arumeru	1	2024-06-18	Usa River	23.8	-3.151823	36.8415493	https://nis.jamii.go.tz/ngo_profile/11527	True	To see a well-educated community that is able to solve daily life problems in a diligent manner.	"[{""title"": ""Watoto na Bima Project"", ""from"": ""2024-03-14"", ""to"": ""2024-06-18""}, {""title"": ""Children rights empowerment"", ""from"": ""2022-05-18"", ""to"": ""2022-08-18""}, {""title"": ""Children rights empowerment"", ""from"": ""2022-02-16"", ""to"": ""2022-05-17""}, {""title"": ""Children's rights empowermemt"", ""from"": ""2021-11-14"", ""to"": ""2022-02-15""}, {""title"": ""Child rights empowerement"", ""from"": ""2021-08-12"", ""to"": ""2021-11-13""}]"
18373	ROAM HUMANITARIAN	medium_projects_only	unlikely	child	ROAM Humanitarian	00NGO/R/5739	2023-09-29	International	Arusha	Arumeru	0	2025-12-31	Usa River	23.8	-3.151823	36.8415493	https://nis.jamii.go.tz/ngo_profile/18373	True	A world where all displaced and vulnerable persons live in safety, dignity, and with full access to their human rights.	"[{""title"": ""Clean Water for women and children"", ""from"": ""2024-04-15"", ""to"": ""2024-04-19""}, {""title"": ""Maternal and Child Health"", ""from"": ""2025-01-01"", ""to"": ""2025-12-31""}]"
22987	AGtech Computer Foundation (A.C.F)	medium_projects_only	unlikely	child		00NGO/R/8559	2025-10-01	National	Kilimanjaro	Siha	1	2026-08-19	Boma Ngombe	24.2	-3.1631204	37.0031420	https://nis.jamii.go.tz/ngo_profile/22987	True	To foster digitally empowered rural communities that leverage technology to achieve sustainable social, educational, and economic advancement.	"[{""title"": ""Basic computer skills"", ""from"": ""2026-06-01"", ""to"": ""2026-08-19""}, {""title"": ""Basic computer skill"", ""from"": ""2026-04-01"", ""to"": ""2026-08-19""}, {""title"": ""Organizational Registration and Institutional Capacity Building"", ""from"": ""2025-09-01"", ""to"": ""2026-01-23""}, {""title"": ""ICT & Digital Literacy Training for Rural Communities"", ""from"": ""2026-01-12"", ""to"": ""2026-04-13""}, {""title"": ""ICT & Digital Literacy Training for Rural Communities"", ""from"": ""2026-01-12"", ""to"": ""2026-04-13""}]"
15246	GRAJAFA FOUNDATION	medium_projects_only	unlikely	child		01NGO/R/3431	2022-06-28	Regional	Arusha	Arusha	0		Kijenge	24.5	-3.5804324	36.8086048	https://nis.jamii.go.tz/ngo_profile/15246	True	We envisage a community where by people are well-informed&nbsp;on proper utilizilazation of resources to improve there social economic well being in the society.	
15869	ISANA FOUNDATION - (IFO)	medium_projects_only	unlikely	MTOTO		00NGO/R/3846	2022-09-22	National	Arusha	Arusha	0	2023-11-09	Kijenge	24.5	-3.5804324	36.8086048	https://nis.jamii.go.tz/ngo_profile/15869	True	To have transformative and innovative communities that support egual rights for all ,economic development with no gender based violentTanzanian society .	"[{""title"": ""MTOTO WA KIKE JITAMBUE"", ""from"": ""2023-06-16"", ""to"": ""2023-11-09""}]"
19200	AIDIM Initiative	medium_projects_only	unlikely	Child		00NGO/R/6592	2024-05-25	National	Arusha	Monduli	2	2025-11-12	Arusha City	24.7	-3.300789	36.445139	https://nis.jamii.go.tz/ngo_profile/19200	True	Women and youth empowered to use simple technical skills in connection with available technologies in fighting against ignorance, poverty and diseases.	"[{""title"": ""Losimingori Pr School Desks Initiative"", ""from"": ""2025-09-02"", ""to"": ""2025-11-12""}, {""title"": ""School Supplies"", ""from"": ""2024-07-19"", ""to"": ""2024-12-31""}, {""title"": ""African Child Day Commemoration"", ""from"": ""2024-06-01"", ""to"": ""2024-06-14""}, {""title"": ""School Uniforms to Engutoto Boys Sec School"", ""from"": ""2024-07-19"", ""to"": ""2024-08-15""}]"
10810	NATOPIWO ORGANIZATION	medium_projects_only	unlikely	child		00NGO/R/2452	2021-10-28	National	Arusha	Monduli	0		Arusha City	25.2	-3.546886	36.543644	https://nis.jamii.go.tz/ngo_profile/10810	True	Envision a community whereby is well developed, knowledgeble, and economic independent	
1104	MIINJENI WOMEN ORGANIZATION	medium_projects_only	unlikely	Child		00NGO/R/0639	2019-09-20	National	Kilimanjaro	Moshi	5	2025-12-31	Boma Ngombe	25.4	-3.2589439	37.3545407	https://nis.jamii.go.tz/ngo_profile/1104	True	to have the community which is aware of its own development issues and ready to put down some strategies, which will be suitable to fight against poverty in all parameters as sustainable solution to eradicate HIV and AIDS and associated problems.	"[{""title"": ""Sewing for growing"", ""from"": ""2025-01-01"", ""to"": ""2025-12-31""}, {""title"": ""Encoming Projects"", ""from"": ""2025-01-01"", ""to"": ""2025-12-31""}, {""title"": ""Encoming Projects"", ""from"": ""2025-01-01"", ""to"": ""2025-12-31""}, {""title"": ""Education Project- Day care Centre"", ""from"": ""2025-01-01"", ""to"": ""2025-12-31""}, {""title"": ""On going Income generating Projects( Piggery, chicken and Goat Project)"", ""from"": ""2025-04-01"", ""to"": ""2025-06-30""}, {""title"": ""Sewing for Ngowing Project."", ""from"": ""2025-04-01"", ""to"": ""2025-06-30""}, {""title"": ""Support People Living with HIV- Neema Group"", ""from"": ""2025-04-01"", ""to"": ""2025-06-30""}, {""title"": ""Social Economic"", ""from"": ""2024-01-01"", ""to"": ""2024-12-31""}, {""title"": ""Pig Project"", ""from"": ""2022-04-24"", ""to"": ""2024-04-11""}, {""title"": ""Women Empowerment"", ""from"": ""2019-05-10"", ""to"": ""2023-05-10""}]"
3134	TERRE SANS FRONTIÈRES	medium_projects_only	unlikely	Child		I-NGO/R1/00352	2006-06-14	International	Kilimanjaro	Moshi	5	2025-12-31	Boma Ngombe	25.7	-3.3346433	37.3697167	https://nis.jamii.go.tz/ngo_profile/3134	True	"TSF envisages to be a reliable and efficient partner to all its development collaborators. 

 &nbsp;"	"[{""title"": ""Building Youth: Cultivate, Raise Succeed (poultry component)"", ""from"": ""2025-07-01"", ""to"": ""2025-12-31""}, {""title"": ""Building Youth: Cultivate, Raise Succeed (School garden compenent)"", ""from"": ""2025-06-02"", ""to"": ""2025-12-31""}, {""title"": ""EQUIP THEM"", ""from"": ""2024-08-01"", ""to"": ""2025-07-31""}, {""title"": ""Equip Them"", ""from"": ""2024-07-01"", ""to"": ""2024-12-31""}, {""title"": ""World Environmental Day"", ""from"": ""2023-06-05"", ""to"": ""2023-06-30""}, {""title"": ""Improuving Health Services at Huruma Hospital COVID-19"", ""from"": ""2023-04-03"", ""to"": ""2023-04-28""}, {""title"": ""Improuving Vision Health Services at Huruma Hospital-Opto Equipments"", ""from"": ""2023-05-01"", ""to"": ""2023-06-30""}, {""title"": ""Improuving Vission Health Services at Huruma Hospital"", ""from"": ""2023-02-01"", ""to"": ""2023-02-28""}, {""title"": ""Improuving Vission Health Services at Huruma Hospital"", ""from"": ""2023-02-01"", ""to"": ""2023-02-28""}, {""title"": ""Participation for the International Events/Activities"", ""from"": ""2022-04-04"", ""to"": ""2022-08-31""}, {""title"": ""Cataract Project"", ""from"": ""2022-01-06"", ""to"": ""2022-03-31""}, {""title"": ""IMPROVING MATERNAL AND NEWBORN HEALTH SERVICE FOR WOMEN IN MWANGA, TANZANIA"", ""from"": ""2022-01-04"", ""to"": ""2022-02-15""}]"
5390	STEP UP CENTRE	medium_projects_only	unlikely	Child		07NGO/00002647	2008-11-07	District	Kilimanjaro	Moshi	4	2024-03-25	Boma Ngombe	25.7	-3.3346433	37.3697167	https://nis.jamii.go.tz/ngo_profile/5390	True	-	"[{""title"": ""Step-up Center (Day Care)"", ""from"": ""2023-01-01"", ""to"": ""2023-12-31""}, {""title"": ""Education for Early childhood"", ""from"": ""2024-01-08"", ""to"": ""2024-03-25""}, {""title"": ""Step Up Day Care Center"", ""from"": ""2023-08-01"", ""to"": ""2023-09-27""}, {""title"": ""Day Care Centre"", ""from"": ""2022-01-01"", ""to"": ""2022-12-31""}]"
11881	Maisha Outreach Therapy Organization (MOTO)	medium_projects_only	unlikely	Child		00NGO/R/1612	2021-01-20	National	Kilimanjaro	Moshi	5	2025-12-31	Boma Ngombe	26.6	-3.3445799	37.3780403	https://nis.jamii.go.tz/ngo_profile/11881	True	To make high quality therapeutic intervention, social support, and relevant capacity building training accessible to all who need it.	"[{""title"": ""CBRN Tanzania"", ""from"": ""2025-01-01"", ""to"": ""2025-12-31""}, {""title"": ""Endorsement from the Ministry of Health"", ""from"": ""2025-01-01"", ""to"": ""2025-12-01""}, {""title"": ""Home Based Care Training"", ""from"": ""2025-01-01"", ""to"": ""2025-12-01""}, {""title"": ""Skill Share Project"", ""from"": ""2025-01-01"", ""to"": ""2025-12-31""}, {""title"": ""Moving Foward"", ""from"": ""2025-01-01"", ""to"": ""2025-12-31""}, {""title"": ""Moving Foward"", ""from"": ""2025-10-01"", ""to"": ""2025-12-31""}, {""title"": ""Moving Foward"", ""from"": ""2025-07-01"", ""to"": ""2025-09-30""}, {""title"": ""Skillshare Project"", ""from"": ""2025-04-01"", ""to"": ""2025-06-30""}, {""title"": ""Moving Foward"", ""from"": ""2025-04-01"", ""to"": ""2025-06-30""}, {""title"": ""Capacity building and Skill share project"", ""from"": ""2025-01-01"", ""to"": ""2025-03-31""}, {""title"": ""Moving Foward Project"", ""from"": ""2025-01-01"", ""to"": ""2025-03-31""}, {""title"": ""Capacity Building and skills sharing Project"", ""from"": ""2024-01-01"", ""to"": ""2024-12-31""}]"
11069	Foundation for community Transformation in Kilimanjaro (FTK)	medium_projects_only	unlikely	Child		00NGO/R/1402	2020-10-15	National	Kilimanjaro	Moshi	6	2025-12-31	Boma Ngombe	26.7	-3.3439479	37.37856195909961	https://nis.jamii.go.tz/ngo_profile/11069	True	Envisage Community of better health, education and have well developed in all sector with free to poverty and gender discrimination.	"[{""title"": ""Infrastructure"", ""from"": ""2025-01-01"", ""to"": ""2025-12-31""}, {""title"": ""Infrastructure"", ""from"": ""2025-01-01"", ""to"": ""2025-12-31""}, {""title"": ""Infrastructure"", ""from"": ""2025-01-01"", ""to"": ""2025-12-31""}, {""title"": ""Sustainability"", ""from"": ""2025-01-01"", ""to"": ""2025-12-31""}, {""title"": ""Income Generation"", ""from"": ""2025-12-01"", ""to"": ""2025-12-31""}, {""title"": ""Health"", ""from"": ""2025-01-01"", ""to"": ""2025-12-31""}, {""title"": ""Education"", ""from"": ""2025-01-01"", ""to"": ""2025-12-31""}, {""title"": ""Infrastructure"", ""from"": ""2023-07-01"", ""to"": ""2024-12-31""}, {""title"": ""Infrastructure"", ""from"": ""2023-07-01"", ""to"": ""2024-12-31""}, {""title"": ""Sustainability"", ""from"": ""2023-07-01"", ""to"": ""2024-12-31""}, {""title"": ""Income Generation"", ""from"": ""2023-07-01"", ""to"": ""2024-12-31""}, {""title"": ""Heath Services"", ""from"": ""2023-07-01"", ""to"": ""2024-12-31""}]"
11824	WORLD LEARNING ORGANIZATION	medium_projects_only	unlikely	Child		I-NGO/R/1626	2021-02-03	International	Arusha	Arusha	5	2025-11-30	Arusha City	26.7	-3.4849687	36.4607101	https://nis.jamii.go.tz/ngo_profile/11824	True	&nbsp;Envision an organization that builds a flourishing community being knowledgeable, environmental friendly and economic independent.	"[{""title"": ""Rehabilitation of the portable water pipe system at Olturumet Ward"", ""from"": ""2025-04-01"", ""to"": ""2025-11-30""}, {""title"": ""Rehabilitation of the portable water pipe system at Olturumet Ward"", ""from"": ""2025-04-01"", ""to"": ""2025-11-30""}, {""title"": ""Student project overseas student"", ""from"": ""2024-03-01"", ""to"": ""2024-09-30""}, {""title"": ""Study project of Overseas student"", ""from"": ""2024-09-08"", ""to"": ""2024-08-08""}, {""title"": ""Study project of Overseas students"", ""from"": ""2022-01-01"", ""to"": ""2022-12-31""}]"
13825	AKO TANZANIA COMMUNITY SUPPORT	medium_projects_only	unlikely	Child		00NGO/R/2586	2021-11-19	National	Kilimanjaro	Moshi	4	2026-06-30	Boma Ngombe	26.7	-3.3439479	37.37856195909961	https://nis.jamii.go.tz/ngo_profile/13825	True	We envisions a Community where all people have the support they need to be defined by their Potential, not by their circumstances.	"[{""title"": ""Msarikie Youth Empowerment"", ""from"": ""2026-05-01"", ""to"": ""2026-06-30""}, {""title"": ""Kibosho biogas system"", ""from"": ""2026-01-01"", ""to"": ""2026-03-31""}, {""title"": ""Uchau Furniture"", ""from"": ""2026-01-01"", ""to"": ""2026-03-31""}, {""title"": ""mkomilo primary school"", ""from"": ""2026-01-01"", ""to"": ""2026-03-30""}, {""title"": ""kibosho hospital"", ""from"": ""2025-08-01"", ""to"": ""2025-08-07""}, {""title"": ""Students Scholarship"", ""from"": ""2023-01-02"", ""to"": ""2023-12-29""}, {""title"": ""Poor Patients"", ""from"": ""2023-01-02"", ""to"": ""2023-12-29""}, {""title"": ""Kibosho Hospital and St.George Kindergarten"", ""from"": ""2023-01-11"", ""to"": ""2023-12-29""}, {""title"": ""Kibosho Primary School"", ""from"": ""2023-01-18"", ""to"": ""2023-02-08""}, {""title"": ""Leguruki"", ""from"": ""2023-02-08"", ""to"": ""2023-10-25""}, {""title"": ""Kibaoni Primary School"", ""from"": ""2023-04-20"", ""to"": ""2023-10-24""}, {""title"": ""Asumpta Primary School"", ""from"": ""2023-06-19"", ""to"": ""2023-07-14""}]"
690	KIJANA KWANZA (YOUNG PEOPLE FIRST)	medium_projects_only	unlikely	Child		I-NGO/R/0602	2019-09-10	International	Kilimanjaro	Moshi	5	2025-12-31	Boma Ngombe	26.8	-3.4124857	37.3671184	https://nis.jamii.go.tz/ngo_profile/690	True	To see Tanzania in which, young people are self-employed&nbsp;	"[{""title"": ""CHILDREN HOME CONSTRUCTION"", ""from"": ""2025-01-01"", ""to"": ""2025-12-31""}, {""title"": ""EVENTS AND ACTIVITIES"", ""from"": ""2025-01-01"", ""to"": ""2025-12-31""}, {""title"": ""CHILD & STUDENT SPONSORSHIP"", ""from"": ""2025-01-01"", ""to"": ""2025-12-31""}, {""title"": ""Events and Activities"", ""from"": ""2024-01-01"", ""to"": ""2024-12-31""}, {""title"": ""Construction Costs"", ""from"": ""2024-01-01"", ""to"": ""2024-12-31""}, {""title"": ""Children and Student Sponsorship"", ""from"": ""2024-01-01"", ""to"": ""2024-12-31""}, {""title"": ""Youth Development Programme"", ""from"": ""2023-01-01"", ""to"": ""2023-12-31""}, {""title"": ""Pre Form 1 Programme"", ""from"": ""2023-01-01"", ""to"": ""2023-12-31""}, {""title"": ""Apprenticeship & Vocational Skills Programme"", ""from"": ""2023-01-01"", ""to"": ""2023-12-31""}, {""title"": ""Community Sponsorship Programme"", ""from"": ""2023-01-01"", ""to"": ""2023-12-31""}, {""title"": ""Events and Activities"", ""from"": ""2023-01-01"", ""to"": ""2023-03-31""}, {""title"": ""Back to School Pack"", ""from"": ""2023-01-01"", ""to"": ""2023-03-31""}]"
13903	Sheisconnected Initiative	medium_projects_only	unlikely	Child		00NGO/R/2638	2021-12-06	National	Kilimanjaro	Moshi	1	2023-05-31	Boma Ngombe	29.2	-3.2496436	37.3870193	https://nis.jamii.go.tz/ngo_profile/13903	True	To have a connected community of women &amp; girls with digital skills and making a positive impact in the society	"[{""title"": ""School Connectivity Project"", ""from"": ""2022-05-31"", ""to"": ""2023-05-31""}]"
7439	MICRO HEALTH INITIATIVE (MHI)	medium_projects_only	unlikely	Child		00NGO/00006505	2013-08-06	National	Kilimanjaro	Moshi	4	2026-08-31	Boma Ngombe	29.6	-3.3154731	37.4045272	https://nis.jamii.go.tz/ngo_profile/7439	True	The vision of the &nbsp;Organization &nbsp;for MHI &nbsp;is to &nbsp;enable a &nbsp;world where the low and middle level income earners enjoy equal access to health	"[{""title"": ""On Goining Digitization of Tanzania Health Records"", ""from"": ""2025-09-01"", ""to"": ""2026-08-31""}, {""title"": ""On Goining Digitization of Tanzania Health Records"", ""from"": ""2025-09-01"", ""to"": ""2026-08-31""}, {""title"": ""On Goining Digitization of Tanzania Health Records"", ""from"": ""2025-09-01"", ""to"": ""2026-08-31""}, {""title"": ""On Goining Digitization of Tanzania Health Records"", ""from"": ""2025-09-01"", ""to"": ""2026-08-31""}, {""title"": ""On Goining Digitization of Tanzania Health Records"", ""from"": ""2025-09-01"", ""to"": ""2026-08-31""}, {""title"": ""Digitization & Improvement of medical records in tanzania"", ""from"": ""2024-01-01"", ""to"": ""2024-12-31""}, {""title"": ""Digitization & Improvement of medical records in tanzania"", ""from"": ""2024-01-01"", ""to"": ""2024-12-31""}, {""title"": ""Digitization & Improvement of medical records in tanzania"", ""from"": ""2024-01-01"", ""to"": ""2024-12-31""}, {""title"": ""Kilimanjaro Health Plan"", ""from"": ""2021-09-01"", ""to"": ""2022-08-31""}, {""title"": ""Helping Health Facilities Digitize Records"", ""from"": ""2021-09-01"", ""to"": ""2022-08-31""}, {""title"": ""Community Health Micro Insurance"", ""from"": ""2020-01-01"", ""to"": ""2020-12-31""}, {""title"": ""Medical Records Digitization"", ""from"": ""2020-01-01"", ""to"": ""2020-12-31""}]"
7530	GOODHOPE SUPPORT ORGANIZATION (GOSUP)	medium_projects_only	unlikely	child		00NGO/00006005	2013-01-02	National	Kilimanjaro	Moshi	0	2024-12-31	Boma Ngombe	29.6	-3.3154731	37.4045272	https://nis.jamii.go.tz/ngo_profile/7530	True	-	"[{""title"": ""STEPPING STONE AND TUITION"", ""from"": ""2024-01-01"", ""to"": ""2024-12-31""}, {""title"": ""Football"", ""from"": ""2024-01-01"", ""to"": ""2024-12-31""}, {""title"": ""Mabinti project"", ""from"": ""2024-01-01"", ""to"": ""2024-12-31""}, {""title"": ""Daycare"", ""from"": ""2024-01-01"", ""to"": ""2024-12-31""}, {""title"": ""Sponsorship"", ""from"": ""2024-01-01"", ""to"": ""2024-12-31""}]"
17405	NGOWI MAKYAO FOUNDATION	medium_projects_only	unlikely	child		00NGO/R/5834	2023-08-09	National	Kilimanjaro	Moshi	0		Boma Ngombe	29.7	-3.3392793	37.4061071	https://nis.jamii.go.tz/ngo_profile/17405	True	To have a&nbsp;learned rural community&nbsp;that contributes to economic wellbeing of their communities and national development	
10669	FOUNDATION FOR PREVENTATIVE HEALTH	medium_projects_only	unlikely	Child		00NGO/R/1218	2020-07-13	National	Arusha	Arusha	6	2025-12-31	Arusha City	0.0	-3.3527984	36.661260867522074	https://nis.jamii.go.tz/ngo_profile/10669	True	To have high levels of&nbsp;awareness&nbsp;for personal health and self-care, as well as an increased&nbsp;number of healthcare providers in the optometry and dental fields.	"[{""title"": ""FPH ORAL HEALTH"", ""from"": ""2025-01-02"", ""to"": ""2025-03-31""}, {""title"": ""FPH TZ VISION HEALTH"", ""from"": ""2025-01-02"", ""to"": ""2025-12-31""}, {""title"": ""FPH Vision Health"", ""from"": ""2024-01-02"", ""to"": ""2024-12-20""}, {""title"": ""Community Oral Health Fellowship Program"", ""from"": ""2023-01-01"", ""to"": ""2023-12-31""}, {""title"": ""FPH Tz Vision Health"", ""from"": ""2023-01-01"", ""to"": ""2023-12-31""}, {""title"": ""Sight & Oral Health"", ""from"": ""2022-02-01"", ""to"": ""2022-12-31""}, {""title"": ""Arumeru Sight Savers"", ""from"": ""2021-01-01"", ""to"": ""2021-12-31""}, {""title"": ""LEGAL AWARENESS"", ""from"": ""2021-01-18"", ""to"": ""2021-12-31""}, {""title"": ""PREPARATIONS TO START OPERATIONS"", ""from"": ""2020-07-14"", ""to"": ""2020-12-31""}]"
12211	Iyanna Foundation	medium_projects_only	unlikely	Child		00NGO/R/1862	2021-05-17	National	Arusha	Arusha	4	2025-12-31	Arusha City	0.0	-3.3527984	36.661260867522074	https://nis.jamii.go.tz/ngo_profile/12211	True	Young women and girls empowered and are participating and influencing their communities	"[{""title"": ""Reflective Leadership Training"", ""from"": ""2025-01-01"", ""to"": ""2025-12-31""}, {""title"": ""Refletive Learning"", ""from"": ""2025-10-01"", ""to"": ""2025-12-31""}, {""title"": ""Reflective Learning"", ""from"": ""2025-07-01"", ""to"": ""2025-09-30""}, {""title"": ""Reflective Learning"", ""from"": ""2024-10-01"", ""to"": ""2024-12-31""}, {""title"": ""Reflective Learning"", ""from"": ""2024-07-01"", ""to"": ""2024-09-30""}, {""title"": ""Reflective Learning"", ""from"": ""2025-04-01"", ""to"": ""2025-06-30""}, {""title"": ""Chess and Lifeskills"", ""from"": ""2025-01-01"", ""to"": ""2025-03-31""}, {""title"": ""Reflective Leadership"", ""from"": ""2024-01-01"", ""to"": ""2024-12-31""}, {""title"": ""Reflective Leadership"", ""from"": ""2024-01-01"", ""to"": ""2024-12-31""}, {""title"": ""Reflective Leadership"", ""from"": ""2024-01-01"", ""to"": ""2024-12-31""}, {""title"": ""Reflective Leadership"", ""from"": ""2023-01-01"", ""to"": ""2023-12-31""}, {""title"": ""Youth and Lifeskills"", ""from"": ""2022-01-01"", ""to"": ""2023-12-31""}]"
17435	Improvement of Rangeland in Pastoral Areas (IRPA)	weak	unlikely	Women		00NGO/R/5491	2023-12-11	National	Arusha	Arusha	1	2025-04-29	Ilboru	0.4	-3.3497575499999996	36.694137528166095	https://nis.jamii.go.tz/ngo_profile/17435	True	"Vision Statement: Enhance communities&#39; economy through participation in the restoration of rangelands and sustainable utilization of the rangelands 

 &nbsp; &nbsp;"	"[{""title"": ""Mobilization of women and groups"", ""from"": ""2025-04-29"", ""to"": ""2025-04-29""}]"
4592	THIRD MILLENIUM PEACE INITIATIVE FOUNDATION (TMPIF)	weak	unlikely	Women		00001443	2012-01-23	National	Arusha	Arumeru	5	2025-10-31	Usa River	0.8	-3.3662019	36.8562422	https://nis.jamii.go.tz/ngo_profile/4592	True	To promote and sustain &nbsp;peace in &nbsp;Tanzania &nbsp;and &nbsp;in the &nbsp;Great &nbsp;Lakes &nbsp;Regions&nbsp; through facilitating the community development economically, &nbsp;culturally and socially	"[{""title"": ""MRADI WA ELIMU KWA UMMA JUU YA KILIMO BORA NA KUJUA AFYA YA UDONGO."", ""from"": ""2025-02-01"", ""to"": ""2025-10-31""}, {""title"": ""NATURE-BASED SOLUTIONS (NBS) MEDIA ENGAGEMENT PROJECT"", ""from"": ""2024-01-08"", ""to"": ""2024-12-10""}, {""title"": ""MRADI WA KILIMO HIFADHI NA USALAMA WA CHAKULA."", ""from"": ""2023-01-01"", ""to"": ""2023-12-31""}, {""title"": ""UHAMASISHAJI WA ELIMU YA AFYA KWA JAMII KUPITIA VIPINDI VYA REDIO"", ""from"": ""2022-01-01"", ""to"": ""2022-12-31""}, {""title"": ""KUHAMASISHA JAMII JUU YA UHIFADHI WA MAZINGIRA NA VYANZO VYA MAJI MIKOA YA MARA NA SIMIYU"", ""from"": ""2021-01-01"", ""to"": ""2021-12-01""}, {""title"": ""COVID -19 PANDEMIC AWARENESS CREATION THROUGH MEDIA ENGAGEMENT CAMPAIGNS TO SMALLHOLDER FARMERS IN MARA AND SIMIYU REGIO"", ""from"": ""2020-01-03"", ""to"": ""2021-04-21""}]"
13233	Wanawake Shield Tanzania (WANSTz)	weak	unlikely	Wanawake		00NGO/R/2163	2021-08-17	National	Arusha	Arumeru	1	2022-09-15	Usa River	0.8	-3.3662019	36.8562422	https://nis.jamii.go.tz/ngo_profile/13233	True	"To envision a society where women are free from all forms of gender inequalities, violence, discrimination and income poverty as well as advance their wellbeing. 

 &nbsp;"	"[{""title"": ""MSICHANA NA KITABU CAMPAIGN"", ""from"": ""2022-07-10"", ""to"": ""2022-09-15""}]"
13655	TEARSDRY ARGENCE FOR BETTER HOPE (TABEHO)	weak	unlikely	women		00NGO/R/5411	2023-09-05	National	Arusha	Arumeru	0		Usa River	0.8	-3.3662019	36.8562422	https://nis.jamii.go.tz/ngo_profile/13655	True	Social development of the poor women and girls.	
22036	TAZAMA EDU	weak	unlikely	poverty		00NGO/R/8377	2025-05-19	National	Arusha	Arusha	0		Arusha City	0.8	-3.358431	36.656277	https://nis.jamii.go.tz/ngo_profile/22036	True	A sustainable&nbsp;future with empowered&nbsp;generations through education, sustainable development, and a deep connection to Tanzania&rsquo;s natural heritage.	
7201	YOUTH WINGS	weak	unlikely	Women		00NGO/R1/00462	2014-07-08	National	Arusha	Arusha	2	2025-10-31	Ilboru	0.9	-3.349777660233985	36.68440843053065	https://nis.jamii.go.tz/ngo_profile/7201	True	To see Tanzania adolescents, young adults, and marginalized groups healthy, empowered, and thrived with great aspirations, dedications, hard work, and positive energy.	"[{""title"": ""EpiC Project"", ""from"": ""2024-10-01"", ""to"": ""2025-10-31""}, {""title"": ""EpiC"", ""from"": ""2023-09-01"", ""to"": ""2024-10-31""}, {""title"": ""EpiC Project"", ""from"": ""2022-10-01"", ""to"": ""2023-09-30""}]"
22632	Dupoto Community Organization	weak	unlikely	women		00NGO/R/8699	2025-10-24	National	Arusha	Arumeru	0		Usa River	0.9	-3.371159198182153	36.85806876851762	https://nis.jamii.go.tz/ngo_profile/22632	True	A better Future Building  for All	
10567	Opportunity Girls Tanzania	weak	unlikely	women		00NGO/R/01000	2020-03-25	National	Arusha	Arusha	1		Ilboru	1.1	-3.337226	36.6893863	https://nis.jamii.go.tz/ngo_profile/10567	True	Tanzanian girls, youth and women free to prosper while conducting a dignified existence	
21047	Boresha Maisha Initiatives	weak	unlikely	welfare		00NGO/R/7782	2024-11-27	National	Arusha	Level:	1	2025-12-31	Kijenge	1.1	-3.3925	36.7048	https://nis.jamii.go.tz/ngo_profile/21047	True	To create sustainable transformative change and empower communities	"[{""title"": ""Students Support"", ""from"": ""2025-01-01"", ""to"": ""2025-12-31""}]"
4737	Maasai Women Development Organization (MWEDO)	weak	unlikely	Women		00NGO/R2/000213	2019-07-31	National	Arusha	Arusha	6	2025-12-31	Kijenge	1.2	-3.3909726	36.7174112	https://nis.jamii.go.tz/ngo_profile/4737	True	Pastoralist Maasai Women have social and economic rights independent and free from poverty	"[{""title"": ""Livelihoods and Economic Empowerment, Gender Equality"", ""from"": ""2025-01-01"", ""to"": ""2025-12-31""}, {""title"": ""Education Access for Pastoralist Girls and Women"", ""from"": ""2024-01-01"", ""to"": ""2024-05-30""}, {""title"": ""Gender Equality and Movement Building"", ""from"": ""2024-01-01"", ""to"": ""2024-12-31""}, {""title"": ""Livelihoods and Economic Empowerment, Gender Equality"", ""from"": ""2024-01-01"", ""to"": ""2024-12-31""}, {""title"": ""Community Healthcare Program- Maternal Health and HIV/AIDS Prevention"", ""from"": ""2024-01-01"", ""to"": ""2024-12-31""}, {""title"": ""Education program"", ""from"": ""2023-01-01"", ""to"": ""2023-12-31""}, {""title"": ""Community Health"", ""from"": ""2023-01-01"", ""to"": ""2023-12-31""}, {""title"": ""Economic Empowerment Program"", ""from"": ""2023-01-01"", ""to"": ""2023-12-31""}, {""title"": ""Gender Equality and Movement Building"", ""from"": ""2023-01-01"", ""to"": ""2023-12-31""}]"
5399	RESEARCH,COMMUNITY AND ORGANIZATIONAL DEVELOPMENT ASSOCIATES(RECODA)	weak	unlikely	poverty		00001470	2012-06-20	National	Arusha	Arusha	5	2025-12-31	Kijenge	1.2	-3.3931496459248063	36.704598094290404	https://nis.jamii.go.tz/ngo_profile/5399	True	The vision of RECODA is to have a prosperous, strong, sustainable and enlightened community free of ignorance and poverty.	"[{""title"": ""KILIMO ENDELEVU ARUSHA"", ""from"": ""2025-01-01"", ""to"": ""2025-12-31""}, {""title"": ""KEA"", ""from"": ""2022-05-01"", ""to"": ""2024-12-31""}]"
18107	GREENLIFT FOUNDATION	weak	unlikely	poverty		00NGO/R/6204	2024-04-30	National	Arusha	Arusha	1		Ilboru	1.2	-3.3560759	36.6977624	https://nis.jamii.go.tz/ngo_profile/18107	True	Accessible needs, thriving communities, preserved resources. Striving to be a catalyst for postive change and inspiring sustainable practices for people and the planet.	
16796	Tujenge Maisha	weak	unlikely	women		00NGO/R/5101	2024-01-04	National	Kilimanjaro	Hai	1	2024-12-06	Boma Ngombe	1.3	-3.3332717	37.1501661	https://nis.jamii.go.tz/ngo_profile/16796	True	Ensure safe delivery to all pregnant women in Narumu village.	"[{""title"": ""tujenge maisha integrated mobile clinic"", ""from"": ""2024-11-06"", ""to"": ""2024-12-06""}]"
21668	Maasai Better Life Organization(MBLO)	weak	unlikely	poverty		00NGO/R/8473	2025-05-23	National	Arusha	Arusha	0		Kijenge	1.3	-3.39	36.7	https://nis.jamii.go.tz/ngo_profile/21668	True	A community characterized by sustainable development, social equity and equal opportunies for all.	
5265	PASTORALISTS INDIGENOUS NON GOVERNMENTAL ORGANIZATION'S FORUM (PINGO'S)	weak	unlikely	Women		00NGO/R1/00541	2014-05-13	National	Arusha	Arusha	5	2026-02-28	Arusha City	1.4	-3.3527991	36.6486538	https://nis.jamii.go.tz/ngo_profile/5265	True	A just, resilient, and peaceful society where Indigenous pastoralists and hunter-gatherers thrive. Exercise full self-determination and enjoy equal rights, dignity, and sustainable livelihoods.	"[{""title"": ""Pastoralist Women Climate Adaptation Project"", ""from"": ""2025-03-01"", ""to"": ""2026-02-28""}, {""title"": ""Pastoralist Women Climate Adaptation Project"", ""from"": ""2025-03-01"", ""to"": ""2026-02-28""}, {""title"": ""Pastoralist Women Climate Adaptation Project"", ""from"": ""2025-03-01"", ""to"": ""2026-02-28""}, {""title"": ""Pastoralist Women Climate Adaptation Project"", ""from"": ""2025-03-01"", ""to"": ""2026-02-28""}, {""title"": ""Honey for Economic Empowerment Project –(HEEP) Akie Community"", ""from"": ""2025-01-01"", ""to"": ""2025-12-31""}, {""title"": ""Solutions to ensure sustainable water supply in Kimwaat community"", ""from"": ""2025-01-01"", ""to"": ""2025-12-25""}, {""title"": ""Mageuzi ya Maarifa - Transformative knowledge for people, forests and climate in Tanzania."", ""from"": ""2025-07-01"", ""to"": ""2025-09-30""}, {""title"": ""CLIMATE CHANGE ADAPTATION"", ""from"": ""2025-07-01"", ""to"": ""2025-09-30""}, {""title"": ""Indigenous Navigator"", ""from"": ""2025-07-31"", ""to"": ""2025-10-13""}, {""title"": ""Support Indigenous people's rights."", ""from"": ""2023-01-02"", ""to"": ""2024-12-31""}, {""title"": ""Shout for the Justice: Facilitate Indigenous, People Amplify the Voice"", ""from"": ""2023-01-01"", ""to"": ""2024-01-31""}, {""title"": ""Indigenous Navigator"", ""from"": ""2023-07-01"", ""to"": ""2024-12-31""}]"
356	MSICHANA IMARA FOUNDATION	weak	unlikely	Women		00NGO/R/0306	2019-08-01	National	Arusha	Arusha	1	2026-06-26	Ilboru	1.5	-3.35438755	36.681305116482804	https://nis.jamii.go.tz/ngo_profile/356	True	To develop a community with girls, who have positive mindset and know their value in society	"[{""title"": ""Mawimbi Project"", ""from"": ""2026-04-01"", ""to"": ""2026-06-26""}, {""title"": ""Imarika Project"", ""from"": ""2026-01-20"", ""to"": ""2026-03-20""}, {""title"": ""Mawimbi Project"", ""from"": ""2026-01-13"", ""to"": ""2026-03-20""}, {""title"": ""Imarika Project"", ""from"": ""2025-02-19"", ""to"": ""2025-09-23""}, {""title"": ""Mawimbi Project"", ""from"": ""2025-02-14"", ""to"": ""2025-11-28""}, {""title"": ""My PAD MY FREEDOM"", ""from"": ""2021-01-01"", ""to"": ""2021-03-01""}]"
447	Easun Centre For Organizational Learning	weak	unlikely	women		00NGO/R2/000481	2019-08-26	National	Arusha	Arusha	6	2027-04-30	Arusha City	1.5	-3.3575909	36.6487362	https://nis.jamii.go.tz/ngo_profile/447	True	Empowered and accountable civil society sector	"[{""title"": ""Advancing ethical leadership and transformational governance among CSOs in East Africa"", ""from"": ""2025-01-01"", ""to"": ""2025-12-31""}, {""title"": ""Advancing Ethical Leadership and Transformational Governance among Civil Society Organizations"", ""from"": ""2024-05-01"", ""to"": ""2027-04-30""}, {""title"": ""DEVELOPING CIVIL SOCIETY AS A MODEL AND SOURCE OF ETHICAL LEADERSHIP"", ""from"": ""2023-03-01"", ""to"": ""2023-12-31""}, {""title"": ""DEVELOPING CIVIL SOCIETY AS A MODEL AND SOURCE OF ETHICAL LEADERSHIP"", ""from"": ""2021-04-15"", ""to"": ""2024-04-30""}, {""title"": ""DEVELOPING CIVIL SOCIETY AS A MODEL AND SOURCE OF ETHICAL LEADERSHIP"", ""from"": ""2020-01-01"", ""to"": ""2020-01-01""}, {""title"": ""DEVELOPING CIVIL SOCIETY AS A MODEL AND SOURCE OF ETHICAL LEADERSHIP"", ""from"": ""2020-01-01"", ""to"": ""2020-01-01""}]"
5646	ULANDSSEKRETARIATET	weak	unlikely	Women		I-NGO/R1/003	2012-02-27	International	Arusha	Arusha	5	2025-12-31	Kijenge	1.7	-3.3719858	36.6995963	https://nis.jamii.go.tz/ngo_profile/5646	True	To strengthern labour market organizations in Tanzania.	"[{""title"": ""Decent Work and Labour Rights for Formal and Informal Workers"", ""from"": ""2025-01-01"", ""to"": ""2025-12-31""}, {""title"": ""TVET workshops for TUCTA,TUICO,RAAWU and ATE"", ""from"": ""2024-01-01"", ""to"": ""2024-12-31""}, {""title"": ""Decent Work and labour rights for Formal and informal workers in East Africa"", ""from"": ""2023-01-01"", ""to"": ""2023-12-31""}, {""title"": ""Decent Work and labour rights for Formal and informal workers in East Africa"", ""from"": ""2022-01-01"", ""to"": ""2022-12-31""}, {""title"": ""STRENGTHEN LABOUR MARKET ORGANIZATION IN TANZANIA"", ""from"": ""2021-01-01"", ""to"": ""2021-12-31""}]"
19510	TANZANIA LEADERSHIP INITIATIVE	weak	unlikely	Women		00NGO/R/7053	2024-07-24	National	Kilimanjaro	Hai	0		Boma Ngombe	1.7	-3.324722	37.150694	https://nis.jamii.go.tz/ngo_profile/19510	True	The vision of our organization is to be a Leader in Sustainable Development through championing the development of Women and Youth Leaders in Tanzania.	
542	INNOVATIVE TECHNOLOGY AND ENERGY CENTRE (ITEC) TANZANIA	weak	unlikely	Women		00NGO/R2/000478	2019-08-26	National	Arusha	Arusha	5	2025-12-31	Arusha City	1.8	-3.3681767	36.6651169	https://nis.jamii.go.tz/ngo_profile/542	True	To develop, educate and commercialize innovative appropriate technology suitable for Africa using renewable energy and ICT in electric power, agriculture, health and education for the sustainable development of Africa	"[{""title"": ""Solar power"", ""from"": ""2025-01-01"", ""to"": ""2025-12-31""}, {""title"": ""Solar power"", ""from"": ""2025-01-01"", ""to"": ""2025-12-31""}, {""title"": ""Solar power"", ""from"": ""2025-01-01"", ""to"": ""2025-12-31""}, {""title"": ""Solar power"", ""from"": ""2024-01-01"", ""to"": ""2024-12-31""}, {""title"": ""Solar power"", ""from"": ""2024-01-01"", ""to"": ""2024-12-31""}, {""title"": ""Solar project"", ""from"": ""2023-01-02"", ""to"": ""2023-11-30""}, {""title"": ""Renewable energy"", ""from"": ""2019-11-15"", ""to"": ""2024-04-30""}, {""title"": ""Innovative Technology and Energy"", ""from"": ""2019-08-26"", ""to"": ""2025-12-31""}]"
13481	Korea International Cooperation Service (KOICS)	weak	unlikely	welfare		I-NGO/R/2451	2021-10-28	International	Arusha	Arusha	4	2025-12-20	Arusha City	1.8	-3.3681767	36.6651169	https://nis.jamii.go.tz/ngo_profile/13481	True	A thriving community with high quality education, economically stable and better life.	"[{""title"": ""AI Data Labeling Education"", ""from"": ""2025-01-06"", ""to"": ""2025-12-20""}, {""title"": ""AI Data Labeling Education & Volunteer Program"", ""from"": ""2023-10-08"", ""to"": ""2024-12-20""}, {""title"": ""AI Data Labeling Education"", ""from"": ""2023-01-09"", ""to"": ""2023-12-30""}, {""title"": ""AI Data Labeling Education"", ""from"": ""2022-01-03"", ""to"": ""2022-12-31""}]"
4821	WOMEN DEVELOPMENT FOR SCIENCE  AND TECHNOLOGY ASSOCIATION (WODSTA)	weak	unlikely	WOMEN		1767	2007-02-16	National	Arusha	Arusha	4	2024-06-30	Kijenge	1.9	-3.3678507	36.7161318	https://nis.jamii.go.tz/ngo_profile/4821	True	...................	"[{""title"": ""Promoting Alternative Energy Technologies and Improved Livelihoods (PAET)"", ""from"": ""2024-04-01"", ""to"": ""2024-06-30""}, {""title"": ""PAET"", ""from"": ""2023-01-01"", ""to"": ""2023-12-31""}, {""title"": ""Enhancing Land Tenure Security and Grazing rights for sustainable Pastoral villages livelihoods (ELATS)"", ""from"": ""2023-04-14"", ""to"": ""2023-04-14""}, {""title"": ""Promoting Innovative Livelihood Options for Climate Risks Adaptation on Food Security (PILOCRAFS)"", ""from"": ""2023-04-14"", ""to"": ""2023-04-14""}, {""title"": ""Scaling up Promotion of Renewable Energy Sources in Arumeru District (RESA)"", ""from"": ""2023-03-27"", ""to"": ""2023-04-14""}, {""title"": ""Promoting Women Land Rights and Livelihood"", ""from"": ""2020-12-01"", ""to"": ""2021-04-30""}, {""title"": ""Promoting Innovative Livelihood Options for Climate Risks Adaptation on Food Security (PILOCRAFS)"", ""from"": ""2020-01-01"", ""to"": ""2022-12-31""}, {""title"": ""Promotion of Renewable Energy Sources in Arumeru District (RESA)"", ""from"": ""2019-01-01"", ""to"": ""2021-12-31""}]"
23124	BRIDGE - UP INITIATIVE	weak	unlikely	women		00NGO/R/8780	2025-09-22	National	Arusha	Level:	0		Usa River	2.0	-3.3753099	36.8483772	https://nis.jamii.go.tz/ngo_profile/23124	True	Vuka Initiative&nbsp;&nbsp;&nbsp;provides workshops, mentorship, global expertise, and resources to support women entrepreneurs in building sustainable businesses, fostering collaboration, and empowering communities across Tanzania.&nbsp;	
7272	VOICE OF EMPOWERED WOMEN FOUNDATION (VOEWOFO)	weak	unlikely	WOMEN		00NGO/R1/00363	2019-06-19	National	Kilimanjaro	Hai	0		Boma Ngombe	2.1	-3.318929	37.1489918	https://nis.jamii.go.tz/ngo_profile/7272	True	To have improved economic,social services that would lead to improve the standard of living of the people,healthy environment and better life.	
10921	TANZANIA  DEVELOPMENT ACTION (TADA)	weak	unlikely	Women		00NGO/R/1280	2020-08-20	National	Arusha	Arusha	2	2022-03-21	Kijenge	2.1	-3.3857469	36.6909783	https://nis.jamii.go.tz/ngo_profile/10921	True	Kuwa na jamii&nbsp;yenye uelewa juu ya faida za&nbsp;&nbsp;utunzaji wa mazingira nchini Tanzania.	"[{""title"": ""UPANDAJI WA MITI"", ""from"": ""2021-03-16"", ""to"": ""2022-03-21""}]"
11194	Mwanamke Imara Organization	weak	unlikely	women		00NGO/R/1382	2020-10-07	National	Arusha	Arusha	0		Ilboru	2.1	-3.3655503	36.6939543	https://nis.jamii.go.tz/ngo_profile/11194	True	To see society of free &nbsp;gender inequalities where young girls and women from unfortunate circumstance can geta platform to raise their voice and get opportunies to empower themselves.	
12067	HABILITANT FOUNDATION	weak	unlikely	poverty		00NGO/R/1780	2021-03-31	National	Arusha	Arusha	4	2026-01-31	Kijenge	2.1	-3.4009245	36.7030171	https://nis.jamii.go.tz/ngo_profile/12067	True	An empowered&nbsp;community free of ignorance, poverty and enjoys a sustainable livelihood.	"[{""title"": ""Anti FGM and Economic Empwowerment Project"", ""from"": ""2025-01-01"", ""to"": ""2026-01-31""}, {""title"": ""Anti FGM and Economic Empwowerment Project"", ""from"": ""2025-01-01"", ""to"": ""2026-01-31""}, {""title"": ""Anti FGM and Economic Empwowerment Project"", ""from"": ""2025-01-01"", ""to"": ""2026-01-31""}, {""title"": ""Anti FGM and Economic Empowerment Project"", ""from"": ""2024-01-01"", ""to"": ""2026-01-31""}, {""title"": ""Anti FGM and Economic Empowerment Project"", ""from"": ""2024-01-01"", ""to"": ""2026-01-31""}, {""title"": ""Anti FGM and Economic Empowerment Project"", ""from"": ""2024-01-01"", ""to"": ""2026-01-31""}]"
14668	Door of Hope	weak	unlikely	women		00NGO/R/9498	2025-09-20	National	Kilimanjaro	Moshi	0		Boma Ngombe	2.1	-3.3385104	37.1198842	https://nis.jamii.go.tz/ngo_profile/14668	True	We envision confident, self-reliant young women leading change and contributing to the sustainable development of Tanzania .	
25251	WorldLink Pathways Foundation	weak	unlikely	women		00NGO/R/10183	2026-08-24	National	Arusha	Arusha	0		Ilboru	2.1	-3.363254	36.700497	https://nis.jamii.go.tz/ngo_profile/25251	True	A thriving Tanzanian society where community members are structurally empowered, socially protected, technologically advanced, and economically self-reliant.	
4557	COMMUNITY ACTION FOR DEVELOPMENT, ENVIRONMENTAL CONSERVATION AND ENTREPRENEURSHIP TRAINING (CADECT)	weak	unlikely	poverty		00NGO/R1/00826	2013-03-10	National	Arusha	Arusha	4	2024-12-19	Kijenge	2.2	-3.3678647	36.6985453	https://nis.jamii.go.tz/ngo_profile/4557	True	To attain social economic development with improved living standards of the people reduced level of unemployment and poverty among members in sustainable physical and human environment	"[{""title"": ""Tree seedling and environmental conservation."", ""from"": ""2024-01-08"", ""to"": ""2024-12-19""}, {""title"": ""Tree seedling and environmental conservation"", ""from"": ""2022-01-03"", ""to"": ""2023-03-28""}, {""title"": ""Tree seedling and Flowers project"", ""from"": ""2021-01-01"", ""to"": ""2021-12-31""}, {""title"": ""ENTREPRENEURSHIP TRAINING FOR ENVIRONMENTAL CONSERVATION"", ""from"": ""2019-12-06"", ""to"": ""2020-12-17""}]"
11338	SOLIDARIDAD EASTERN AND CENTRAL AFRICA EXPERTISE CENTRE  (ECA - TANZANIA)	weak	unlikely	Women		I-NGO/R/1618	2021-01-20	International	Arusha	Arusha	4	2025-12-31	Ilboru	2.2	-3.3657729	36.6881183	https://nis.jamii.go.tz/ngo_profile/11338	True	Solidaridad envisions&nbsp;a world in which all we produce and consume can sustain us, while respecting the planet, each other and the next generations	"[{""title"": ""Connecting The Dots (SPVO) project"", ""from"": ""2025-07-01"", ""to"": ""2025-12-31""}, {""title"": ""Pathways to Prosperity gold project"", ""from"": ""2025-01-01"", ""to"": ""2025-12-31""}, {""title"": ""Pathways to Prosperity gold project"", ""from"": ""2025-01-01"", ""to"": ""2025-12-31""}, {""title"": ""Pathways to Prosperity gold project"", ""from"": ""2025-01-01"", ""to"": ""2025-12-31""}, {""title"": ""Pathways to Prosperity gold project"", ""from"": ""2025-01-01"", ""to"": ""2025-12-31""}, {""title"": ""Pathways to Prosperity gold project"", ""from"": ""2025-01-01"", ""to"": ""2025-12-31""}, {""title"": ""Pathways to Prosperity gold project"", ""from"": ""2025-01-01"", ""to"": ""2025-12-31""}, {""title"": ""Pathways to Prosperity gold project"", ""from"": ""2025-01-01"", ""to"": ""2025-12-31""}, {""title"": ""Pathways to Prosperity gold project"", ""from"": ""2025-01-01"", ""to"": ""2025-12-31""}, {""title"": ""Pathways to Prosperity gold project"", ""from"": ""2025-01-01"", ""to"": ""2025-12-31""}, {""title"": ""Pathways to Prosperity gold project"", ""from"": ""2025-01-01"", ""to"": ""2025-12-31""}, {""title"": ""Pathways to Prosperity gold project"", ""from"": ""2025-01-01"", ""to"": ""2025-12-31""}]"
4878	Women's on Health and Economic Empowerment Arusha	weak	unlikely	Women		00NGO/R1/00463	2018-07-19	National	Arusha	Arusha	4	2022-08-09	Kijenge	2.3	-3.376069	36.7290372	https://nis.jamii.go.tz/ngo_profile/4878	True	A health community which manages economic and social resources successfully	"[{""title"": ""NUTRITION"", ""from"": ""2022-01-01"", ""to"": ""2022-08-09""}]"
14310	SURRENDER FOR FREEDOM TREATMENT	weak	unlikely	Social Protection		00NGO/R/2968	2022-03-03	National	Arusha	Arumeru	4	2025-12-31	Usa River	2.3	-3.3766747	36.846868	https://nis.jamii.go.tz/ngo_profile/14310	True	We envision a healthy community where youth choose not to use alcohol, drugs and other mind altered substances.	"[{""title"": ""sober house"", ""from"": ""2025-01-01"", ""to"": ""2025-12-31""}, {""title"": ""SOBER HOUSE"", ""from"": ""2023-01-01"", ""to"": ""2023-12-31""}, {""title"": ""SOBER HOUSE"", ""from"": ""2022-01-01"", ""to"": ""2022-12-31""}]"
24892	FARAJA WOMEN EMPOWERMENT ORGANIZATION	weak	unlikely	WOMEN		00NGO/R/10113	2026-08-07	National	Arusha	Arusha	0		Arusha City	2.3	-3.338714	36.646664	https://nis.jamii.go.tz/ngo_profile/24892	True	To build a just and inclusive society where &nbsp;girls, and teenage mothers are safe, empowered, self-reliant, and actively leading sustainable social and economic development	
19463	THE CHANGE MAKERS FOUNDATION	weak	unlikely	women		00NGO/R/6394	2024-05-01	National	Arusha	Arusha	0		Ilboru	2.4	-3.36666670	36.68333330	https://nis.jamii.go.tz/ngo_profile/19463	True	Our vision is to create a future where women, youth, and vulnerable groups thrive in prosperous, sustainable lives, becoming the leaders and changemakers of tomorrow.	
21423	ALPHONCE SIMBU FOUNDATION	weak	unlikely	poverty		00NGO/R/8349	2025-05-02	National	Arusha	Arusha	0		Ilboru	2.4	-3.36667	36.68333	https://nis.jamii.go.tz/ngo_profile/21423	True	"A thriving community where all youth have access to education, athletic development, and the resources they need to reach their full potential.  

 &nbsp;"	
21506	Huria Arts & Cultural Organization	weak	unlikely	women		00NGO/R/8366	2025-05-02	National	Arusha	Arusha	0		Kijenge	2.4	-3.404320	36.704592	https://nis.jamii.go.tz/ngo_profile/21506	True	We envision a future where communities grow and thrive by empowering youth and women, using the arts to drive social, cultural, and economic change.	
12349	TRIAS TANZANIA.	weak	unlikely	poverty		00NG0/1910	2007-02-09	International	Arusha	Arusha	0		Arusha City	2.6	-3.3748549	36.6698126	https://nis.jamii.go.tz/ngo_profile/12349	True	Trias&#39;s vision is&nbsp; based &nbsp;on the belief that individuals, groups, and &nbsp;MBOs like cooperatives, credit and &nbsp;saving &nbsp;groups, &nbsp;etc.possess the strength &nbsp;required &nbsp;for self-developmentand joint action towards social &nbsp;and &nbsp;economic empowerment, poverty alleviation, &nbsp;wealth creation, &nbsp;and &nbsp;well- being.	
4093	AUSTRALIAN VOLUNTEERS INTERNATIONAL	weak	unlikely	poverty		I-NGO/0009506	2018-01-30	International	Arusha	Arusha	0		Kijenge	2.7	-3.3737474	36.6878854	https://nis.jamii.go.tz/ngo_profile/4093	True	"A community free&nbsp; from &nbsp;poverty 

 &nbsp;"	
13460	TANZANIA CENTRE FOR ECONOMIC AND SOCIAL RIGHTS (TACESR)	weak	unlikely	Women		00NGO/R/2516	2021-11-02	National	Arusha	Arusha	2	2025-12-31	Kijenge	2.7	-3.3737474	36.6878854	https://nis.jamii.go.tz/ngo_profile/13460	True	Community in which just distribution of resources enables current and future generations to live with dignity in full enjoyment of their economic and social rights	"[{""title"": ""No project was implemented for the report year 2025"", ""from"": ""2025-01-01"", ""to"": ""2025-12-31""}]"
20754	ENYUATA FOUNDATION	weak	unlikely	poverty		00NGO/R/7735	2024-11-14	National	Arusha	Ngorongoro	0		Ilboru	2.7	-3.369810	36.68543	https://nis.jamii.go.tz/ngo_profile/20754	True	Reduce poverty and associated injustices, promoting education and community rights.	
15554	SOUL AND MIND YOUTH COUNSELING	weak	unlikely	Social Protection		00NGO/R/3617	2022-08-05	National	Arusha	Arusha	1	2023-12-21	Kijenge	2.8	-3.4066593	36.698778	https://nis.jamii.go.tz/ngo_profile/15554	True	Envision a flourishing&nbsp; youth community on healthy, education, enviroment and economic independent.	"[{""title"": ""Run guidance and counselling programmes to young girls and boys"", ""from"": ""2023-01-02"", ""to"": ""2023-12-21""}]"
4497	African Development Research Initiative (ADRI)	weak	unlikely	Women		00NGO/00006633	2013-11-05	National	Arusha	Arusha	1	2024-07-31	Arusha City	2.9	-3.3267011	36.6642004	https://nis.jamii.go.tz/ngo_profile/4497	True	A thriving Africa where knowledge ignites progress, communities flourish through informed decision-making, and every individual contributes to a resilient and prosperous future	"[{""title"": ""UNIDO QUALITAN"", ""from"": ""2023-05-01"", ""to"": ""2024-07-31""}]"
14343	SOMO AFRICA	weak	unlikely	Women		I-NGO/R1/00524	2022-02-24	International	Arusha	Arusha	3	2024-12-31	Arusha City	2.9	-3.3267011	36.6642004	https://nis.jamii.go.tz/ngo_profile/14343	True	Organization envisages f or a society where passionate entreprenuers in urban slums are given an oportunity to change their communities.	"[{""title"": ""Boost Biz Training"", ""from"": ""2024-01-01"", ""to"": ""2024-12-31""}, {""title"": ""Somo Investment Program"", ""from"": ""2023-03-14"", ""to"": ""2023-11-30""}, {""title"": ""Boost Biz Training"", ""from"": ""2023-01-09"", ""to"": ""2023-10-18""}, {""title"": ""Training of Trainers Program"", ""from"": ""2023-02-15"", ""to"": ""2023-03-22""}, {""title"": ""Buruka Training"", ""from"": ""2022-02-10"", ""to"": ""2022-04-06""}, {""title"": ""Boost Biz Training"", ""from"": ""2024-03-25"", ""to"": ""2022-11-24""}, {""title"": ""Boost Biz Training"", ""from"": ""2024-03-25"", ""to"": ""2022-11-24""}]"
3095	SAVANNAS FOREVER TANZANIA	weak	unlikely	poverty		00NGO/R1/00391	2020-04-09	National	Arusha	Arusha	1	2024-11-29	Arusha City	3.0	-3.3789903	36.6560685	https://nis.jamii.go.tz/ngo_profile/3095	True	"-ARTICLE 7:&nbsp; Vision Statement 

 To become the most trusted source of information for monitoring, assessing, and certifying the effectiveness of health, conservation, agriculture, and poverty-reduction activities in throughout Eastern and Southern Africa.&nbsp; The information provided will be grounded in interdisciplinary scientific research and field-tested with communities."	"[{""title"": ""Rangeland Restoration using native plant seeds"", ""from"": ""2024-01-02"", ""to"": ""2024-11-29""}]"
18875	HEROES WALK STRONG FOUNDATION	weak	unlikely	poverty		00NGO/R/5535	2024-01-04	National	Arusha	Level:	0		Kijenge	3.0	-3.386925	36.682995	https://nis.jamii.go.tz/ngo_profile/18875	True	Promote human well being by empowering the community in economic development guided by self-reliance programs by &nbsp;ending poverty and achieving sustainable development.&nbsp;	
20284	TUMAINI JIPYA LEO FOUNDATION	weak	unlikely	vulnerable		00NGO/R/7515	2024-09-30	National	Arusha	Arusha	1	2025-03-10	Kijenge	3.0	-3.386925	36.682995	https://nis.jamii.go.tz/ngo_profile/20284	True	To bring&nbsp;hope to the community members who are living in vulnerable environment.	"[{""title"": ""CHARITY"", ""from"": ""2024-09-01"", ""to"": ""2024-11-02""}, {""title"": ""BIMA YA AFYA CHARITY"", ""from"": ""2025-01-01"", ""to"": ""2025-03-10""}]"
21153	Policy Innovation Lab-Africa(PIL-A)	weak	unlikely	welfare		00NGO/R/7766	2024-11-26	National	Arusha	Arusha	0		Ilboru	3.0	-3.3720348	36.6835661	https://nis.jamii.go.tz/ngo_profile/21153	True	To create a transformative ecosystem where innovative partnerships between the public, social, and private sectors drive sustainable and inclusive social-economic development across Africa.	
21609	Leoras Heart Foundation	weak	unlikely	women		00NGO/R/7990	2025-02-07	National	Arusha	Level:	0		Kijenge	3.0	-3.386925	36.682995	https://nis.jamii.go.tz/ngo_profile/21609	True	Acommunity where women and girls thrive, free from inequality and empowered to reach their full potential	
21747	BETTER HER INITIATIVE	weak	unlikely	women		00NGO/R/8112	2025-02-26	National	Arusha	Level:	0		Kijenge	3.0	-3.386925	36.682995	https://nis.jamii.go.tz/ngo_profile/21747	True	To become a world where every woman has the means, confidence, and support to lead a dignified and empowered life	
357	HAKIMADINI	weak	unlikely	Women		00NGO/R2/0037	2019-07-15	National	Arusha	Arusha	5	2025-12-31	Ilboru	3.1	-3.3717987	36.6813162	https://nis.jamii.go.tz/ngo_profile/357	True	Tanzanians benefit from a pro-poor mining sector	"[{""title"": ""Strengthening Access To Justice for Communities Affected by Mning in Tanzania"", ""from"": ""2025-10-01"", ""to"": ""2025-12-31""}, {""title"": ""Strengthening Access To Justice for Communities Affected by Mning in Tanzania"", ""from"": ""2025-10-01"", ""to"": ""2025-12-31""}, {""title"": ""Strengthening Access To Justice for Communities Affected by Mning in Tanzania"", ""from"": ""2025-10-01"", ""to"": ""2025-12-31""}, {""title"": ""WOLAR PHASE II"", ""from"": ""2025-01-01"", ""to"": ""2025-12-31""}, {""title"": ""Women Land Rights in the Mining Areas in Kwimba"", ""from"": ""2025-01-12"", ""to"": ""2025-03-31""}, {""title"": ""Voice from Tanzania"", ""from"": ""2024-10-06"", ""to"": ""2024-10-18""}, {""title"": ""Strengthening women's land rights in mining areas"", ""from"": ""2024-10-20"", ""to"": ""2024-11-01""}, {""title"": ""Strengthening women's land rights in mining areas"", ""from"": ""2024-10-20"", ""to"": ""2024-11-01""}, {""title"": ""Strengthening women's land rights in mining areas"", ""from"": ""2024-07-01"", ""to"": ""2024-09-30""}, {""title"": ""Colored Gemstones Impact Project"", ""from"": ""2024-01-15"", ""to"": ""2024-03-08""}, {""title"": ""Women Voice in Mining"", ""from"": ""2024-10-01"", ""to"": ""2024-12-31""}, {""title"": ""Ninawajibika Project"", ""from"": ""2024-08-01"", ""to"": ""2024-11-30""}]"
376	GIRLS LIVELIHOOD AND MENTORSHIP INITIATIVE.	weak	unlikely	Women		00NGO/R/0210	2019-07-24	National	Arusha	Arusha	4	2025-12-31	Ilboru	3.1	-3.3717987	36.6813162	https://nis.jamii.go.tz/ngo_profile/376	True	A community where all Tanzania girls have equal access to high equality educational oppotunities that empower them to achieve their goals and better their communits	"[{""title"": ""Binti Shupavu"", ""from"": ""2024-07-08"", ""to"": ""2025-12-31""}, {""title"": ""Binti Shupavu"", ""from"": ""2024-07-08"", ""to"": ""2025-12-31""}, {""title"": ""Binti Shupavu"", ""from"": ""2024-07-08"", ""to"": ""2025-12-31""}, {""title"": ""Binti Shupavu"", ""from"": ""2024-07-08"", ""to"": ""2025-12-31""}, {""title"": ""Binti Shupavu"", ""from"": ""2024-07-08"", ""to"": ""2025-12-31""}, {""title"": ""Binti Shupavu"", ""from"": ""2024-07-08"", ""to"": ""2025-12-31""}, {""title"": ""Binti Shupavu"", ""from"": ""2024-07-08"", ""to"": ""2025-12-31""}, {""title"": ""Binti Shupavu"", ""from"": ""2024-07-08"", ""to"": ""2025-12-31""}, {""title"": ""Binti Shupavu"", ""from"": ""2024-07-08"", ""to"": ""2025-12-31""}, {""title"": ""Binti Shupavu"", ""from"": ""2024-07-08"", ""to"": ""2025-12-31""}, {""title"": ""Binti Shupavu"", ""from"": ""2024-07-08"", ""to"": ""2025-12-31""}, {""title"": ""Binti Shupavu"", ""from"": ""2024-07-08"", ""to"": ""2025-12-31""}]"
1759	THE NATURE CONSERVANCY	weak	unlikely	Women		00NGO/00003088	2009-04-27	International	Arusha	Arusha	5	2026-06-30	Kijenge	3.1	-3.3792966	36.7376686	https://nis.jamii.go.tz/ngo_profile/1759	True	----------------------	"[{""title"": ""Northern Tanzania Rangeland"", ""from"": ""2026-04-01"", ""to"": ""2026-06-30""}, {""title"": ""Northern Tanzania Rangeland"", ""from"": ""2026-04-01"", ""to"": ""2026-06-30""}, {""title"": ""Northern Tanzania Rangeland"", ""from"": ""2026-04-01"", ""to"": ""2026-06-30""}, {""title"": ""Northern Tanzania Rangeland"", ""from"": ""2026-04-01"", ""to"": ""2026-06-30""}, {""title"": ""Northern Tanzania Rangeland"", ""from"": ""2026-04-01"", ""to"": ""2026-06-30""}, {""title"": ""Northern Tanzania Rangeland"", ""from"": ""2026-04-01"", ""to"": ""2026-06-30""}, {""title"": ""Africa Forest Carbon Catalyst (AFCC)"", ""from"": ""2026-04-01"", ""to"": ""2026-06-30""}, {""title"": ""Africa Forest Carbon Catalyst (AFCC)"", ""from"": ""2026-04-01"", ""to"": ""2026-06-30""}, {""title"": ""Africa Forest Carbon Catalyst (AFCC)"", ""from"": ""2026-04-01"", ""to"": ""2026-06-30""}, {""title"": ""Africa Forest Carbon Catalyst (AFCC)"", ""from"": ""2026-04-01"", ""to"": ""2026-06-30""}, {""title"": ""Africa Forest Carbon Catalyst (AFCC)"", ""from"": ""2026-04-01"", ""to"": ""2026-06-30""}, {""title"": ""Africa Forest Carbon Catalyst (AFCC)"", ""from"": ""2026-04-01"", ""to"": ""2026-06-30""}]"
5270	SASA FOUNDATION	weak	unlikely	women		00NGO/R1/00959	2013-11-07	National	Arusha	Arusha	0		Ilboru	3.1	-3.3717987	36.6813162	https://nis.jamii.go.tz/ngo_profile/5270	True	To have members ot communities (women and men) empowered and take charge of their s economic programs and initiatives as they participate in gender mainstreaming in the planning, implementation and monitoring and evaluation of the programs at all levels and in a wide range of issues including economic, social and cultural processes and practices, which impede poverty reduction and community development equitably.	
10341	ORKONEREI MAASAI SOCIAL INITIATIVES (OMASI)	weak	unlikely	Women		00NG0/R/0835	2019-12-18	National	Arusha	Arusha	2	2024-05-04	Kijenge	3.1	-3.3792966	36.7376686	https://nis.jamii.go.tz/ngo_profile/10341	True	to promote social intreprenurship in tanzania by setting up viable social enterprises or ventures in order to increase and diversity the income of rural families socially and ecnomically improved maasai communication.	"[{""title"": ""Community service water based solar power projects"", ""from"": ""2023-01-01"", ""to"": ""2023-12-31""}, {""title"": ""ORKONEREI MAASAI SOCIAL INITIATIVE (OMASI)"", ""from"": ""2024-05-04"", ""to"": ""2024-05-04""}, {""title"": ""ORKONEREI MAASAI SOCIAL INITIATIVE (OMASI)"", ""from"": ""2023-04-17"", ""to"": ""2023-04-17""}]"
12236	Alakira Maasai Economic Support Initiative (ALMASI)	weak	unlikely	poverty		00NGO/R/2087	2021-08-12	National	Arusha	Arusha	1		Ilboru	3.1	-3.3717987	36.6813162	https://nis.jamii.go.tz/ngo_profile/12236	True	ALMASI envision an independent community with no&nbsp;poverty.	
9825	ELINURU FOUNDATION (ENF)	weak	unlikely	poverty		00NG0/R/0853	2019-12-06	National	Arusha	Arumeru	0		Usa River	3.2	-3.3368064	36.8564782	https://nis.jamii.go.tz/ngo_profile/9825	True	A healthy and poverty free transformed community.	
12777	LIFT THEM UP FOUNDATION	weak	unlikely	Women		00NGO/R/1882	2021-05-17	National	Arusha	Arumeru	3	2023-12-15	Usa River	3.2	-3.3368064	36.8564782	https://nis.jamii.go.tz/ngo_profile/12777	True	To have a stable society with improved understanding, Health and good moral&nbsp;that will contribute effectively to individual and national development.	"[{""title"": ""WOMEN EMPOWERMENT"", ""from"": ""2023-06-14"", ""to"": ""2023-06-16""}, {""title"": ""Youth sewing project"", ""from"": ""2023-01-03"", ""to"": ""2023-12-15""}]"
4667	HELP TO SELF HELP ORGANIZATION	weak	unlikely	poverty		00NGO/00007832	2015-02-27	National	Arusha	Arusha	0		Ilboru	3.3	-3.317172	36.6854726	https://nis.jamii.go.tz/ngo_profile/4667	True	"The vision of HSH is an enlightened society free of ignorance, &nbsp;poverty and disease incidencies&nbsp;with sustainable livelihoods. 

 &nbsp;"	
4806	GREEN PATH FOR  COMMUNITY  SUCCESS (GP-CoSu)	weak	unlikely	poverty	Green Path for Community Success (GP-COSU)	00NGO/0009468	2018-01-19	National	Arusha	Arusha	0		Ilboru	3.3	-3.3419053	36.7220210275093	https://nis.jamii.go.tz/ngo_profile/4806	True	"A community, that is economically&nbsp; stable, healthy, well&nbsp; educated&nbsp; within conducive environment and&nbsp; whereas people&#39;s respect, kindness, gender quality, human rights and rule of law&nbsp; are norms. 

 &nbsp;"	
5046	GLOBAL INTERGATED CHARITABLE COMMUNITY SERVICES ORGANIZATION (GICCS)	weak	unlikely	Social Protection		00NGO/00010043	2018-12-20	National	Arusha	Arusha	4	2026-06-30	Ilboru	3.3	-3.317172	36.6854726	https://nis.jamii.go.tz/ngo_profile/5046	True	Enhanced &nbsp;quality life of the low income community in agriculture, &nbsp;health, environment and management of resources.	"[{""title"": ""Other Welfare donation"", ""from"": ""2025-01-01"", ""to"": ""2025-12-31""}, {""title"": ""Women Empowerment Donation"", ""from"": ""2025-01-01"", ""to"": ""2025-12-31""}, {""title"": ""Health Donation"", ""from"": ""2025-01-01"", ""to"": ""2025-12-31""}, {""title"": ""Education Donation"", ""from"": ""2025-01-01"", ""to"": ""2025-12-31""}, {""title"": ""Housing and Accomodation"", ""from"": ""2026-04-01"", ""to"": ""2026-06-30""}, {""title"": ""Women empowerment"", ""from"": ""2026-04-01"", ""to"": ""2026-06-30""}, {""title"": ""Health Donation"", ""from"": ""2026-04-01"", ""to"": ""2026-06-30""}, {""title"": ""Education Donation"", ""from"": ""2026-04-01"", ""to"": ""2026-06-30""}, {""title"": ""Housing and accomodation"", ""from"": ""2026-01-01"", ""to"": ""2026-06-30""}, {""title"": ""Women Empowerment"", ""from"": ""2026-01-01"", ""to"": ""2026-03-31""}, {""title"": ""Health Donation"", ""from"": ""2026-01-01"", ""to"": ""2026-03-31""}, {""title"": ""Education Donation"", ""from"": ""2026-01-01"", ""to"": ""2026-03-31""}]"
5172	Enhance Tanzania Foundation	weak	unlikely	Women		00NGO/08537	2016-04-18	National	Arusha	Arusha	3	2022-05-30	Ilboru	3.3	-3.317172	36.6854726	https://nis.jamii.go.tz/ngo_profile/5172	True	To&nbsp; envision a society that works hard in addressing its socio-economic development needs by taping the existing opportunities.	"[{""title"": ""To strengthen the capacity of subnational level on Evidence-Based Planning"", ""from"": ""2020-01-02"", ""to"": ""2020-05-06""}, {""title"": ""To strengthen the capacity of subnational level on Evidence-Based Planning"", ""from"": ""2019-11-18"", ""to"": ""2022-05-30""}]"
5255	Hand in Hand Eastern Africa (Tz)	weak	unlikely	women		I-NGO/R1/00190	2016-08-26	International	Arusha	Arusha	6	2025-12-31	Kijenge	3.3	-3.3582817	36.7247789	https://nis.jamii.go.tz/ngo_profile/5255	True	An empowered society with sustainable enterprise and Jobs&nbsp;	"[{""title"": ""Bridging the gender and opportunity gap project(Boeing IV)"", ""from"": ""2025-01-01"", ""to"": ""2025-12-31""}, {""title"": ""Working together for change: Gender transformative approach to women's entrepreneurship (FID)"", ""from"": ""2025-01-01"", ""to"": ""2025-12-31""}, {""title"": ""Working together for change: Gender transformative approach to women's entrepreneurship (FID)"", ""from"": ""2025-01-01"", ""to"": ""2025-12-31""}, {""title"": ""Working together for change (New Gunvor)"", ""from"": ""2025-01-01"", ""to"": ""2025-12-31""}, {""title"": ""Working together for change (New Gunvor)"", ""from"": ""2025-01-01"", ""to"": ""2025-12-31""}, {""title"": ""Chem Chem"", ""from"": ""2025-01-01"", ""to"": ""2025-12-31""}, {""title"": ""Chem Chem"", ""from"": ""2025-01-01"", ""to"": ""2025-12-31""}, {""title"": ""Increasing Net Worth of Underserved Actors (HILTI INUA)"", ""from"": ""2025-01-01"", ""to"": ""2025-12-31""}, {""title"": ""Increasing Net Worth of Underserved Actors (HILTI INUA)"", ""from"": ""2025-01-01"", ""to"": ""2025-12-31""}, {""title"": ""Empower Young Generation with Digital Enterprises"", ""from"": ""2024-01-01"", ""to"": ""2024-09-30""}, {""title"": ""Climbing out of Poverty in Kilimanjaro"", ""from"": ""2024-01-01"", ""to"": ""2024-09-30""}, {""title"": ""INUA Project"", ""from"": ""2024-01-01"", ""to"": ""2024-12-31""}]"
10081	Her Legitimate Future Foundation (HLFF)	weak	unlikely	women		00NGO/00010129	2019-02-27	National	Arusha	Arusha	0		Kijenge	3.3	-3.39254995	36.681364698588645	https://nis.jamii.go.tz/ngo_profile/10081	True	Empowered women with passion and courage bring development.	
10514	TUNAWEZA ORGANIZATION	weak	unlikely	Women		00NGO/R/1012	2020-03-25	National	Arusha	Arusha	2	2024-04-10	Ilboru	3.3	-3.3419053	36.7220210275093	https://nis.jamii.go.tz/ngo_profile/10514	True	strengthening community governance and accountability systems through partcipatory monitoring and evidence of change	"[{""title"": ""Kijana na Afya Bora"", ""from"": ""2023-07-30"", ""to"": ""2024-04-10""}]"
10819	PASTORALIST ECONOMIC & SOCIAL ADVANCEMENT.	weak	unlikely	poverty		00NGO/R/1251	2020-08-11	National	Arusha	Arusha	0		Kijenge	3.3	-3.39254995	36.681364698588645	https://nis.jamii.go.tz/ngo_profile/10819	True	We envision a socially and economically developed community&nbsp;without destroying their good culture and environment.	
12977	The Green Economy (TGE)	weak	unlikely	Women		00NGO/R/1964	2021-06-10	National	Arusha	Arusha	2	2025-12-31	Kijenge	3.3	-3.3582817	36.7247789	https://nis.jamii.go.tz/ngo_profile/12977	True	To be a pro-conservation organization supporting resilient&nbsp;&nbsp;and sustainable local community livelihoods in Tanzania.	"[{""title"": ""RAISE Project"", ""from"": ""2025-01-01"", ""to"": ""2025-12-31""}, {""title"": ""RAISE Project"", ""from"": ""2025-01-01"", ""to"": ""2025-12-31""}, {""title"": ""RAISE Project"", ""from"": ""2025-01-01"", ""to"": ""2025-12-31""}, {""title"": ""RAISE Project"", ""from"": ""2025-01-01"", ""to"": ""2025-12-31""}, {""title"": ""Integrating AFNR into Sustainable Pastoralism for Improved Rangeland Health and Livelihood"", ""from"": ""2025-01-01"", ""to"": ""2025-02-28""}, {""title"": ""Integrating AFNR into Sustainable Pastoralism for Improved Rangeland Health and Livelihood"", ""from"": ""2025-01-01"", ""to"": ""2025-02-28""}, {""title"": ""Integrating AFNR into Sustainable Pastoralism for Improved Rangeland Health and Livelihood"", ""from"": ""2025-01-01"", ""to"": ""2025-02-28""}, {""title"": ""Integrating AFNR into Sustainable Pastoralism for Improved Rangeland Health and Livelihood"", ""from"": ""2025-01-01"", ""to"": ""2025-02-28""}, {""title"": ""Integrating AFNR into Sustainable Pastoralism for Improved Rangeland Health and Livelihood"", ""from"": ""2025-01-01"", ""to"": ""2025-02-28""}, {""title"": ""Integrating AFNR into Sustainable Pastoralism for Improved Rangeland Health and Livelihood"", ""from"": ""2025-01-01"", ""to"": ""2025-02-28""}, {""title"": ""Integrating AFNR into Sustainable Pastoralism for Improved Rangeland Health and Livelihood"", ""from"": ""2025-01-01"", ""to"": ""2025-02-28""}, {""title"": ""Integrating AFNR into Sustainable Pastoralism for Improved Rangeland Health and Livelihood"", ""from"": ""2025-01-01"", ""to"": ""2025-02-28""}]"
15233	EDUCATION IN CRISIS (EIC)	weak	unlikely	poverty		00NGO/R/4348	2023-02-24	National	Arusha	Arusha	0		Ilboru	3.3	-3.3419053	36.7220210275093	https://nis.jamii.go.tz/ngo_profile/15233	True	&nbsp; Improved free quality education for all	
15820	Hope Tanzania	weak	unlikely	poverty		I-NGO/R/3860	2022-10-13	International	Arusha	Arusha	1	2026-03-31	Ilboru	3.3	-3.3419053	36.7220210275093	https://nis.jamii.go.tz/ngo_profile/15820	True	To see the cycle of poverty being broken and human dignity restored	"[{""title"": ""HOPE Tanzania Savings Group Ministry"", ""from"": ""2026-01-01"", ""to"": ""2026-03-31""}, {""title"": ""HOPE Tanzania Savings Group Ministry"", ""from"": ""2026-01-01"", ""to"": ""2026-03-31""}, {""title"": ""Saving Group"", ""from"": ""2023-01-01"", ""to"": ""2023-12-31""}, {""title"": ""Saving Group Ministry"", ""from"": ""2024-10-01"", ""to"": ""2024-12-31""}, {""title"": ""Saving Group Ministry"", ""from"": ""2024-10-01"", ""to"": ""2024-12-31""}, {""title"": ""Saving Group Ministry"", ""from"": ""2024-10-01"", ""to"": ""2024-12-31""}, {""title"": ""Saving Group ministry"", ""from"": ""2024-07-01"", ""to"": ""2024-09-30""}, {""title"": ""Saving Group ministry"", ""from"": ""2024-07-01"", ""to"": ""2024-09-30""}, {""title"": ""Saving Group Ministry"", ""from"": ""2024-04-01"", ""to"": ""2024-06-30""}, {""title"": ""Saving Group Ministry"", ""from"": ""2024-04-01"", ""to"": ""2024-06-30""}, {""title"": ""Saving Group Ministry"", ""from"": ""2024-04-01"", ""to"": ""2024-06-30""}, {""title"": ""HOPE Tanzania Saving Group Ministry"", ""from"": ""2023-04-01"", ""to"": ""2023-06-30""}]"
17271	WOMEN's EXELLENCE ORGANIZATION	weak	unlikely	WOMEN		00NGO/R/5904	2023-09-01	National	Arusha	Arusha	0		Kijenge	3.3	-3.39254995	36.681364698588645	https://nis.jamii.go.tz/ngo_profile/17271	True	To transform women lives in to the world of exellence.	
17738	JIPE MOYO INAWEZEKANA	weak	unlikely	vulnerable		00NGO/R/5010	2023-08-01	National	Arusha	Arusha	0		Arusha City	3.3	-3.3796172	36.6740723	https://nis.jamii.go.tz/ngo_profile/17738	True	Empowering lives, creating opportunities, and fostering sustainable development for vulnerable individuals in Tanzania.	
4335	KAMAMA INTERGRATED DEVELOPMENT INITIATIVES	weak	unlikely	Women		1912	1997-03-26	District	Arusha	Arumeru	5	2024-12-31	Usa River	3.6	-3.370616	36.8954664	https://nis.jamii.go.tz/ngo_profile/4335	True	-	"[{""title"": ""Community Managed Saving Groups (CMSGs)"", ""from"": ""2024-01-01"", ""to"": ""2024-12-31""}, {""title"": ""Improved community livelihoods through Community Managed Saving Groups and Environmental protection"", ""from"": ""2022-01-01"", ""to"": ""2022-12-31""}]"
4490	Sakura Vision Tanzania	weak	unlikely	women		00NGO/00007252	2014-06-23	National	Arusha	Arusha	3	2025-03-31	Ilboru	3.6	-3.3356516	36.7231821	https://nis.jamii.go.tz/ngo_profile/4490	True	To empower women in Tanzania to achieve better lives&nbsp;	"[{""title"": ""Sakura Girls Secondary School"", ""from"": ""2024-01-01"", ""to"": ""2025-03-31""}, {""title"": ""Sakura Girls Secondary School"", ""from"": ""2022-01-01"", ""to"": ""2022-12-31""}, {""title"": ""Sakura Girls Secondary School"", ""from"": ""2022-01-01"", ""to"": ""2022-12-31""}, {""title"": ""Sakura Girls Secondary School"", ""from"": ""2022-01-01"", ""to"": ""2022-12-31""}]"
11216	Kuza Initiatives	weak	unlikely	vulnerable		00NGO/R/1415	2020-10-16	National	Arusha	Arumeru	2	2022-07-31	Usa River	3.6	-3.370616	36.8954664	https://nis.jamii.go.tz/ngo_profile/11216	True	A future in which people prosper and thrive,&nbsp;leveraging their resources and opportunities, creating and capturing value.	"[{""title"": ""Kuza Project"", ""from"": ""2022-01-01"", ""to"": ""2022-07-31""}]"
15388	NDOOMBO COMMUNITY FOUNDATION	weak	unlikely	Social Protection		00NGO/R/3338	2022-06-30	National	Arusha	Arumeru	1	2025-10-25	Usa River	3.6	-3.370616	36.8954664	https://nis.jamii.go.tz/ngo_profile/15388	True	A vibrant community thriving in health, education and community empowerment.	"[{""title"": ""Medical Outreach and Vision Care Program"", ""from"": ""2025-10-09"", ""to"": ""2025-10-17""}, {""title"": ""Education and Community Awareness Programs"", ""from"": ""2025-10-08"", ""to"": ""2025-10-09""}, {""title"": ""Water Supply Project Engutukoit village, Oldonyowas, Arusha"", ""from"": ""2025-02-21"", ""to"": ""2025-10-25""}]"
817	Aspiration For Vulnerable Rehabilitated Families (AVUREFA)	weak	unlikely	Vulnerable		00NGO/R/052	2019-07-15	National	Arusha	Arusha	0		Ilboru	3.7	-3.3187959	36.6742645	https://nis.jamii.go.tz/ngo_profile/817	True	A community that support vulnerable families in health, enterpreneurship skills and protection of their rights for better livelihood	
14732	Perfect Vision Women Tanzania	weak	unlikely	Women		00NGO/R/3345	2022-06-30	National	Arusha	Arusha	4	2025-12-31	Ilboru	3.7	-3.3187959	36.6742645	https://nis.jamii.go.tz/ngo_profile/14732	True	Every girl and woman in Tanzania has a quality standard of life.	"[{""title"": ""Menstrual Health and Hygiene Management"", ""from"": ""2025-01-06"", ""to"": ""2025-12-31""}, {""title"": ""Menstrual Health and Hygiene Management"", ""from"": ""2025-01-06"", ""to"": ""2025-12-31""}, {""title"": ""Menstrual Health and Hygiene Management"", ""from"": ""2025-01-06"", ""to"": ""2025-12-31""}, {""title"": ""Remember the Forgotten Project"", ""from"": ""2025-04-01"", ""to"": ""2025-06-30""}, {""title"": ""Remember the Forgotten Project"", ""from"": ""2025-04-01"", ""to"": ""2025-06-30""}, {""title"": ""Remember the Forgotten Project"", ""from"": ""2025-04-01"", ""to"": ""2025-06-30""}, {""title"": ""Bring Her Back to School"", ""from"": ""2025-04-01"", ""to"": ""2025-06-30""}, {""title"": ""Crafting Her Future"", ""from"": ""2025-04-01"", ""to"": ""2025-06-30""}, {""title"": ""Bring Her Back to School Project"", ""from"": ""2024-01-08"", ""to"": ""2024-12-20""}, {""title"": ""Menstrual Health Hygiene"", ""from"": ""2024-01-08"", ""to"": ""2024-12-20""}, {""title"": ""Menstrual Health Hygiene"", ""from"": ""2024-01-08"", ""to"": ""2024-12-20""}, {""title"": ""Menstrual Health Hygiene"", ""from"": ""2024-01-08"", ""to"": ""2024-12-20""}]"
366	Rehema Foundation	weak	unlikely	poverty		00NGO/R/0107	2019-07-17	National	Arusha	Arusha	0		Kijenge	3.8	-3.4135483	36.6932821	https://nis.jamii.go.tz/ngo_profile/366	True	To create a community without group of people living in extreme poverty	
4973	CIVIC AND LEGAL AID ORGANIZATION (CILAO)	weak	unlikely	Women		00NGO/08369	2016-01-14	National	Arusha	Arusha	3	2023-01-31	Kijenge	3.8	-3.4135483	36.6932821	https://nis.jamii.go.tz/ngo_profile/4973	True	Having a society which is acquainted with civic and legal knowledge hence just and responsible society	"[{""title"": ""STAKEHOLDERS CONSULTATIVE DISCUSSION ON POLITICAL AND ELECTIONS ACT REFORMS"", ""from"": ""2023-01-30"", ""to"": ""2023-01-31""}, {""title"": ""Digital Literacy Project"", ""from"": ""2021-12-13"", ""to"": ""2022-02-13""}, {""title"": ""Digital Literacy Project"", ""from"": ""2021-11-05"", ""to"": ""2022-02-05""}, {""title"": ""Digital Literacy Project"", ""from"": ""2021-11-05"", ""to"": ""2022-02-05""}]"
20372	Clean Cooking Energy for Women in Tanzania	weak	unlikely	Women		00NGO/R/7578	2024-10-15	National	Arusha	Arusha	0		Arusha City	4.0	-3.38777	36.65424	https://nis.jamii.go.tz/ngo_profile/20372	True	We envision a future where every woman in Tanzania has access to clean cooking energy, leading to healthier lives and empowered communities.	
15410	UNITED TANSANIA e.v	weak	unlikely	Women		I-NGO/R/3583	2022-07-28	International	Arusha	Arusha	3	2025-12-31	Arusha City	4.1	-3.3889108	36.6661859	https://nis.jamii.go.tz/ngo_profile/15410	True	A world where animals and nature are protected for human&#39;s livelihood	"[{""title"": ""Carnivore Conservation"", ""from"": ""2025-01-01"", ""to"": ""2025-12-31""}, {""title"": ""Carnivore Conservation"", ""from"": ""2025-01-01"", ""to"": ""2025-12-31""}, {""title"": ""Carnivore Conservation"", ""from"": ""2025-01-01"", ""to"": ""2025-12-31""}, {""title"": ""Conservation"", ""from"": ""2024-01-01"", ""to"": ""2024-12-31""}, {""title"": ""Conservation"", ""from"": ""2024-01-01"", ""to"": ""2024-12-31""}, {""title"": ""Conservation"", ""from"": ""2024-01-01"", ""to"": ""2024-12-31""}, {""title"": ""Environmental and Animal Conservation"", ""from"": ""2023-01-01"", ""to"": ""2023-12-31""}]"
18702	Fausta Health Initiatives	weak	unlikely	needy		00NGO/R/5273	2024-03-13	National	Arusha	Arusha	0		Kijenge	4.1	-3.4200667	36.7038269	https://nis.jamii.go.tz/ngo_profile/18702	True	Quality, safe and healthy blood to every needy patient in Tanzania.	
4986	MAASAI  PASTORALISTS DEVELOPMENT ORGANIZATION (LARETO)	weak	unlikely	women		01NGO/0008829	2016-08-19	Regional	Arusha	Arusha	1	2025-12-20	Kijenge	4.2	-3.4046427	36.6784247	https://nis.jamii.go.tz/ngo_profile/4986	True	To encourage, empower and motivate&nbsp; resident of&nbsp; Arusha region, District and beyond to&nbsp; participate in&nbsp; development programmes, establish pre-school and learning&nbsp; centre for&nbsp; literacy&nbsp; classes, provide a natural resources management at the pastoralists and agro-pastoralists community and also to work in collaboration with others organization that aim for helping&nbsp; poor community and government institution.	"[{""title"": ""Strengthen inst responsible for Essimingor & Selela forests to enhance biodiversity conservation"", ""from"": ""2024-02-21"", ""to"": ""2025-12-20""}]"
13950	WESTERWELLE FOUNDATION TANZANIA	weak	unlikely	Women		I-NGO/R/2727	2021-12-22	International	Arusha	Arusha	4	2025-12-31	Arusha City	4.2	-3.3900029	36.666762	https://nis.jamii.go.tz/ngo_profile/13950	True	Entrepreneurship for Social Economic Prosperity	"[{""title"": ""YouthIgnite Student Founders Fellowship"", ""from"": ""2025-06-01"", ""to"": ""2025-12-31""}, {""title"": ""YouthIgnite Student Founders Fellowship"", ""from"": ""2025-06-01"", ""to"": ""2025-12-31""}, {""title"": ""YouthIgnite Student Founders Fellowship"", ""from"": ""2025-06-01"", ""to"": ""2025-12-31""}, {""title"": ""YouthIgnite Student Founders Fellowship"", ""from"": ""2025-06-01"", ""to"": ""2025-12-31""}, {""title"": ""YouthIgnite Student Founders Fellowship"", ""from"": ""2025-06-01"", ""to"": ""2025-12-31""}, {""title"": ""AFROGREEN BOOTCAMP"", ""from"": ""2025-04-01"", ""to"": ""2025-06-30""}, {""title"": ""Wezesha Binti"", ""from"": ""2025-03-01"", ""to"": ""2025-12-31""}, {""title"": ""Inclusive Green and Smart Cities Sasa (Inclu-Cities)"", ""from"": ""2024-11-30"", ""to"": ""2025-12-31""}, {""title"": ""Inclusive Green and Smart Cities Sasa (Inclu-Cities)"", ""from"": ""2024-11-30"", ""to"": ""2025-12-31""}, {""title"": ""Inclu-Cities"", ""from"": ""2024-10-01"", ""to"": ""2024-12-31""}, {""title"": ""Youth Ignite"", ""from"": ""2024-11-01"", ""to"": ""2024-12-31""}, {""title"": ""Milango Expansion Program"", ""from"": ""2024-09-01"", ""to"": ""2024-12-31""}]"
14601	MWANGAZA EDUCATION FOR PARTNERSHIP	weak	unlikely	women		00NGO/R/3079	2022-04-13	National	Arusha	Arusha	3	2025-12-31	Kijenge	4.2	-3.4046427	36.6784247	https://nis.jamii.go.tz/ngo_profile/14601	True	To develop a conscious community where learning improves people&#39;s lives.	"[{""title"": ""Safe school"", ""from"": ""2025-01-01"", ""to"": ""2025-12-31""}, {""title"": ""Safe school"", ""from"": ""2025-01-01"", ""to"": ""2025-12-31""}, {""title"": ""Safe school"", ""from"": ""2025-01-01"", ""to"": ""2025-12-31""}, {""title"": ""Safe school"", ""from"": ""2025-01-01"", ""to"": ""2025-12-31""}, {""title"": ""Safe school"", ""from"": ""2024-01-01"", ""to"": ""2024-12-31""}, {""title"": ""Safe school"", ""from"": ""2024-01-01"", ""to"": ""2024-12-31""}, {""title"": ""Safe school"", ""from"": ""2024-01-01"", ""to"": ""2024-12-31""}, {""title"": ""Safe school"", ""from"": ""2024-01-01"", ""to"": ""2024-12-31""}, {""title"": ""Safe school"", ""from"": ""2023-03-01"", ""to"": ""2023-12-31""}, {""title"": ""Safe school"", ""from"": ""2022-04-18"", ""to"": ""2023-02-18""}]"
5010	ARETOTO LIVING ASPIRATION (ELA)	weak	unlikely	poverty		00NGO/0009219	2017-05-16	National	Arusha	Arusha	0		Kijenge	4.3	-3.4206619	36.6984196	https://nis.jamii.go.tz/ngo_profile/5010	True	"To &nbsp;envisage a society which &nbsp;elder&#39;s livelihood are dignified and maintained sustainably. 

 &nbsp;"	
10160	COMMUNITY RESEARCH AND DEVELOPMENT SERVICES (CORDS)	weak	unlikely	poverty		00NGO/00010123	2019-02-27	National	Arusha	Arusha	1	2026-01-01	Kijenge	4.5	-3.4134597	36.7369139	https://nis.jamii.go.tz/ngo_profile/10160	True	Organization envision &nbsp;for a sustainable &nbsp;pastoralist society and family stability for social economic &nbsp;development.	"[{""title"": ""BELIEF Project"", ""from"": ""2025-01-01"", ""to"": ""2026-01-01""}]"
11511	UPHOLD TANZANIA	weak	unlikely	women		00NGO/R/1599	2021-01-20	National	Arusha	Arusha	0	2023-12-08	Kijenge	4.5	-3.3894637	36.7499399	https://nis.jamii.go.tz/ngo_profile/11511	True	To have the society that community challenges are related and eradicated through information and commutations technology.	"[{""title"": ""Sewing and computer project"", ""from"": ""2023-04-03"", ""to"": ""2023-06-30""}, {""title"": ""Sewing project"", ""from"": ""2023-01-02"", ""to"": ""2023-04-29""}, {""title"": ""Sewing project"", ""from"": ""2023-01-02"", ""to"": ""2023-12-08""}, {""title"": ""Computer Skills Training to empower women & youth"", ""from"": ""2022-05-01"", ""to"": ""2022-07-31""}, {""title"": ""Computer Skills Training to empower women & youth"", ""from"": ""2022-01-29"", ""to"": ""2022-04-29""}, {""title"": ""World Cleanup Day 2021"", ""from"": ""2021-09-18"", ""to"": ""2021-09-18""}]"
11751	SMART CONSERVATION AND COMMUNITY FOUNDATION	weak	unlikely	women		00NG0/R/1087	2020-04-24	National	Arusha	Arusha	1	2024-12-31	Kijenge	4.5	-3.4134597	36.7369139	https://nis.jamii.go.tz/ngo_profile/11751	True	A &nbsp; community &nbsp;that &nbsp;value and protect the environment and women access to the right &nbsp;of ownership of the property &nbsp;within the community.	"[{""title"": ""Kijanisha Chamwino"", ""from"": ""2024-10-06"", ""to"": ""2024-12-31""}, {""title"": ""Wanawake Day"", ""from"": ""2023-02-14"", ""to"": ""2023-03-09""}]"
16821	Sunshine Foundation	weak	unlikely	welfare		00NGO/R/4487	2023-03-10	National	Arusha	Arusha	0		Kijenge	4.5	-3.3894637	36.7499399	https://nis.jamii.go.tz/ngo_profile/16821	True	The communty that is just, healthy, educated, economically stable with an improved living condition.	
4376	TANZANIA PASTORALIST COMMUNITY FORUM (T.P.C.F)	weak	unlikely	Women		00NGO/R1/00922	2014-05-02	National	Arusha	Arusha	3	2021-12-17	Kijenge	4.9	-3.3970664	36.6679932	https://nis.jamii.go.tz/ngo_profile/4376	True	Strive for a Just and equitable Pastorallst community in Tanzania	"[{""title"": ""facilitates for indigenous Peoples rights"", ""from"": ""2021-03-08"", ""to"": ""2021-12-17""}, {""title"": ""Facilitates Pastoralist Capacity building on land right"", ""from"": ""2021-04-01"", ""to"": ""2021-06-30""}, {""title"": ""Governance on Land"", ""from"": ""2020-05-01"", ""to"": ""2020-10-30""}, {""title"": ""Women rights"", ""from"": ""2020-05-27"", ""to"": ""2020-11-20""}, {""title"": ""Legal aid"", ""from"": ""2020-04-18"", ""to"": ""2020-08-23""}, {""title"": ""Human rights awarness creation to pastoralist communities"", ""from"": ""2020-01-18"", ""to"": ""2020-12-30""}]"
15550	Kidiim Tenebo	weak	unlikely	poverty		01NGO/R/3552	2022-07-21	District	Arusha	Arusha	0		Kijenge	4.9	-3.4097126	36.6744903	https://nis.jamii.go.tz/ngo_profile/15550	True	participating in the development programs at local and international levels for improved quality of life.	
5003	COMMUNITY EMPOWERNMENT  FOR SUSTAINABLE DEVELOPMENT-TANZANIA (CESuDe-TANZANIA)	weak	unlikely	Women		00NGO/R1/00526	2007-07-06	National	Arusha	Arumeru	5	2025-10-30	Usa River	5.1	-3.3657427	36.9093782	https://nis.jamii.go.tz/ngo_profile/5003	True	Developed human beings with improved livelihood security and asset	"[{""title"": ""FOOD SECURITY"", ""from"": ""2025-01-01"", ""to"": ""2025-10-30""}, {""title"": ""FOOD SECURITY PROJECT"", ""from"": ""2024-04-01"", ""to"": ""2024-12-31""}, {""title"": ""NIL"", ""from"": ""2023-01-01"", ""to"": ""2023-12-31""}, {""title"": ""AGRICULTURE AND LIVESTOCK PROJECT"", ""from"": ""2022-01-01"", ""to"": ""2022-12-31""}]"
2438	RIKOLTO TANZANIA	weak	unlikely	Women		I-NGO/R1/002	2005-07-06	International	Arusha	Arusha	5	2026-07-10	Arusha City	5.2	-3.3146725	36.634702	https://nis.jamii.go.tz/ngo_profile/2438	True	Sustainable Income for Farmers &amp; Nutritious, Affordable Food for Everyone.	"[{""title"": ""DGD Good Food For Cities"", ""from"": ""2022-07-02"", ""to"": ""2023-12-31""}, {""title"": ""DGD Good Food For Cities"", ""from"": ""2022-07-02"", ""to"": ""2023-12-31""}, {""title"": ""AfriFOODlinks — Kilombero Market Pilot"", ""from"": ""2024-01-15"", ""to"": ""2026-05-31""}, {""title"": ""SchoolFood4Cities (SF4C)"", ""from"": ""2024-03-04"", ""to"": ""2026-07-10""}, {""title"": ""IKI KATUMA-GIZ"", ""from"": ""2024-03-01"", ""to"": ""2026-05-12""}, {""title"": ""AID-I"", ""from"": ""2023-07-02"", ""to"": ""2025-04-30""}, {""title"": ""UNEP UPA PILOT"", ""from"": ""2024-07-01"", ""to"": ""2025-03-31""}, {""title"": ""ENABEL SASA"", ""from"": ""2024-04-01"", ""to"": ""2026-05-12""}, {""title"": ""AGRA YEFFA"", ""from"": ""2024-01-01"", ""to"": ""2026-05-12""}, {""title"": ""REDAA- Nature Fundi"", ""from"": ""2024-07-01"", ""to"": ""2025-03-31""}, {""title"": ""WFP-VKB"", ""from"": ""2024-10-11"", ""to"": ""2025-11-10""}, {""title"": ""WFP - JPRWEE"", ""from"": ""2025-11-12"", ""to"": ""2025-11-10""}]"
24148	Youth Revival Movement Seekers (YRM Seekers)	weak	unlikely	poverty		00NGO/R/9511	2026-03-04	National	Arusha	Arusha	0		Arusha City	5.3	-3.310616	36.639400	https://nis.jamii.go.tz/ngo_profile/24148	True	A generation of empowered, self-reliant, and ethical young leaders driving social and economic transformation.	
14012	FARM RADIO INTERNATIONAL	weak	unlikely	Women		I-NGO/R1/00949	2011-11-14	International	Arusha	Arusha	2	2023-12-31	Kijenge	5.4	-3.4319211	36.7018065	https://nis.jamii.go.tz/ngo_profile/14012	True	The vision of the organization is to prosperous, just and vibrant rural African people and communities.	"[{""title"": ""Interactive Radio for Ecologically Sustainable Agricultural Practices (IRESAP II)"", ""from"": ""2023-01-01"", ""to"": ""2023-12-31""}, {""title"": ""Interactive Radio for Ecologically Sustainable Agricultural Practices"", ""from"": ""2022-01-01"", ""to"": ""2022-12-31""}]"
11290	Tanzania Organization for Peasants Transformation and Inclusion (TAOPETI)	weak	unlikely	poverty		00NGO/R/4050	2022-11-16	National	Arusha	Arumeru	0		Kijenge	5.6	-3.3741191	36.7592422	https://nis.jamii.go.tz/ngo_profile/11290	True	TAOPET  envisages a democratic community&nbsp;with inclusive development and free from poverty&nbsp;	
14771	PRAGMATISTS INTEGRATED VISIONARY AIMS-TANZANIA (PIVA-TANZANIA)	weak	unlikely	vulnerable		00NGO/R/4865	2023-06-01	National	Arusha	Arumeru	0	2023-12-04	Kijenge	5.6	-3.3741191	36.7592422	https://nis.jamii.go.tz/ngo_profile/14771	True	To be a leading creator of an empowered community with access to quality health and education, able to realize their full potential and live a meaningful life	"[{""title"": ""Ugawaji wa vitabu vya ziada mashuleni"", ""from"": ""2024-10-02"", ""to"": ""2023-12-04""}]"
4001	AGRICULTURE INNOVATION RESEARCH FOUNDATION (AIRF)	weak	unlikely	Women		01NGO/1162	2007-10-04	District	Arusha	Arusha	7	2025-12-31	Ilboru	5.9	-3.336215	36.7443566	https://nis.jamii.go.tz/ngo_profile/4001	True	-----	"[{""title"": ""Program for Biosafety System"", ""from"": ""2025-01-01"", ""to"": ""2025-12-31""}, {""title"": ""Program for Biosafety System (PBS)"", ""from"": ""2024-01-01"", ""to"": ""2024-12-31""}, {""title"": ""Program for Biosafety System(PBS)"", ""from"": ""2023-01-01"", ""to"": ""2023-12-31""}, {""title"": ""The Program for Biosafety System (PBS)"", ""from"": ""2021-01-01"", ""to"": ""2021-12-31""}, {""title"": ""Strengthening biosafety regulatory framework for enhanced research and general release of GM crops in order to reduce hu"", ""from"": ""2020-01-01"", ""to"": ""2020-12-31""}]"
17220	DRUG ABUSE AND RECOVERY ORGANIZATION (DARO)	weak	unlikely	poverty		00NGO/R1/00269	2023-04-06	National	Arusha	Arusha	0		Ilboru	5.9	-3.336215	36.7443566	https://nis.jamii.go.tz/ngo_profile/17220	True	Empowered youths in sustainable recovery against drugs, better life and economically stable.	
13990	ERIPOTO FOR GIRLS AND WOMEN	weak	unlikely	WOMEN		00NGO/R/2814	2022-01-21	National	Arusha	Arusha	0		Kijenge	6.1	-3.4204878	36.6693955	https://nis.jamii.go.tz/ngo_profile/13990	True	"We envision a world of&nbsp;hope, courage, and compassion,&nbsp;where&nbsp;equality&nbsp;and&nbsp;inclusion&nbsp;are at the core of all decision making. 

 &nbsp;"	
23706	PEOPLE'S WELFARE AND DEVELOPMENT ORGANIZATION	weak	unlikely	WELFARE		00NGO/R/9878	2026-05-09	National	Arusha	Level:	0		Arusha City	6.3	-3.40919	36.65269	https://nis.jamii.go.tz/ngo_profile/23706	True	Kuelemisha na kuwezesha jamii kushiriki katika kuimarisha amani, mshikamano na maendeleo endelevu kupitia mafunzo, ushirikiano, miradi ya kijamii na ujenzi wa uwezo jumuishi kwa jamii.	
4423	SUSTAINABLE PARTICIPATORY INTERVENTIONS FOR DEVELOPMENT (SPAIDE)	weak	unlikely	poverty		00NGO/R1/00558	2019-11-12	National	Arusha	Arusha	1		Arusha City	6.5	-3.3918919	36.6181437	https://nis.jamii.go.tz/ngo_profile/4423	True	Envisages dynamic organization and community groups working towards ehnacing community empowerment for sustainable development of Tanzanian communities free from poverty, ignorance and poor health.	
18609	MWBT- Maasai Women Blazing Trails	weak	unlikely	Women		00NGO/R/5602	2023-11-13	National	Arusha	Arusha	0		Arusha City	6.5	-3.3918919	36.6181437	https://nis.jamii.go.tz/ngo_profile/18609	True	That there is a new spirit of energy and optimism shared by Maasai women as they create the power of collaboration and learning.	
13493	LIFELINE HEALTH SUPPORT ORGANIZATION	weak	unlikely	needy		00NGO/R/7227	2024-09-19	National	Arusha	Arumeru	0		Usa River	6.7	-3.384918	36.8068716	https://nis.jamii.go.tz/ngo_profile/13493	True	Quality and health care services to every needy patient and community welfare in Tanzania	
994	FOUNDATION FOR EMPOWERING LOCAL COMMUNITY INITIATIVE(FELOCI)	weak	unlikely	Women		00NGO/R/0292	2019-10-07	National	Arusha	Arusha	2	2026-01-22	Ilboru	7.1	-3.2832463	36.6807119	https://nis.jamii.go.tz/ngo_profile/994	True	Empowed local community with knowledge and access to available opportunitiesw	"[{""title"": ""Bee Keeping Project and Formation Income Generating Groups"", ""from"": ""2025-03-24"", ""to"": ""2026-01-22""}, {""title"": ""Conservation of Losimingori Water Source Project in Essimingor"", ""from"": ""2024-04-04"", ""to"": ""2025-04-30""}]"
434	KAKUTE PROJECTS	weak	unlikely	Women		00NGO/R2/000228	2019-08-01	National	Arusha	Arusha	6	2025-12-31	Arusha City	7.2	-3.314465	36.6093092	https://nis.jamii.go.tz/ngo_profile/434	True	Communities demonstrate commitment to adopt new Innovation and Technology	"[{""title"": ""KAKUTE PROJECTS"", ""from"": ""2025-01-01"", ""to"": ""2025-12-31""}, {""title"": ""Renewable Energy for Sustainable Transformation of Rural Economy"", ""from"": ""2025-04-01"", ""to"": ""2025-06-30""}, {""title"": ""Renewable Energy for Sustainable Transformation of Rural Economy"", ""from"": ""2025-04-01"", ""to"": ""2025-06-30""}, {""title"": ""Renewable Energy for Sustainable Transformation of the Rural Economy (RESTORE)"", ""from"": ""2025-01-02"", ""to"": ""2025-03-31""}, {""title"": ""Renewable Energy for Sustainable Transformation of the Rural Economy (RESTORE)"", ""from"": ""2025-01-02"", ""to"": ""2025-03-31""}, {""title"": ""Renewable Energy for Sustainable Transformation of the Rural Economy (RESTORE)"", ""from"": ""2025-01-02"", ""to"": ""2025-03-31""}, {""title"": ""Renewable Energy for Sustainable Transformation of the Rural Economy (RESTORE)"", ""from"": ""2025-01-02"", ""to"": ""2025-03-31""}, {""title"": ""Enhanced Integration of Decentralized Renewable energy for productive use in Rural Tanzania"", ""from"": ""2025-02-14"", ""to"": ""2025-03-25""}, {""title"": ""Enhanced Integration of Decentralized Renewable energy for productive use in Rural Tanzania"", ""from"": ""2025-02-14"", ""to"": ""2025-03-25""}, {""title"": ""Enhanced Integration of Decentralized Renewable energy for productive use in Rural Tanzania"", ""from"": ""2025-02-14"", ""to"": ""2025-03-25""}, {""title"": ""Renewable Energy for Sustainable Transformation of the Rural Economy (RESTORE)"", ""from"": ""2024-11-01"", ""to"": ""2024-12-31""}, {""title"": ""Renewable Energy for Sustainable Transformation of the Rural Economy (RESTORE)"", ""from"": ""2024-11-01"", ""to"": ""2024-12-31""}]"
9990	MERU ELDERLY INITIATIVES	weak	unlikely	ELDERLY		00NGO/R/0739	2019-10-31	National	Arusha	Arumeru	0		Kijenge	7.3	-3.3526037	36.7674183	https://nis.jamii.go.tz/ngo_profile/9990	True	"Envision a community whereby elderly are respected and enjoy human basic need. 

 &nbsp; 

 &nbsp;"	
4177	GERMAN FOUNDATION FOR WORLD POPULATION (DSW) TANZANIA	weak	unlikely	poverty		I-NGO/R1/00932	2006-06-02	International	Arusha	Arumeru	6	2025-12-31	Kijenge	7.5	-3.3739142	36.7769103	https://nis.jamii.go.tz/ngo_profile/4177	True	-	"[{""title"": ""Reproductive Equity Strategy in Tanzania (REST II) Partnership Project"", ""from"": ""2024-09-01"", ""to"": ""2025-12-31""}, {""title"": ""Enhancing Livelihood Prospect for Young People in Tanzania - SAfA Project"", ""from"": ""2025-01-01"", ""to"": ""2025-12-31""}, {""title"": ""Enhancing Livelihood Prospect for Young People in Tanzania - SAfA Project"", ""from"": ""2025-01-01"", ""to"": ""2025-12-31""}, {""title"": ""POWER Project"", ""from"": ""2024-09-01"", ""to"": ""2024-12-31""}, {""title"": ""REST Project"", ""from"": ""2024-09-01"", ""to"": ""2024-12-31""}, {""title"": ""Y4H Project"", ""from"": ""2024-07-01"", ""to"": ""2024-12-31""}, {""title"": ""SAfA Project"", ""from"": ""2024-01-01"", ""to"": ""2024-12-31""}, {""title"": ""Youth For Health Project"", ""from"": ""2023-01-01"", ""to"": ""2023-12-31""}, {""title"": ""REST Project"", ""from"": ""2023-01-01"", ""to"": ""2023-12-31""}, {""title"": ""REST Project"", ""from"": ""2023-01-01"", ""to"": ""2023-12-31""}, {""title"": ""REST Project"", ""from"": ""2023-01-01"", ""to"": ""2023-12-31""}, {""title"": ""Afya Yangu Shule Yangu Project"", ""from"": ""2023-01-01"", ""to"": ""2023-12-31""}]"
13697	KIRISHOI FOUNDATION	weak	unlikely	WOMEN		00NGO/R/2601	2021-11-16	National	Arusha	Arumeru	4	2023-02-10	Kijenge	8.4	-3.3489691	36.7768995	https://nis.jamii.go.tz/ngo_profile/13697	True	To have a better nation with improved understanding that will contribute effectively to individual and national development.	"[{""title"": ""GENDER BALANCE"", ""from"": ""2022-11-21"", ""to"": ""2022-11-25""}, {""title"": ""YOUTH EMPOWERMENT"", ""from"": ""2022-08-08"", ""to"": ""2022-08-12""}, {""title"": ""WOMEN EMPOWERMENT"", ""from"": ""2023-02-06"", ""to"": ""2023-02-10""}]"
13316	Tanzania Women in Agricultural Research and Development (TanzWARD)	weak	unlikely	Women		00NGO/R/7786	2024-11-27	National	Arusha	Arumeru	0		Kijenge	8.5	-3.370335	36.785697	https://nis.jamii.go.tz/ngo_profile/13316	True	A vibrant mass of empowered female agricultural scientists to drive innovative and sustainable agriculture for small scale farmers in Tanzania	
442	Naioth International Foundation	weak	unlikely	Women		00NGO/R2/000233	2019-08-01	National	Arusha	Arumeru	4	2026-04-12	Kijenge	9.0	-3.338139	36.777262	https://nis.jamii.go.tz/ngo_profile/442	True	Increasing of community involvement in sustainable development	"[{""title"": ""WOMEN AND GIRLS EMPOWERMENT"", ""from"": ""2026-04-12"", ""to"": ""2026-04-12""}, {""title"": ""Women Empowerment"", ""from"": ""2025-04-12"", ""to"": ""2025-04-12""}, {""title"": ""WOMEN EMPOWERMENT"", ""from"": ""2022-06-23"", ""to"": ""2023-12-31""}]"
468	CROSS TALENT SHARE INTERNATIONAL	weak	unlikely	POVERTY		I-NGO/R2/000580	2019-08-30	International	Arusha	Arumeru	2		Usa River	9.2	-3.3331407	36.7866134	https://nis.jamii.go.tz/ngo_profile/468	True	A WORLD WHERE PEOPLE CAN LIVE IN HARMONY	
12654	SAKILA HOPE FOR ELDERLY	weak	unlikely	ELDERLY		00NGO/R1/00202	2010-08-02	National	Arusha	Arumeru	1		Usa River	9.2	-3.3331407	36.7866134	https://nis.jamii.go.tz/ngo_profile/12654	True	-	
18622	NADEA (SHIRIKA LA MAENDELEO NARUMU)	weak	unlikely	poverty		07NGO/R/5116	2024-01-09	District	Kilimanjaro	Hai	1	2024-12-24	Boma Ngombe	9.3	-3.250702	37.14041645304083	https://nis.jamii.go.tz/ngo_profile/18622	True	To meet social, economical and traditonal needs of society	"[{""title"": ""Timber Bridge construction"", ""from"": ""2024-09-03"", ""to"": ""2024-12-24""}]"
24869	THE ASAPHITES FOUNDATION	weak	unlikely	vulnerable		00NGO/R/10116	2026-08-07	National	Arusha	Arumeru	0		Kijenge	10.2	-3.456915	36.654695	https://nis.jamii.go.tz/ngo_profile/24869	True	To become a leading foundation that transforms communities through impactful storytelling, advocacy, and sustainable development initiatives.	
387	BAP (T) ORGANIZATION	weak	unlikely	poverty		00NGO/R2/000248	2019-07-30	National	Arusha	Arumeru	1	2021-12-22	Usa River	10.3	-3.4565305	36.8534432	https://nis.jamii.go.tz/ngo_profile/387	True	To fight poverty through agriculture	"[{""title"": ""DevelopPPP, project (DEUTSCHE INVESTITIONS- UND ENTWICKLUNGSGESELLSCHAFT)"", ""from"": ""2021-01-05"", ""to"": ""2021-12-22""}]"
18243	Smile Initiators Foundation	weak	unlikely	poverty		00NGO/R/5596	2023-11-28	National	Arusha	Arumeru	0		Usa River	10.3	-3.4565305	36.8534432	https://nis.jamii.go.tz/ngo_profile/18243	True	"Our vision is to break the vicious cycle of poverty and to create a better quality life for the Tanzania Community.  

 &nbsp;"	
18538	NORTHEN HILL SOBER HOUSE FOUNDATION	weak	unlikely	Social Protection		00NGO/R/5328	2023-11-10	National	Arusha	Arusha	1	2025-12-31	Arusha City	10.3	-3.3860685	36.5743733	https://nis.jamii.go.tz/ngo_profile/18538	True	&#39;&#39;A thriving, addiction-free Tanzania where empowered youth lead healthy and fulfilling lives&quot;	"[{""title"": ""Community-Based Rehabilitation and Recovery Support Program"", ""from"": ""2025-01-01"", ""to"": ""2025-12-31""}]"
14423	Binti Msafi Foundation	weak	unlikely	welfare		07NGO/R/3029	2022-04-13	District	Kilimanjaro	Hai	0		Boma Ngombe	10.5	-3.2585235	37.194944	https://nis.jamii.go.tz/ngo_profile/14423	True	We are envisioning Society, which Girls&rsquo; right and welfare promoted, defended and protected	
5291	RETURN HOME DEVELOPMENT ORGANIZATION (REDO)	weak	unlikely	women		00NGO/00005380	2012-03-21	National	Arusha	Arusha	1		Arusha City	11.1	-3.2626649	36.6180325	https://nis.jamii.go.tz/ngo_profile/5291	True	To encourage. &nbsp;empower and motivate resident &nbsp;of Arusha region in villages,&nbsp; es  t  a  b  l  i  s  h   &nbsp; learning centre for  l  i  t  e  r  a  cy cl  a  s  s  e  s  .	
11695	Africa Afya Initiative (AAI)	weak	unlikely	vulnerable		00NGO/R/1914	2021-06-03	National	Arusha	Arusha	1	2022-11-01	Arusha City	11.1	-3.2626649	36.6180325	https://nis.jamii.go.tz/ngo_profile/11695	True	A Community that is proactive on access to education and medical care to&nbsp;everyone.	"[{""title"": ""Medical Mission"", ""from"": ""2022-08-01"", ""to"": ""2022-11-01""}]"
16676	TANZANIA NATURE CONSERVATION AND INFORMATION (TANACI)	weak	unlikely	Women		00NGO/R/4401	2023-02-23	National	Arusha	Arusha	3	2025-12-31	Arusha City	11.1	-3.2626649	36.6180325	https://nis.jamii.go.tz/ngo_profile/16676	True	Kuwa na jamii yenye uelewe wa kufanya udhibiti wa vitendo vinavyoharibu mazingira na rasilimali za umma.	"[{""title"": ""Youth and women empowement"", ""from"": ""2025-01-01"", ""to"": ""2025-12-31""}, {""title"": ""Youth and women empowerment"", ""from"": ""2025-08-10"", ""to"": ""2024-12-31""}]"
10260	Hope 2 Other International	weak	unlikely	Women		I-NGO/00009827	2018-08-06	International	Arusha	Arusha	6	2026-02-28	Kijenge	11.5	-3.4844169	36.6852175	https://nis.jamii.go.tz/ngo_profile/10260	True	Organization envisions for a community with quality, quick accessible and equally provided health services.	"[{""title"": ""Construction of health center"", ""from"": ""2026-02-28"", ""to"": ""2026-02-28""}, {""title"": ""TRAINING MIDWIVES STUDENTS"", ""from"": ""2024-07-02"", ""to"": ""2024-07-24""}, {""title"": ""property plant and equipment"", ""from"": ""2023-01-01"", ""to"": ""2023-12-31""}, {""title"": ""LAND AND BUILDING"", ""from"": ""2022-01-21"", ""to"": ""2022-12-31""}]"
11459	FIRM BEGINNINGS FOUNDATION	weak	unlikely	Women		00NGO/R/1747	2021-03-19	National	Arusha	Arusha	1	2023-02-25	Kijenge	11.5	-3.4844169	36.6852175	https://nis.jamii.go.tz/ngo_profile/11459	True	Community access to quality education on decision making, quality and affordable entrepreurship skills and lives in better perfomance and efficiency for development.	"[{""title"": ""Science and Arts seminar - 2023 (Partnership)"", ""from"": ""2023-02-25"", ""to"": ""2023-02-25""}, {""title"": ""Binti Imara Program"", ""from"": ""2022-09-10"", ""to"": ""2022-09-10""}, {""title"": ""Ujana Wetu Outreach"", ""from"": ""2022-06-13"", ""to"": ""2022-06-13""}, {""title"": ""Life Skills Training and Career Guidance Workshop"", ""from"": ""2022-04-09"", ""to"": ""2022-04-09""}]"
16504	MY ROOTS FOUNDATION	weak	unlikely	Women		00NGO/R/4378	2023-02-24	National	Arusha	Arusha	3	2025-12-31	Kijenge	11.5	-3.4844169	36.6852175	https://nis.jamii.go.tz/ngo_profile/16504	True	Having an economically stable youths society&nbsp;	"[{""title"": ""ORAL GENEALOGY"", ""from"": ""2025-01-01"", ""to"": ""2025-12-31""}]"
7217	HAI PARALEGAL ORGANIZATION	weak	unlikely	welfare		07NGO/08500	2016-03-24	National	Kilimanjaro	Hai	0		Boma Ngombe	12.6	-3.2237739	37.1648955	https://nis.jamii.go.tz/ngo_profile/7217	True	Communities with improved socio-economic welfare with access to legal aid services and sustainable environmental management.	
455	BRILLIANCE FAMILY WELFARE	weak	unlikely	WELFARE		00NGO/R/0607	2019-09-10	National	Arusha	Arusha	0	2023-10-31	Kijenge	15.0	-3.4909366	36.6283518	https://nis.jamii.go.tz/ngo_profile/455	True	To have a commmunities that are empowered in social and economic wellbeing	"[{""title"": ""Religious Leaders Training"", ""from"": ""2023-01-01"", ""to"": ""2023-10-31""}]"
14093	Lifeway Foundation	weak	unlikely	vulnerable		00NGO/R/3461	2022-07-15	National	Arusha	Arusha	0		Kijenge	15.0	-3.4909366	36.6283518	https://nis.jamii.go.tz/ngo_profile/14093	True	To empower people to enhance health, well-being and overcome hardship of life	
4969	YOUTH AGILE SOLUTIONS (YAS)	weak	unlikely	Women		00NGO/R1/00386	2014-07-03	National	Arusha	Arusha	5	2025-12-31	Arusha City	15.5	-3.3851271	36.525845	https://nis.jamii.go.tz/ngo_profile/4969	True	YAS is&nbsp; visioning&nbsp; for the&nbsp; forward&nbsp; looking youth-generation in Tanzania communities.	"[{""title"": ""Introduction of innovative technology for social- economic development"", ""from"": ""2025-01-01"", ""to"": ""2025-12-31""}, {""title"": ""Promote climate change initiatives to safeguard environment and herbal trees"", ""from"": ""2025-01-01"", ""to"": ""2025-12-31""}, {""title"": ""Promoting economic empowerment and development initiatives to youth both boys and girls."", ""from"": ""2025-01-01"", ""to"": ""2025-12-31""}, {""title"": ""Promoting economic empowerment and development initiatives to youth both boys and girls."", ""from"": ""2025-01-01"", ""to"": ""2025-12-31""}, {""title"": ""Technology Innovations"", ""from"": ""2024-05-28"", ""to"": ""2024-05-30""}, {""title"": ""Climate change and environment conservation"", ""from"": ""2024-01-01"", ""to"": ""2024-12-31""}, {""title"": ""Youth Economic Empowerment for Employability"", ""from"": ""2024-01-01"", ""to"": ""2024-12-31""}, {""title"": ""Youth Economic Empowerment for Employability"", ""from"": ""2024-01-01"", ""to"": ""2024-12-31""}, {""title"": ""Youth Economic Empowerment for Employability"", ""from"": ""2022-01-01"", ""to"": ""2022-12-31""}]"
14078	INITIATIVE SEED OF MERCY	weak	unlikely	Women		00NGO/R/2877	2022-02-18	National	Arusha	Arumeru	3	2025-04-02	Usa River	18.0	-3.256391	36.9840456	https://nis.jamii.go.tz/ngo_profile/14078	True	Creating a society which prioritize sustainable use of natural resources and environmental conservation	"[{""title"": ""MRADI WA MKAA MBADALA MKOA WA ARUSHA, WILAYA YA ARUMERU, KATA YA USA RIVER"", ""from"": ""2024-10-07"", ""to"": ""2025-04-02""}]"
10356	TRADITIONAL ECOSYSTEMS SURVIVAL TANZANIA(TEST)	weak	unlikely	Women		00NGO/R/0856	2019-12-06	National	Arusha	Arusha	3	2025-04-10	Ilboru	18.4	-3.1822253	36.6708023	https://nis.jamii.go.tz/ngo_profile/10356	True	Land provides for all life fairly and equitably, forever	"[{""title"": ""• Cultural heritage preservation and transmission initiative for the Maasai community in Tanzania"", ""from"": ""2024-07-18"", ""to"": ""2025-04-10""}, {""title"": ""Promoting Active Citizen for Indigenous Peoples in Tanzania through Radio Programmes and Outreach."", ""from"": ""2024-01-15"", ""to"": ""2024-12-30""}, {""title"": ""Pilot Study on Traditional Ecological Knowledge In Albertine Rift In Mbeya Region."", ""from"": ""2024-07-15"", ""to"": ""2024-11-14""}, {""title"": ""PREVENTING GENDER-BASED VIOLENCE THROUGH STRENGTHENING LOCAL/TRADITIONAL INSTITUTIONS"", ""from"": ""2024-03-13"", ""to"": ""2024-11-20""}, {""title"": ""Stakehoder meetings in resolving Land use conflict in Northern Tanzania"", ""from"": ""2023-10-02"", ""to"": ""2023-11-30""}, {""title"": ""3. Supporting Community Media (Loliondo FM (107.7 MHz))"", ""from"": ""2023-03-02"", ""to"": ""2023-07-10""}, {""title"": ""4. Climate Change Adaptation Toolkit (CCA Toolkit) in Ngorongoro District"", ""from"": ""2023-02-02"", ""to"": ""2023-08-14""}, {""title"": ""Preservation of indigenous knowledge"", ""from"": ""2022-11-18"", ""to"": ""2022-11-29""}, {""title"": ""Indigenous People Forum"", ""from"": ""2022-08-06"", ""to"": ""2022-09-08""}, {""title"": ""co-develop a mobile app and data collection and management protocols."", ""from"": ""2022-02-07"", ""to"": ""2022-06-07""}]"
10362	INUKA TUSONGE FOUNDATION	weak	unlikely	women		00NG0/R/0897	2020-01-08	National	Arusha	Arusha	5	2025-12-18	Arusha City	18.5	-3.24038165	36.538096949999996	https://nis.jamii.go.tz/ngo_profile/10362	True	"To have best mothers for the betterment of the entire society. 

 &nbsp;"	"[{""title"": ""Entrepreneurship"", ""from"": ""2025-01-06"", ""to"": ""2025-12-18""}, {""title"": ""Entrepreneurship"", ""from"": ""2024-01-08"", ""to"": ""2024-12-14""}, {""title"": ""Entrepreneurship"", ""from"": ""2023-03-06"", ""to"": ""2023-12-14""}, {""title"": ""Entrepreneurship"", ""from"": ""2022-03-14"", ""to"": ""2022-07-02""}, {""title"": ""Entrepreneurship"", ""from"": ""2022-03-14"", ""to"": ""2022-07-02""}, {""title"": ""Entrepreneurship"", ""from"": ""2022-06-22"", ""to"": ""2022-06-22""}]"
17476	CONFERENCE TO POLLUTERS ORGANIZATION	weak	unlikely	welfare		00NGO/R/4944	2023-07-12	National	Arusha	Arumeru	3		Usa River	18.7	-3.5130284	36.9423463	https://nis.jamii.go.tz/ngo_profile/17476	True	"Society with a sustainable,safe,clean and healthy environment 

 &nbsp; 

 &nbsp;"	
12790	CELEBRATION  FOUNDATION TANZANIA (CEFO)	weak	unlikely	poverty		00NGO/R/7200	2024-09-02	National	Arusha	Arusha	0		Arusha City	19.4	-3.3376669	36.487626	https://nis.jamii.go.tz/ngo_profile/12790	True	The community with better living condition free from poverty.	
23118	DEMENTIA ALLIANCE OF TANZANIA (DAT)	weak	unlikely	wazee		00NGO/R/8707	2025-10-18	National	Kilimanjaro	Moshi	0	2026-08-29	Boma Ngombe	20.2	-3.34	37.32	https://nis.jamii.go.tz/ngo_profile/23118	True	A Tanzania where every person affected by dementia lives with dignity, access to quality care, and full societal inclusion	"[{""title"": ""kuwatembelea wazee wenye dementiana kuwapa huduma"", ""from"": ""2026-07-01"", ""to"": ""2026-08-29""}, {""title"": ""kuwatembelea wazee wenye dementiana kuwapa huduma"", ""from"": ""2026-07-01"", ""to"": ""2026-08-29""}, {""title"": ""kliniki kwa wazee"", ""from"": ""2026-02-01"", ""to"": ""2026-03-01""}, {""title"": ""kuwajengea watumishi uwezo kwa njia ya mafunzo"", ""from"": ""2025-12-28"", ""to"": ""2026-02-05""}, {""title"": ""Kujenga ofisi ya AMRCO eneo la Kindi Msasani"", ""from"": ""2025-10-26"", ""to"": ""2025-12-28""}]"
19010	KILIMANJARO PERMACULTURE ORGANIZATION - KPO	weak	unlikely	vulnerable		00NGO/R/6213	2024-04-30	National	Kilimanjaro	Moshi	0		Boma Ngombe	20.5	-3.328519820635987	37.32297541570676	https://nis.jamii.go.tz/ngo_profile/19010	True	The vision is to become a community one stop reliable permaculture organization that can work with small holder farmers countrywide to enhance best agricultural practice.	
7031	HANNS R. NEUMANN STIFTUNG AFRICA	weak	unlikely	Women		INGO/00007240	2014-06-04	International	Kilimanjaro	Moshi	3	2023-12-31	Boma Ngombe	20.6	-3.34646755	37.32331029069381	https://nis.jamii.go.tz/ngo_profile/7031	True	We believe in sustainable development and are conviced that we should therefore treat environmental, social and economic factors in an intergrated manner.	"[{""title"": ""Phase III of the initiative for Coffee & Climate Project (c&c phase III)"", ""from"": ""2020-11-01"", ""to"": ""2023-12-31""}, {""title"": ""HRNS Own Fund Project (Integrated Carbon and Coffee-based Livelihoods project)"", ""from"": ""2023-01-01"", ""to"": ""2023-12-31""}, {""title"": ""Phase III of the initiative for Coffee&Climate Project (c&c phase III)"", ""from"": ""2023-01-01"", ""to"": ""2023-12-31""}]"
7320	FEMALE GUIDES COMMUNITY INITIATIVES (FEGCOI)	weak	unlikely	women		00NGO/00009903	2018-09-05	National	Kilimanjaro	Moshi	0		Boma Ngombe	20.6	-3.34646755	37.32331029069381	https://nis.jamii.go.tz/ngo_profile/7320	True	Organization envision &nbsp;for community with creative &nbsp;and innovative, skillful and economically sound young women community.	
11549	Bryna Foundation Tanzania	weak	unlikely	women		00NGO/R/1820	2021-04-23	National	Kilimanjaro	Moshi	0	2024-03-31	Boma Ngombe	20.6	-3.34646755	37.32331029069381	https://nis.jamii.go.tz/ngo_profile/11549	True	An equal society where women and girls are economically and socially empowered through organised effort of all members of the community.	"[{""title"": ""Community work"", ""from"": ""2024-01-01"", ""to"": ""2024-03-31""}, {""title"": ""Community outreach"", ""from"": ""2022-07-04"", ""to"": ""2022-07-08""}]"
20707	Vision Africa	weak	unlikely	women		00NGO/R/8027	2025-02-08	National	Kilimanjaro	Moshi	0		Boma Ngombe	21.2	-3.392211	37.320431	https://nis.jamii.go.tz/ngo_profile/20707	True	An African future where every community is empowered through sustainable agriculture, accessible healthcare, quality education, and digital literacy.	
4499	UJAMAA COMMUNITY RESOURCE TEAM	weak	unlikely	Women		00NGO/R1/0065	2014-04-30	National	Arusha	Arusha	5	2023-12-31	Arusha City	21.5	-3.3190633	36.4709752	https://nis.jamii.go.tz/ngo_profile/4499	True	Strengthened livelhoods and social justice for pastoralist, hunter-gatherer and agro pastoralist communities through security over land and natural resources and sustainable community based natural resources management.	"[{""title"": ""Gender Equality and Economic empowerment for women and youths"", ""from"": ""2021-01-01"", ""to"": ""2021-12-31""}, {""title"": ""To Strengthen community capacity to improve their livelihoods,"", ""from"": ""2023-01-01"", ""to"": ""2023-12-31""}, {""title"": ""Northern Tanzania Rangeland"", ""from"": ""2022-09-29"", ""to"": ""2023-06-30""}, {""title"": ""5.Training of the Village Land Councils (VLCs) and Ward Tribunals on Land Conflict resolution"", ""from"": ""2022-01-01"", ""to"": ""2022-12-31""}, {""title"": ""Strengthened livelihoods and social justice for Pastoralist hunter gatherers and agro-pastoralist community through secu"", ""from"": ""2021-01-01"", ""to"": ""2021-12-31""}, {""title"": ""Strengthened livelihoods and social justice for Pastoralist hunter gatherers and agro-pastoralist community through secu"", ""from"": ""2021-01-01"", ""to"": ""2021-12-31""}, {""title"": ""Strengthened livelihoods and social justice for Pastoralist hunter gatherers and agro-pastoralist community through secu"", ""from"": ""2021-01-01"", ""to"": ""2021-12-31""}, {""title"": ""Strengthened livelihoods and social justice for Pastoralist hunter gatherers and agro-pastoralist community through secu"", ""from"": ""2021-01-01"", ""to"": ""2021-12-31""}, {""title"": ""Strengthened livelihoods and social justice for Pastoralist hunter gatherers and agro-pastoralist community through secu"", ""from"": ""2021-01-01"", ""to"": ""2021-12-31""}]"
12861	EMATONYOK MAASAI ORGANIZATION (EMO)	weak	unlikely	poverty		00NGO/R/2078	2021-08-12	National	Arusha	Monduli	0	2022-03-09	Arusha City	21.5	-3.3190633	36.4709752	https://nis.jamii.go.tz/ngo_profile/12861	True	EMO envisions rural communities in Tanzania to have improved their livelihood, competent communities and maintained sustainable conservation of natural resources in the mainlands.	"[{""title"": ""Niwezeshe"", ""from"": ""2022-02-10"", ""to"": ""2022-03-09""}]"
15595	NATEMBELEA  AFRICA VOLUNTEER RESIDENCE	weak	unlikely	poverty		00NGO/R/3744	2022-09-05	National	Arusha	Arusha	0		Arusha City	21.5	-3.3190633	36.4709752	https://nis.jamii.go.tz/ngo_profile/15595	True	Our vision is to build an effective vehicle to empower individuals and organizations to stand up against poverty.	
7056	KIKUNDI CHA WANAWAKE KILIMANJARO KUPAMBANA NA UKIMWI -KIWAKKUKI	weak	unlikely	WANAWAKE		00NGO/R1/00898	2011-02-25	National	Kilimanjaro	Moshi	5	2027-04-30	Boma Ngombe	21.6	-3.35815995	37.330972917538986	https://nis.jamii.go.tz/ngo_profile/7056	True	KIWAKKUKI&rsquo;s vision is a community empowered to take appropriate measures to fight against HIV/AIDS, COVID-19, poverty and hunger towards sustainable food security and improved livelihoods.	"[{""title"": ""Strengthening The Network of Farmers Groups."", ""from"": ""2025-11-03"", ""to"": ""2027-04-30""}, {""title"": ""RIPAT - Rural Initiative Participatory Agricultural Technology"", ""from"": ""2024-11-15"", ""to"": ""2025-04-14""}, {""title"": ""Empowerment PLHA and other small scale farmers in Siha,Kilimanjaro for Choice and Voice"", ""from"": ""2020-04-13"", ""to"": ""2024-04-13""}, {""title"": ""Empowering People Living with HIV and AIDS and other small scale farmers in Siha ,Kilimanjaro for choice and voice."", ""from"": ""2021-07-01"", ""to"": ""2022-06-30""}, {""title"": ""KIWAKKUKI Grassroot economic empowerment"", ""from"": ""2023-01-01"", ""to"": ""2023-03-31""}, {""title"": ""Rural Initiative Participatory Agriculture Technologies (RIPAT)"", ""from"": ""2021-01-01"", ""to"": ""2021-12-31""}]"
11678	Maramoja Foundation	weak	unlikely	poverty		00NGO/R/1518	2020-11-20	National	Arusha	Monduli	0		Arusha City	21.7	-3.4570382	36.4955327	https://nis.jamii.go.tz/ngo_profile/11678	True	Healthy, well-educated and economically stable community within better environment.	
10350	Global Bike Inc	weak	unlikely	women		I-NGO/R/0840	2019-12-30	International	Kilimanjaro	Moshi	4	2024-12-31	Boma Ngombe	21.8	-3.3514832	37.3338473	https://nis.jamii.go.tz/ngo_profile/10350	True	GLOBALBIKE&nbsp; &nbsp;imagines &nbsp;a society &nbsp;in &nbsp;which everyone &nbsp;is &nbsp;able to &nbsp;access &nbsp;and &nbsp;afford &nbsp;the transportation &nbsp;they &nbsp;need to efficiently reach water sources, &nbsp;health care, &nbsp;education&nbsp; and income generation opportunities.&nbsp; By donating &nbsp;bicycles &nbsp;to &nbsp;health &nbsp;care &nbsp;workers&nbsp; &nbsp;and &nbsp;by establishing&nbsp; rural-based &nbsp;and locally owned and operated &nbsp;biking programs, GLOBAL	"[{""title"": ""Rural Transportation and women's empowerment"", ""from"": ""2024-01-01"", ""to"": ""2024-12-31""}, {""title"": ""Rural transportation and women's empowerment"", ""from"": ""2021-01-02"", ""to"": ""2022-12-31""}, {""title"": ""Rural transportation and women's empowerment"", ""from"": ""2023-01-02"", ""to"": ""2023-12-31""}]"
15696	GOALS TANZANIA (GOALS - TZ)	weak	unlikely	women		00NGO/R/3709	2022-08-26	National	Kilimanjaro	Moshi	0	2024-10-31	Boma Ngombe	21.8	-3.3514832	37.3338473	https://nis.jamii.go.tz/ngo_profile/15696	True	Girls and women who are empowered and living better life.	"[{""title"": ""Toilet projects"", ""from"": ""2024-10-11"", ""to"": ""2024-10-31""}]"
24975	ZION SMILES INTERNATIONAL	weak	unlikely	vulnerable		00NGO/R/10168	2026-08-17	National	Kilimanjaro	Moshi	0		Boma Ngombe	22.1	-3.362941	37.335	https://nis.jamii.go.tz/ngo_profile/24975	True	To build a healthy strong and empowered Community by improving nutrition health Education and access to clean water solution in the Community.	
404	THEMISIMBA OLD AGE CARE (TOAC)	weak	unlikely	Social Protection		00NGO/R2/000239	2019-08-02	National	Arusha	Arusha	2	2025-10-31	Kijenge	22.3	-3.579539	36.6676334	https://nis.jamii.go.tz/ngo_profile/404	True	The wellbeing of old age citizens	"[{""title"": ""Old Age People Support"", ""from"": ""2025-01-01"", ""to"": ""2025-10-31""}, {""title"": ""Old age people support"", ""from"": ""2024-01-01"", ""to"": ""2024-12-31""}, {""title"": ""Old age care"", ""from"": ""2023-01-01"", ""to"": ""2023-12-31""}]"
16714	Golden Weavers Education Organisation (GWEO)	weak	unlikely	Women		00NGO/R/4534	2023-03-15	National	Kilimanjaro	Moshi	1	2024-12-31	Boma Ngombe	22.5	-3.3574011	37.3396578	https://nis.jamii.go.tz/ngo_profile/16714	True	The community with&nbsp;extra mile knowledge and skills for competency and professionalism development.	"[{""title"": ""Teachers Training & Coaching Program"", ""from"": ""2024-04-01"", ""to"": ""2024-06-28""}, {""title"": ""Teachers Training & Coaching Program"", ""from"": ""2024-04-01"", ""to"": ""2024-06-28""}, {""title"": ""Youth & Women Entrepreneurship Workshop"", ""from"": ""2024-02-01"", ""to"": ""2024-12-31""}, {""title"": ""Youth & Women Entrepreneurship Workshop"", ""from"": ""2024-02-01"", ""to"": ""2024-12-31""}]"
7198	FOCUSED NEW LIFE FOUNDATION (FONELI-FOUNDATION)	weak	unlikely	Women		00NGO/0009123	2017-03-16	National	Kilimanjaro	Moshi	2	2025-12-31	Boma Ngombe	22.7	-3.3260736	37.3422766	https://nis.jamii.go.tz/ngo_profile/7198	True	To be the best Non Governmental Organization that brings new hope to the community in health and social aspects	"[{""title"": ""conduct home health visit to chronically ill"", ""from"": ""2025-01-01"", ""to"": ""2025-12-31""}, {""title"": ""Conduct home health visit to chronically ill"", ""from"": ""2023-01-01"", ""to"": ""2023-12-31""}, {""title"": ""Conduct home based care services to chronically ill patients and needy clients including physical, Psychological and spi"", ""from"": ""2022-01-01"", ""to"": ""2022-12-31""}, {""title"": ""Conduct home based care services to chronically ill patients and needy clients including physical, Psychological and spi"", ""from"": ""2022-01-01"", ""to"": ""2022-12-31""}]"
1198	FOUNDATION FOR EQUAL PARTICIPATION OF GIRLS AND WOMEN (FOEPAGIWO)	weak	unlikely	WOMEN		00NGO/R/0311	2019-08-02	National	Kilimanjaro	Moshi	0		Boma Ngombe	22.8	-3.3709577	37.3405499	https://nis.jamii.go.tz/ngo_profile/1198	True	EQUAL ACCESS OOPORTUNITY AND INFLUENCE IN ALL ASPECTS OF WOMEN AND GIRLS LIVES	
10371	Kilimanjaro Consortium for development and Environment (KCDE)	weak	unlikely	Women		00NGO/0009469	Years of Experience:	National	Kilimanjaro	Moshi	5	2025-10-30	Boma Ngombe	22.8	-3.3709577	37.3405499	https://nis.jamii.go.tz/ngo_profile/10371	True	Economically stable community within conducive environment	"[{""title"": ""REGREENING OF MOUNT KILIMANJARO THROUGH SCHOOLS AND COMMUNITIES"", ""from"": ""2022-07-01"", ""to"": ""2025-10-30""}, {""title"": ""Re-greening of Mount Kilimanjaro Through Schools and Communities"", ""from"": ""2022-07-01"", ""to"": ""2023-12-31""}]"
20827	WEMA HEALTH INNOVATION TANZANIA (WHIT)	weak	unlikely	Women		00NGO/R/7591	2024-10-15	National	Kilimanjaro	Moshi	1	2025-12-31	Boma Ngombe	22.9	-3.3303229	37.3446710	https://nis.jamii.go.tz/ngo_profile/20827	True	Wema Health Innovation Tanzania (WHIT) vision is to&nbsp;be the leading organization that transformed the healthcare landscape by evidence-based interventions.	"[{""title"": ""Supporting The National Expansion of HPV Based Cervical Cancer Screening on Tanzania(NECST)"", ""from"": ""2025-01-01"", ""to"": ""2025-12-31""}, {""title"": ""PROSPECTIVE URBAN AND RURAL EPIDEMIOLOGICAL STUDY"", ""from"": ""2025-01-01"", ""to"": ""2025-12-31""}, {""title"": ""Supporting The National Expansion of HPV Based Cervical Cancer Screening on Tanzania(NECST)"", ""from"": ""2025-07-01"", ""to"": ""2025-09-30""}, {""title"": ""Prospective Urban and Rural Epidemiological Study(Pure)"", ""from"": ""2025-07-01"", ""to"": ""2025-09-30""}, {""title"": ""Supporting The National Expansion of HPV Based Cervical Cancer Screening in Tanzania(NECST)"", ""from"": ""2025-04-01"", ""to"": ""2025-06-30""}, {""title"": ""Prospective Urban and Rural Epidemiological study(PURE)"", ""from"": ""2025-04-01"", ""to"": ""2025-06-30""}, {""title"": ""The National Expansion of HPV-based Cervical Cancer Screening in Tanzania."", ""from"": ""2025-01-06"", ""to"": ""2025-03-31""}, {""title"": ""PROSPECTIVE URBAN AND RURAL EPIDEMIOLOGY STUDY(PURE)"", ""from"": ""2025-01-06"", ""to"": ""2025-03-31""}, {""title"": ""Administrative works"", ""from"": ""2024-10-21"", ""to"": ""2024-12-20""}]"
7360	NGUZO WOMEN AND YOUTH FOUNDATION	weak	unlikely	WOMEN		00NG0/0009783	2018-07-09	National	Kilimanjaro	Moshi	0		Boma Ngombe	23.0	-3.3362405	37.3452528	https://nis.jamii.go.tz/ngo_profile/7360	True	Seeing Tanzania where every young men and women has access to the knowledge and skills that live a full and independent life.	
15027	MTETEZI FOUNDATION	weak	unlikely	welfare		00NGO/R1/00229	2023-01-23	National	Kilimanjaro	Moshi	0		Boma Ngombe	23.1	-3.3696987	37.34344572961041	https://nis.jamii.go.tz/ngo_profile/15027	True	Envision a community with equal opportunity, adequate resources, has employable skills, free from various diseases and have economic and social growth for all.	
10210	TUMAINI JIPYA-NEW HOPE	weak	unlikely	poverty		I-NGO/00010195	2019-05-15	International	Arusha	Arumeru	5	2021-11-30	Usa River	23.8	-3.151823	36.8415493	https://nis.jamii.go.tz/ngo_profile/10210	True	A society free from poverty and ignorance	"[{""title"": ""Girls' hostel at Lengijave Secondary School"", ""from"": ""2021-06-01"", ""to"": ""2021-11-30""}]"
7061	MORE THAN A DROP TANZANIA FOUNDATION	weak	unlikely	poverty		I-NGO/00007838	2015-03-02	International	Kilimanjaro	Moshi	4	2023-12-31	Boma Ngombe	23.9	-3.3429806	37.3535062	https://nis.jamii.go.tz/ngo_profile/7061	True	Provide life&nbsp; changing aid and to improve the quality of life, empower marginalized groups in a sustainable way in particular with self-help/grass-root approaches.	"[{""title"": ""Empowerment and intergretion program for young destute women"", ""from"": ""2023-01-01"", ""to"": ""2023-12-31""}, {""title"": ""TRAINING COURSE E-LEARNING VETA EXAM FINDING INTERSHIP"", ""from"": ""2021-01-01"", ""to"": ""2021-12-31""}, {""title"": ""TRAINING COURSE ,E-LEARNING,VETA EXAM,FINDING INTERNSHIP"", ""from"": ""2020-01-01"", ""to"": ""2020-12-31""}]"
14938	Savannah Vision Tanzania (SVTa)	weak	unlikely	poverty		00NGO/R/3252	2022-05-11	National	Arusha	Monduli	1	2025-03-14	Arusha City	24.0	-3.3233383	36.4472973	https://nis.jamii.go.tz/ngo_profile/14938	True	"&ldquo;To have a developed sustainable societies free from poverty, illiteracy, and protected from environmental disasters&rdquo; 

 &nbsp;"	"[{""title"": ""Domanga Beekeeping Project for Hadza"", ""from"": ""2023-03-16"", ""to"": ""2025-03-14""}, {""title"": ""Domanga Beekeeping for Hadza"", ""from"": ""2023-01-01"", ""to"": ""2023-12-31""}]"
12666	CAFE AFRICA TANZANIA	weak	unlikely	Women		00NG0/R/1089	2020-03-24	National	Kilimanjaro	Moshi	6	2025-12-31	Boma Ngombe	24.5	-3.2968443	37.3555628	https://nis.jamii.go.tz/ngo_profile/12666	True	An improved farmers livelihood that benefit from cofee plantation.	"[{""title"": ""Sustainable Coffee Value Chain Development in Tanzania – ELPS"", ""from"": ""2025-01-01"", ""to"": ""2025-12-31""}, {""title"": ""Sustainable Production of Robusta Coffee in Western Tanzania"", ""from"": ""2025-01-01"", ""to"": ""2025-12-31""}, {""title"": ""SUSTAINABLE REJUVENATION OF ROBUSTA COFFEE PRODUCTION IN WESTERN TANZANIA"", ""from"": ""2024-01-01"", ""to"": ""2024-12-31""}, {""title"": ""Smallholder Coffee Development Project (CODE P) AGRICONNECT"", ""from"": ""2023-01-01"", ""to"": ""2023-12-31""}, {""title"": ""Sustainable Rejuvenation of Coffee Production in Western Tanzania"", ""from"": ""2023-01-01"", ""to"": ""2023-12-31""}, {""title"": ""Administration , Monitoring and evaluation"", ""from"": ""2020-01-06"", ""to"": ""2020-12-31""}, {""title"": ""Meetings/dilaogue and workshops"", ""from"": ""2020-01-06"", ""to"": ""2020-12-31""}, {""title"": ""Meetings/dilaogue and workshops"", ""from"": ""2020-01-06"", ""to"": ""2020-12-31""}, {""title"": ""Meetings/dilaogue and workshops"", ""from"": ""2020-01-06"", ""to"": ""2020-12-31""}, {""title"": ""Develop and communicate Sector Updates"", ""from"": ""2020-01-06"", ""to"": ""2020-12-31""}, {""title"": ""Develop and communicate Sector Updates"", ""from"": ""2020-01-06"", ""to"": ""2020-12-31""}, {""title"": ""Develop and communicate Sector Updates"", ""from"": ""2020-01-06"", ""to"": ""2020-12-31""}]"
15548	EAST AFRICAN YOUTH NETWORK (EAYN-THE NETWORK)	weak	unlikely	Social Protection		I-NGO/R/4099	2022-11-22	International	Arusha	Arusha	1	2024-12-13	Kijenge	24.5	-3.5804324	36.8086048	https://nis.jamii.go.tz/ngo_profile/15548	True	Envison Youth actively engaged	"[{""title"": ""Economic Empowerment"", ""from"": ""2024-01-15"", ""to"": ""2024-12-13""}, {""title"": ""Health Promotion"", ""from"": ""2024-01-22"", ""to"": ""2024-12-13""}]"
17668	Mennonite Initiative For Community Development (MICODE)	weak	unlikely	Social Protection		00NGO/R/5400	2023-09-12	National	Arusha	Arusha	2	2025-12-01	Kijenge	24.5	-3.5804324	36.8086048	https://nis.jamii.go.tz/ngo_profile/17668	True	Envision a community living in hope and equality advocating for development and wellbeing.	"[{""title"": ""Organization Capacity Building and Assessment"", ""from"": ""2025-02-03"", ""to"": ""2025-11-13""}, {""title"": ""Youth and Women Economic Empowerment Program"", ""from"": ""2025-01-13"", ""to"": ""2025-11-12""}, {""title"": ""Youth and Women Economic Empowerment Program"", ""from"": ""2025-01-13"", ""to"": ""2025-11-12""}, {""title"": ""Youth and Women Economic Empowerment Program"", ""from"": ""2025-01-13"", ""to"": ""2025-11-12""}, {""title"": ""HIV Awareness Program"", ""from"": ""2025-02-11"", ""to"": ""2025-12-01""}, {""title"": ""HIV Awareness Program"", ""from"": ""2025-02-11"", ""to"": ""2025-12-01""}, {""title"": ""Project Community Outreach"", ""from"": ""2024-03-11"", ""to"": ""2024-11-13""}, {""title"": ""Project Community Outreach"", ""from"": ""2024-03-11"", ""to"": ""2024-11-13""}, {""title"": ""Training and Twinning Program"", ""from"": ""2024-03-12"", ""to"": ""2024-11-22""}, {""title"": ""Youth and Women Economic Empowerment Program"", ""from"": ""2024-01-15"", ""to"": ""2024-12-05""}, {""title"": ""Youth and Women Economic Empowerment Program"", ""from"": ""2024-01-15"", ""to"": ""2024-12-05""}, {""title"": ""Youth and Women Economic Empowerment Program"", ""from"": ""2024-01-15"", ""to"": ""2024-12-05""}]"
20931	Tanzania Help Aged Foundation	weak	unlikely	wazee		00NGO/R/7827	2024-12-02	National	Kilimanjaro	Moshi	0	2025-04-18	Boma Ngombe	24.5	-3.349473	37.358136	https://nis.jamii.go.tz/ngo_profile/20931	True	Kuwafanya wazee waweze kuishi katika mazingira bora&nbsp; kwenye maisha yao ya&nbsp;&nbsp;uzeeni ikiwemo kupata mahitaji kama vile malazi, chakula,&nbsp;afya, Mavazi&nbsp;na mahitaji yote ysingi.	"[{""title"": ""Food Supply Every Monthly"", ""from"": ""2024-05-21"", ""to"": ""2025-04-18""}, {""title"": ""Food Supply Every Monthly"", ""from"": ""2024-05-21"", ""to"": ""2025-04-18""}, {""title"": ""Medical Checkup"", ""from"": ""2025-01-23"", ""to"": ""2025-01-29""}, {""title"": ""Medical Checkup"", ""from"": ""2025-01-23"", ""to"": ""2025-01-29""}, {""title"": ""Matress Supply"", ""from"": ""2024-10-15"", ""to"": ""2024-10-16""}, {""title"": ""Matress Supply"", ""from"": ""2024-10-15"", ""to"": ""2024-10-16""}]"
8206	THE DARE WOMEN'S FOUNDATION(DWF)	weak	unlikely	WOMEN		00NGO/00006453	2019-12-06	National	Kilimanjaro	Moshi	1	2024-12-31	Boma Ngombe	24.8	-3.3499321	37.3614808	https://nis.jamii.go.tz/ngo_profile/8206	True	"Dare &nbsp;women &nbsp;foundation &nbsp;envisages &nbsp;being a reliable &nbsp;and efficient &nbsp;representative &nbsp;of women that will empowered them &nbsp;living &nbsp;with dignity and contributing as equal partners &nbsp;in development &nbsp;in an environment &nbsp;free from violence &nbsp;and discrimination 

 &nbsp;"	"[{""title"": ""DARE WOMEN’S FOUNDATION (DWF)"", ""from"": ""2024-01-01"", ""to"": ""2024-12-31""}, {""title"": ""DARE WOMEN'S FOUNDATION (DWF)"", ""from"": ""2021-02-01"", ""to"": ""2021-12-31""}]"
4547	AGED SUNSHINE TANZANIA	weak	unlikely	welfare		00NGO/08654	2016-06-10	National	Arusha	Arusha	0		Ilboru	25.1	-3.1205122	36.7007783	https://nis.jamii.go.tz/ngo_profile/4547	True	To envision a society that works hard in adressing it social economic development needs by taping the existing opportunities.	
7278	KILIMANJARO LEPERS SUPPORT (Kilesu)	weak	unlikely	Women		00NGO/0009463	2018-01-19	National	Kilimanjaro	Moshi	5	2025-12-31	Boma Ngombe	25.1	-3.2259301	37.3365459	https://nis.jamii.go.tz/ngo_profile/7278	True	-Leders community which is economically well-off, educated and healthy &nbsp;condition.	"[{""title"": ""Lepers Support"", ""from"": ""2025-01-01"", ""to"": ""2025-12-31""}, {""title"": ""Lepers Support"", ""from"": ""2025-01-01"", ""to"": ""2025-04-05""}, {""title"": ""Lepers Support"", ""from"": ""2023-01-01"", ""to"": ""2023-12-31""}]"
16139	INITIATIVE FOR BETTER HEALTH FOR FAMILIES (I-BHF)	weak	unlikely	poverty		00NGO/R/4237	2022-12-05	National	Kilimanjaro	Moshi	0		Boma Ngombe	25.1	-3.2259301	37.3365459	https://nis.jamii.go.tz/ngo_profile/16139	True	"Envisions a world where all people are healthy and free from poverty 

 &nbsp;"	
7381	SEMBETI DEVELOPMENT INITIATIVE (SDI)	weak	unlikely	poverty		07NGO/00002727	2008-12-11	District	Kilimanjaro	Moshi	0		Boma Ngombe	25.4	-3.2589439	37.3545407	https://nis.jamii.go.tz/ngo_profile/7381	True	Improved quality of life of Sembeti residents.	
3654	ANDERSON MEMORIAL REHABILITATION AND CARE ORGANIZATION (AMRCO)	weak	unlikely	welfare		00NGO/00009870	2018-08-21	National	Kilimanjaro	Moshi	4	2026-09-05	Boma Ngombe	26.6	-3.3445799	37.3780403	https://nis.jamii.go.tz/ngo_profile/3654	True	being the leading organization that ensure that disadvanegeous group&#39;s welfare are being proted particularly in getting better ecucation ,health services incuding rehabilitation,water ,water services and nutrition.	"[{""title"": ""Community geriatric clinik"", ""from"": ""2026-07-01"", ""to"": ""2026-09-05""}, {""title"": ""Community geriatric clinik"", ""from"": ""2026-07-01"", ""to"": ""2026-09-05""}, {""title"": ""Community geriatric clinik"", ""from"": ""2026-07-01"", ""to"": ""2026-09-05""}, {""title"": ""kazi ya marudio ya kukusanya data za dementia"", ""from"": ""2026-03-29"", ""to"": ""2026-08-29""}, {""title"": ""Rehabilitation"", ""from"": ""2025-09-01"", ""to"": ""2026-01-19""}, {""title"": ""Rehabilitation"", ""from"": ""2025-09-01"", ""to"": ""2026-01-19""}, {""title"": ""RESEARCH ACTIVITIES"", ""from"": ""2025-01-01"", ""to"": ""2026-03-04""}, {""title"": ""RESEARCH ACTIVITIES"", ""from"": ""2025-01-01"", ""to"": ""2026-03-04""}, {""title"": ""Registration of DAT"", ""from"": ""2025-04-01"", ""to"": ""2025-11-29""}, {""title"": ""huduma kwa wazee waliolala chini kwenye jamii"", ""from"": ""2026-01-01"", ""to"": ""2026-01-14""}, {""title"": ""huduma kwa wazee waliolala chini kwenye jamii"", ""from"": ""2026-01-01"", ""to"": ""2026-01-14""}]"
15983	Mission Minded Foundation	weak	unlikely	women		00NGO/R/4185	2023-01-13	National	Kilimanjaro	Moshi	0	2026-03-21	Boma Ngombe	26.6	-3.3445799	37.3780403	https://nis.jamii.go.tz/ngo_profile/15983	True	A Tanzania in which all people have pathways to health, Education &nbsp;and opportunities&nbsp;	"[{""title"": ""Sew Seeds Program"", ""from"": ""2025-03-21"", ""to"": ""2026-03-21""}]"
717	ANZA ENTREPRENEURS	weak	unlikely	Women		00NGO/R2/000579	2019-08-30	National	Kilimanjaro	Moshi	6	2026-04-02	Boma Ngombe	26.7	-3.3439479	37.37856195909961	https://nis.jamii.go.tz/ngo_profile/717	True	"A social with strong economic growth contributed by local entrerpeneurs 

 &nbsp;"	"[{""title"": ""Regenerative Economy Accelerator Tanzania (REAT)"", ""from"": ""2025-09-04"", ""to"": ""2026-04-02""}, {""title"": ""Anza Accelerator"", ""from"": ""2024-05-01"", ""to"": ""2025-04-30""}, {""title"": ""ClimateLaunchpad Tanzania"", ""from"": ""2025-03-04"", ""to"": ""2026-03-02""}, {""title"": ""FUNGUO Innovation Programme"", ""from"": ""2025-01-01"", ""to"": ""2025-12-31""}, {""title"": ""ANZA ACCELERATOR"", ""from"": ""2024-01-15"", ""to"": ""2024-12-31""}, {""title"": ""Mennonite Economic Development Associates- FEGGE"", ""from"": ""2024-01-17"", ""to"": ""2024-07-31""}, {""title"": ""INVESTMENT READINESS"", ""from"": ""2024-01-01"", ""to"": ""2024-08-31""}, {""title"": ""FUNGUO"", ""from"": ""2023-09-01"", ""to"": ""2024-12-31""}, {""title"": ""CLIMATE LAUNCHPAD"", ""from"": ""2024-03-04"", ""to"": ""2024-09-11""}, {""title"": ""INVESTMENT READINESS ACCELERATOR"", ""from"": ""2023-01-01"", ""to"": ""2023-12-31""}, {""title"": ""BUSINESS FOUNDATION ACCELERATOR"", ""from"": ""2023-01-01"", ""to"": ""2023-12-31""}, {""title"": ""INVESTMENT READINESS ACCELERATOR"", ""from"": ""2022-01-01"", ""to"": ""2022-12-31""}]"
17996	SHE FLOWS	weak	unlikely	poverty		00NGO/R/5342	2023-08-25	National	Arusha	Arusha	0		Arusha City	26.7	-3.4849687	36.4607101	https://nis.jamii.go.tz/ngo_profile/17996	True	To have community with improved lifehood free from poverty and better health with suistanable economy at household level	
10767	Kilimanjaro Responsible Trekking Organization	weak	unlikely	social protection		00NGO/R/1201	2020-07-03	National	Kilimanjaro	Moshi	6	2025-12-31	Boma Ngombe	26.8	-3.4124857	37.3671184	https://nis.jamii.go.tz/ngo_profile/10767	True	KRTO envisions Mount Kilimanjaro and Other Tanzania Mountaineering Regions as a model for ethical tourism&mdash;where porters are treated with dignity, ecosystems are preserved, and responsible trekking drives inclusive, sustainable development. &nbsp;&nbsp;&nbsp;&nbsp;&nbsp;&nbsp;&nbsp;	"[{""title"": ""Economic Empowerment Classes."", ""from"": ""2025-01-01"", ""to"": ""2025-12-31""}, {""title"": ""Economic Empowerment Classes."", ""from"": ""2025-01-01"", ""to"": ""2025-12-31""}, {""title"": ""Economic Empowerment Classes."", ""from"": ""2025-01-01"", ""to"": ""2025-12-31""}, {""title"": ""Economic Empowerment Classes."", ""from"": ""2025-01-01"", ""to"": ""2025-12-31""}, {""title"": ""Kilimanjaro Porters Assistance Project (KPAP)."", ""from"": ""2025-01-01"", ""to"": ""2025-12-31""}, {""title"": ""Kilimanjaro Porters Assistance Project (KPAP)."", ""from"": ""2025-01-01"", ""to"": ""2025-12-31""}, {""title"": ""Kilimanjaro Environmental Care - Awareness (KEC-A)."", ""from"": ""2025-01-01"", ""to"": ""2025-12-31""}, {""title"": ""Kilimanjaro Environmental Care - Awareness (KEC-A)."", ""from"": ""2025-01-01"", ""to"": ""2025-12-31""}, {""title"": ""Kilimanjaro Environmental Care - Awareness (KEC-A)."", ""from"": ""2025-01-01"", ""to"": ""2025-12-31""}, {""title"": ""Kilimanjaro Environmental Care - Awareness (KEC-A)."", ""from"": ""2025-01-01"", ""to"": ""2025-12-31""}, {""title"": ""Economic Empowerment Classes"", ""from"": ""2025-10-01"", ""to"": ""2025-12-31""}, {""title"": ""Economic Empowerment Classes"", ""from"": ""2025-10-01"", ""to"": ""2025-12-31""}]"
16483	CHANUA FOUNDATION	weak	unlikely	Women		00NGO/R/4563	2023-03-31	National	Arusha	Arumeru	2	2025-04-12	Usa River	28.9	-3.1067215	36.8991802	https://nis.jamii.go.tz/ngo_profile/16483	True	A healthy and Prosperous society.	"[{""title"": ""Enviroment Conservation"", ""from"": ""2025-04-01"", ""to"": ""2025-04-02""}, {""title"": ""Health Promotion"", ""from"": ""2025-04-06"", ""to"": ""2025-04-12""}, {""title"": ""Health and wellbeing"", ""from"": ""2025-01-20"", ""to"": ""2025-03-31""}, {""title"": ""Enviroment Conservation"", ""from"": ""2025-01-01"", ""to"": ""2025-03-10""}, {""title"": ""Nutrition for all"", ""from"": ""2024-05-20"", ""to"": ""2024-09-10""}, {""title"": ""Mitigation to climate change"", ""from"": ""2024-01-02"", ""to"": ""2024-12-31""}, {""title"": ""Agroecology For Sustainable Agiculature"", ""from"": ""2024-04-29"", ""to"": ""2024-04-30""}, {""title"": ""Agroecology For Sustainable Agiculature"", ""from"": ""2024-04-29"", ""to"": ""2024-04-30""}, {""title"": ""Nutrition For All"", ""from"": ""2023-01-12"", ""to"": ""2023-12-31""}, {""title"": ""Environment For Health"", ""from"": ""2023-01-20"", ""to"": ""2023-12-31""}]"
11193	BIOPLAN INITIATIVE	weak	unlikely	Women		00NGO/R/1410	2020-10-16	National	Kilimanjaro	Moshi	1	2024-03-31	Boma Ngombe	29.6	-3.3154731	37.4045272	https://nis.jamii.go.tz/ngo_profile/11193	True	Our vision is to be a leading Organization in the protection and conservation of environment for the sustainable development of our communities.	"[{""title"": ""KILADEDA RIVER RESERVE RESTORATION PROJECT"", ""from"": ""2023-01-01"", ""to"": ""2023-12-31""}, {""title"": ""Kiladeda River Reserve Restoration Project"", ""from"": ""2024-01-01"", ""to"": ""2024-03-31""}]"
408	TANZANIA WOMEN TRAUMATIC RELIEF (TWTR)	weak	unlikely	WOMEN		00NGO/R/0342	2019-08-05	National	Arusha	Arusha	0		Arusha City	0.0	-3.3527984	36.661260867522074	https://nis.jamii.go.tz/ngo_profile/408	True	A nation with healthy literate free to express access information socially and economically empowerd Women	
10695	NARETOI FOUNDATION (NAFO)	weak	unlikely	women		00NGO/R/1146	2020-06-03	National	Arusha	Arusha	5	2025-12-24	Arusha City	0.0	-3.3527984	36.661260867522074	https://nis.jamii.go.tz/ngo_profile/10695	True	Healthy, knowledgable, just and empowered women living better life	"[{""title"": ""KITUMBEINE WIDOWS FEEDING PROGRAM"", ""from"": ""2025-12-23"", ""to"": ""2025-12-24""}, {""title"": ""Feeding program"", ""from"": ""2024-12-19"", ""to"": ""2024-12-20""}, {""title"": ""Feeding program"", ""from"": ""2024-12-19"", ""to"": ""2024-12-20""}, {""title"": ""Tusaidiane program"", ""from"": ""2023-12-23"", ""to"": ""2023-12-25""}, {""title"": ""Tusaidiane program"", ""from"": ""2023-12-23"", ""to"": ""2023-12-25""}, {""title"": ""DECEMBER FEEDING PROGRAM"", ""from"": ""2022-10-22"", ""to"": ""2022-12-23""}, {""title"": ""DECEMBER FEEDING PROGRAM"", ""from"": ""2022-10-22"", ""to"": ""2022-12-23""}, {""title"": ""TUSAIDIANE PROJECT"", ""from"": ""2022-02-07"", ""to"": ""2023-09-14""}, {""title"": ""TUSAIDIANE PROJECT"", ""from"": ""2022-02-07"", ""to"": ""2023-09-14""}, {""title"": ""Family Christmas feeding Program"", ""from"": ""2021-12-23"", ""to"": ""2021-12-23""}, {""title"": ""Tusaidiane program"", ""from"": ""2021-01-01"", ""to"": ""2021-12-31""}, {""title"": ""Tusaidiane program"", ""from"": ""2021-01-01"", ""to"": ""2021-12-31""}]"
4467	WINGS OF MERCY AND PSYCHOLOGICAL SUPORT ORGANIZATION (WMPSO)	none	unlikely			00NGO/00008763	2016-09-28	National	Arusha	Arusha	0		Ilboru	0.4	-3.3497575499999996	36.694137528166095	https://nis.jamii.go.tz/ngo_profile/4467	True	Envision a society that is mental health with sustainable community development	
5897	THE NORBERT AND FRIENDS MISSIONS (NFM-BRIGHT)	none	unlikely			00NGO/R1/0072	2015-03-25	National	Arusha	Arusha	3		Ilboru	0.4	-3.3497575499999996	36.694137528166095	https://nis.jamii.go.tz/ngo_profile/5897	True	A community that&nbsp;&nbsp;manage their development priority	
4240	Hope Center	none	unlikely		Hope Orphanage Center	00NGO/1496	2008-07-10	National	Arusha	Arumeru	1		Usa River	0.8	-3.3662019	36.8562422	https://nis.jamii.go.tz/ngo_profile/4240	True	----------------------	
10003	MBWA WA AFRICA ANIMAL RESCUE	none	unlikely	animal or wildlife organisation		I-NGO/R2/000638	2019-08-30	International	Arusha	Arumeru	6	2025-12-31	Usa River	0.8	-3.3662019	36.8562422	https://nis.jamii.go.tz/ngo_profile/10003	True	MWAs vision is to aid in the elimination of k9 transmitted rabies and to realize a fundamental change in the mentality and understanding of animal welfare and rights within the local community and through this to enable all animals,domestic or otherwise to be treated in a fair and resonable manner.This change is being created through community education and the example set by the rescue centre and its team.	"[{""title"": ""Rabies Vaccination and Sterilisation Campaigns"", ""from"": ""2025-01-01"", ""to"": ""2025-12-31""}, {""title"": ""Rabies Vaccination and Sterilisation Campaigns"", ""from"": ""2025-01-01"", ""to"": ""2025-12-31""}, {""title"": ""Animal Rescue Centre"", ""from"": ""2025-01-01"", ""to"": ""2025-12-31""}, {""title"": ""Community Veterinary Clinic"", ""from"": ""2025-03-01"", ""to"": ""2025-12-31""}, {""title"": ""Rabies Vaccination and Sterilisation Campaign"", ""from"": ""2025-01-20"", ""to"": ""2025-02-23""}, {""title"": ""Rabies Vaccination and Spay / Neuter Campaigns"", ""from"": ""2024-01-01"", ""to"": ""2024-12-31""}, {""title"": ""Animal Rescue Centre"", ""from"": ""2024-01-01"", ""to"": ""2024-12-31""}, {""title"": ""Community Veterinary Clinic"", ""from"": ""2024-03-01"", ""to"": ""2024-12-31""}, {""title"": ""Community Veterinary Clinic"", ""from"": ""2024-05-01"", ""to"": ""2024-07-31""}, {""title"": ""Rabies Vaccination and Sterilisation Campaign"", ""from"": ""2024-01-13"", ""to"": ""2024-02-07""}, {""title"": ""Animal Rescue Centre"", ""from"": ""2024-01-01"", ""to"": ""2024-03-31""}, {""title"": ""Animal Rescue Centre"", ""from"": ""2024-01-01"", ""to"": ""2024-03-31""}]"
4535	ENGARUKA COMMUNITY INITIATIVE ORGANIZATION	none	unlikely			00NGO/00007681	2014-12-16	National	Arusha	Arusha	3		Ilboru	1.1	-3.337226	36.6893863	https://nis.jamii.go.tz/ngo_profile/4535	True	--	
11138	INSPIRED IDEAS RESEARCH FOUNDATION	none	unlikely			00NGO/R/1424	2020-10-22	National	Arusha	Arusha	0	2023-12-31	Ilboru	1.1	-3.337226	36.6893863	https://nis.jamii.go.tz/ngo_profile/11138	True	To Organization envision for a nation where human and technology work together to solve the world&#39;s biggest challenges in rural healthcare.	"[{""title"": ""AfyaTek Digital Health"", ""from"": ""2023-01-01"", ""to"": ""2023-12-31""}]"
12682	GREEN AGENDA-TANZANIA (GA-TANZANIA)	none	unlikely			00NG0/0009155	2017-04-21	National	Arusha	Level:	1		Kijenge	1.1	-3.3761152	36.7164132	https://nis.jamii.go.tz/ngo_profile/12682	True	-	
15449	Travel for Charity Tanzania (TRACHATA)	none	unlikely			00NGO/R/3512	2022-07-21	National	Arusha	Arusha	0		Ilboru	1.1	-3.337226	36.6893863	https://nis.jamii.go.tz/ngo_profile/15449	True	To have an Educated and Better society in Tanzania	
17541	EARTHLUNGS REFORESTATION FOUNDATION	none	unlikely			I-NGO/R/00853	2023-05-17	International	Tanga	Tanga	0	2026-01-19	Ilboru	1.1	-3.337226	36.6893863	https://nis.jamii.go.tz/ngo_profile/17541	True	We envision a nation where communities and nature sustainably thrive together to stop global warming in our lifetime.	"[{""title"": ""Mangroves restoration"", ""from"": ""2025-01-20"", ""to"": ""2026-01-19""}, {""title"": ""Mangroves restoration"", ""from"": ""2025-01-20"", ""to"": ""2026-01-19""}, {""title"": ""Mangroves restoration"", ""from"": ""2025-01-20"", ""to"": ""2026-01-19""}]"
19250	ZION COMMUNITY EMPOWERMENT LINK(ZCEL)	none	unlikely			00NGO/R/6901	2024-05-25	National	Arusha	Arumeru	0		Ilboru	1.1	-3.354182	36.686497	https://nis.jamii.go.tz/ngo_profile/19250	True	We aspire to be valuable foundation in helping communities so as to ensure the earth remain a better place to live.	
20123	Volunteers in Action  (VIA)	none	unlikely			00NGO/R/7963	2025-02-07	National	Arusha	Arusha	0		Kijenge	1.1	-3.3934	36.7099	https://nis.jamii.go.tz/ngo_profile/20123	True	To envisions a world where Tanzanian communities thrive through meaningful volunteering projects	
340	SMART YOUTH EFFORT FOR ADVANCED COMMUNITY	none	unlikely			00NGO/R/0327	2019-08-03	National	Arusha	Arusha	2	2024-02-25	Kijenge	1.2	-3.3932192610810326	36.70559587604895	https://nis.jamii.go.tz/ngo_profile/340	True	THE ORGANIZATION ENVISIONS A JUST, EQUITABLE AND EMPOWERED COMMUNITY	"[{""title"": ""SMART SHULE"", ""from"": ""2019-06-06"", ""to"": ""2024-02-25""}, {""title"": ""Act II health aging response"", ""from"": ""2020-08-01"", ""to"": ""2020-12-31""}]"
5157	MAARIFA NI UFUNGUO	none	unlikely			00NGO/R1/00770	2014-05-05	National	Arusha	Arusha	1		Kijenge	1.2	-3.3909726	36.7174112	https://nis.jamii.go.tz/ngo_profile/5157	True	Maarifa ni Ufunguo envisions quality Education For All (EFA), which promotes access, equity and social integration, is affordable and ethically managed, and which motivates citizens to achieve	
17420	The Equippers Mission	none	unlikely			00NGO/R/5936	2023-10-23	National	Arusha	Arusha	0		Kijenge	1.2	-3.3909726	36.7174112	https://nis.jamii.go.tz/ngo_profile/17420	True	Confident Youth that express&nbsp;their christians values and fulfilling their God-given assignments and live to their potential.	
18474	Sustainable Initiatives for Community Economic Development (SICED)	none	unlikely			00NGO/R/5309	2023-11-09	National	Arusha	Arusha	0		Kijenge	1.2	-3.3909726	36.7174112	https://nis.jamii.go.tz/ngo_profile/18474	True	&quot;Building a world of equality, innovation, and sustainability through empowered communities and inclusive economies.&quot;	
8005	AFRICAN WILDLIFE FOUNDATION	none	unlikely	animal or wildlife organisation		COMPL.1456	2005-05-10	International	Arusha	Arusha	4	2026-06-30	Kijenge	1.3	-3.381194	36.698569	https://nis.jamii.go.tz/ngo_profile/8005	True	We envision an Africa where sustainable development includes thriving wildlife and wild lands as a cultural and economic asset for Africa&rsquo;s future generations.	"[{""title"": ""Manyara Ranch"", ""from"": ""2026-04-01"", ""to"": ""2026-06-30""}, {""title"": ""Kikombero Landscape"", ""from"": ""2026-04-01"", ""to"": ""2026-06-30""}, {""title"": ""Manyara Ranch Conservancy"", ""from"": ""2025-04-01"", ""to"": ""2025-06-30""}, {""title"": ""Kilombero landscape"", ""from"": ""2025-04-01"", ""to"": ""2025-06-30""}, {""title"": ""AWF Tanzania"", ""from"": ""2025-01-01"", ""to"": ""2025-03-31""}, {""title"": ""AWF Tanzania"", ""from"": ""2024-01-01"", ""to"": ""2024-12-31""}, {""title"": ""Manyara Ranch"", ""from"": ""2024-10-01"", ""to"": ""2024-12-31""}, {""title"": ""Canine For Conservation Program"", ""from"": ""2024-10-01"", ""to"": ""2024-12-31""}, {""title"": ""Mkomazi Landscape"", ""from"": ""2024-10-01"", ""to"": ""2024-12-31""}, {""title"": ""Kilombero Landscape"", ""from"": ""2024-10-01"", ""to"": ""2024-12-31""}, {""title"": ""Mkomazi Landscape"", ""from"": ""2024-04-01"", ""to"": ""2024-06-30""}, {""title"": ""Tarangire Manyara Landscape"", ""from"": ""2024-09-12"", ""to"": ""2024-06-30""}]"
14421	Amsha Maisha Foundation	none	unlikely			00NGO/R/7525	2024-09-30	National	Kilimanjaro	Hai	0		Boma Ngombe	1.3	-3.345216	37.133835	https://nis.jamii.go.tz/ngo_profile/14421	True	ZERO STIGMA with mentally ill people treated with dignity, along with improved mental health services and maximum accessibility at the primary health care level.&nbsp;	
24120	Golden Tomorrow (GT)	none	unlikely			00NGO/R/9601	2026-03-24	National	Arusha	Arusha	0		Arusha City	1.3	-3.352938	36.650028	https://nis.jamii.go.tz/ngo_profile/24120	True	A world where every community has the knowledge, health, and resources to thrive united in action and driven by potential for a golden tomorrow.	
25021	INSPIRING HEALTH LIFE FOUNDATION (IHLF)	none	unlikely			00NGO/R/10156	2026-08-07	National	Kilimanjaro	Hai	0		Boma Ngombe	1.3	-3.3333	37.1500	https://nis.jamii.go.tz/ngo_profile/25021	True	A health and resiliance youth community.	
5061	MULTI - ENVIRONMENTAL SOCIETY (MESO)	none	unlikely			1859	2005-12-13	National	Arusha	Arusha	2		Arusha City	1.4	-3.3527991	36.6486538	https://nis.jamii.go.tz/ngo_profile/5061	True	-	
11728	GUNDUA UWEZO SAIDIA AMSHA (GUSA)	none	unlikely			00NGO/R/6249	2024-05-01	National	Arusha	Arusha	0		Ilboru	1.4	-3.3594003	36.6912783	https://nis.jamii.go.tz/ngo_profile/11728	True	To become an institution that helps communities discover and appreciate their latent qualities and capacities for the holistic betterment of individuals and society.	
5551	Madecha Education Association (MEA)	none	unlikely			01NGO/00008083	2015-07-22	Regional	Arusha	Arusha	0		Ilboru	1.5	-3.35438755	36.681305116482804	https://nis.jamii.go.tz/ngo_profile/5551	True	The society &nbsp;with the spirit or advancing themselves academically. &nbsp;professionally. &nbsp;and socio-economically	
7921	SAIDIA WENYE MAHITAJI 1998 FOUNDATION	none	unlikely			00NGO/00008015	2015-06-11	National	Arusha	Arusha	0		Ilboru	1.5	-3.35438755	36.681305116482804	https://nis.jamii.go.tz/ngo_profile/7921	True	Kuwa shirika linaloongoza huduma bora kwa jamii	
17862	THE TECHSAFARI	none	unlikely			00NGO/R/5883	2023-08-23	National	Arusha	Arusha	0		Ilboru	1.5	-3.35438755	36.681305116482804	https://nis.jamii.go.tz/ngo_profile/17862	True	Tanzania where youth have the opportunity to learn computer skills and use them to solve problems and create a better future for themselves and their communities.	
18687	EMBALAKAI FOUNDATION	none	unlikely			00NGO/R/6016	2024-04-23	National	Arusha	Level:	0		Arusha City	1.7	-3.3452248	36.6479572	https://nis.jamii.go.tz/ngo_profile/18687	True	We aim to create a society where all girls have the resources and support they need to thrive academically, economically, and socially.	
24964	Follow Your Dream	none	unlikely			00NGO/R/10232	2026-09-02	National	Arusha	Arusha	0		Arusha City	1.7	-3.339081	36.653586	https://nis.jamii.go.tz/ngo_profile/24964	True	To empower youth through football, education, and life skills development, creating disciplined and successful future leaders on and off the field.	
17281	MAMA IN ACTION FOUNDATION - MIAF	none	unlikely			00NGO/R/4850	2023-06-01	National	Arusha	Arusha	0		Arusha City	1.8	-3.3681767	36.6651169	https://nis.jamii.go.tz/ngo_profile/17281	True	To build a modern society which value sustainable education, heath, water and hygiene environment for sutainable living.&nbsp;	
17707	TEENAGERS TALK ORGANIZATION	none	unlikely			00NGO/R/5018	2023-08-01	National	Arusha	Arusha	0		Arusha City	1.8	-3.3681767	36.6651169	https://nis.jamii.go.tz/ngo_profile/17707	True	Envision a society of responsible and self-aware teenagers that understand their challenges and their responsibilities.	
18880	Nature Guides Tanzania Foundation	none	unlikely			00NGO/R/5143	2024-01-29	National	Arusha	Arusha	0		Arusha City	1.8	-3.365080	36.671958	https://nis.jamii.go.tz/ngo_profile/18880	True	We envision a future where the natural treasures of Tanzania thrive in harmony with its communities	
452	LEAD MISSIONS INTERNATIONAL Inc	none	unlikely			I-NGO/R2/000236	2019-08-02	International	Arusha	Arusha	5	2025-12-31	Kijenge	1.9	-3.3678507	36.7161318	https://nis.jamii.go.tz/ngo_profile/452	True	Disciplined and train youth and young adult leaders who in time will mentor and train future generations of leaders in Tanzania	"[{""title"": ""Leadership and Development Programmes J824N"", ""from"": ""2025-01-01"", ""to"": ""2025-12-31""}, {""title"": ""Leadership and Development Programmes J824N"", ""from"": ""2025-01-01"", ""to"": ""2025-12-31""}, {""title"": ""Leadership and Development Programmes J824N"", ""from"": ""2025-01-01"", ""to"": ""2025-12-31""}, {""title"": ""Leadership and Development Programmes J824N"", ""from"": ""2025-01-01"", ""to"": ""2025-12-31""}, {""title"": ""Leadership and Development Programmes J824N"", ""from"": ""2025-01-01"", ""to"": ""2025-12-31""}, {""title"": ""Leadership and Development Programmes J824N"", ""from"": ""2025-01-01"", ""to"": ""2025-12-31""}, {""title"": ""Leadership and Development Programmes J824N"", ""from"": ""2025-01-01"", ""to"": ""2025-12-31""}, {""title"": ""Leadership and Development Programmes J824N"", ""from"": ""2025-01-01"", ""to"": ""2025-12-31""}, {""title"": ""Leadership and Development Programmes J824N"", ""from"": ""2025-01-01"", ""to"": ""2025-12-31""}, {""title"": ""Leadership and Development Programmes J824N"", ""from"": ""2025-01-01"", ""to"": ""2025-12-31""}, {""title"": ""Leadership and Development Programmes J824N"", ""from"": ""2025-01-01"", ""to"": ""2025-12-31""}, {""title"": ""Leadership and Development Programmes J824N"", ""from"": ""2025-01-01"", ""to"": ""2025-12-31""}]"
4039	TANZANIA SOBRIETY AND CHANGE FOUNDATION (TSCF)	none	unlikely			00NGO/0009544	2018-02-27	National	Arusha	Arusha	0		Kijenge	1.9	-3.3678507	36.7161318	https://nis.jamii.go.tz/ngo_profile/4039	True	"We envision our center as leading in porovision of high quality, innovative, and harm reductive supportive strartegies for individuals living with devstating effect of drug addiction. 

 &nbsp;"	
13797	TANZANIA ASILI YETU  ORGANIZATION (TAYO)	none	unlikely			00NGO/R/2591	2021-11-19	National	Arusha	Arusha	0		Kijenge	1.9	-3.3678507	36.7161318	https://nis.jamii.go.tz/ngo_profile/13797	True	A Community that Culturally identifies itself, respects Cultural Diversity; just, healthy with economic stability.	
18885	Livelihoods and Environment Agenda	none	unlikely			00NGO/R/5155	2024-01-30	National	Arusha	Arusha	0		Ilboru	1.9	-3.343142	36.675635	https://nis.jamii.go.tz/ngo_profile/18885	True	We envision a harmonious world where communities thrive in balance with their environment, upholding inclusive land governance, preserving traditional wisdom, and managing landscapes holistically.	
19506	Nzuri Foundation Tanzania	none	unlikely			I-NGO/R/7115	2024-07-29	International	Arusha	Level:	0		Usa River	2.0	-3.375528	36.849011	https://nis.jamii.go.tz/ngo_profile/19506	True	The Nzuri Foundation envisions empowered Tanzanian communities thriving in social well-being, education, and a sustainable environment.	
20484	Maisha na Mabadiliko ya Tabia Nchi (MAITANA)	none	unlikely			00NGO/R/7552	2024-10-15	National	Arusha	Arumeru	2	2025-12-31	Usa River	2.0	-3.375573	36.849022	https://nis.jamii.go.tz/ngo_profile/20484	True	Jamii inayohimili mabadiriko ya tabia nchi	"[{""title"": ""No any project performed"", ""from"": ""2025-12-31"", ""to"": ""2025-12-31""}, {""title"": ""No any project performed"", ""from"": ""2024-10-15"", ""to"": ""2024-12-31""}]"
21013	Research for Sustainable Impact (ReSI)	none	unlikely			00NGO/R/7862	2024-12-17	National	Arusha	Arumeru	0		Usa River	2.0	-3.369312	36.845542	https://nis.jamii.go.tz/ngo_profile/21013	True	To spearhead transformative advancements through pioneering research and collaborative innovation, aiming to address climate and environmental challenges, promote sustainability, and foster equitable growth.	
481	TANZANIA TB COMMUNITY NETWORK (TTCN)	none	unlikely			00NGO/R/0614	2019-09-16	National	Arusha	Arusha	2		Kijenge	2.1	-3.3857469	36.6909783	https://nis.jamii.go.tz/ngo_profile/481	True	Tanzania Free of Tuberculosis	
21054	CLEAN ENERGY AND HUMAN RIGHTS	none	unlikely			00NGO/R/7718	2024-11-20	National	Arusha	Arusha	0		Ilboru	2.1	-3.3648984	36.6896704	https://nis.jamii.go.tz/ngo_profile/21054	True	Envision a society well educated iand use of clean and safe energy.	
336	Agro -Tanzania organization	none	unlikely			00NGO/R/0193	2019-07-23	National	Arusha	Arusha	0		Kijenge	2.2	-3.402982	36.704031	https://nis.jamii.go.tz/ngo_profile/336	True	to be an organization that see a vibrant agricultural sector sustaining resilent livelihood	
436	ARUSHA NODE MARIE	none	unlikely			00NGO/R2/000324	2019-08-06	National	Arusha	Arusha	3	2026-06-30	Kijenge	2.2	-3.371288	36.694510	https://nis.jamii.go.tz/ngo_profile/436	True	Tanzanian schools have embraced the power of ICT to enhance their learning and teaching.	"[{""title"": ""EDIC (Elimu Digital Innovation Club)"", ""from"": ""2026-04-01"", ""to"": ""2026-06-10""}, {""title"": ""EDIC (Elimu Digital Innovation Club)"", ""from"": ""2026-04-01"", ""to"": ""2026-06-10""}, {""title"": ""EDIC (Elimu Digital Innovation Club)"", ""from"": ""2026-04-01"", ""to"": ""2026-06-10""}, {""title"": ""ELIMU TECH"", ""from"": ""2026-04-01"", ""to"": ""2026-06-30""}, {""title"": ""ELIMU TECH"", ""from"": ""2026-04-01"", ""to"": ""2026-06-30""}, {""title"": ""ELIMU TECH"", ""from"": ""2026-04-01"", ""to"": ""2026-06-30""}, {""title"": ""EDICTECH"", ""from"": ""2026-01-01"", ""to"": ""2026-03-09""}, {""title"": ""EDICTECH"", ""from"": ""2026-01-01"", ""to"": ""2026-03-09""}, {""title"": ""EDICTECH"", ""from"": ""2026-01-01"", ""to"": ""2026-03-09""}, {""title"": ""ELIMUTECH"", ""from"": ""2024-06-10"", ""to"": ""2026-03-09""}, {""title"": ""ELIMUTECH"", ""from"": ""2024-06-10"", ""to"": ""2026-03-09""}, {""title"": ""Elimu Tech"", ""from"": ""2026-05-09"", ""to"": ""2025-12-31""}]"
15342	Tanzania Smiles	none	unlikely			00NGO/R/3919	2022-10-24	National	Arusha	Arusha	1		Ilboru	2.2	-3.3657729	36.6881183	https://nis.jamii.go.tz/ngo_profile/15342	True	The community that protect, volunteer and with better living standards,&nbsp;	
16938	Open Knowledge Tanzania	none	unlikely			00NGO/R/4498	2023-03-27	National	Arusha	Arusha	1	2024-02-26	Kijenge	2.2	-3.3678647	36.6985453	https://nis.jamii.go.tz/ngo_profile/16938	True	A world where open knowledge is accessible, inclusive, and used to benefit all	"[{""title"": ""UI/UX Training"", ""from"": ""2024-11-26"", ""to"": ""2024-02-26""}]"
17591	SUPPORT THEM FOUNDATION	none	unlikely			00NGO/R/4972	2023-07-18	National	Arusha	Arusha	0		Kijenge	2.2	-3.3678647	36.6985453	https://nis.jamii.go.tz/ngo_profile/17591	True	Having a vibrant society with fair distribution and access of important services and social needs for a quality livelihood and conservation of environment.	
17679	Swahili Facts	none	unlikely			00NGO/R/5787	2023-10-18	National	Arusha	Arusha	0		Kijenge	2.2	-3.3678647	36.6985453	https://nis.jamii.go.tz/ngo_profile/17679	True	Our vision is to empower Swahili speakers with accurate and verified information enabling them to make informed decisions and participate fully in civic life.	
17955	HER JOURNEY TO SCHOOL	none	unlikely			00NGO/R/1003	2020-03-25	National	Arusha	Arusha	0	2026-08-31	Ilboru	2.2	-3.3657729	36.6881183	https://nis.jamii.go.tz/ngo_profile/17955	True	Is&nbsp;to ensure that the coming generation of society understands each girl has a future and it has to be&nbsp;&nbsp;priotized by ending all violence.	"[{""title"": ""NDOTO YA BINTI"", ""from"": ""2026-07-01"", ""to"": ""2026-08-31""}, {""title"": ""NDOTO YA BINTI"", ""from"": ""2026-01-01"", ""to"": ""2026-08-31""}, {""title"": ""NDOTO YA BINTI"", ""from"": ""2026-01-01"", ""to"": ""2026-03-31""}, {""title"": ""NDOTO YA BINTI"", ""from"": ""2026-01-01"", ""to"": ""2026-03-31""}, {""title"": ""Beyond the Pad"", ""from"": ""2026-07-01"", ""to"": ""2026-08-31""}, {""title"": ""NDOTO YA BINTI"", ""from"": ""2026-04-01"", ""to"": ""2026-06-30""}, {""title"": ""NDOTO YA BINTI"", ""from"": ""2023-04-01"", ""to"": ""2023-06-30""}, {""title"": ""NDOTO YA BINTI"", ""from"": ""2023-04-01"", ""to"": ""2023-06-30""}]"
18743	CLIMATE RESILIENCE FOUNDATION	none	unlikely			00NGO/R/5617	2023-11-20	National	Arusha	Arusha	0		Ilboru	2.2	-3.3658	36.6876	https://nis.jamii.go.tz/ngo_profile/18743	True	Building a More sustainable,equitable and prepared the world in the face of Climate change for preserving a habitable planet for future generations&nbsp;	
18866	African Youth Pastoralist Initiative - (AYPI)	none	unlikely			00NGO/R/7363	2024-09-02	National	Arusha	Arusha	1	2026-01-31	Kijenge	2.2	-3.402245	36.703988	https://nis.jamii.go.tz/ngo_profile/18866	True	We envisions a future where the pastoral communities in Africa are empowered and equipped to adapt and mitigate the effects of climate change.&nbsp;	"[{""title"": ""Youth and Pastoralist"", ""from"": ""2025-11-01"", ""to"": ""2026-01-31""}]"
19037	Tanzania Beekeeping and Environmental Services (TANBEES)	none	unlikely			00NGO/R/6184	2024-05-01	National	Arusha	Arusha	1	2025-04-14	Kijenge	2.2	-3.371710	36.694770	https://nis.jamii.go.tz/ngo_profile/19037	True	We envision a community where beekeeping, health, education and cultural heritage empower individuals, promote sustainability and contribute to growth and create a resilient society.	"[{""title"": ""Lushoto Apiculture Museum"", ""from"": ""2024-03-01"", ""to"": ""2025-04-14""}]"
19082	Asante Skuli Africa (ASA)	none	unlikely			00NGO/R/5236	2024-02-23	National	Arusha	Arusha	0	2024-09-20	Kijenge	2.2	-3.371710	36.694771	https://nis.jamii.go.tz/ngo_profile/19082	True	Adding value to education system for self dependency and creativity.	"[{""title"": ""Enhancing Math and English Performance through Books"", ""from"": ""2024-07-22"", ""to"": ""2024-09-20""}]"
4606	ARUSHA NGO NETWORK (ANGONET)	none	unlikely		Arusha NGO Network (ANGONET)	1740	2006-09-20	Regional	Arusha	Arusha	5		Ilboru	2.3	-3.3657019	36.6834783	https://nis.jamii.go.tz/ngo_profile/4606	True	ANGONET envisages seeing CSOs/NGOs with skills and ability to respond to community need and entitlements.	
5028	TANZANIA MILLENIUM HELPING HANDS FOUNDATION (TAMIHA)	none	unlikely			00NGO/R1/00837	2018-09-25	National	Arusha	Arumeru	0		Kijenge	2.3	-3.3719602	36.6924049	https://nis.jamii.go.tz/ngo_profile/5028	True	"To &nbsp;have community&nbsp; wiith social and economic prosperity and &nbsp;improved &nbsp;health standards for all Tanzanians is in the most viable &nbsp;and quickest &nbsp;ways possible. 

 &nbsp;"	
10788	SAMARITAN INITIATIVE ORGANISATION (SIO)	none	unlikely			00NGO/R/1247	2020-06-15	National	Arusha	Arusha	1		Ilboru	2.3	-3.335019	36.6749387	https://nis.jamii.go.tz/ngo_profile/10788	True	We envision a future where Tanzanian communities are well informed and educated, economically empowered and progressively achieves sustainable development goals as well as attains Tanzania development vision.	
16799	GRACIOUS GIVERS FOUNDATION TANZANIA(GGIFT)	none	unlikely			00NGO/R/4447	2023-03-01	National	Arusha	Arusha	0		Ilboru	2.3	-3.3660608	36.685528	https://nis.jamii.go.tz/ngo_profile/16799	True	Having a vibrant society with fair distribution and access of important services and social needs for a quality livelihood and human development.	
19859	Agro Support Organization	none	unlikely			00NGO/R/7569	2024-10-09	National	Arusha	Arusha	0	2025-03-04	Kijenge	2.3	-3.372147258160494	36.69329918170207	https://nis.jamii.go.tz/ngo_profile/19859	True	To see a sustainable agriculture sector that boosts farmers&#39; economic well-being and adapts to climate change.	"[{""title"": ""Creative Capacity Building"", ""from"": ""2025-01-21"", ""to"": ""2025-03-04""}]"
19722	The Ironclad Insect Conservation Society	none	unlikely			00NGO/R/7114	2024-07-29	National	Arusha	Arusha	0		Kijenge	2.4	-3.4045558	36.7050953	https://nis.jamii.go.tz/ngo_profile/19722	True	To become a large contributor to the conservation of insects in Tanzania and their amazing ecosystems services for&nbsp;&nbsp;ecological health and community well-being.&nbsp;	
21376	Tanzania Digital Community	none	unlikely			00NGO/R/8087	2025-02-24	National	Arusha	Arusha	1	2025-11-30	Kijenge	2.4	-3.370681	36.692373	https://nis.jamii.go.tz/ngo_profile/21376	True	A digitally inclusive Tanzania where all individuals have equal access to technological resources and opportunities for innovation, fostering sustainable development and community empowerment through technology.	"[{""title"": ""Initiation of Pilot Project Collaboration with Kilimani School"", ""from"": ""2025-11-01"", ""to"": ""2025-11-30""}]"
24066	FRIENDS OF CHABAD	none	unlikely			I-NGO/R/9573	2026-03-10	International	Arusha	Arusha	0		Kijenge	2.4	-3.3796804897500925	36.688966720452605	https://nis.jamii.go.tz/ngo_profile/24066	True	To Create and supportive community where all individuals, regardless their background, have acess to neccessities for dignified life and opportunity to thrive.	
24186	Global Transformation Initiative	none	unlikely			00NGO/R/9935	2026-06-11	National	Arusha	Arusha	0		Ilboru	2.4	-3.3666667	36.68333333	https://nis.jamii.go.tz/ngo_profile/24186	True	A Nation where every youth is free from drug abuse, empowered with opportunities, and actively contributing to sustainable community development.	
11246	Elatia Sidai organization	none	unlikely			00NGO/R/1517	2020-11-20	National	Arusha	Arusha	0		Kijenge	2.5	-3.390998648607827	36.730975493549664	https://nis.jamii.go.tz/ngo_profile/11246	True	Our vision is a community with quality education, public health services and better livelihoods for sustainable developmemnt	
17652	Sustain Initiative	none	unlikely			00NGO/R/8466	2025-05-23	National	Arusha	Arusha	1	2025-12-31	Ilboru	2.5	-3.3667	36.6833	https://nis.jamii.go.tz/ngo_profile/17652	True	Sustain Initiative visioning a sustainable future where smallholder farmers lead sustainable practices, contribute to resilient ecosystem and equitable communities.	"[{""title"": ""Agriculture Support Project"", ""from"": ""2025-04-20"", ""to"": ""2025-12-31""}]"
21071	NUTRIFORESTRY ORGANIZATION(NUFO)	none	unlikely			00NGO/R/9046	2025-06-05	National	Arusha	Arumeru	0	2025-12-31	Ilboru	2.5	-3.3675	36.6853	https://nis.jamii.go.tz/ngo_profile/21071	True	To create a future where every community thrives with sustainable food systems, nutrition security, and a healthy environment.	"[{""title"": ""Networking and Collaboration with other NGOs"", ""from"": ""2025-08-06"", ""to"": ""2025-12-31""}]"
22134	Apprentice Africa	none	unlikely			00NGO/R/9162	2025-06-29	National	Arusha	Arusha	0		Kijenge	2.5	-3.40575	36.70504	https://nis.jamii.go.tz/ngo_profile/22134	True	A future where every young Tanzanian and African has the mentorship, skills, and opportunities to succeed in life, work, and business.	
24890	NUSRA ORGANIZATION	none	unlikely			00NGO/R/10177	2026-08-27	National	Arusha	Arusha	0		Ilboru	2.5	-3.3667	36.6833	https://nis.jamii.go.tz/ngo_profile/24890	True	&quot;A society where all individuals and communities achieve sustainable economic independence, access to safe water, and universal quality education as interconnected foundations of human development.&quot;	
23424	EAST AFRICAN COMMUNITY MENTAL HEALTH NETWORK (EACMHN)	none	unlikely			00NGO/R/9933	2026-06-11	National	Arusha	Arusha	0		Kijenge	2.6	-3.3697812	36.6917297	https://nis.jamii.go.tz/ngo_profile/23424	True	A mental health environment that ensures access to high-quality, stigma-free, and non-discriminatory mental health services for all.	
705	Futuresense Foundation	none	unlikely			I-NGO/R2/000454	2019-08-22	International	Arusha	Arusha	2	2025-03-30	Kijenge	2.7	-3.3737474	36.6878854	https://nis.jamii.go.tz/ngo_profile/705	True	Seeng all schools are delivering accessible and quality education	"[{""title"": ""Participant Motivation and Engagement"", ""from"": ""2025-01-01"", ""to"": ""2025-03-30""}]"
4712	NATURE TANZANIA	none	unlikely			00NGO/R1/0080	2016-09-05	National	Arusha	Arusha	4	2025-11-30	Kijenge	2.7	-3.3916457	36.68673	https://nis.jamii.go.tz/ngo_profile/4712	True	A society in a good &nbsp;environment, Healthy Condition and &nbsp;economically &nbsp;well-off.	"[{""title"": ""NABU-Administration"", ""from"": ""2022-05-01"", ""to"": ""2024-12-31""}, {""title"": ""BL Lead Poisoning"", ""from"": ""2023-11-01"", ""to"": ""2024-05-31""}, {""title"": ""ABC"", ""from"": ""2020-08-01"", ""to"": ""2021-07-31""}, {""title"": ""NABU-Admin"", ""from"": ""2021-04-30"", ""to"": ""2025-11-30""}]"
5435	COMMUNITY ENVIRONMENTAL  CONSERVATION ASSOCIATION (COMECA)	none	unlikely			00NGO/R1/00934	2006-09-21	National	Arusha	Arusha	4		Kijenge	2.7	-3.3916457	36.68673	https://nis.jamii.go.tz/ngo_profile/5435	True	COMECA envisages a developed community living in sustainable environment.	
11300	MEDIA AID FOR INDIGENOUS &PASTORALIST (MAIPAC	none	unlikely			00NGO/R/1485	2020-11-11	National	Arusha	Arusha	2	2022-12-31	Kijenge	2.7	-3.3737474	36.6878854	https://nis.jamii.go.tz/ngo_profile/11300	True	A Community of indigenous and pastoralist with sustainable recognized and respected rights.	"[{""title"": ""Environmental conservation by using tradition knowledge"", ""from"": ""2022-01-14"", ""to"": ""2022-12-31""}, {""title"": ""NO PROJECT WAS DONE"", ""from"": ""2021-09-01"", ""to"": ""2021-12-02""}]"
13406	TANZANIA HERITAGE FOUNDATION (THF)	none	unlikely			00NGO/R/2283	2021-09-07	National	Arusha	Arusha	0		Kijenge	2.7	-3.3737474	36.6878854	https://nis.jamii.go.tz/ngo_profile/13406	True	"&nbsp; 

 &nbsp;Envisions a community in which both natural and cultural heritage is preserved and conserved for social and economic development."	
14757	GLOBAL RE-THINKERS INITIATIVE	none	unlikely			00NGO/R/4021	2022-11-15	National	Arusha	Arusha	2	2025-02-06	Kijenge	2.7	-3.407545630376497	36.70744313608196	https://nis.jamii.go.tz/ngo_profile/14757	True	A Comunity with youth equal access to resources a safe learning environment and supportive network.	"[{""title"": ""innovation space for enterprenuership"", ""from"": ""2024-03-01"", ""to"": ""2025-02-06""}, {""title"": ""secure study habitat"", ""from"": ""2023-01-10"", ""to"": ""2024-01-31""}]"
21291	Feelings Matter Organization (FMO)	none	unlikely			00NGO/R/8487	2025-05-30	National	Arusha	Arusha	0		Arusha City	2.7	-3.3764365025785894	36.65629261495116	https://nis.jamii.go.tz/ngo_profile/21291	True	A society where everyone has access to mental well being, healthcare, and support for a healthier, empowered life.	
4810	THE HONEY GUIDE FOUNDATION	none	unlikely			00NGO/1309	2007-04-12	National	Arusha	Arusha	6	2026-06-30	Kijenge	2.8	-3.4066593	36.698778	https://nis.jamii.go.tz/ngo_profile/4810	True	...	"[{""title"": ""Strengthening Ruvuma Five and Liwale WMA"", ""from"": ""2026-04-01"", ""to"": ""2026-06-30""}, {""title"": ""Strengthening Ruvuma Five and Liwale WMA"", ""from"": ""2026-04-01"", ""to"": ""2026-06-30""}, {""title"": ""Strengthening Ruvuma Five and Liwale WMA"", ""from"": ""2026-04-01"", ""to"": ""2026-06-30""}, {""title"": ""Strengthening Ruvuma Five and Liwale WMA"", ""from"": ""2026-04-01"", ""to"": ""2026-06-30""}, {""title"": ""Strengthening Waga and Mbomipa WMA"", ""from"": ""2026-04-01"", ""to"": ""2026-06-30""}, {""title"": ""Strengthening Waga and Mbomipa WMA"", ""from"": ""2026-04-01"", ""to"": ""2026-06-30""}, {""title"": ""Strengthening Northern WMA ( Makame, Makao, Randilen and Uyumbu)"", ""from"": ""2026-04-01"", ""to"": ""2026-06-30""}, {""title"": ""Strengthening Northern WMA ( Makame, Makao, Randilen and Uyumbu)"", ""from"": ""2026-04-01"", ""to"": ""2026-06-30""}, {""title"": ""Strengthening Northern WMA ( Makame, Makao, Randilen and Uyumbu)"", ""from"": ""2026-04-01"", ""to"": ""2026-06-30""}, {""title"": ""Strengthening Northern WMA ( Makame, Makao, Randilen and Uyumbu)"", ""from"": ""2026-04-01"", ""to"": ""2026-06-30""}, {""title"": ""Strengthen Ruvuma Five and Liwale WMA"", ""from"": ""2026-01-01"", ""to"": ""2026-03-31""}, {""title"": ""Strengthen Ruvuma Five and Liwale WMA"", ""from"": ""2026-01-01"", ""to"": ""2026-03-31""}]"
11870	THE AFRICAN WILDLIFE CONSERVATION INITIATIVES	none	unlikely	animal or wildlife organisation		00NGO/R/2313	2021-10-04	National	Arusha	Arusha	0		Kijenge	2.8	-3.4066593	36.698778	https://nis.jamii.go.tz/ngo_profile/11870	True	A community that is aware on conservation within a country where wildlife thrives in&nbsp; healthy lands and waters.	
12574	DEVELOPMENT ORGANIZATION FOR YOUTH EMPOWERMENT NEEDS (DOYEN)	none	unlikely			00NGO/R/7644	2024-10-18	National	Arusha	Arumeru	0		Ilboru	2.8	-3.3710969	36.6878199	https://nis.jamii.go.tz/ngo_profile/12574	True	Development Organizations and Youth&nbsp; who are empowered, creative and sustainable in support of communities&rsquo; socio-economic development.	
4156	EAST AFRICAN CIVIL SOCIETY ORGANIZATIONS' FORUM	none	unlikely			I-NGO/R1/00767	2013-03-27	International	Arusha	Arusha	0		Arusha City	2.9	-3.3267011	36.6642004	https://nis.jamii.go.tz/ngo_profile/4156	True	An integrated community in which citizens fully participate in all processes that affect their lives.	
17670	FIRST NATIONS LAND GOVERNANCE (FINAL GOVERNANCE)	none	unlikely			00NGO/R/5027	2023-08-01	National	Arusha	Arusha	0	2025-03-31	Arusha City	2.9	-3.3267011	36.6642004	https://nis.jamii.go.tz/ngo_profile/17670	True	Envision &lsquo;a society&rsquo; where all individuals have equal access to rights, peaceful environment and natural resources, where all human rights is observed	"[{""title"": ""Documentation of 4 Community Cultural Resources and Traditional Land Use Practices"", ""from"": ""2025-01-01"", ""to"": ""2025-03-31""}]"
19632	WILLIAM MILLER FOUNDATION	none	unlikely			00NGO/R/7313	2024-08-27	National	Arusha	Arumeru	0		Usa River	2.9	-3.383806	36.846292	https://nis.jamii.go.tz/ngo_profile/19632	True	"To support social sustainability in the future generation while creating great moments and 
encouraging volunteerism and sharing knowledge and ideas"	
12797	Rahma Charitable Foundation	none	unlikely			00NGO/R/7317	2024-08-27	National	Tanga	Tanga	0		Kijenge	3.0	-3.4079443	36.6982539	https://nis.jamii.go.tz/ngo_profile/12797	True	A well representatives&nbsp;on provision of good health services in the community.	
13161	MEMA FOUNDATION TANZANIA (MEFOTA)	none	unlikely			00NGO/R/2076	2021-08-10	National	Arusha	Arumeru	0		Usa River	3.0	-3.3730932	36.8377051	https://nis.jamii.go.tz/ngo_profile/13161	True	To see a community that values and promotes the rights of the disabled, ex-prisoners and those affected with drugs and drugs uses	
18669	Nutrition and Health Foundation	none	unlikely			00NGO/R/5100	2023-11-10	National	Arusha	Arusha	1	2024-12-31	Kijenge	3.0	-3.386925	36.682995	https://nis.jamii.go.tz/ngo_profile/18669	True	We are dedicated to provided evidence-based nutrition and health care to everyone	"[{""title"": ""NCDs awareness"", ""from"": ""2024-01-01"", ""to"": ""2024-12-31""}]"
20407	JAMII Helper	none	unlikely			00NGO/R/9357	2025-09-02	National	Arusha	Arumeru	0		Kijenge	3.0	-3.386925	36.682995	https://nis.jamii.go.tz/ngo_profile/20407	True	To inspire and transform communities by fostering education, gender equality, and Tanzanian ethics, building a society of informed, empowered, and morally upright individuals.	
20655	KADESH HOPE MISSION OF AFRICA	none	unlikely			I-NGO/R/9740	2026-04-29	International	Arusha	Arusha	0		Kijenge	3.0	-3.386925	36.682995	https://nis.jamii.go.tz/ngo_profile/20655	True	"Envision a community being healthy, knowledgeable, environmental friendly and economic independent. 

 &nbsp;"	
243	PAMS FOUNDATION	none	unlikely			I-NGO/R2/000410	2019-08-20	International	Arusha	Arusha	2	2024-03-31	Kijenge	3.1	-3.386965	36.6826776	https://nis.jamii.go.tz/ngo_profile/243	True	To have a community which is well educated and empowered on conservation matters	"[{""title"": ""Annual Activities report 4/23-3/24"", ""from"": ""2023-04-01"", ""to"": ""2024-03-31""}]"
13132	FRANK O'SHEA COMMUNITY ENLIGHTMENT INITIATIVE[FOCEI]	none	unlikely			00NGO/R/2138	2021-08-13	National	Arusha	Arusha	1		Ilboru	3.1	-3.3717987	36.6813162	https://nis.jamii.go.tz/ngo_profile/13132	True	To see skilled and economic developing community free from unemployment, violence, inequality, illiteracy through imparting entrepreneurship skills.	
13313	ALL FOR HIS GLORY GIRLS CENTER ARUSHA TANZANIA	none	unlikely			00NGO/R1/00556	2021-10-08	National	Arusha	Arusha	0		Ilboru	3.1	-3.3717987	36.6813162	https://nis.jamii.go.tz/ngo_profile/13313	True	Impregnated and abandoned young girls in Tanzania who attain their dreams	
18466	PAWACAP ORGANIZATION	none	unlikely			00NGO/R/5755	2023-10-16	National	Arusha	Arusha	0	2025-09-14	Kijenge	3.1	-3.3867675	36.6823278	https://nis.jamii.go.tz/ngo_profile/18466	True	&bull;&nbsp;&nbsp; &nbsp;Our compass is sustainable Action which underlines the need for urgent action to combat climate change	"[{""title"": ""MOBILE WATER RELIEF"", ""from"": ""2025-09-01"", ""to"": ""2025-09-14""}]"
4472	EDUCATION FOR AFRICAN ANIMAL WELFARE	none	unlikely	animal or wildlife organisation		00NGO/00009867	2018-08-21	National	Arusha	Arusha	0		Kijenge	3.2	-3.3926147	36.68238779396428	https://nis.jamii.go.tz/ngo_profile/4472	True	To envision a society where animal&rsquo;s welfare is determined and adheres  &lsquo;or sos+a&gt;ao e national development.	
11672	Malengo Development Foundation	none	unlikely			00NGO/R/1660	2021-02-08	National	Arusha	Arumeru	0		Usa River	3.2	-3.3368064	36.8564782	https://nis.jamii.go.tz/ngo_profile/11672	True	Malengo Development Foundation (MDF) Vision is to be the leading organization in making&nbsp;the&nbsp;tangible and long-lasting impact on the lives of poor&nbsp;Tanzanian youths.	
510	Arid Lands Resources Initiative Development Organization (ALARI)	none	unlikely			00NGO/R/0395	2019-08-06	National	Arusha	Arusha	0		Kijenge	3.3	-3.39254995	36.681364698588645	https://nis.jamii.go.tz/ngo_profile/510	True	Shaping the present and future development of people in arid lands through good resources	
558	MWANGAZA HOPE FOUNDATION	none	unlikely			00NGO/R2/000226	2019-10-16	National	Arusha	Arusha	1	2020-12-31	Kijenge	3.3	-3.39254995	36.681364698588645	https://nis.jamii.go.tz/ngo_profile/558	True	To see a productive and self- sufficiency transformed generation across the nationTransforming the nwe	"[{""title"": ""Youth Empowerment Initiative"", ""from"": ""2020-01-01"", ""to"": ""2020-12-31""}]"
4921	GOODS DEEDS FOUNDATION	none	unlikely			00NG0/0009220	2017-05-16	National	Arusha	Arusha	0		Ilboru	3.3	-3.3419053	36.7220210275093	https://nis.jamii.go.tz/ngo_profile/4921	True	Our vision is to be a strong instrument in joining &nbsp;the local communities and help them fight various challenges facing them.	
10382	BETHEL HOUSE	none	unlikely			00NGO/R/0910	2020-01-15	National	Arusha	Arusha	0		Ilboru	3.3	-3.3419053	36.7220210275093	https://nis.jamii.go.tz/ngo_profile/10382	True	"Transform &nbsp;communities through each family member at a time. 

 &nbsp;"	
10831	IHSANI FOUNDATION	none	unlikely			00NGO/R/1302	2020-09-27	National	Arusha	Arusha	1	2025-12-31	Ilboru	3.3	-3.317172	36.6854726	https://nis.jamii.go.tz/ngo_profile/10831	True	We envision a future where our&nbsp;communities are&nbsp;well informed, economically stable and educated.	"[{""title"": ""UCHINJSJI WA WANYAMA"", ""from"": ""2025-01-01"", ""to"": ""2025-12-31""}]"
13099	REACH FOR CHANGE ORGANIZATION	none	unlikely			00NGO/R/3404	2022-06-27	National	Arusha	Arusha	1	2024-06-25	Ilboru	3.3	-3.317172	36.6854726	https://nis.jamii.go.tz/ngo_profile/13099	True	To have an educated society with improved health and sustainable economic reliant	"[{""title"": ""NEEDS ASSESSMENT FOR ECONOMIC EMPOWERMENT FOR PASTORALIST COMMUNITIES"", ""from"": ""2024-04-04"", ""to"": ""2024-06-25""}, {""title"": ""NEEDS ASSESSMENT FOR ECONOMIC EMPOWERMENT FOR PASTORALIST COMMUNITIES"", ""from"": ""2024-04-04"", ""to"": ""2024-06-25""}, {""title"": ""Empowering Communities: Education, Health & Enterprise"", ""from"": ""2023-01-09"", ""to"": ""2023-12-30""}, {""title"": ""Reach for School Project"", ""from"": ""2023-01-09"", ""to"": ""2023-07-10""}]"
13196	UPENDO HALISI	none	unlikely			00NGO/R/7832	2024-12-02	National	Arusha	Arusha	0		Kijenge	3.3	-3.3868911	36.6803816	https://nis.jamii.go.tz/ngo_profile/13196	True	The community with finacial skills, economically stable and better living.	
14327	DESTINY FOUNDATION(DEFO)	none	unlikely			00NGO/R1/00491	2017-08-04	National	Arusha	Arusha	0		Ilboru	3.3	-3.3419053	36.7220210275093	https://nis.jamii.go.tz/ngo_profile/14327	True	-	
14339	Health and Environment Solutions Organization	none	unlikely			00NGO/R/3197	2022-04-27	National	Arusha	Arusha	3	2023-09-29	Ilboru	3.3	-3.317172	36.6854726	https://nis.jamii.go.tz/ngo_profile/14339	True	Healthy community and sustainable environment, where the diversity of lives thrives and abiity to fulfil livelihood needs and enrich community lives.	"[{""title"": ""Rain Water harvest in Schools"", ""from"": ""2023-04-01"", ""to"": ""2023-06-30""}, {""title"": ""Training for Transformation"", ""from"": ""2022-10-02"", ""to"": ""2022-12-29""}, {""title"": ""Reproductive Health Education"", ""from"": ""2023-07-03"", ""to"": ""2023-09-29""}, {""title"": ""Sexual Reproductive Health Education"", ""from"": ""2022-01-01"", ""to"": ""2022-03-31""}]"
14824	ANIMAL WELFARE AND ENVIRONMENT NETWORK FOR TANZANIA (AWENET)	none	unlikely	animal or wildlife organisation		00NGO/R/3312	2022-05-18	National	Arusha	Arusha	0		Kijenge	3.3	-3.3582817	36.7247789	https://nis.jamii.go.tz/ngo_profile/14824	True	To be the Tanzanian leader in promoting, collaborating, advocating and conducting research to improve biodiversity welfare and conservation.	
15951	ALBIR FOUNDATION TANZANIA	none	unlikely			00NGO/R/3880	2022-10-17	National	Arusha	Arusha	0		Arusha City	3.3	-3.3796172	36.6740723	https://nis.jamii.go.tz/ngo_profile/15951	True	The community with an improved socio economic developments and better living conditions.	
17160	Water Quality and Biotechnology Organization	none	unlikely			00NGO/R/4701	2023-05-02	National	Arusha	Arusha	3	2025-04-01	Arusha City	3.3	-3.3796172	36.6740723	https://nis.jamii.go.tz/ngo_profile/17160	True	Water Quality and Biotechnlogy Organization &nbsp;  has a vision of empowering&nbsp;&nbsp;and creating&nbsp;&nbsp;accountable community able to access clean, safe and non-fluoride water sustainably.	"[{""title"": ""Muungano Fluoride removal project"", ""from"": ""2024-06-01"", ""to"": ""2025-04-01""}, {""title"": ""Muungano Fluoride water Removal Project"", ""from"": ""2024-06-01"", ""to"": ""2025-04-01""}, {""title"": ""Muungano Fluoride Removal Project"", ""from"": ""2023-05-01"", ""to"": ""2024-04-10""}]"
17887	Sece Sickle Cell Anaemia Foundation	none	unlikely			00NGO/R/5975	2023-10-30	National	Arusha	Arusha	0		Arusha City	3.3	-3.3796172	36.6740723	https://nis.jamii.go.tz/ngo_profile/17887	True	SSCAF envisages to tirelessly iform, hear, respect, support treatment and all individuals living individuals living with Sickle Cell Anaemia. We are driven to make thisisorderivableon-threateningondition.	
4928	USA RIVER COMMUNITY ORGANIZTION	none	unlikely			00NGO/00007519	2014-10-15	National	Arusha	Arumeru	0		Usa River	3.4	-3.3631381	36.8327774	https://nis.jamii.go.tz/ngo_profile/4928	True	To be the basic of excellence for promoting communities proactivesness, confidence, commitment and hard working culture in striving for sustainable better livehood.	
13649	Adonai Destitute Support Foundation-ADISUFO	none	unlikely			00NGO/R/2518	2021-11-02	National	Arusha	Arumeru	0		Usa River	3.6	-3.370616	36.8954664	https://nis.jamii.go.tz/ngo_profile/13649	True	Increasing community involvement in sustainable development	
18440	YIAGA AFRICA	none	unlikely			00NGO/R/5947	2023-10-24	National	Arusha	Arusha	0		Ilboru	3.7	-3.3187959	36.6742645	https://nis.jamii.go.tz/ngo_profile/18440	True	Yiaga Africa invisions to become a premire civic hub and democratic governance think tank in Tanzania.&nbsp;	
411	Shining Light Foundation for Transformation	none	unlikely			00NGO/R2/000265	2019-08-05	National	Arusha	Arusha	0	2026-07-17	Kijenge	3.8	-3.4135483	36.6932821	https://nis.jamii.go.tz/ngo_profile/411	True	To&nbsp; hance a Reselient empowered and self reliance society	"[{""title"": ""Vijana Tusemezane - Phase 3"", ""from"": ""2026-07-13"", ""to"": ""2026-07-17""}, {""title"": ""Vijana Tusemezane - Phase 2"", ""from"": ""2026-05-26"", ""to"": ""2026-05-29""}]"
16320	Wilhelmina Nature  (WH Nature)	none	unlikely			00NGO/R/5262	2024-03-13	National	Arusha	Arusha	0		Kijenge	3.8	-3.4135483	36.6932821	https://nis.jamii.go.tz/ngo_profile/16320	True	To become a leading provider of support for business development&nbsp; and nature conservation.	
5138	EVENALY VENERATE ORGANIZATION	none	unlikely			00NGO/00009638	2018-05-03	National	Arusha	Arusha	0		Kijenge	4.0	-3.3896618	36.7455124	https://nis.jamii.go.tz/ngo_profile/5138	True	--	
11704	Tanzania Youth Empowerment Foundation (TAYOEFO)	none	unlikely			00NGO/R/7051	2024-07-24	National	Arusha	Arusha	0		Kijenge	4.0	-3.3981438	36.6772128	https://nis.jamii.go.tz/ngo_profile/11704	True	"To have a society where justice is easily accessible to all. 

 &nbsp; 

 &nbsp; 

 &nbsp;"	
14740	REACHING HAND TANZANIA	none	unlikely			00NGO/R/3883	2022-10-17	National	Arusha	Arusha	3	2025-06-30	Kijenge	4.0	-3.4167265	36.695722	https://nis.jamii.go.tz/ngo_profile/14740	True	A better future for&nbsp;all.	"[{""title"": ""rehabilitation"", ""from"": ""2025-04-01"", ""to"": ""2025-06-30""}, {""title"": ""REBABILITATION CENTER (NEW LIFE SOBER HOUSE)"", ""from"": ""2024-01-01"", ""to"": ""2024-12-01""}, {""title"": ""NEW LIFE SOBBER HOUSE"", ""from"": ""2024-09-01"", ""to"": ""2024-09-30""}]"
18860	MIZIZI YA MAFANIKIO	none	unlikely			01NGO/R/5103	2024-01-04	Regional	Arusha	Arusha	1	2024-12-31	Kijenge	4.0	-3.40078109	36.67788423	https://nis.jamii.go.tz/ngo_profile/18860	True	seeks to progress towards a future where Tanzanian citizens are afforded equal rights and opportunities to the rest of their peers around the world.	"[{""title"": ""Youth Back to School Project"", ""from"": ""2024-02-14"", ""to"": ""2024-12-31""}]"
1552	GRASSROOTS YOUTH DEVELOPMENT ORGANIZATION (GYD)	none	unlikely			00NGO/00003996	2010-07-30	National	Arusha	Arusha	0		Arusha City	4.1	-3.3868819	36.6461261	https://nis.jamii.go.tz/ngo_profile/1552	True	-	
4563	FOUNDATION FOR WELLNESS AND YOUTH TUTELAGE	none	unlikely			00NGO/00009848	2018-08-10	National	Arusha	Arusha	0		Arusha City	4.2	-3.3900029	36.666762	https://nis.jamii.go.tz/ngo_profile/4563	True	A prosperous and healthy Tanzania free of chronic non communicable diseases both physical and psychological ilness.	
4882	Natural Resources Research Organization (NARRESO)	none	unlikely			00NGO/00004956	2011-09-15	National	Arusha	Arusha	0		Arusha City	4.2	-3.3900029	36.666762	https://nis.jamii.go.tz/ngo_profile/4882	True	-	
10482	WILDLIFE AND ENVIRONMENT CARE INITIATIVE (WECI)	none	unlikely	animal or wildlife organisation		00NGO/R/0976	2020-02-05	National	Arusha	Arusha	1		Arusha City	4.2	-3.3900029	36.666762	https://nis.jamii.go.tz/ngo_profile/10482	True	kuwa na jamii ya kitanzania ambayo watajihusisha na ilinzi shirikishi (scout) wa wanyama pori,na mazingira,maji maendeleo ya jamii kwa ujumla na utamaduni	
14170	Bright Africans	none	unlikely			00NGO/R/3264	2022-05-12	National	Arusha	Arusha	0	2026-02-28	Arusha City	4.2	-3.3900029	36.666762	https://nis.jamii.go.tz/ngo_profile/14170	True	&ldquo;Building a competent, creative and innovative Tanzanian youth society&nbsp; &rdquo;	"[{""title"": ""AMINI"", ""from"": ""2026-02-01"", ""to"": ""2026-02-28""}]"
15128	TANZANIA REHABILITATION AND SOCIAL SUPPORT (TRSS)	none	unlikely			00NGO/R/3384	2022-06-03	National	Arusha	Arusha	0		Kijenge	4.2	-3.4046427	36.6784247	https://nis.jamii.go.tz/ngo_profile/15128	True	To enhance sustainable development&nbsp;of the people in all spheres;&nbsp;economically socially and enviromental sustailnably	
10631	Future Hands Foundation	none	unlikely			00NGO/R/9711	2026-04-19	National	Arusha	Arusha	0		Kijenge	4.5	-3.4134597	36.7369139	https://nis.jamii.go.tz/ngo_profile/10631	True	A future where&nbsp;all&nbsp;have the resources, opportunities, and support to reach their full potential.	
13763	IMUNYI FOUNDATION	none	unlikely			00NGO/R/2624	2021-11-26	National	Arusha	Arusha	0		Kijenge	4.5	-3.4134597	36.7369139	https://nis.jamii.go.tz/ngo_profile/13763	True	To envisage a society with widen education opportunities and preserved nature for healthy habitants survival. &nbsp;	
14019	NIKAYA Foundation	none	unlikely			00NGO/R/8259	2025-04-07	National	Arusha	Arusha	0		Kijenge	4.5	-3.3894637	36.7499399	https://nis.jamii.go.tz/ngo_profile/14019	True	To have a space&nbsp;in which minority groups&nbsp;are&nbsp;supported in&nbsp;the form of aid required, consultation&nbsp;as well as fostering empowerment to individuals.&nbsp;	
16428	FAITH  COMMUNITY DEVELOPMENT INITIATIVE(FCDI)	none	unlikely			00NGO/R/5709	2023-09-29	National	Arusha	Arusha	0		Kijenge	4.5	-3.3894637	36.7499399	https://nis.jamii.go.tz/ngo_profile/16428	True	To have aflourishing community on healthy, education,environment and economic independent.	
17014	AFRI-glow International	none	unlikely			00NGO/R/5037	2023-08-01	National	Arusha	Arusha	0		Kijenge	4.5	-3.4134597	36.7369139	https://nis.jamii.go.tz/ngo_profile/17014	True	Afri-glow international envision to have a society that recognizes their potential, equitable access to opportunity and self reliance.	
17813	AZUMUTH MEDIA	none	unlikely			00NGO/R/4916	2023-06-21	National	Arusha	Arusha	0		Kijenge	4.5	-3.3894637	36.7499399	https://nis.jamii.go.tz/ngo_profile/17813	True	availability of quality education, preaching,&nbsp; build self sustainability communities&nbsp;&nbsp;	
21666	ST.BERNARD FOUNDATION	none	unlikely			00NGO/R/9022	2025-06-01	National	Arusha	Arusha	1		Kijenge	4.6	-3.425330	36.712413	https://nis.jamii.go.tz/ngo_profile/21666	True	To promote harmony and enlightenment by addressing community and social justice challenges. To empower individuals and enhance collective resources.	
11232	FRIENDS OF YOUTH FUTURE	none	unlikely			00NGO/R/1349	2020-10-01	National	Arusha	Arusha	0		Kijenge	4.9	-3.4097126	36.6744903	https://nis.jamii.go.tz/ngo_profile/11232	True	Create a nation where youth take charge and are engaged in self-employment and indusrtial economy.	
13374	PAMOJA FAMILY GROWTH INITIATIVE	none	unlikely			00NGO/R/2282	2021-09-07	National	Arusha	Arusha	0		Arusha City	4.9	-3.3138297008304387	36.64006890388079	https://nis.jamii.go.tz/ngo_profile/13374	True	To build a stable modern society which respects and values education, health and clean environment.	
16209	U MATTER	none	unlikely			00NGO/R/4236	2022-12-05	National	Arusha	Arusha	1	2023-11-12	Kijenge	4.9	-3.3970664	36.6679932	https://nis.jamii.go.tz/ngo_profile/16209	True	Envision a community that has individuals who are wellbeing &amp; far from mental illness and having positive psychology for socio-economic development.	"[{""title"": ""Wellness Café"", ""from"": ""2023-11-12"", ""to"": ""2023-11-12""}]"
17781	UZIMA  FOUNDATION	none	unlikely			00NGO/R/5076	2023-08-01	National	Arusha	Arusha	0		Kijenge	4.9	-3.4097126	36.6744903	https://nis.jamii.go.tz/ngo_profile/17781	True	To have a&nbsp;literate community on agriculture and animal husbandry focused on better well-being and sustainable living.	
18294	Dream helpers for community Foundation	none	unlikely			00NGO/R/5304	2023-11-09	National	Arusha	Arusha	0		Kijenge	4.9	-3.4033229	36.6701949	https://nis.jamii.go.tz/ngo_profile/18294	True	"Community access quality education, better health, skills, quality and affordable social services and lives in clean and friendly environmental for development 

 &nbsp;"	
21240	COMMUNITY CARE FOUNDATION {COCAFO}	none	unlikely			00NGO/R/8078	2025-02-24	National	Arusha	Arusha	0		Arusha City	5.1	-3.31667	36.63306	https://nis.jamii.go.tz/ngo_profile/21240	True	To be a beacon of hope and a catalyst for transformation within the community.	
19346	CONNECTING YOUTH CONNECTING TANZANIA (CYCT)	none	unlikely			00NGO/08263	2015-10-23	National	Arusha	Arumeru	0		Usa River	5.2	-3.3745626	36.8172809	https://nis.jamii.go.tz/ngo_profile/19346	True	"To be a nucleus of sustainable Youth network Centre in both Tanzania and outside scope of Tanzania by 2025 for improved among other things: Education, Health and Environmental Care, Economic, 
Leadership, Cultural Value sustainability."	
17244	Vice Versa Education & Environment	none	unlikely			00NGO/R/4759	2023-05-10	National	Arusha	Arumeru	0		Kijenge	5.6	-3.3741191	36.7592422	https://nis.jamii.go.tz/ngo_profile/17244	True	Promoting a sustainable approach to natural resources through education which will reinforce community life and protect their members from eradication and loss of culture.	
223	WINE TO WATER EAST AFRICA	none	unlikely			I-NGO/R/0305	2019-08-01	International	Arusha	Arusha	2		Arusha City	5.9	-3.301397	36.6499678	https://nis.jamii.go.tz/ngo_profile/223	True	COMMUNITIES FREE FROM WATER BORNE DISEASES	
278	KAMITEI FOUNDATION	none	unlikely			00NGO/R2/000250	2019-08-03	National	Arusha	Arusha	0		Arusha City	5.9	-3.301397	36.6499678	https://nis.jamii.go.tz/ngo_profile/278	True	ACCESS OF EDUCATION SERVICE TO THE COMMUNITY.	
4708	MONDO TANZANIA	none	unlikely			00NGO/00006496	2013-08-02	National	Arusha	Arusha	2		Arusha City	5.9	-3.301397	36.6499678	https://nis.jamii.go.tz/ngo_profile/4708	True	To become &nbsp;a &nbsp;leading &nbsp;and strong reliable organization &nbsp;aiming at mobilizing the community on utilizing &nbsp;the available &nbsp;resources efficiently and effectively through the application &nbsp;of modern farming and conservation &nbsp;of environment.	
5137	ORETETI-LOONGAIK (MAARYA)	none	unlikely			00NGO/1755	2010-10-27	National	Arusha	Arusha	3	2023-12-21	Arusha City	5.9	-3.301397	36.6499678	https://nis.jamii.go.tz/ngo_profile/5137	True	-	"[{""title"": ""Ujenzi wa Ukuta na Choo"", ""from"": ""2023-01-05"", ""to"": ""2023-12-21""}]"
13144	SELF AWARENESS FOR EVERYONE ( SAFE)	none	unlikely			00NGO/R/2215	2021-08-25	National	Arusha	Arusha	0		Arusha City	5.9	-3.301397	36.6499678	https://nis.jamii.go.tz/ngo_profile/13144	True	Everyone to get&nbsp;personalized service and support they need.	
15754	MWANGAZA REHABILITATION INITIATIVES	none	unlikely			01NGO/R/3641	2022-09-05	Regional	Arusha	Arusha	0		Ilboru	5.9	-3.336215	36.7443566	https://nis.jamii.go.tz/ngo_profile/15754	True	Our vision is to have a drug free society and establish a place to help victim of drug use.	
16373	MARAFIKI TANZANIA	none	unlikely			00NGO/R/5979	2023-10-30	National	Arusha	Arusha	0		Ilboru	5.9	-3.336215	36.7443566	https://nis.jamii.go.tz/ngo_profile/16373	True	MARAFIKI TANZANIA envisages a thriving society where health services, quality education and gender equality are at the core of every livelihood and sustainable development	
21336	Vision of Hope Initiative	none	unlikely			00NGO/R/9050	2025-06-05	National	Arusha	Arusha	0		Kijenge	5.9	-3.436995	36.709531	https://nis.jamii.go.tz/ngo_profile/21336	True	A society free of Substance Use disorder, provided with better&nbsp;care, resources, and opportunities&nbsp;for recovery and growth	
22914	Spark Of Progress Organization	none	unlikely			00NGO/R/8533	2025-10-01	National	Arusha	Arumeru	0		Usa River	6.0	-3.3932	36.81754	https://nis.jamii.go.tz/ngo_profile/22914	True	"Vision:  
A thriving Tanzanian society where empowered communities lead sustainable development through education, innovation, and equal opportunity for all."	
211	VILLAGES HEALTH SUPPORT ORG.	none	unlikely			00NGO/R/0421	2019-08-09	National	Arusha	Arusha	0		Arusha City	6.5	-3.3918919	36.6181437	https://nis.jamii.go.tz/ngo_profile/211	True	Organization for community with good health, well education and access to all social services.	
11028	EMPOWERMENT OF YOUTH AND AWARENESS (EYA)	none	unlikely			00NGO/R/1350	2020-10-01	National	Arusha	Arusha	2	2022-11-21	Arusha City	6.5	-3.3918919	36.6181437	https://nis.jamii.go.tz/ngo_profile/11028	True	A Tanzanian society that embraces adolescent and young people to a centred sustainable socio economic development.	"[{""title"": ""HIV/AIDS and TEST"", ""from"": ""2022-11-20"", ""to"": ""2022-11-21""}]"
11389	Tanzania Sustainable Conservation and Community Development-TSCCD	none	unlikely			00NGO/R/1508	2020-11-20	National	Arusha	Arusha	0	2025-12-31	Arusha City	6.5	-3.3918919	36.6181437	https://nis.jamii.go.tz/ngo_profile/11389	True	The lives of communities, wildlife, and the environment have improved as a result of good natural resource management and conservation.	"[{""title"": ""Annual Report-2025"", ""from"": ""2025-01-01"", ""to"": ""2025-12-31""}, {""title"": ""Annual Report-2025"", ""from"": ""2025-01-01"", ""to"": ""2025-12-31""}]"
13591	TUNAJALI DEVELOPMENT INITIATIVES	none	unlikely			00NGO/R/2491	2021-11-01	National	Arusha	Arusha	0		Arusha City	6.5	-3.3918919	36.6181437	https://nis.jamii.go.tz/ngo_profile/13591	True	Enhancing community&rsquo;s wellbeing and promoting human transformation.	
672	Friends of Serengeti Tanzania	none	unlikely			00NGO/R2/000317	2019-08-06	National	Arusha	Arumeru	3		Usa River	7.0	-3.3354265	36.8077667	https://nis.jamii.go.tz/ngo_profile/672	True	To envision a future of healthy, functioning and balanced ecosystem in which differed species of plants, animals and micro-organisms co exists.	
4923	JITAMBUE KWANZA DEVELOPMENT ORGANIZATION	none	unlikely			00NGO/00007921	2015-04-20	National	Arusha	Arusha	0		Arusha City	7.0	-3.4126082	36.641355	https://nis.jamii.go.tz/ngo_profile/4923	True	Kuwa na jamii yenye&nbsp; uwezo wa kuyatatua matatizo yanayowakabili kwa&nbsp; kujitambua, kuwajibika na kujitegemea.	
475	TANZANIA PEOPLE AND WILDLIFE	none	unlikely	animal or wildlife organisation		I-NGO/R2/000576	2019-08-30	International	Arusha	Arusha	5	2026-03-31	Ilboru	7.1	-3.2832463	36.6807119	https://nis.jamii.go.tz/ngo_profile/475	True	A world where rural communities and wildlife co-exist and turive.	"[{""title"": ""Natural Resources Monitoring and Management"", ""from"": ""2025-04-01"", ""to"": ""2026-03-31""}, {""title"": ""Human-Wildlife Conflict Prevention"", ""from"": ""2025-04-01"", ""to"": ""2026-03-31""}, {""title"": ""Youth Environmental Education"", ""from"": ""2025-04-01"", ""to"": ""2026-03-31""}, {""title"": ""Women Beekeeping Program"", ""from"": ""2025-04-01"", ""to"": ""2026-03-31""}, {""title"": ""AFRICAN WOMEN IN CONSERVATION"", ""from"": ""2024-01-01"", ""to"": ""2024-12-31""}, {""title"": ""AFRICAN WOMEN IN CONSERVATION"", ""from"": ""2024-01-01"", ""to"": ""2024-12-31""}, {""title"": ""ACTIVE COMMUNITY ENGAGEMENT PROGRAM"", ""from"": ""2024-12-01"", ""to"": ""2024-12-31""}, {""title"": ""WOMEN'S ENVIRONMENTAL ENTERPRISE"", ""from"": ""2024-01-01"", ""to"": ""2024-12-31""}, {""title"": ""Natural resource Monitoring and Management"", ""from"": ""2022-12-31"", ""to"": ""2023-12-31""}]"
6373	ECO FRONTIERS TANZANIA	none	unlikely			00NGO/08204	2015-09-24	National	Arusha	Arusha	0		Ilboru	7.1	-3.2832463	36.6807119	https://nis.jamii.go.tz/ngo_profile/6373	True	"Envision a nation where all people attain the opportunity to live a better life while conserving natural resources and environment for sustainable development. 

 &nbsp;"	
11685	MAHARISHI DEVELOPMENT FOUNDATION TANZANIA	none	unlikely			00NG0/R/1093	2020-05-08	National	Arusha	Arumeru	0		Kijenge	7.1	-3.356077	36.7676097	https://nis.jamii.go.tz/ngo_profile/11685	True	We envision a nation with better health,education,sress free and economic empowered citizens.	
14254	NEYEYO AID FOUNDATION (NAF)	none	unlikely			00NGO/R/2936	2022-02-25	National	Arusha	Arusha	0		Ilboru	7.1	-3.2832463	36.6807119	https://nis.jamii.go.tz/ngo_profile/14254	True	Having a community which developed physically, mentally and realistically&nbsp;within Tanzanian boarders in diversity.	
17584	BRIGHTER FUTURE INITIATIVE	none	unlikely			00NGO/R/5025	2023-08-01	National	Arusha	Arusha	0		Ilboru	7.1	-3.2832463	36.6807119	https://nis.jamii.go.tz/ngo_profile/17584	True	"To have a community with a brighter&nbsp;future. 

 &nbsp; 

 &nbsp; 

 &nbsp; 

 &nbsp; 

 &nbsp; 

 &nbsp; 

 &nbsp; 
  

 
 &nbsp;"	
17705	CABO FOUNDATION	none	unlikely			00NGO/R/5047	2023-08-01	National	Arusha	Arusha	0		Ilboru	7.1	-3.2832463	36.6807119	https://nis.jamii.go.tz/ngo_profile/17705	True	To have empowered communities with sustainable livelihoods, equitable opportunities, and resilience for a better future.	
11687	CHOOSE WATER TANZANIA	none	unlikely			I-NGO/R/1912	2021-05-27	International	Arusha	Arusha	0	2022-06-30	Arusha City	7.2	-3.314465	36.6093092	https://nis.jamii.go.tz/ngo_profile/11687	True	The Tanzania communities that attain sustainable social infrastructure development for clean water, sanitation and proper hygiene on urban and rural area.	"[{""title"": ""Anti-Deforestation Project"", ""from"": ""2022-04-01"", ""to"": ""2022-06-30""}, {""title"": ""Anti-Deforestation Project"", ""from"": ""2022-04-01"", ""to"": ""2022-06-30""}, {""title"": ""Anti-Deforestation Project"", ""from"": ""2022-01-01"", ""to"": ""2022-03-31""}, {""title"": ""Anti-Deforestation Project"", ""from"": ""2022-01-01"", ""to"": ""2022-03-31""}, {""title"": ""Anti-deforestation Project"", ""from"": ""2023-05-18"", ""to"": ""2021-12-31""}, {""title"": ""Anti-deforestation Project"", ""from"": ""2023-05-18"", ""to"": ""2021-12-31""}, {""title"": ""Anti-deforestation Project"", ""from"": ""2023-05-18"", ""to"": ""2021-12-31""}, {""title"": ""Anti-deforestation Project"", ""from"": ""2023-05-18"", ""to"": ""2021-12-31""}, {""title"": ""Anti-deforestation Project"", ""from"": ""2023-05-18"", ""to"": ""2021-12-31""}, {""title"": ""Anti-deforestation Project"", ""from"": ""2023-05-18"", ""to"": ""2021-12-31""}, {""title"": ""Anti-deforestation Project"", ""from"": ""2023-05-18"", ""to"": ""2021-12-31""}, {""title"": ""Anti-deforestation Project"", ""from"": ""2023-05-18"", ""to"": ""2021-12-31""}]"
472	JOBORTUNITY	none	unlikely			00NGO/R2/000499	2019-08-27	National	Arusha	Arumeru	4	2024-12-31	Kijenge	7.3	-3.3526037	36.7674183	https://nis.jamii.go.tz/ngo_profile/472	True	Disadvantaged youth of age 18 to 25 gain capacity to themselves and their families.	"[{""title"": ""Hi5 Training of Youth"", ""from"": ""2024-01-01"", ""to"": ""2024-12-31""}, {""title"": ""Hi5 Training of Youth"", ""from"": ""2023-01-01"", ""to"": ""2023-12-31""}, {""title"": ""Hi5 Training of Youth"", ""from"": ""2022-01-01"", ""to"": ""2022-12-31""}, {""title"": ""Hi5 Training of Youth"", ""from"": ""2020-09-01"", ""to"": ""2021-12-31""}]"
506	Social Holistic Development (SOHODE)	none	unlikely			00NGO/R2/000448	2019-08-22	National	Arusha	Arumeru	1		Kijenge	7.3	-3.3526037	36.7674183	https://nis.jamii.go.tz/ngo_profile/506	True	To be a leading agent of holistic life transformation in the society&nbsp;	
12872	RAFIKI OF TANZANIAN ORGANIZATION	none	unlikely			00NGO/R/2079	2021-08-10	National	Arusha	Arumeru	0		Kijenge	7.3	-3.3526037	36.7674183	https://nis.jamii.go.tz/ngo_profile/12872	True	Envision productive communities, sustainable and good healthy.	
14292	Community Empowerment for Sustainable Development Programs Organization (CESPO)	none	unlikely			00NGO/R/3018	2022-04-19	National	Arusha	Arumeru	1	2022-12-31	Usa River	7.3	-3.3178577	36.8164455	https://nis.jamii.go.tz/ngo_profile/14292	True	A world of equity where all are empowered, creative, and innovative and a sustainable community that is self-reliant for common good in&nbsp;socio-economic development.	"[{""title"": ""Support for Adult Education System Building in Tanzania."", ""from"": ""2022-04-01"", ""to"": ""2022-12-31""}]"
16292	BUTZKIES FOUNDATION TANZANIA (BFT)	none	unlikely			00NGO/R/4375	2023-02-03	National	Arusha	Arumeru	0		Kijenge	7.3	-3.3526037	36.7674183	https://nis.jamii.go.tz/ngo_profile/16292	True	The vision of Butzkies Foundation Tanzania (BFT) is shaping the present and future development in environment conservation.&nbsp;&nbsp;	
11643	GIRL POWER TANZANIA	none	unlikely			00NGO/R/1647	2021-02-03	National	Arusha	Arumeru	0		Usa River	7.4	-3.3170657	36.8169879	https://nis.jamii.go.tz/ngo_profile/11643	True	To see a community where adolescent girls and adolescent single mothers can transition safely to their adulthood and unleash their potential for community development.	
257	MEDICAL AID TO THE MARGINALIZED SOCIETY OF TANZANIA (MEDIAMS TANZANIA)	none	unlikely			00NGO/R/0219	2019-07-24	National	Arusha	Arusha	1		Kijenge	8.5	-3.4424539	36.7587366	https://nis.jamii.go.tz/ngo_profile/257	True	To have society with sustainance health for marginalized livelihood	
22470	ZV Horizon Project	none	unlikely			I-NGO/R/9679	2026-04-19	International	Arusha	Arusha	0		Kijenge	8.8	-3.455986	36.74162	https://nis.jamii.go.tz/ngo_profile/22470	True	"Strong, self-sustaining communities driven by empowered individuals who lead change through shared knowledge, opportunity, and innovation. 

 &nbsp;"	
17464	MERU RAFIKI FOUNDATION	none	unlikely			00NGO/R/5044	2023-08-01	National	Arusha	Arumeru	0		Kijenge	9.0	-3.338139	36.777262	https://nis.jamii.go.tz/ngo_profile/17464	True	Having a vibrant society with fair distribution and access of important services and social needs for a quality livelihood and conservation of environment.	
454	CONERSTONE DEVELOPMENT	none	unlikely			I-NGO/R2/000244	2019-08-02	International	Arusha	Arumeru	5	2025-12-31	Usa River	9.2	-3.3873642	36.9429517	https://nis.jamii.go.tz/ngo_profile/454	True	Community Advancement through proper social services such as Education	"[{""title"": ""COSA STAGE II PROGRAM"", ""from"": ""2025-01-01"", ""to"": ""2025-12-31""}, {""title"": ""CORNERSTONE LEADERSHIP ACADEMY – TANZANIA"", ""from"": ""2025-01-01"", ""to"": ""2025-12-31""}, {""title"": ""Education"", ""from"": ""2023-01-01"", ""to"": ""2023-12-31""}]"
17962	We Thrive Africa Initiative	none	unlikely			00NGO/R/5855	2023-08-18	National	Arusha	Arumeru	0		Usa River	9.2	-3.3873642	36.9429517	https://nis.jamii.go.tz/ngo_profile/17962	True	To create a thriving society where youth are traumatic free, mentally healthy and empowered to reach their full potential.	
14291	Arusha Archdiocesan Integrated Development and Relief Office (AAIDRO)	none	unlikely			00NGO/R/2996	2022-03-10	National	Arusha	Arusha	2	2022-05-19	Arusha City	10.3	-3.3860685	36.5743733	https://nis.jamii.go.tz/ngo_profile/14291	True	To have people who are developed spiritually, mentally, physically and economically in a holistic way.	"[{""title"": ""Support st. Elizabeth and Endulen Hospitals with Facilities"", ""from"": ""2022-04-04"", ""to"": ""2022-05-02""}, {""title"": ""Support st. Elizabeth and Endulen Hospitals with Facilities"", ""from"": ""2022-04-04"", ""to"": ""2022-05-02""}, {""title"": ""Purchase of Medicine and medical equipment for Trinity Pharmacy"", ""from"": ""2022-04-04"", ""to"": ""2022-05-19""}]"
17047	Youths and  Professionals Leadership Initiative (YPLI)	none	unlikely			00NGO/R/9123	2025-06-12	National	Arusha	Arusha	0		Arusha City	10.3	-3.3860685	36.5743733	https://nis.jamii.go.tz/ngo_profile/17047	True	A beautiful World where the privileged and the unprivileged coexist to promote holistic leadership development and cause a significant social change	
9830	AGRI - CONNECT TANZANIA	none	unlikely			00NGO/R/0428	2019-08-09	National	Kilimanjaro	Hai	1	2020-12-31	Boma Ngombe	10.7	-3.2380088	37.135271	https://nis.jamii.go.tz/ngo_profile/9830	True	Vijana kuwa na uwezo wa kujiajiri na kujitegemea	"[{""title"": ""TO SUPPORT YOUTH TO SUPPORT THEMSELVES"", ""from"": ""2019-08-10"", ""to"": ""2020-12-31""}]"
17080	Future Concern Organization	none	unlikely			00NGO/R/4965	2023-07-31	National	Kilimanjaro	Hai	0		Boma Ngombe	10.7	-3.322233	37.2343391	https://nis.jamii.go.tz/ngo_profile/17080	True	To partner with global, national and local partners on reducing all levels of hindrances that society face when building their better future.	
11372	INDIGENOUS LIVELIHOOD INNOVATION ORGANIZATION TEAM (ILIOT)	none	unlikely			00NGO/R/2054	2021-08-13	National	Arusha	Arusha	1	2023-12-31	Arusha City	11.1	-3.2742992	36.6001866	https://nis.jamii.go.tz/ngo_profile/11372	True	Enlightened community&nbsp;with an improved biodiversity.	"[{""title"": ""Traditional conservation of Herbal and Sacred trees along pastoral rangelands"", ""from"": ""2023-06-07"", ""to"": ""2023-12-31""}]"
17749	PAMOJA ELDERS CARE ORGANIZATION	none	unlikely			00NGO/R/5820	2023-08-14	National	Arusha	Arusha	0		Arusha City	11.1	-3.2626649	36.6180325	https://nis.jamii.go.tz/ngo_profile/17749	True	To engage&nbsp;hearts, transforming lives, erace boundaries and&nbsp;provide exceptional support and resources that empower older adults to thrive and age gracefully within the community.&nbsp;	
18404	Sanaa Development Initiative	none	unlikely			00NGO/R/5413	2023-09-21	National	Arusha	Arusha	0		Arusha City	11.1	-3.2626649	36.6180325	https://nis.jamii.go.tz/ngo_profile/18404	True	Envision prosperous and highly professional artists with a view of contributing towards developing their communities.	
13866	MOUNTAIN OF JOY FOUNDATION	none	unlikely			00NGO/R/2535	2021-11-18	National	Arusha	Arusha	0		Arusha City	11.2	-3.4150853	36.5824649	https://nis.jamii.go.tz/ngo_profile/13866	True	To have a resilient, empowered and transformed self-reliance society.	
9921	NONVIOLENT COMMUNICATION INITIATIVES (NVCI)	none	unlikely			0756	2019-12-11	National	Arusha	Arusha	2		Kijenge	11.5	-3.4844169	36.6852175	https://nis.jamii.go.tz/ngo_profile/9921	True	Compassionate Tanzania &nbsp;where individuals and communities cherish and live acceptable &nbsp;values and habits	
10912	MUSICIANS FOR A BETTER LIFE( MUFO)	none	unlikely			00NGO/R/1327	2020-09-30	National	Arusha	Arusha	0		Kijenge	11.5	-3.4844169	36.6852175	https://nis.jamii.go.tz/ngo_profile/10912	True	"We envision a community that acquires better livellhood&nbsp; and well utilised in music talents. 
&nbsp;"	
13755	DUPOTO DEVELOPMENT ORGANIZATION	none	unlikely			00NGO/R/2556	2021-11-18	National	Arusha	Arusha	0		Kijenge	11.5	-3.4844169	36.6852175	https://nis.jamii.go.tz/ngo_profile/13755	True	Envision pastoral community being healthy, knowledgeable, environmental friendly and economic independent.	
16088	Save Society Foundation	none	unlikely			00NGO/R/4028	2022-11-15	National	Arusha	Arusha	0		Kijenge	11.5	-3.4844169	36.6852175	https://nis.jamii.go.tz/ngo_profile/16088	True	"&nbsp; &nbsp; &nbsp; &nbsp; &nbsp; &nbsp; &nbsp; &nbsp; &nbsp; &nbsp; &nbsp; &nbsp; &nbsp; &nbsp; &nbsp; &nbsp; &nbsp; &nbsp; &nbsp; &nbsp;A well -life lived&nbsp;&nbsp; 

 
 &nbsp;"	
7734	JALI FOUNDATION	none	unlikely			008823	2016-11-11	National	Kilimanjaro	Hai	5	2025-12-31	Boma Ngombe	13.4	-3.2373623	37.2102125	https://nis.jamii.go.tz/ngo_profile/7734	True	-	"[{""title"": ""provision of school fees"", ""from"": ""2025-01-01"", ""to"": ""2025-12-31""}, {""title"": ""Provision of school fees"", ""from"": ""2024-01-01"", ""to"": ""2024-12-31""}, {""title"": ""JALI FOUNDATION"", ""from"": ""2024-04-12"", ""to"": ""2024-04-12""}]"
7366	KILIMANJARO NEW VISION SOBERTY (KNVS)	none	unlikely			00NGO/R1/00116	2018-12-06	National	Kilimanjaro	Hai	1		Boma Ngombe	13.6	-3.4483698	37.0945283	https://nis.jamii.go.tz/ngo_profile/7366	True	Kuwa &nbsp;na Jamii &nbsp;iliyo &nbsp;huru &nbsp;na salama &nbsp;kutoka &nbsp;katika &nbsp;utumiaji &nbsp;wa &nbsp;ulevi &nbsp;wa &nbsp;pombe, dawa za &nbsp;Kulevya &nbsp;na matukio ya uhalifu	
16404	ROOF YOUTH MISSION	none	unlikely			00NGO/R/4176	2022-12-20	National	Kilimanjaro	Hai	0		Boma Ngombe	13.6	-3.4483698	37.0945283	https://nis.jamii.go.tz/ngo_profile/16404	True	To support and create awareness to the Youth Through Workshop, Seminas and Hand on Activities.	
4760	ARUSHA SOCIETY FOR THE PROTECTION OF ANIMALS	none	unlikely	animal or wildlife organisation		01NGO/00009642	2018-05-02	National	Arusha	Arusha	6	2025-12-31	Arusha City	14.4	-3.22868	36.6259	https://nis.jamii.go.tz/ngo_profile/4760	True	A society&nbsp; of happy&nbsp; animals, happy people	"[{""title"": ""Donkey and dog welfare"", ""from"": ""2025-01-01"", ""to"": ""2025-12-31""}, {""title"": ""Donkey Welfare Project"", ""from"": ""2024-01-01"", ""to"": ""2024-12-31""}, {""title"": ""Donkey Welfare in Tanzania"", ""from"": ""2023-01-01"", ""to"": ""2024-02-29""}, {""title"": ""Animal welfare Project"", ""from"": ""2022-02-01"", ""to"": ""2022-12-31""}, {""title"": ""Donkey and dog welfare"", ""from"": ""2021-01-01"", ""to"": ""2021-12-31""}, {""title"": ""Donkey and dog welfare"", ""from"": ""2021-01-01"", ""to"": ""2021-12-31""}, {""title"": ""Donkey and Dog welfare"", ""from"": ""2020-03-31"", ""to"": ""2021-03-31""}]"
13086	Friends of Arusha	none	unlikely			00NGO/R/3630	2022-09-05	National	Arusha	Arusha	0		Arusha City	14.4	-3.22868	36.6259	https://nis.jamii.go.tz/ngo_profile/13086	True	Envision a community being knowledgeable, environmental friendly and economic independent.	
22734	EMAYAN RISE FOUNDATION	none	unlikely			00NGO/R/9259	2025-07-16	National	Arusha	Arumeru	0		Kijenge	14.6	-3.4839	36.7957	https://nis.jamii.go.tz/ngo_profile/22734	True	Envision a&nbsp;peaceful and empowered community driving individual and national progress	
23390	MEDI TRIP VOLUNTEERS TANZANIA	none	unlikely			00NGO/R/9742	2026-04-29	National	Arusha	Arumeru	0		Kijenge	14.6	-3.4839	36.7957	https://nis.jamii.go.tz/ngo_profile/23390	True	Envisioa healthier and empowered Tanzania where communities have access to quality healthcare, education, and sustainable opportunities, driven by the spirit of global volunteerism and collaboration.	
16624	SHELTER OF HOPE ORGANIZATION	none	unlikely			00NGO/R/5052	2023-08-01	National	Arusha	Arumeru	0		Usa River	14.7	-3.2542067	36.9356167	https://nis.jamii.go.tz/ngo_profile/16624	True	great common and supportive ground for the indigenous societies to realize their potential and empower them to innovatively be able to solve indiguous problems throught	
11589	Calvary Mission Tanzania  (CMT)	none	unlikely			00NGO/R/8289	2025-04-02	National	Kilimanjaro	Hai	0		Boma Ngombe	14.9	-3.465037	37.107334	https://nis.jamii.go.tz/ngo_profile/11589	True	CMT is envisioned for a &ldquo;Physical and mental Development and shaping of mankind in society&rdquo;	
10586	Elephant Conservation Organization (ECO)	none	unlikely			00NGO/R/1069	2020-04-05	National	Arusha	Arusha	1	2026-06-30	Kijenge	15.0	-3.4909366	36.6283518	https://nis.jamii.go.tz/ngo_profile/10586	True	"A community free from &nbsp;Elephant Poaching 

 &nbsp; 

 &nbsp; 

 &nbsp; 

 &nbsp; 

 &nbsp; 

 &nbsp; 

 &nbsp;"	"[{""title"": ""Wildlife Veterinary activities"", ""from"": ""2026-04-01"", ""to"": ""2026-06-30""}, {""title"": ""Wildlife Veterinary Activities"", ""from"": ""2025-01-01"", ""to"": ""2025-12-31""}]"
13204	Jamii Future Foundation-JFF	none	unlikely			00NGO/R/2135	2021-08-13	National	Arusha	Arusha	0		Kijenge	15.0	-3.4909366	36.6283518	https://nis.jamii.go.tz/ngo_profile/13204	True	JFF is envisioning of supporting the local communities in accessing a better life and development for sustainable livelihoods in remotes areas.	
15822	DEVELOPMENT FOR PLANET ORGANIZATION (DEPO)	none	unlikely			00NGO/R/5016	2023-08-01	National	Arusha	Arusha	0		Kijenge	15.0	-3.4909366	36.6283518	https://nis.jamii.go.tz/ngo_profile/15822	True	Building a society that based on reality.	
18528	PAMOJA CENTER FOR CAPACITY BUILDING AND DEVELOPMENT	none	unlikely			00NGO/R/5754	2023-09-29	National	Arusha	Arusha	0		Kijenge	15.0	-3.4909366	36.6283518	https://nis.jamii.go.tz/ngo_profile/18528	True	An outstanding training center that prepare leaders and participants to act professionally with wisdom through quality and relevant skills that fits in Tanzania context.	
16075	Equity Resources Foundation - ERF	none	unlikely			00NGO/R/4116	2022-12-14	National	Arusha	Arusha	0		Kijenge	15.8	-3.4945126	36.7997101	https://nis.jamii.go.tz/ngo_profile/16075	True	The community that utilize natural resources, better life with environmental sustainability.	
17375	FinRise Financial Inclusion Foundation	none	unlikely			00NGO/R/5041	2023-08-01	National	Kilimanjaro	Moshi	0		Boma Ngombe	16.6	-3.2830093	37.2783842	https://nis.jamii.go.tz/ngo_profile/17375	True	An organisation where the underprivileged society will benefit from data, support and training about their financial need, social and work lives balances	
17765	LIFE MISSION ORGANIZATION	none	unlikely			00NGO/R/5090	2023-08-03	National	Kilimanjaro	Hai	0		Boma Ngombe	18.3	-3.3906074	37.2932225	https://nis.jamii.go.tz/ngo_profile/17765	True	To have a loving Community where man is valued than material things.	
13038	CHARITY TANZANIA	none	unlikely			I-NGO/R/2615	2021-11-25	International	Arusha	Arusha	0		Ilboru	18.4	-3.1822253	36.6708023	https://nis.jamii.go.tz/ngo_profile/13038	True	The vision of the Organization is to improve&nbsp;families by shaping the&nbsp;present and future development of good and sustainable resource governance, innovation and technology.	
16884	TANZANIA AGEING PEOPLE ORGANIZATION (TAPO)	none	unlikely			00NGO/R/4462	2023-03-02	National	Arusha	Arusha	0		Ilboru	18.4	-3.1822253	36.6708023	https://nis.jamii.go.tz/ngo_profile/16884	True	Ageing community access quality and better health services, human right and affordable economic support for development.	
12411	Sustainability in Action	none	unlikely			00NGO/R/1920	2021-06-03	National	Arusha	Arusha	0	2023-12-30	Arusha City	18.5	-3.24038165	36.538096949999996	https://nis.jamii.go.tz/ngo_profile/12411	True	A Community with Sustainable Environmental, Social and Economic Development	"[{""title"": ""Sustainable Community Development Initiative (SCDI) – Phase II"", ""from"": ""2023-01-09"", ""to"": ""2023-12-30""}]"
13629	Wildlife Conservation Initiative	none	unlikely	animal or wildlife organisation		00NGO/R/2717	2021-12-22	National	Arusha	Arusha	1		Arusha City	18.5	-3.24038165	36.538096949999996	https://nis.jamii.go.tz/ngo_profile/13629	True	Wildlife in Tanzania are sustainably managed for the benefit of the present and future generations.	
15975	TANZANIA GIRLS EDUCATION SUPPORT (TGES)	none	unlikely			00NGO/R/3858	2022-10-13	National	Arusha	Arusha	0		Arusha City	18.5	-3.24038165	36.538096949999996	https://nis.jamii.go.tz/ngo_profile/15975	True	The world in which girls are suitably educated and acquire knowledge and skills leading to jobs and careers which they wish to pursue	
17035	GREEN COOKING	none	unlikely			00NGO/R/4528	2023-03-27	National	Arusha	Arusha	0		Arusha City	18.5	-3.24038165	36.538096949999996	https://nis.jamii.go.tz/ngo_profile/17035	True	A healthy and wealthy society &nbsp;where communities are enabled with sustainable, cost effective means of cooking.	
18221	Tanzania Ex-Prisoners Foundation (TEPF)	none	unlikely			00NGO/R/5806	2023-10-23	National	Kilimanjaro	Moshi	0		Boma Ngombe	19.0	-3.355206	37.3079905	https://nis.jamii.go.tz/ngo_profile/18221	True	To foster a just and inclusive society where ex-prisoners can rebuild their lives and find acceptance.	
22691	FATHERHOOD AND FAMILY MENTAL HEALTH FOUNDATION	none	unlikely			00NGO/R/9975	2026-07-06	National	Kilimanjaro	Moshi	0		Boma Ngombe	19.1	-3.3592557	37.3082687	https://nis.jamii.go.tz/ngo_profile/22691	True	Having a society which actively values and support men and their families on their journey to positive mental health.	
10444	Empowered Girls	none	unlikely			00NGO/R/0947	2020-01-23	National	Arusha	Arusha	0		Kijenge	19.4	-3.5413007	36.7844683	https://nis.jamii.go.tz/ngo_profile/10444	True	"A world where girls know who they are and live up to their dreams. 

 &nbsp; 

  
&nbsp;"	
10721	SHEIKH AMIN ALHINAI FOUNDATION (SAF)	none	unlikely			00NGO/R/5900	2023-09-01	National	Kilimanjaro	Moshi	0		Boma Ngombe	19.8	-3.3653172500000004	37.31394525147299	https://nis.jamii.go.tz/ngo_profile/10721	True	The development and progress of society	
735	KILIMANJARO ENVIRONMENTAL ACTORS	none	unlikely			00NGO/R2/000296	2019-08-06	Regional	Kilimanjaro	Moshi	0		Boma Ngombe	20.4	-3.3529124	37.3207288	https://nis.jamii.go.tz/ngo_profile/735	True	To have a strong vibrant society of which the community plays an effective roles to issure sustainable development	
562	TANZANIA ELEPHANT FOUNDATION	none	unlikely			00NGO/R/0307	2019-08-02	National	Kilimanjaro	Moshi	0	2024-09-30	Boma Ngombe	20.5	-3.3287567	37.323171	https://nis.jamii.go.tz/ngo_profile/562	True	To be aleading organization for creating opportunities to young conservation and local communities engagement towards elephant conservation and management in Tanzania and be;yond.	"[{""title"": ""Human-Elephant Coexistence and Research Project"", ""from"": ""2024-07-01"", ""to"": ""2024-09-30""}, {""title"": ""Human-Elephant Coexistence and Research Project"", ""from"": ""2024-07-01"", ""to"": ""2024-09-30""}, {""title"": ""Human-Elephant Coexistence and Research Project"", ""from"": ""2024-07-01"", ""to"": ""2024-09-30""}, {""title"": ""Human-Elephant Coexistence and Research Project"", ""from"": ""2024-07-01"", ""to"": ""2024-09-30""}, {""title"": ""Human-Elephant Coexistence and Research Project"", ""from"": ""2024-04-01"", ""to"": ""2024-06-30""}, {""title"": ""Human-Elephant Coexistence and Research Project"", ""from"": ""2024-04-01"", ""to"": ""2024-06-30""}, {""title"": ""Human-Elephant Coexistence and Research Project"", ""from"": ""2024-04-01"", ""to"": ""2024-06-30""}, {""title"": ""Human-Elephant Coexistence and Research Project"", ""from"": ""2024-04-01"", ""to"": ""2024-06-30""}, {""title"": ""Human-Elephant Coexistence and Research Project"", ""from"": ""2024-04-01"", ""to"": ""2024-06-30""}, {""title"": ""Human-Elephant Coexistence and Research Project"", ""from"": ""2024-01-01"", ""to"": ""2024-03-31""}, {""title"": ""Human-Elephant Coexistence and Research Project"", ""from"": ""2024-01-01"", ""to"": ""2024-03-31""}, {""title"": ""Human-Elephant Coexistence and Research Project"", ""from"": ""2024-01-01"", ""to"": ""2024-03-31""}]"
14250	Saint Thomas Aquinas Foundation (S.T.A.F)	none	unlikely			00NGO/R/2833	2022-02-11	National	Kilimanjaro	Moshi	0		Boma Ngombe	20.5	-3.3287567	37.323171	https://nis.jamii.go.tz/ngo_profile/14250	True	Healthy community, economically stable, educated,with&nbsp; better environment and an improved living standards.	
13234	Kilimanjaro Environmental Preservation	none	unlikely			00NGO/R/2405	2021-10-08	National	Kilimanjaro	Moshi	0		Boma Ngombe	20.6	-3.34646755	37.32331029069381	https://nis.jamii.go.tz/ngo_profile/13234	True	To be a leading organization that promotes awareness and environmental preservation activities in the communities across the country.	
19592	African Blackwood and Ethnobotany Conservation Organization	none	unlikely			00NGO/R/6937	2024-06-07	National	Kilimanjaro	Hai	0	2025-11-07	Boma Ngombe	20.7	-3.40441409853762	37.31053952492735	https://nis.jamii.go.tz/ngo_profile/19592	True	Our organization envisions a Tanzanian future where African Blackwood embodies resilience and heritage, flourishing in balanced ecosystems, promoting harmony between nature and humanity.	"[{""title"": ""African Blackwood Conservation and Ethnobotanical Organization (ABCEO)"", ""from"": ""2025-01-15"", ""to"": ""2025-11-07""}]"
17095	Treasure Healthcare Organization	none	unlikely			00NGO/R/6997	2024-06-25	National	Arusha	Arumeru	1		Usa River	21.0	-3.5451778	36.9185745	https://nis.jamii.go.tz/ngo_profile/17095	True	THO envisages a health conscious society for sustainable development of the society.	
24433	HOPE PRISONERS' SUPPORT  FOUNDATION(HPSF)	none	unlikely			00NGO/R/10076	2026-08-07	National	Kilimanjaro	Moshi	0		Boma Ngombe	21.0	-3.30343	37.32470	https://nis.jamii.go.tz/ngo_profile/24433	True	To be a Tanzania reputable and a leading high quality legal aid service provider assisting timely equal access to justice for&nbsp; Indigent and marginalized&nbsp;Prisoners&nbsp;	
4587	ORGANIZATION FOR SCIENCE EDUCATION AND OBSERVATORY	none	unlikely			01NGO/00007428	2014-08-12	District	Arusha	Arusha	0		Arusha City	21.5	-3.3190633	36.4709752	https://nis.jamii.go.tz/ngo_profile/4587	True	"The Organizationfor science education and Observatory envisions a society&nbsp;where science and technology is&nbsp; &nbsp;ingrained in the attitudes ofits &nbsp;people and 

 their development."	
486	AFRICAN AMINI ALAMA TANZANIA	none	unlikely			I-NGO/R2/000538	2019-10-15	International	Arusha	Arumeru	0		Usa River	21.8	-3.4896124	37.0141625	https://nis.jamii.go.tz/ngo_profile/486	True	improve wellbeing of communities	
4505	ROYAL PINNACLE FOR THE COMMUNITY( RP4TC)	none	unlikely			00NGO/00009864	2018-08-20	National	Arusha	Arumeru	3		Usa River	21.8	-3.4896124	37.0141625	https://nis.jamii.go.tz/ngo_profile/4505	True	To have society with prosperous and sustainable development	
7309	KILIMANJARO ASSOCIATION OF THE SPINALLY INJURED (KASI)	none	unlikely			1956	2008-05-15	National	Kilimanjaro	Moshi	3		Boma Ngombe	21.8	-3.3514832	37.3338473	https://nis.jamii.go.tz/ngo_profile/7309	True	-	
13062	CLASSIFICATION NOMENCLATURE ORGANIZATION	none	unlikely			00NGO/00007843	2015-03-06	National	Arusha	Arumeru	1		Usa River	21.8	-3.4896124	37.0141625	https://nis.jamii.go.tz/ngo_profile/13062	True	-	
15825	Help for Maasai Community of Arusha (HMCA)	none	unlikely			00NGO/R/3832	2022-09-22	National	Arusha	Arumeru	0		Usa River	21.8	-3.4896124	37.0141625	https://nis.jamii.go.tz/ngo_profile/15825	True	To change the future of Maasai Community socially and economically in reflection with the Climatic and technological change.	
4298	DUNIA MOJA PAMOJA	none	unlikely			00NG0/00006693	Years of Experience:	National	Arusha	Arusha	0		Ilboru	22.3	-3.1459858	36.6933213	https://nis.jamii.go.tz/ngo_profile/4298	True	"&nbsp; 

 To have health and wealth communities in clean enviroment."	
5054	INNOVATIVE COMMUNITY SOLUTION	none	unlikely			00NGO/00009987	2018-12-07	National	Arusha	Arusha	0		Ilboru	22.3	-3.1459858	36.6933213	https://nis.jamii.go.tz/ngo_profile/5054	True	People in communities &nbsp;are working &nbsp;together and &nbsp;use &nbsp;innovative &nbsp;solutions to &nbsp;address community issues.	
5724	Maji kwa Vijiji Initiative	none	unlikely			00NGO/00005481	2012-04-27	National	Arusha	Arusha	0		Kijenge	22.3	-3.579539	36.6676334	https://nis.jamii.go.tz/ngo_profile/5724	True	Our vision is to advocate the problems of clean and safe water in the villages aiming to solve the problem in a participatory approach.	
13292	TRAFFIC INTERNATIONAL EAST AFRICA	none	unlikely			I-NGO/R/2687	2021-12-15	International	Arusha	Arusha	2		Kijenge	22.3	-3.579539	36.6676334	https://nis.jamii.go.tz/ngo_profile/13292	True	A world where wildlife trade&nbsp;is managed in a way that maintains healthy wildlife populations and ecosystems; contributes to meeting human needs;	
15411	CAREERPATH	none	unlikely			00NGO/R/3610	2022-08-05	National	Arusha	Arusha	3	2025-12-31	Kijenge	22.3	-3.579539	36.6676334	https://nis.jamii.go.tz/ngo_profile/15411	True	Graduates who are economically stabled, empowered and properly utilise the available resaources.	"[{""title"": ""No Active Projects"", ""from"": ""2025-01-01"", ""to"": ""2025-12-31""}, {""title"": ""THE HLIs DELIVER'24 INVESTMENT CONFERENCE"", ""from"": ""2024-09-20"", ""to"": ""2024-09-20""}, {""title"": ""The HLIs DELIVER'24 INVESTMENT CONFERENCE"", ""from"": ""2024-09-20"", ""to"": ""2024-09-20""}, {""title"": ""No projects were carried out other than auditing and annual fees payment"", ""from"": ""2023-01-01"", ""to"": ""2023-12-31""}]"
21622	Tanzania Innovative Research and Development Organization (TIREDO)	none	unlikely			00NGO/R/8489	2025-05-30	National	Kilimanjaro	Moshi	0		Boma Ngombe	22.3	-3.34011349066787	37.33942195797562	https://nis.jamii.go.tz/ngo_profile/21622	True	To be a leading catalyst for innovative research, sustainable development, and community empowerment, creating a prosperous, employment-enhanced, and educated society in Tanzania and beyond.	
15322	EMPOWERING COMMUNITY ORGANIZATION	none	unlikely			00NGO/R/8751	2025-11-20	National	Kilimanjaro	Moshi	0		Boma Ngombe	22.4	-3.33488	37.34038	https://nis.jamii.go.tz/ngo_profile/15322	True	To create empowered, self-sustaining rural communities where every individual enjoys equal opportunity, dignity, and improved quality of life.	
19289	ELCT Northern Diocese Community Support (ELCT- ND CS)	none	unlikely			00NGO/R/6994	2024-05-25	National	Kilimanjaro	Moshi	1		Boma Ngombe	22.4	-3.33488333	37.34038056	https://nis.jamii.go.tz/ngo_profile/19289	True	The community whose wellbeing has been transformed economically and socially	
21266	RAWDHWATUL JANNAH CHARITABLE ORGANIZATION	none	unlikely			00NGO/R/8265	2025-04-07	National	Kilimanjaro	Moshi	0	2026-04-29	Boma Ngombe	22.4	-3.34000	37.34000	https://nis.jamii.go.tz/ngo_profile/21266	True	To promote holistic community development by providing social, educational, health, and economic empowerment programs;	"[{""title"": ""Madrsa ECD"", ""from"": ""2026-04-15"", ""to"": ""2026-04-29""}, {""title"": ""Madrsa ECD"", ""from"": ""2026-04-15"", ""to"": ""2026-04-29""}]"
17276	KILIMANJARO ENVIRONMENTAL NETWORK(KEnet)	none	unlikely			00NGO/R/6902	2024-05-25	National	Kilimanjaro	Moshi	0		Boma Ngombe	22.6	-3.3753474	37.3378824	https://nis.jamii.go.tz/ngo_profile/17276	True	To have clean ,Healthy and well protected environment supporting a sustainable society and economy of the country.	
21942	GreenVit Health Initiative (GHI)	none	unlikely			00NGO/R/9456	2025-09-04	National	Kilimanjaro	Moshi	0	2026-07-30	Boma Ngombe	22.6	-3.3203810	37.3410021	https://nis.jamii.go.tz/ngo_profile/21942	True	We envision a healthy community where individuals are in charge of their health and free from preventable non-communicable diseases (NCDs).	"[{""title"": ""Afya Pamoja"", ""from"": ""2027-04-30"", ""to"": ""2026-07-30""}, {""title"": ""Afya Pamoja"", ""from"": ""2027-04-30"", ""to"": ""2026-07-30""}]"
6719	KILIMANJARO PROGRESSIVE FOUNDATION (KPF)	none	unlikely			00NGO/R/0096	2022-01-25	National	Kilimanjaro	Moshi	0		Boma Ngombe	22.7	-3.3260736	37.3422766	https://nis.jamii.go.tz/ngo_profile/6719	True	Kuwa na jamii yenye maisha bora inayozingatia Demokrasia, usawa wa kijinsia, afya inayopambana na umasikini na maendeleo ya jamii kwa ujumla.	
17979	Tanzania Friends of Conservation	none	unlikely			00NGO/R/5495	2023-12-13	National	Kilimanjaro	Moshi	0		Boma Ngombe	22.7	-3.3260736	37.3422766	https://nis.jamii.go.tz/ngo_profile/17979	True	To be the leading environmental conservators and supporters of society&#39;s well-being	
21584	WORLDWIDE OPPORTUNITIES ON ORGANIC FARMS (WWOOF)	none	unlikely			00NGO/R/8360	2025-04-30	National	Kilimanjaro	Moshi	0		Boma Ngombe	22.7	-3.3788952	37.3377241	https://nis.jamii.go.tz/ngo_profile/21584	True	Sustainable Community conscious of ecological farming practices.	
726	KILIMANJARO CENTRE FOR COMMUNITY OPHALMOLOGY TANZANIA	none	unlikely			00NGO/R2/000318	2019-08-06	National	Kilimanjaro	Moshi	0		Boma Ngombe	22.8	-3.3489229	37.3427344	https://nis.jamii.go.tz/ngo_profile/726	True	TO ENVISION A FUTURE WITH HIGH QUALITY PATIENT -CENTERED EYE CARE THROUGH WELL-FUNCTIONING SYSTEMS SO AS TO ENSURE THE PEOPLE HAVE ACCESS TO HIGH QUALITY EYE CARE SERVICES	
11806	Endangered Species Conservation Foundation (ESCF)	none	unlikely			00NGO/R/1568	2021-01-04	National	Kilimanjaro	Moshi	0		Boma Ngombe	23.0	-3.3362405	37.3452528	https://nis.jamii.go.tz/ngo_profile/11806	True	A community that aware of wild life conservation, protecting the endangered animals&nbsp;with better livelihood.	
14369	Akili Chanya Initiative Tanzania	none	unlikely			00NGO/R/3094	2022-04-19	National	Kilimanjaro	Moshi	0		Boma Ngombe	23.0	-3.3362405	37.3452528	https://nis.jamii.go.tz/ngo_profile/14369	True	Community where everyone can identify early signs of mental health issues&nbsp;and have acess to education and canceling&nbsp;programs.&nbsp;	
7390	KILIMANJARO ANIMAL CENTRE FOR RESCUE EDUCATION &WILDLIFE	none	unlikely	animal or wildlife organisation		00NGO/00007782	2015-02-13	National	Kilimanjaro	Moshi	2	2022-12-31	Boma Ngombe	23.1	-3.3696987	37.34344572961041	https://nis.jamii.go.tz/ngo_profile/7390	True	To creat a generation of informed and compassionate youth who will lead Tanzania to a more sustainable future for wildlife,the environment and the community	"[{""title"": ""Rescue,Education and Wildlife"", ""from"": ""2022-01-01"", ""to"": ""2022-12-31""}, {""title"": ""Rescue,Education and Wildlife"", ""from"": ""2021-01-01"", ""to"": ""2021-12-31""}, {""title"": ""Rescue,Education and Wildlife"", ""from"": ""2020-01-01"", ""to"": ""2020-12-31""}]"
16534	Nicas Community Foundation	none	unlikely			00NGO/R/4277	2023-01-16	National	Kilimanjaro	Moshi	0		Boma Ngombe	23.1	-3.3696987	37.34344572961041	https://nis.jamii.go.tz/ngo_profile/16534	True	To prioritize, and act upon, urgent community development needs with the aim of achieving sustainable development in the United Republic of Tanzania.	
25491	DARAJA LA UTAMADUNI ORGANIZATION	none	unlikely			00NGO/R/10059	2026-08-07	National	Kilimanjaro	Moshi	0		Boma Ngombe	23.3	-3.3563	37.3472	https://nis.jamii.go.tz/ngo_profile/25491	True	A culturally vibrant, inclusive, and sustainable society where heritage and creativity drive unity, empowerment, and sustainable development.	
7101	BINTI WA TANZANIA INUKA FOUNDATION	none	unlikely			00NGO/00007010	2014-03-17	National	Kilimanjaro	Moshi	0		Boma Ngombe	23.4	-3.2330289	37.3228132	https://nis.jamii.go.tz/ngo_profile/7101	True	To see all the girls in Tanzania glow with social and moral skills and ability to provide themselves with basic needs of life	
18486	TUNZA FOUNDATION	none	unlikely			00NGO/R/5115	2024-01-09	National	Kilimanjaro	Moshi	0		Boma Ngombe	23.4	-3.2330289	37.3228132	https://nis.jamii.go.tz/ngo_profile/18486	True	80% rejuvenated Kilimanjaro&#39;s arid and dying lands by 2023	
23980	WEMA PSYCHOSOCIAL SUPPORT ORGANISATION (WEPSO)	none	unlikely			00NGO/R/9514	2026-03-16	National	Kilimanjaro	Moshi	0	2026-06-30	Boma Ngombe	23.6	-3.343679782834581	37.35104899853468	https://nis.jamii.go.tz/ngo_profile/23980	True	A SOCIETY WHERE COMUNITY &nbsp;ACCESS&nbsp; TO PSYCHOLOGICAL SUPPORT, EDUCATION AND OPPORTUNITIES TO THRIVE FREE FROM CHALLENGES	"[{""title"": ""UTU WAKO, THAMANI YAKO"", ""from"": ""2026-04-01"", ""to"": ""2026-06-30""}]"
4568	Meru Animal Welfare Organization	none	unlikely	animal or wildlife organisation		00NGO/00007157	2014-06-03	National	Arusha	Arumeru	0		Usa River	23.7	-3.15274	36.8406814	https://nis.jamii.go.tz/ngo_profile/4568	True	Animals should be respected as living beings like human beings&quot;	
17886	THE LIVING SMILE INTERNATIONAL (LSI)	none	unlikely			00NGO/R/5698	2023-08-16	National	Arusha	Arumeru	1		Usa River	23.7	-3.15274	36.8406814	https://nis.jamii.go.tz/ngo_profile/17886	True	To be a centre of excellence that conducts cutting edge research, training and capacity building on parenting, marriage, family and human development for better	
18369	Fungua Education Foundation	none	unlikely			00NGO/R/5778	2023-10-18	National	Arusha	Arumeru	0		Usa River	23.7	-3.15274	36.8406814	https://nis.jamii.go.tz/ngo_profile/18369	True	A community of highly educated people sufficiently equipped with the requisite knowledge, skills, competencies, and attitudes to solve society&rsquo;s problems and meet challenges of development.	
7543	SIHA DEVELOPMENT ORGANIZATION (SIDEO)	none	unlikely			3490	Years of Experience:	National	Kilimanjaro	Siha	0		Boma Ngombe	23.8	-3.1501093	37.0283541	https://nis.jamii.go.tz/ngo_profile/7543	True	Siha Development Organization (SIDEO) envisages a Tanzanian society where members and their communities are empowered to effectively take part in local development processes that can benefit all citizens equally and in a sustainable manner.	
7600	T.P.C PARENTS AGAINST AIDS (TPAA)	none	unlikely			1746	2006-09-12	District	Kilimanjaro	Moshi	4		Boma Ngombe	23.8	-3.34900585	37.35245613455861	https://nis.jamii.go.tz/ngo_profile/7600	True	"U  K  I  M  W  I   &nbsp;  N  I   V  I  T  A  ,   PI  G  A  N  A &nbsp;  K  W  A UA  M  I  N  F  U.  

 &nbsp;"	
15078	CONCEPT ONE FOUNDATION	none	unlikely			00NGO/R/3315	2022-05-19	National	Kilimanjaro	Moshi	0		Boma Ngombe	23.8	-3.34900585	37.35245613455861	https://nis.jamii.go.tz/ngo_profile/15078	True	To be a leading catalyst for sustainable development, climate resilience, and community empowerment in Tanzania and Africa at large.	
24332	Sustainable Landscapes Tanzania (SULTA)	none	unlikely			00NGO/R/9588	2026-03-10	National	Arusha	Monduli	0		Arusha City	24.0	-3.3127505	36.4485361	https://nis.jamii.go.tz/ngo_profile/24332	True	A Tanzania of sustainable landscapes that is resilient and harmonious, where rural and urban communities thrive, ecosystems are healthy, and land is managed equitably.	
536	ENJETARE FOUNTAIN OF HOPE	none	unlikely			00NGO/R/0281	2019-07-31	National	Kilimanjaro	Moshi	0		Boma Ngombe	24.5	-3.2968443	37.3555628	https://nis.jamii.go.tz/ngo_profile/536	True	To have a society that lives in good housing facilities and good social amenities that are constructed from environmental friendly materials.	
4468	FIGHT DEMENTIA AND CARE ORGANIZATION (FDCO)	none	unlikely			00NGO/00009856	2018-08-17	National	Arusha	Arusha	0		Kijenge	24.5	-3.5804324	36.8086048	https://nis.jamii.go.tz/ngo_profile/4468	True	"&nbsp; 

 A community free dementia and aware of on how to fight it."	
16115	PEAK FOR ENVIRONMENT FOCUS (PEF)	none	unlikely			00NGO/R/6175	2024-05-01	National	Arusha	Arusha	0		Kijenge	24.5	-3.5804324	36.8086048	https://nis.jamii.go.tz/ngo_profile/16115	True	To become the performing non-governmental organization by achieving the set goals pertaining to environmetal conservation, awareness and community.	
17755	OLOSHO SIDAI ORGANIZATION	none	unlikely			09NGO/R/5961	2023-11-03	Regional	Manyara	Simanjiro	0		Kijenge	24.9	-3.607426015958667	36.71709196399916	https://nis.jamii.go.tz/ngo_profile/17755	True	A community that is economically stable, healthy, well educated within conducive environment.	
23055	AKISI YA THAMANI FOUNDATION (ATF)	none	unlikely			00NGO/R/8719	2025-10-18	National	Arusha	Arumeru	0		Usa River	25.7	-3.1333	36.8667	https://nis.jamii.go.tz/ngo_profile/23055	True	To create a thriving world where empowerment, self-love, cultural preservation, and environmental care&nbsp;come together to foster lasting personal and community well-being.&quot;	
16960	AKILI HURU	none	unlikely			01NGO/R/4890	2023-06-07	National	Arusha	Arusha	0		Arusha City	25.8	-3.4760382	36.4646286	https://nis.jamii.go.tz/ngo_profile/16960	True	"&nbsp; 

  Creating a world where education, information, and services on mental well-being &nbsp;are accessible and culturally relevant"	
17874	Worthy of hope Tanzania	none	unlikely			00NGO/R/5021	2023-08-01	National	Kilimanjaro	Moshi	0		Boma Ngombe	26.8	-3.4124857	37.3671184	https://nis.jamii.go.tz/ngo_profile/17874	True	Economically stability well educated community healthy and self dependency	
13074	COMMUNITY EDUCATION RESOURCES FOUNDATION	none	unlikely			00NGO/R/2229	2021-09-07	National	Arusha	Arumeru	1		Usa River	28.9	-3.1067215	36.8991802	https://nis.jamii.go.tz/ngo_profile/13074	True	To have a society that all people have prosperous, sustainable and improved living standard in terms of education, health and livelihoods in general.	
15741	Doctors for the Destitutes (D4D) Foundation	none	unlikely			00NGO/R/3925	2022-10-24	National	Kilimanjaro	Moshi	0		Boma Ngombe	29.2	-3.2496436	37.3870193	https://nis.jamii.go.tz/ngo_profile/15741	True	Healthy community, economically stable with better livelihood.	
283	ARUSHA MENTAL HEALTH	none	unlikely			00NGO/R/0353	2019-08-05	National	Arusha	Arusha	3	2021-03-31	Arusha City	0.0	-3.3527984	36.661260867522074	https://nis.jamii.go.tz/ngo_profile/283	True	Facilitate quality mental health care in Tanzania	"[{""title"": ""Psychopastoral Counselling"", ""from"": ""2021-01-01"", ""to"": ""2021-03-31""}, {""title"": ""Psychopastoral Counselling"", ""from"": ""2021-01-01"", ""to"": ""2021-03-31""}]"
15396	FARAJA AFRICA FOUNDATION	none	unlikely			00NGO/R/3634	2022-09-05	International	Arusha	Arusha	0	2025-12-31	Arusha City	0.0	-3.3527984	36.661260867522074	https://nis.jamii.go.tz/ngo_profile/15396	True	A leading&nbsp;young African leaders who are socially and economically empowered	"[{""title"": ""8th East African Youth Parliament (EAYP) 2025"", ""from"": ""2025-09-01"", ""to"": ""2025-12-31""}, {""title"": ""Social Media Awareness on Employment"", ""from"": ""2024-02-12"", ""to"": ""2024-11-25""}, {""title"": ""Social Media Awareness on Employment"", ""from"": ""2023-04-19"", ""to"": ""2023-09-20""}]"
