record_type	source_path	source_location	source_url	source_date	acquired_on	verified_on	verification_status	evidence_basis	evidence_excerpt	notes	organisation_name	organisation_domain	segment	subtype	priority	campus	distance_km	radius_tier	geocode_precision	latitude	longitude	locality	address	website	public_email	public_phone	size_evidence	headcount	education_angle	founded	licence_class	osm_id	desk_tier	desk_score	transport_band	contact_name	role	role_certainty	contact_route	shared_email	published_role_email	named_email	organisation_phone	role_phone	profile_url	channel_attribution	enquiry_author	enquiry_type	enquiry_date	date_qualification	request	platform	contact_attribution	current_relevance	campus_fit	enquiry_phone	enquiry_email	relevance_reason	proposed_offer	cta_type	hook	hook_source_url	hook_verified_on	acquisition_track_id	value_module_ids	review_status	missing_information	lead_track	record_key	welfare_fit	care_model	pdpa_risk	pdpa_risk_reason	proposed_welfare_track	track_reason	priority_score	factors_known	children_served_published	children_served_as_of	age_range_published	gender_served	schooling_arrangement_published	runs_own_school	funding_model_published	registration_published	nis_reg_no	nis_reg_date	nis_profile_url	licence_status	operator_or_umbrella	religious_affiliation_published	services	known_funders_or_partners	foreign_charity_registrations	social_media	all_emails	all_phones	volunteer_programme	volunteer_fee_published	safeguarding_policy_url	staff_count_published	latest_activity_date	red_flags	catchment_note	master_organisation_id	nearest_primary_campus	distance_to_primary_km	all_sources_json	email_type	phone_type	author_type_stated	locality_text
contact		Contact - Ujamaa Tanzania Foundation	https://www.ujamaachildren.org/contact		2026-09-22	2026-09-22	verified	official	Contact: hello@ujamaachildren.org; PO Box 12993 Arusha; Australian postal address in Port Melbourne.		Ujamaa Children's Home	ujamaachildren.org										Njiro															General enquiries	confirmed	email		hello@ujamaachildren.org					Published by Ujamaa Tanzania Foundation on its contact and home pages.																				research_only		welfare_customer	WCON_ujamaa_children_home_general_enquiries			low	Generic role email at the organisation's own domain.																							"[""hello@ujamaachildren.org""]"												"[{""url"": ""https://www.ujamaachildren.org/contact"", ""title"": ""Contact - Ujamaa Tanzania Foundation"", ""source_date"": """", ""accessed_on"": ""2026-09-22"", ""evidence_basis"": ""official"", ""fetched"": true, ""facts_supported"": [""email"", ""postal_address""], ""evidence_excerpt"": ""Contact: hello@ujamaachildren.org; PO Box 12993 Arusha; Australian postal address in Port Melbourne.""}]"	role	unknown		
contact		People - Ujamaa Tanzania Foundation	https://www.ujamaachildren.org/people		2026-09-22	2026-09-22	verified	official	Lists founder and director of programs, operations manager, house manager, social worker; 13 Tanzanian staff.		Ujamaa Children's Home	ujamaachildren.org										Njiro														Carley Mchome	Founder and Director of Programs	confirmed	website						https://www.ujamaachildren.org/people	Named with role on Ujamaa's own People page; no direct email or phone published.																				research_only		welfare_customer	WCON_ujamaa_children_home_carley_mchome			medium	Named individual in a professional role as published by the organisation.																																			"[{""url"": ""https://www.ujamaachildren.org/people"", ""title"": ""People - Ujamaa Tanzania Foundation"", ""source_date"": """", ""accessed_on"": ""2026-09-22"", ""evidence_basis"": ""official"", ""fetched"": true, ""facts_supported"": [""staff"", ""roles"", ""board""], ""evidence_excerpt"": ""Lists founder and director of programs, operations manager, house manager, social worker; 13 Tanzanian staff.""}]"		unknown		
contact		People - Ujamaa Tanzania Foundation	https://www.ujamaachildren.org/people		2026-09-22	2026-09-22	verified	official	Lists founder and director of programs, operations manager, house manager, social worker; 13 Tanzanian staff.		Ujamaa Children's Home	ujamaachildren.org										Njiro														Fatuma Iddi	Operations Manager	confirmed	website						https://www.ujamaachildren.org/people	Named with role on Ujamaa's own People page; no direct email or phone published.																				research_only		welfare_customer	WCON_ujamaa_children_home_fatuma_iddi			medium	Named individual in a professional role as published by the organisation.																																			"[{""url"": ""https://www.ujamaachildren.org/people"", ""title"": ""People - Ujamaa Tanzania Foundation"", ""source_date"": """", ""accessed_on"": ""2026-09-22"", ""evidence_basis"": ""official"", ""fetched"": true, ""facts_supported"": [""staff"", ""roles"", ""board""], ""evidence_excerpt"": ""Lists founder and director of programs, operations manager, house manager, social worker; 13 Tanzanian staff.""}]"		unknown		
contact		Contacts - Malaika Children's Friends	https://www.malaika-childrenfriends.org/contacts/?lang=en		2026-09-22	2026-09-22	verified	official	info@ email; Tanzania phones +255 787 288 870 and +255 784 505 555; PO Box 1708 Arusha; Milan office.		Malaika Children's Friends	malaika-childrenfriends.org										Moshono															Tanzania office / general enquiries	confirmed	email		info@malaika-childrenfriends.org			+255784505555		Published on Malaika's own Contacts page for the Tanzania office.																				research_only		welfare_customer	WCON_malaika_children_friends_office_general_enquiries			medium	Generic organisational email plus mobiles the organisation publishes as its contact lines.																							"[""info@malaika-childrenfriends.org""]"	"[""+255784505555"", ""+255787288870""]"											"[{""url"": ""https://www.malaika-childrenfriends.org/contacts/?lang=en"", ""title"": ""Contacts - Malaika Children's Friends"", ""source_date"": """", ""accessed_on"": ""2026-09-22"", ""evidence_basis"": ""official"", ""fetched"": true, ""facts_supported"": [""email"", ""phone"", ""postal_address""], ""evidence_excerpt"": ""info@ email; Tanzania phones +255 787 288 870 and +255 784 505 555; PO Box 1708 Arusha; Milan office.""}]"	role	unknown		
contact		ABOUT US | Samaritan Village Orphanage	https://www.samaritanvillageorphanage.org/about-us		2026-09-22	2026-09-22	verified	official	More than 70 children in permanent residence; preschool with three classrooms for ages 3-5 opened January 2025; clinic opened 2019.		Samaritan Village Orphanage	samaritanvillageorphanage.org										Moshono														Josephat Mmanyi	Director	confirmed	website						https://www.samaritanvillageorphanage.org/about-us	Named as Director on Samaritan Village's own About page; no direct route published.																				research_only		welfare_customer	WCON_samaritan_village_orphanage_josephat_mmanyi			medium	Named individual in a professional role as published by the organisation.																																			"[{""url"": ""https://www.samaritanvillageorphanage.org/about-us"", ""title"": ""ABOUT US | Samaritan Village Orphanage"", ""source_date"": """", ""accessed_on"": ""2026-09-22"", ""evidence_basis"": ""official"", ""fetched"": true, ""facts_supported"": [""founded"", ""leadership"", ""children_served"", ""preschool"", ""clinic""], ""evidence_excerpt"": ""More than 70 children in permanent residence; preschool with three classrooms for ages 3-5 opened January 2025; clinic opened 2019.""}]"		unknown		
contact		Samaritan Village Orphanage | PO Box 444 Yuba City, CA	https://www.samaritanvillageorphanage.org/		2026-09-22	2026-09-22	verified	official	Cares for orphaned, abandoned and trafficked children; site says government named it Most Outstanding Orphanage in Tanzania.	Email reconstructed from on-page text 'samaritan' followed by a linked 'vo@gmail.com'; verify before use.	Samaritan Village Orphanage	samaritanvillageorphanage.org										Moshono															US support office (Yuba City)	confirmed	email	samaritanvo@gmail.com				+15303004916		Published on Samaritan Village's own site (home and sponsor pages).																				research_only		welfare_customer	WCON_samaritan_village_orphanage_us_support_office			medium	Organisation's shared contact on a personal-domain (gmail) mailbox.																							"[""samaritanvo@gmail.com""]"	"[""+15303004916""]"											"[{""url"": ""https://www.samaritanvillageorphanage.org/"", ""title"": ""Samaritan Village Orphanage | PO Box 444 Yuba City, CA"", ""source_date"": """", ""accessed_on"": ""2026-09-22"", ""evidence_basis"": ""official"", ""fetched"": true, ""facts_supported"": [""contact"", ""services"", ""government_recognition""], ""evidence_excerpt"": ""Cares for orphaned, abandoned and trafficked children; site says government named it Most Outstanding Orphanage in Tanzania.""}, {""url"": ""https://www.samaritanvillageorphanage.org/sponsor"", ""title"": ""Sponsor | Samaritan Village Orphanage"", ""source_date"": """", ""accessed_on"": ""2026-09-22"", ""evidence_basis"": ""official"", ""fetched"": true, ""facts_supported"": [""email"", ""phone"", ""sponsorship""], ""evidence_excerpt"": ""Sponsorship tiers $20-$100 a month; $100 tier 'includes education'; US phone 530-300-4916; Yuba City PO Box.""}, {""url"": ""https://www.samaritanvillageorphanage.org/contact"", ""title"": ""Contact - Samaritan Village Orphanage"", ""source_date"": """", ""accessed_on"": ""2026-09-22"", ""evidence_basis"": ""official"", ""fetched"": true, ""facts_supported"": [""contacts""], ""evidence_excerpt"": ""Tanzania: P.O. Box 1317 Arusha, 0754 507 376, samvillagetz@gmail.com; US: 530-300-4916, samaritanvo@gmail.com.""}]"	shared	unknown		
contact		Love Our Tanzania Family	https://www.loveourtanzaniafamily.org/		2026-09-22	2026-09-22	needs_review	published	US funder: orphanage houses 30+ children aged 5-17 taken off the streets; Upendo Tiengo named 'Mama Director'; December 2025 matching drive.		Tumaini For Africa Orphanage											Njiro Road area														Upendo Tiengo	Mama Director	confirmed	website						https://www.loveourtanzaniafamily.org/	Named with role by the US funder Love Our Tanzania Family; no direct route published.																				research_only		welfare_customer	WCON_tumaini_for_africa_orphanage_upendo_tiengo			medium	Named individual in a professional role, published by a funder rather than the home itself.																																			"[{""url"": ""https://www.loveourtanzaniafamily.org/"", ""title"": ""Love Our Tanzania Family"", ""source_date"": """", ""accessed_on"": ""2026-09-22"", ""evidence_basis"": ""published"", ""fetched"": true, ""facts_supported"": [""name"", ""children_served"", ""age_range"", ""director"", ""schooling"", ""latest_activity""], ""evidence_excerpt"": ""US funder: orphanage houses 30+ children aged 5-17 taken off the streets; Upendo Tiengo named 'Mama Director'; December 2025 matching drive.""}]"		unknown		
contact		Neema Village - A Baby Home, A Mothering Center, and A Widows Home	https://neemavillage.org/		2026-09-22	2026-09-22	verified	official	Baby home for abandoned, orphaned and at-risk babies, mothering centre and widows' home; US 501(c)(3) and Tanzanian NGO.		Neema Village Tanzania Inc											Waco, TX															General enquiries	confirmed	email		info@neemavillage.org		+12547175233			Published on Neema Village's own website (US office phone).																				research_only		welfare_customer	WCON_neema_village_general_enquiries			low	Role email at own domain; US office line.																							"[""info@neemavillage.org""]"	"[""+12547175233""]"											"[{""url"": ""https://neemavillage.org/"", ""title"": ""Neema Village - A Baby Home, A Mothering Center, and A Widows Home"", ""source_date"": """", ""accessed_on"": ""2026-09-22"", ""evidence_basis"": ""official"", ""fetched"": true, ""facts_supported"": [""name"", ""services"", ""email"", ""social_media"", ""registration""], ""evidence_excerpt"": ""Baby home for abandoned, orphaned and at-risk babies, mothering centre and widows' home; US 501(c)(3) and Tanzanian NGO.""}, {""url"": ""https://neemavillage.org/contact/"", ""title"": ""Contact - Neema Village"", ""source_date"": """", ""accessed_on"": ""2026-09-22"", ""evidence_basis"": ""official"", ""fetched"": true, ""facts_supported"": [""contacts""], ""evidence_excerpt"": ""US address P.O. Box 21553 Waco TX; phone 254-717-5233; no Tanzanian street address given.""}, {""url"": ""https://neemavillage.org/"", ""title"": ""Neema Village - A Baby Home, A Mothering Center, and A Widows Home"", ""source_date"": """", ""accessed_on"": ""2026-09-22"", ""evidence_basis"": ""official"", ""fetched"": true, ""facts_supported"": [""services"", ""contacts"", ""registration"", ""social_media""], ""evidence_excerpt"": ""US 501(c)(3) with 17-member board; baby home, mothering centre, special-needs day rehab; info@neemavillage.org.""}, {""url"": ""https://neemavillage.org/"", ""title"": ""Neema Village - home page"", ""source_date"": """", ""accessed_on"": ""2026-09-22"", ""evidence_basis"": ""published"", ""fetched"": true, ""facts_supported"": [""description"", ""registration"", ""email"", ""phone""], ""evidence_excerpt"": ""Baby home, mothering centre and widows home in Arusha; US 501(c)3 Neema Village Tanzania, Inc.; info@neemavillage.org.""}]"	role	office		
contact		Volunteer in Africa - Neema Village	https://neemavillage.org/volunteer-in-africa/		2026-09-22	2026-09-22	verified	official	Volunteers stay up to one month; $100 housing deposit plus monthly housing; apply via volunteer@ email.		Neema Village Tanzania Inc											Waco, TX															Volunteer coordination	confirmed	email		volunteer@neemavillage.org					Published on Neema Village's volunteer page.																				research_only		welfare_customer	WCON_neema_village_volunteer_coordination			low	Role email at own domain.																							"[""volunteer@neemavillage.org""]"												"[{""url"": ""https://neemavillage.org/volunteer-in-africa/"", ""title"": ""Volunteer in Africa - Neema Village"", ""source_date"": """", ""accessed_on"": ""2026-09-22"", ""evidence_basis"": ""official"", ""fetched"": true, ""facts_supported"": [""volunteer_programme"", ""email""], ""evidence_excerpt"": ""Volunteers stay up to one month; $100 housing deposit plus monthly housing; apply via volunteer@ email.""}]"	role	unknown		
contact		Original Homepage - Neema Village	https://neemavillage.org/original-homepage/	2016-01-01	2026-09-22	2026-09-22	needs_review	official	Founded June 2012 as Neema House by a retired US couple serving as unpaid volunteers; 46 babies in January 2016.		Neema Village Tanzania Inc											Waco, TX														Michael and Dorris Fortson	Founders; Director and Co-Director	unknown	website						https://www.guidestar.org/profile/46-2762501	Named on Neema Village's original homepage (c. 2016) and GuideStar profile; current roles not confirmed.																				research_only		welfare_customer	WCON_neema_village_michael_and_dorris_fortson			medium	Named individuals in professional roles as published by the organisation and a charity directory.																																			"[{""url"": ""https://neemavillage.org/original-homepage/"", ""title"": ""Original Homepage - Neema Village"", ""source_date"": ""2016-01"", ""accessed_on"": ""2026-09-22"", ""evidence_basis"": ""official"", ""fetched"": true, ""facts_supported"": [""founded"", ""founders"", ""history""], ""evidence_excerpt"": ""Founded June 2012 as Neema House by a retired US couple serving as unpaid volunteers; 46 babies in January 2016.""}, {""url"": ""https://www.guidestar.org/profile/46-2762501"", ""title"": ""NEEMA VILLAGE TANZANIA INC. - GuideStar"", ""source_date"": """", ""accessed_on"": ""2026-09-22"", ""evidence_basis"": ""directory"", ""fetched"": true, ""facts_supported"": [""foreign_registration"", ""tz_address"", ""leadership""], ""evidence_excerpt"": ""EIN 46-2762501, ruling year 2013; Tanzania address PO Box 13520 Arusha; director and co-director listed.""}]"		unknown		
contact		Huruma Orphanage | TerraWatu	https://terrawatu.org/current-projects/huruma-orphanage		2026-09-22	2026-09-22	needs_review	published	TerraWatu has partnered since 2020 with Huruma Children's Centre; some children sponsored for schooling by TerraWatu supporters.		Huruma Vision Children's Home											Muriet (Kwa Mrombo)														Eusebia Paul Masawe	Guardian / head of the home (per TerraWatu)	unknown	website						https://terrawatu.org/current-projects/huruma-orphanage	Named by partner NGO TerraWatu ('Mama Eusebia Paul Masawe'); no direct route published.																				research_only		welfare_customer	WCON_huruma_vision_children_home_eusebia_paul_masawe			medium	Named individual in a care role, published by a partner organisation.																																			"[{""url"": ""https://terrawatu.org/current-projects/huruma-orphanage"", ""title"": ""Huruma Orphanage | TerraWatu"", ""source_date"": """", ""accessed_on"": ""2026-09-22"", ""evidence_basis"": ""published"", ""fetched"": true, ""facts_supported"": [""partner"", ""guardian"", ""schooling""], ""evidence_excerpt"": ""TerraWatu has partnered since 2020 with Huruma Children's Centre; some children sponsored for schooling by TerraWatu supporters.""}]"		unknown		
contact		About LOHADA	https://lohada.org/about-lohada/		2026-09-22	2026-09-22	verified	official	Founded 1998 by Happiness Wambura, registered October 2000; Camp Joshua and Camp Moses; funded mainly via US charity Kesho.	Current role not stated; founder since 1998. | Email is the organisation's generic address on a personal-domain provider.	LOHADA											Arusha (centre locations not stated)														Happiness Wambura	Founder	unknown	email	lovinghand2000@yahoo.com				+255754447640	https://lohada.org/about-lohada/	Named as founder on LOHADA's own About page.																				research_only		welfare_customer	WCON_lohada_happiness_wambura			risky	Named individual on a personal email domain (lovinghand2000@yahoo.com); rubric sets risky.																							"[""lovinghand2000@yahoo.com""]"	"[""+255754447640""]"											"[{""url"": ""https://lohada.org/about-lohada/"", ""title"": ""About LOHADA"", ""source_date"": """", ""accessed_on"": ""2026-09-22"", ""evidence_basis"": ""official"", ""fetched"": true, ""facts_supported"": [""founded"", ""registration_year"", ""founder"", ""email"", ""phone"", ""funder""], ""evidence_excerpt"": ""Founded 1998 by Happiness Wambura, registered October 2000; Camp Joshua and Camp Moses; funded mainly via US charity Kesho.""}, {""url"": ""https://lohada.org/about-lohada/"", ""title"": ""About LOHADA"", ""source_date"": """", ""accessed_on"": ""2026-09-22"", ""evidence_basis"": ""official"", ""fetched"": true, ""facts_supported"": [""registration"", ""founder"", ""services"", ""funding"", ""contacts""], ""evidence_excerpt"": ""Registered October 2000 after informal start in 1998; founder-director named; Kesho (US) provides main funding.""}, {""url"": ""https://lohada.org/contact-us/"", ""title"": ""Contact us - LOHADA"", ""source_date"": """", ""accessed_on"": ""2026-09-22"", ""evidence_basis"": ""official"", ""fetched"": true, ""facts_supported"": [""email"", ""phone"", ""address""], ""evidence_excerpt"": ""Contacts: lovinghand2000@yahoo.com, +255 754 447640, P.O. Box 15495 Arusha.""}]"	shared	unknown		
contact		About LOHADA	https://lohada.org/about-lohada/		2026-09-22	2026-09-22	verified	official	Founded 1998 by Happiness Wambura, registered October 2000; Camp Joshua and Camp Moses; funded mainly via US charity Kesho.		LOHADA											Arusha (centre locations not stated)															General office	confirmed	email	lovinghand2000@yahoo.com				+255754447640		Published on LOHADA's own About and Camp Joshua pages.																				research_only		welfare_customer	WCON_lohada_general_office			medium	Organisation's shared contact on a personal-domain mailbox and mobile.																							"[""lovinghand2000@yahoo.com""]"	"[""+255754447640""]"											"[{""url"": ""https://lohada.org/about-lohada/"", ""title"": ""About LOHADA"", ""source_date"": """", ""accessed_on"": ""2026-09-22"", ""evidence_basis"": ""official"", ""fetched"": true, ""facts_supported"": [""founded"", ""registration_year"", ""founder"", ""email"", ""phone"", ""funder""], ""evidence_excerpt"": ""Founded 1998 by Happiness Wambura, registered October 2000; Camp Joshua and Camp Moses; funded mainly via US charity Kesho.""}, {""url"": ""https://lohada.org/camp-joshua-school/"", ""title"": ""Camp Joshua and Camp Moses Schools - LOHADA"", ""source_date"": """", ""accessed_on"": ""2026-09-22"", ""evidence_basis"": ""official"", ""fetched"": true, ""facts_supported"": [""own_school"", ""children_served"", ""funding""], ""evidence_excerpt"": ""Primary school for 200+ children from Unga Limited slums and a village near Shinyanga; about 100 boarders; pre-K to Level 7.""}]"	shared	mobile		
contact		Ummu Aisha Orphanage Center - Licence No. 06422	https://www.ummuaishaorphanage.org/		2026-09-22	2026-09-22	verified	official	Licensed children's home for girls (Licence 06422, 2025-2030); 39 resident girls, 25 boys supported in community; founded 2006.		Ummu Aisha Orphanage Centre	ummuaishaorphanage.org										Kirika 'B' (Simba Trucking area)															General office	confirmed	email		info@ummuaishaorphanage.org			+255615505411		Published on Ummu Aisha's own website (contact section; second number marked WhatsApp).																				research_only		welfare_customer	WCON_ummu_aisha_orphanage_centre_general_office			medium	Mobiles and a gmail address published by the organisation as its contact lines.																							"[""info@ummuaishaorphanage.org"", ""ummuaishaorphanage@gmail.com""]"	"[""+255615505411"", ""+255754878615""]"											"[{""url"": ""https://www.ummuaishaorphanage.org/"", ""title"": ""Ummu Aisha Orphanage Center - Licence No. 06422"", ""source_date"": """", ""accessed_on"": ""2026-09-22"", ""evidence_basis"": ""official"", ""fetched"": true, ""facts_supported"": [""name"", ""licence"", ""address"", ""phones"", ""emails"", ""children_served"", ""schooling"", ""partners"", ""latest_activity""], ""evidence_excerpt"": ""Licensed children's home for girls (Licence 06422, 2025-2030); 39 resident girls, 25 boys supported in community; founded 2006.""}, {""url"": ""https://www.ummuaishaorphanage.org/contact"", ""title"": ""Contact - Ummu Aisha Orphanage Centre"", ""source_date"": """", ""accessed_on"": ""2026-09-22"", ""evidence_basis"": ""official"", ""fetched"": true, ""facts_supported"": [""address"", ""phone"", ""email"", ""whatsapp""], ""evidence_excerpt"": ""Ummu Aisha Road behind Masjid Salaam, Simba Trucking, Kirika 'B' JR, house 28; +255615505411; WhatsApp +255754878615.""}, {""url"": ""https://www.ummuaishaorphanage.org/"", ""title"": ""Ummu Aisha Orphanage Center - Licence No. 06422"", ""source_date"": ""2025"", ""accessed_on"": ""2026-09-22"", ""evidence_basis"": ""official"", ""fetched"": true, ""facts_supported"": [""licence"", ""founded"", ""operator"", ""children_served"", ""contacts""], ""evidence_excerpt"": ""Licence 06422 valid 2025-2030; founded 2006 under Ansaar Muslim Youth Centre Arusha; girls resident, boys supported in community.""}, {""url"": ""https://www.ummuaishaorphanage.org/"", ""title"": ""Ummu Aisha Orphanage Center – Licence No. 06422"", ""source_date"": ""2025"", ""accessed_on"": ""2026-09-22"", ""evidence_basis"": ""official"", ""fetched"": true, ""facts_supported"": [""licence"", ""address"", ""founded"", ""children"", ""school fees"", ""contacts"", ""partners""], ""evidence_excerpt"": ""Licence 06422 (2025–2030); founded 2006; 39 girls resident, 25 boys supported in community; pays school fees primary to tertiary.""}]"	role	mobile		
contact		Emusoi Centre	https://www.emusoicentre.co.tz	2026-04-26	2026-09-22	2026-09-22	verified	official	PO Box 1547 Arusha; +255 754597205; emusoicenter@gmail.com; update on 2025 impact dated 26 April 2026.		Emusoi Centre	emusoicentre.co.tz										Sakina (original site per Wikipedia; current site not confirmed)															General office	confirmed	email	emusoicenter@gmail.com				+255754597205		Published on Emusoi Centre's own website.																				research_only		welfare_customer	WCON_emusoi_centre_general_office			medium	Organisation's contact on a personal-domain mailbox and a mobile.																							"[""emusoicenter@gmail.com""]"	"[""+255754597205""]"											"[{""url"": ""https://www.emusoicentre.co.tz"", ""title"": ""Emusoi Centre"", ""source_date"": ""2026-04-26"", ""accessed_on"": ""2026-09-22"", ""evidence_basis"": ""official"", ""fetched"": true, ""facts_supported"": [""contact"", ""latest_activity"", ""services""], ""evidence_excerpt"": ""PO Box 1547 Arusha; +255 754597205; emusoicenter@gmail.com; update on 2025 impact dated 26 April 2026.""}]"	shared	mobile		
contact		WOW Tanzania	https://wowtanzania.org/		2026-09-22	2026-09-22	verified	official	Programmes include Sponsor-a-Child (school fees, uniforms, meals, mentorship), WOW Cafe training and a student fund.		WOW Tanzania (Wakefulness Orphans And Widows Tanzania)	wowtanzania.org										Arusha (area not published)															General enquiries	confirmed	email		info@wowtanzania.org			+255684917161		Published on WOW Tanzania's own site.																				research_only		welfare_customer	WCON_wow_general_enquiries			medium	Mobile number published as the organisation's contact line.																							"[""info@wowtanzania.org""]"	"[""+255684917161""]"											"[{""url"": ""https://wowtanzania.org/"", ""title"": ""WOW Tanzania"", ""source_date"": """", ""accessed_on"": ""2026-09-22"", ""evidence_basis"": ""official"", ""fetched"": true, ""facts_supported"": [""name"", ""phone"", ""email"", ""programmes""], ""evidence_excerpt"": ""Programmes include Sponsor-a-Child (school fees, uniforms, meals, mentorship), WOW Cafe training and a student fund.""}]"	role	mobile		
contact		About - WOW Tanzania	https://wowtanzania.org/about/		2026-09-22	2026-09-22	verified	official	Co-founders: Chairperson/Cafe Director/SAC Project Manager, Executive Director, and Treasurer; based in Arusha.		WOW Tanzania (Wakefulness Orphans And Widows Tanzania)	wowtanzania.org										Arusha (area not published)														Paula Mwansa	Chairperson, Cafe Director and Sponsor-a-Child Project Manager	confirmed	website						https://wowtanzania.org/about/	Named with role on WOW Tanzania's own About page.																				research_only		welfare_customer	WCON_wow_paula_mwansa			medium	Named individual in a professional role as published by the organisation.																																			"[{""url"": ""https://wowtanzania.org/about/"", ""title"": ""About - WOW Tanzania"", ""source_date"": """", ""accessed_on"": ""2026-09-22"", ""evidence_basis"": ""official"", ""fetched"": true, ""facts_supported"": [""leadership"", ""location""], ""evidence_excerpt"": ""Co-founders: Chairperson/Cafe Director/SAC Project Manager, Executive Director, and Treasurer; based in Arusha.""}]"		unknown		
contact		About - WOW Tanzania	https://wowtanzania.org/about/		2026-09-22	2026-09-22	verified	official	Co-founders: Chairperson/Cafe Director/SAC Project Manager, Executive Director, and Treasurer; based in Arusha.		WOW Tanzania (Wakefulness Orphans And Widows Tanzania)	wowtanzania.org										Arusha (area not published)														Mike Mwansa	Executive Director	confirmed	website						https://wowtanzania.org/about/	Named with role on WOW Tanzania's own About page.																				research_only		welfare_customer	WCON_wow_mike_mwansa			medium	Named individual in a professional role as published by the organisation.																																			"[{""url"": ""https://wowtanzania.org/about/"", ""title"": ""About - WOW Tanzania"", ""source_date"": """", ""accessed_on"": ""2026-09-22"", ""evidence_basis"": ""official"", ""fetched"": true, ""facts_supported"": [""leadership"", ""location""], ""evidence_excerpt"": ""Co-founders: Chairperson/Cafe Director/SAC Project Manager, Executive Director, and Treasurer; based in Arusha.""}]"		unknown		
contact		Contact - Connects Autism Tanzania	https://connectsautismtanzania.org/contact/		2026-09-22	2026-09-22	verified	official	Phone 0713 401 595 and info@ email published.		Connects Autism Tanzania	connectsautismtanzania.org										Arusha (area not published)															General enquiries	confirmed	email		info@connectsautismtanzania.org			+255713401595		Published on the organisation's own contact page.																				research_only		welfare_customer	WCON_connects_autism_general_enquiries			medium	Mobile published as organisational line.																							"[""info@connectsautismtanzania.org""]"	"[""+255713401595""]"											"[{""url"": ""https://connectsautismtanzania.org/contact/"", ""title"": ""Contact - Connects Autism Tanzania"", ""source_date"": """", ""accessed_on"": ""2026-09-22"", ""evidence_basis"": ""official"", ""fetched"": true, ""facts_supported"": [""contact""], ""evidence_excerpt"": ""Phone 0713 401 595 and info@ email published.""}]"	role	mobile		
contact		Big Future Foundation	https://www.bigfuturefoundation.or.tz		2026-09-22	2026-09-22	verified	official	info@ email and +255 693 752 322 (phone/WhatsApp) published.		Big Future Foundation	bigfuturefoundation.or.tz										Arusha (area not published)															General enquiries	confirmed	email		info@bigfuturefoundation.or.tz			+255693752322		Published on the foundation's own site (phone and WhatsApp).																				research_only		welfare_customer	WCON_big_future_foundation_general_enquiries			medium	Mobile published as organisational line.																							"[""info@bigfuturefoundation.or.tz""]"	"[""+255693752322""]"											"[{""url"": ""https://www.bigfuturefoundation.or.tz"", ""title"": ""Big Future Foundation"", ""source_date"": """", ""accessed_on"": ""2026-09-22"", ""evidence_basis"": ""official"", ""fetched"": true, ""facts_supported"": [""contact""], ""evidence_excerpt"": ""info@ email and +255 693 752 322 (phone/WhatsApp) published.""}]"	role	whatsapp		
contact		WEHAF	https://www.wehaf.org/		2026-09-22	2026-09-22	needs_review	official	Phone +255 754 966 601 and info.wehaf@gmail.com published.		Widows Encouragement & HIV/AIDS Foundation (WEHAF)	wehaf.org										Mtaa wa Jaluo, Arusha															General enquiries	confirmed	email	info.wehaf@gmail.com				+255754966601		Published on WEHAF's own website.																				research_only		welfare_customer	WCON_widows_encouragement_and_hiv_aids_foundation_general_enq			medium	Organisation's contact on a gmail mailbox and mobile.																							"[""info.wehaf@gmail.com""]"	"[""+255754966601""]"											"[{""url"": ""https://www.wehaf.org/"", ""title"": ""WEHAF"", ""source_date"": """", ""accessed_on"": ""2026-09-22"", ""evidence_basis"": ""official"", ""fetched"": true, ""facts_supported"": [""contact""], ""evidence_excerpt"": ""Phone +255 754 966 601 and info.wehaf@gmail.com published.""}, {""url"": ""https://www.wehaf.org/"", ""title"": ""Widows Encouragement & HIV/AIDS Foundation (home)"", ""source_date"": ""2022"", ""accessed_on"": ""2026-09-22"", ""evidence_basis"": ""official"", ""fetched"": true, ""facts_supported"": [""programmes"", ""address"", ""phone"", ""email"", ""site date""], ""evidence_excerpt"": ""Mtaa wa Jaluo, Arusha; +255 754 966 601; info.wehaf@gmail.com; site copyright 2017–2022; widows support and child sponsorship.""}, {""url"": ""https://www.wehaf.org/about-5-1"", ""title"": ""Sponsor a Child – WEHAF"", ""source_date"": """", ""accessed_on"": ""2026-09-22"", ""evidence_basis"": ""official"", ""fetched"": true, ""facts_supported"": [""sponsorship options"", ""costs"", ""coverage"", ""contacts""], ""evidence_excerpt"": ""Private school (ages 3–10, English and Swahili) €58/month or public school €15/month; covers fees, food, transport, uniform, stationery.""}]"	shared	mobile		
contact		Love Our Tanzania Family	https://www.loveourtanzaniafamily.org/		2026-09-22	2026-09-22	verified	official	501(c)(3), EIN 85-3811250, founded November 2021 by Dennis and Peggy Crull; supports Tumaini For Africa Orphanage, Arusha.		Love Our Tanzania Family Inc	loveourtanzaniafamily.org										Mount Dora, FL														Dennis and Peggy Crull	Founders	confirmed	email	loveourtanzaniafamily@gmail.com						Founders and shared gmail published on the charity's own home page.																				research_only		welfare_customer	WCON_love_our_family_dennis_and_peggy_crull			risky	Named individual on a personal email domain (loveourtanzaniafamily@gmail.com); rubric sets risky.																							"[""loveourtanzaniafamily@gmail.com""]"												"[{""url"": ""https://www.loveourtanzaniafamily.org/"", ""title"": ""Love Our Tanzania Family"", ""source_date"": """", ""accessed_on"": ""2026-09-22"", ""evidence_basis"": ""official"", ""fetched"": true, ""facts_supported"": [""registration"", ""founded"", ""founders"", ""email"", ""beneficiary""], ""evidence_excerpt"": ""501(c)(3), EIN 85-3811250, founded November 2021 by Dennis and Peggy Crull; supports Tumaini For Africa Orphanage, Arusha.""}]"	shared	unknown		
contact		Heart for Africa	https://www.heartforafrica.co.uk/		2026-09-22	2026-09-22	verified	official	UK charity 1173027 based in Rhondda, Wales; works in Arusha with orphanages, schools and communities; admin@ email.		Heart for Africa (UK)	heartforafrica.co.uk										Rhondda, Wales (charity); Arusha incl. Mateves/Olteves village (programme)															General office	confirmed	email		admin@heartforafrica.co.uk		+441443716956			Published on Heart for Africa's own home page.																				research_only		welfare_customer	WCON_heart_for_africa_general_office			low	Generic organisational email and landline.																							"[""admin@heartforafrica.co.uk""]"	"[""+441443716956""]"											"[{""url"": ""https://www.heartforafrica.co.uk/"", ""title"": ""Heart for Africa"", ""source_date"": """", ""accessed_on"": ""2026-09-22"", ""evidence_basis"": ""official"", ""fetched"": true, ""facts_supported"": [""registration"", ""contact"", ""area""], ""evidence_excerpt"": ""UK charity 1173027 based in Rhondda, Wales; works in Arusha with orphanages, schools and communities; admin@ email.""}, {""url"": ""https://www.heartforafrica.co.uk/"", ""title"": ""Heart for Africa - Rhondda to Arusha"", ""source_date"": """", ""accessed_on"": ""2026-09-22"", ""evidence_basis"": ""official"", ""fetched"": true, ""facts_supported"": [""registration"", ""contacts"", ""services""], ""evidence_excerpt"": ""UK charity 1173027 working in Arusha; admin@heartforafrica.co.uk; 01443 716956; Gelli, Rhondda address.""}, {""url"": ""https://www.heartforafrica.co.uk/"", ""title"": ""Heart for Africa (home)"", ""source_date"": """", ""accessed_on"": ""2026-09-22"", ""evidence_basis"": ""official"", ""fetched"": true, ""facts_supported"": [""contacts"", ""charity number"", ""programmes""], ""evidence_excerpt"": ""Registered charity 1173027; admin@heartforafrica.co.uk; 01443 716956; funds school fees and sponsorship in Arusha.""}, {""url"": ""https://www.heartforafrica.co.uk/orphanages"", ""title"": ""Orphanages – Heart for Africa"", ""source_date"": """", ""accessed_on"": ""2026-09-22"", ""evidence_basis"": ""official"", ""fetched"": true, ""facts_supported"": [""charity number"", ""supported homes"", ""education support"", ""address""], ""evidence_excerpt"": ""Supports New Paradiso Orphanage and Bethlehem Center for Children (about 20 children each) and GP-COSU; pays some school and college costs.""}]"	role	office		
contact		Faraja Orphanage Children's Home (search snippet)	https://www.farajaorphanagechildrenshome.org/		2026-09-22	2026-09-22	unverified	official	Snippet lists email farajaorphanagechildrenshome@outlook.com and mobile +255 763 485 866.		Faraja Orphanage Children's Home	farajaorphanage.org										Shangarai (Duluti postal area)															General office	confirmed	email	farajaorphanagechildrenshome@outlook.com				+255763485866		Shown in search snippets of the home's own site; not confirmed on fetch.																				research_only		welfare_customer	WCON_faraja_orphanage_children_home_general_office			medium	Personal-domain mailbox and mobile used as organisational contact.																							"[""farajaorphanagechildrenshome@outlook.com""]"	"[""+255763485866""]"											"[{""url"": ""https://www.farajaorphanagechildrenshome.org/"", ""title"": ""Faraja Orphanage Children's Home (search snippet)"", ""source_date"": """", ""accessed_on"": ""2026-09-22"", ""evidence_basis"": ""official"", ""fetched"": false, ""facts_supported"": [""email"", ""phone""], ""evidence_excerpt"": ""Snippet lists email farajaorphanagechildrenshome@outlook.com and mobile +255 763 485 866.""}]"	shared	mobile		
contact		Contact - Canaan Children's Center	https://www.canaanchildrenscenter.com/contact		2026-09-22	2026-09-22	verified	official	Off Dodoma Road, Kisongo; PO Box 3044; Executive Director listed with yahoo email and two mobiles.	Mobiles are the centre's published lines; the yahoo address is personal-domain.	Canaan Children's Center	canaanchildrenscenter.com										Kisongo														Dr. Alex Lengeju	Executive Director	confirmed	email			a_lengeju@yahoo.com		+255715033776	https://www.canaanchildrenscenter.com/contact	Published by Canaan Children's Center on its own Contact page.																				research_only		welfare_customer	WCON_canaan_children_centre_dr_alex_lengeju			risky	Personal-domain email and mobiles of a named person.																							"[""a_lengeju@yahoo.com""]"	"[""+255715033776"", ""+255786533776""]"											"[{""url"": ""https://www.canaanchildrenscenter.com/contact"", ""title"": ""Contact - Canaan Children's Center"", ""source_date"": """", ""accessed_on"": ""2026-09-22"", ""evidence_basis"": ""official"", ""fetched"": true, ""facts_supported"": [""address"", ""director"", ""email"", ""phones""], ""evidence_excerpt"": ""Off Dodoma Road, Kisongo; PO Box 3044; Executive Director listed with yahoo email and two mobiles.""}, {""url"": ""https://www.canaanchildrenscenter.com/contact"", ""title"": ""Canaan Children's Center - Contact"", ""source_date"": """", ""accessed_on"": ""2026-09-22"", ""evidence_basis"": ""official"", ""fetched"": true, ""facts_supported"": [""address"", ""phone"", ""email"", ""director""], ""evidence_excerpt"": ""Contact page: off Dodoma Road, Kisongo, P.O. Box 3044 Arusha; Executive Director listed with two mobiles and a yahoo address.""}, {""url"": ""https://arusha-archdiocese.or.tz/Uchungaji/kituo-cha-watoto-cha-kanaani/"", ""title"": ""Kituo cha Watoto cha Kanaani - Jimbo Kuu Katoliki Arusha"", ""source_date"": """", ""accessed_on"": ""2026-09-22"", ""evidence_basis"": ""official"", ""fetched"": true, ""facts_supported"": [""children_served"", ""age_range"", ""schooling"", ""director"", ""income_projects""], ""evidence_excerpt"": ""Archdiocese page (Kiswahili): 46 children aged 3-16 attend local schools; farm, bee and livestock projects for income.""}]"	personal_domain	mobile		
contact		fruitful-orphanages Webseite	https://fruitful-orphanage.jimdoweb.com/		2026-09-22	2026-09-22	needs_review	official	Director and founder named; phone +255 762 353 576.		Fruitful Orphanage and Day Care Centre											Duluti														Isaac John Sumary	Director and founder	confirmed	email			fruitfulorphanage@gmail.com		+255762353576		Named and phone published on the organisation's own website.																				research_only		welfare_customer	WCON_fruitful_orphanage_and_day_care_centre_isaac_john_sumary			risky	Named individual on a personal email domain (fruitfulorphanage@gmail.com); rubric sets risky.																							"[""fruitfulorphanage@gmail.com""]"	"[""+255762353576""]"											"[{""url"": ""https://fruitful-orphanage.jimdoweb.com/"", ""title"": ""fruitful-orphanages Webseite"", ""source_date"": """", ""accessed_on"": ""2026-09-22"", ""evidence_basis"": ""official"", ""fetched"": true, ""facts_supported"": [""name"", ""role"", ""phone""], ""evidence_excerpt"": ""Director and founder named; phone +255 762 353 576.""}, {""url"": ""https://fruitful-orphanage.jimdoweb.com/"", ""title"": ""Karibu sana! - fruitful-orphanages Webseite!"", ""source_date"": """", ""accessed_on"": ""2026-09-22"", ""evidence_basis"": ""official"", ""fetched"": true, ""facts_supported"": [""location"", ""founded"", ""children_served"", ""phone"", ""founder""], ""evidence_excerpt"": ""Orphanage and day care on the outskirts of Arusha, P.O. Box 112 Duluti; founded 2014; about 70 children; +255 762 353 576.""}, {""url"": ""https://fruitful-orphanage.jimdoweb.com/"", ""title"": ""fruitful-orphanages Webseite"", ""source_date"": """", ""accessed_on"": ""2026-09-22"", ""evidence_basis"": ""official"", ""fetched"": true, ""facts_supported"": [""name"", ""role"", ""phone""], ""evidence_excerpt"": ""Founded 2014 by Isaac John Sumary, director; phone +255 762 353 576.""}, {""url"": ""https://fruitfulorphanageweblog.wordpress.com/"", ""title"": ""Fruitful Orphanage Weblog"", ""source_date"": ""2023-04-30"", ""accessed_on"": ""2026-09-22"", ""evidence_basis"": ""official"", ""fetched"": true, ""facts_supported"": [""email""], ""evidence_excerpt"": ""Contact fruitfulorphanage@gmail.com.""}]"	named	mobile		
contact		Contact - Enjivai Orphanage	https://enjivai.org/contact/		2026-09-22	2026-09-22	verified	official	PO Box 16735, Kambi ya Chupa, Arusha; owner and a president named; Swiss personal email and mobile listed.		Enjivai Orphanage	enjivai.org										Kambi ya Chupa														Rita Strasser	President (support association)	confirmed	email			riti66@bluewin.ch		+255759206901		Published on Enjivai's own contact page.																				research_only		welfare_customer	WCON_enjivai_orphanage_rita_strasser			risky	Personal-domain email of a named person.																							"[""riti66@bluewin.ch""]"	"[""+255759206901""]"											"[{""url"": ""https://enjivai.org/contact/"", ""title"": ""Contact - Enjivai Orphanage"", ""source_date"": """", ""accessed_on"": ""2026-09-22"", ""evidence_basis"": ""official"", ""fetched"": true, ""facts_supported"": [""address"", ""phone"", ""email"", ""roles""], ""evidence_excerpt"": ""PO Box 16735, Kambi ya Chupa, Arusha; owner and a president named; Swiss personal email and mobile listed.""}]"	personal_domain	unknown		
contact		Contact - Enjivai Orphanage	https://enjivai.org/contact/		2026-09-22	2026-09-22	verified	official	PO Box 16735, Kambi ya Chupa, Arusha; owner and a president named; Swiss personal email and mobile listed.		Enjivai Orphanage	enjivai.org										Kambi ya Chupa														Ishumael Dominick Mollel	Owner / director	confirmed	website							Named as owner on Enjivai's own contact page.																				research_only		welfare_customer	WCON_enjivai_orphanage_ishumael_dominick_mollel			medium	Named individual in a professional role as published by the organisation.																																			"[{""url"": ""https://enjivai.org/contact/"", ""title"": ""Contact - Enjivai Orphanage"", ""source_date"": """", ""accessed_on"": ""2026-09-22"", ""evidence_basis"": ""official"", ""fetched"": true, ""facts_supported"": [""address"", ""phone"", ""email"", ""roles""], ""evidence_excerpt"": ""PO Box 16735, Kambi ya Chupa, Arusha; owner and a president named; Swiss personal email and mobile listed.""}]"		unknown		
contact		About Us - Christ Hope Orphanage	https://christhopetanzania.com/about-us		2026-09-22	2026-09-22	verified	official	Founded 2007; directors since 2012; 44 children at the orphanage, 37 in secondary school, 11 full-time staff.		Christ Hope Orphanage	christhopetanzania.com										Kigongoni Road															General enquiries (US office)	confirmed	email		info@christhopetanzania.com			+12063882685		Published on Christ Hope's own About and home pages.																				research_only		welfare_customer	WCON_christ_hope_orphanage_general_enquiries			low	Role email at own domain; US office number.																							"[""info@christhopetanzania.com""]"	"[""+12063882685""]"											"[{""url"": ""https://christhopetanzania.com/about-us"", ""title"": ""About Us - Christ Hope Orphanage"", ""source_date"": """", ""accessed_on"": ""2026-09-22"", ""evidence_basis"": ""official"", ""fetched"": true, ""facts_supported"": [""founded"", ""directors"", ""children_served"", ""staff"", ""email""], ""evidence_excerpt"": ""Founded 2007; directors since 2012; 44 children at the orphanage, 37 in secondary school, 11 full-time staff.""}, {""url"": ""https://christhopetanzania.com/"", ""title"": ""Christ Hope Orphanage"", ""source_date"": """", ""accessed_on"": ""2026-09-22"", ""evidence_basis"": ""official"", ""fetched"": true, ""facts_supported"": [""address"", ""phone"", ""social_media""], ""evidence_excerpt"": ""2 Kigongoni Road, Arusha; US PO Box in Yakima, WA; US phone; home page shows email as info@christopetanzania.com.""}]"	role	unknown		
contact		About Us - Christ Hope Orphanage	https://christhopetanzania.com/about-us		2026-09-22	2026-09-22	verified	official	Founded 2007; directors since 2012; 44 children at the orphanage, 37 in secondary school, 11 full-time staff.		Christ Hope Orphanage	christhopetanzania.com										Kigongoni Road														Steven Issangya	Director (with co-director Kierstin)	confirmed	website						https://christhopetanzania.com/about-us	Named as current director on Christ Hope's own About page.																				research_only		welfare_customer	WCON_christ_hope_orphanage_steven_issangya			medium	Named individual in a professional role as published by the organisation.																																			"[{""url"": ""https://christhopetanzania.com/about-us"", ""title"": ""About Us - Christ Hope Orphanage"", ""source_date"": """", ""accessed_on"": ""2026-09-22"", ""evidence_basis"": ""official"", ""fetched"": true, ""facts_supported"": [""founded"", ""directors"", ""children_served"", ""staff"", ""email""], ""evidence_excerpt"": ""Founded 2007; directors since 2012; 44 children at the orphanage, 37 in secondary school, 11 full-time staff.""}]"		unknown		
contact		Small Steps for Compassion	https://www.smallstepsforcompassion.org/		2026-09-22	2026-09-22	verified	official	Founders named as owners and executive operators; gmail and US phone listed.		Small Steps for Compassion	smallstepsforcompassion.org										Mt Meru region														Paul and Shannin Pickle	Owners / executive operators	confirmed	email			shannin.pickle@gmail.com		+18633986959		Published on the organisation's own website.																				research_only		welfare_customer	WCON_small_steps_for_compassion_paul_and_shannin_pickle			risky	Personal-domain email of named individuals.																							"[""shannin.pickle@gmail.com""]"	"[""+18633986959""]"											"[{""url"": ""https://www.smallstepsforcompassion.org/"", ""title"": ""Small Steps for Compassion"", ""source_date"": """", ""accessed_on"": ""2026-09-22"", ""evidence_basis"": ""official"", ""fetched"": true, ""facts_supported"": [""name"", ""role"", ""email"", ""phone""], ""evidence_excerpt"": ""Founders named as owners and executive operators; gmail and US phone listed.""}, {""url"": ""https://www.smallstepsforcompassion.org/"", ""title"": ""Small Steps for Compassion"", ""source_date"": """", ""accessed_on"": ""2026-09-22"", ""evidence_basis"": ""official"", ""fetched"": true, ""facts_supported"": [""children_served"", ""school"", ""founders"", ""contacts""], ""evidence_excerpt"": ""Home for 30 girls and a school for 400+ students in the Mt Meru region; founders listed with US phone and gmail.""}]"	personal_domain	unknown		
contact		SOS Children's Villages Tanzania - Arusha	https://www.sos-tanzania.org/what-we-do/where-we-work/tanzania-mainland/arusha		2026-09-22	2026-09-22	verified	official	SOS Tanzania places its Arusha village at Ngaramtoni on the Namanga road; opened 2000; family strengthening added 2022.		SOS Children's Village Arusha	sos-childrensvillages.org										Arusha outskirts, about 13 km from the city centre on the Arusha–Nairobi highway															National Office, SOS Children's Villages Tanzania	confirmed	email		national.office@sos-tanzania.org		+25522270105575			Published by SOS Children's Villages Tanzania on its Arusha programme page and home page.																				research_only		welfare_customer	WCON_sos_children_village_arusha_national_office_sos_children			low	Role email at own domain and office landline.																							"[""national.office@sos-tanzania.org""]"	"[""+25522270105575""]"											"[{""url"": ""https://www.sos-tanzania.org/what-we-do/where-we-work/tanzania-mainland/arusha"", ""title"": ""SOS Children's Villages Tanzania - Arusha"", ""source_date"": """", ""accessed_on"": ""2026-09-22"", ""evidence_basis"": ""official"", ""fetched"": true, ""facts_supported"": [""location"", ""founded"", ""services"", ""phone"", ""email""], ""evidence_excerpt"": ""SOS Tanzania places its Arusha village at Ngaramtoni on the Namanga road; opened 2000; family strengthening added 2022.""}, {""url"": ""https://www.sos-tanzania.org/"", ""title"": ""SOS Children's Villages Tanzania"", ""source_date"": """", ""accessed_on"": ""2026-09-22"", ""evidence_basis"": ""official"", ""fetched"": true, ""facts_supported"": [""phone"", ""email"", ""address""], ""evidence_excerpt"": ""National office: 122 Mwai Kibaki Rd, P.O. Box 80462 Dar es Salaam; national.office@sos-tanzania.org; +255 22 27 01 055/75.""}]"	role	office		
contact		House Of Happiness - the orphanage	https://www.houseofhappiness.ch/en/house-of-happiness		2026-09-22	2026-09-22	verified	official	Home in Kisongo, Arumeru, opened September 2022 for almost 50 children aged 2-17; they walk about 30 minutes to a state school.		House of Happiness	houseofhappiness.ch										Kisongo															General enquiries (Swiss association)	confirmed	email		info@houseofhappiness.ch					Published by House of Happiness on its website.																				research_only		welfare_customer	WCON_house_of_happiness_general_enquiries			low	Generic role email at own domain.																							"[""info@houseofhappiness.ch""]"												"[{""url"": ""https://www.houseofhappiness.ch/en/house-of-happiness"", ""title"": ""House Of Happiness - the orphanage"", ""source_date"": """", ""accessed_on"": ""2026-09-22"", ""evidence_basis"": ""official"", ""fetched"": true, ""facts_supported"": [""location"", ""opened"", ""children_served"", ""age_range"", ""schooling"", ""staff"", ""email"", ""instagram""], ""evidence_excerpt"": ""Home in Kisongo, Arumeru, opened September 2022 for almost 50 children aged 2-17; they walk about 30 minutes to a state school.""}, {""url"": ""https://www.houseofhappiness.ch/en/organisation"", ""title"": ""House of Happiness - Organization"", ""source_date"": """", ""accessed_on"": ""2026-09-22"", ""evidence_basis"": ""official"", ""fetched"": true, ""facts_supported"": [""operator"", ""board"", ""coordinator"", ""email""], ""evidence_excerpt"": ""Swiss association in Reigoldswil, in the Basel-Landschaft commercial register; volunteer board and a local coordinator in Arusha.""}]"	role	unknown		
contact		House of Happiness - Organization	https://www.houseofhappiness.ch/en/organisation		2026-09-22	2026-09-22	verified	official	Swiss association in Reigoldswil, in the Basel-Landschaft commercial register; volunteer board and a local coordinator in Arusha.		House of Happiness	houseofhappiness.ch										Kisongo														Nicole Di Venere	Initiator and President (Swiss association)	confirmed	website							Named on the organisation page; reachable via info@houseofhappiness.ch.																				research_only		welfare_customer	WCON_house_of_happiness_nicole_di_venere			medium	Named individual in a professional role as published by the organisation.																																			"[{""url"": ""https://www.houseofhappiness.ch/en/organisation"", ""title"": ""House of Happiness - Organization"", ""source_date"": """", ""accessed_on"": ""2026-09-22"", ""evidence_basis"": ""official"", ""fetched"": true, ""facts_supported"": [""operator"", ""board"", ""coordinator"", ""email""], ""evidence_excerpt"": ""Swiss association in Reigoldswil, in the Basel-Landschaft commercial register; volunteer board and a local coordinator in Arusha.""}]"	role	unknown		
contact		House of Happiness - Organization	https://www.houseofhappiness.ch/en/organisation		2026-09-22	2026-09-22	verified	official	Swiss association in Reigoldswil, in the Basel-Landschaft commercial register; volunteer board and a local coordinator in Arusha.		House of Happiness	houseofhappiness.ch										Kisongo														Mohamed Kassim Seramka	Local coordinator in Arusha (volunteer)	confirmed	website							Named on the organisation page and home page as coordinator in Arusha; no direct route published.																				research_only		welfare_customer	WCON_house_of_happiness_mohamed_kassim_seramka			medium	Named individual in a professional role as published by the organisation.																																			"[{""url"": ""https://www.houseofhappiness.ch/en/organisation"", ""title"": ""House of Happiness - Organization"", ""source_date"": """", ""accessed_on"": ""2026-09-22"", ""evidence_basis"": ""official"", ""fetched"": true, ""facts_supported"": [""operator"", ""board"", ""coordinator"", ""email""], ""evidence_excerpt"": ""Swiss association in Reigoldswil, in the Basel-Landschaft commercial register; volunteer board and a local coordinator in Arusha.""}, {""url"": ""https://www.houseofhappiness.ch/en"", ""title"": ""House of Happiness - Home"", ""source_date"": ""2026-09-06"", ""accessed_on"": ""2026-09-22"", ""evidence_basis"": ""official"", ""fetched"": true, ""facts_supported"": [""latest_activity"", ""registration_claim""], ""evidence_excerpt"": ""Latest blog post 'Team spirit' dated 06.09.2026; site says the home is officially registered as an orphanage in Arusha.""}]"	role	unknown		
contact		Living Water Children's Centre	https://www.livingwaterchildrencentre.org/		2026-09-22	2026-09-22	needs_review	official	Kisongo-based centre; contact watoto04@gmail.com and three +255 numbers; partners listed as LWCF, Partnerschaft fuer Afrika, Time2Help.		Living Water Children Centre	livingwaterchildrencentre.org										Kisongo															General contact	confirmed	email	watoto04@gmail.com				+255692782111		Published on every page of the centre's website.																				research_only		welfare_customer	WCON_living_water_children_centre_general_contact			medium	Organisation-published gmail and mobile lines.																							"[""watoto04@gmail.com""]"	"[""+255692782111"", ""+255715720917"", ""+255718200083""]"											"[{""url"": ""https://www.livingwaterchildrencentre.org/"", ""title"": ""Living Water Children's Centre"", ""source_date"": """", ""accessed_on"": ""2026-09-22"", ""evidence_basis"": ""official"", ""fetched"": true, ""facts_supported"": [""location"", ""email"", ""phone"", ""social_media"", ""partners""], ""evidence_excerpt"": ""Kisongo-based centre; contact watoto04@gmail.com and three +255 numbers; partners listed as LWCF, Partnerschaft fuer Afrika, Time2Help.""}, {""url"": ""https://www.livingwaterchildrencentre.org/volunteer"", ""title"": ""Volunteer - Living Water Children Centre"", ""source_date"": """", ""accessed_on"": ""2026-09-22"", ""evidence_basis"": ""official"", ""fetched"": true, ""facts_supported"": [""volunteer_programme""], ""evidence_excerpt"": ""Volunteer enquiry form; no fees, duration or safeguarding requirements published.""}]"	shared	mobile		
contact		Habashabi Orphanage Arusha	https://habashabiorphanage.wixsite.com/arusha		2026-09-22	2026-09-22	needs_review	official	Kisongo home founded November 2015; 10 children (5 boys, 5 girls); relies entirely on donations.		Habashabi Orphanage Centre											Kisongo														Mama Lethicia	Founder (as published)	confirmed	email	habashabiorphanage@gmail.com						Founder named on home page; shared gmail published on contact page.																				research_only		welfare_customer	WCON_habashabi_orphanage_centre_mama_lethicia			risky	Named individual on a personal email domain (habashabiorphanage@gmail.com); rubric sets risky.																							"[""habashabiorphanage@gmail.com""]"												"[{""url"": ""https://habashabiorphanage.wixsite.com/arusha"", ""title"": ""Habashabi Orphanage Arusha"", ""source_date"": """", ""accessed_on"": ""2026-09-22"", ""evidence_basis"": ""official"", ""fetched"": true, ""facts_supported"": [""location"", ""founded"", ""children_served"", ""funding"", ""email"", ""social_media""], ""evidence_excerpt"": ""Kisongo home founded November 2015; 10 children (5 boys, 5 girls); relies entirely on donations.""}, {""url"": ""https://habashabiorphanage.wixsite.com/arusha/contact"", ""title"": ""Contact - Habashabi Orphanage"", ""source_date"": """", ""accessed_on"": ""2026-09-22"", ""evidence_basis"": ""official"", ""fetched"": true, ""facts_supported"": [""email"", ""address"", ""social_media""], ""evidence_excerpt"": ""Contact by email habashabiorphanage@gmail.com; Kisongo, P.O. Box 2224 Arusha; Instagram and Facebook listed.""}]"	shared	unknown		
contact		Hope Center	http://hopecentertanzania.org/		2026-09-22	2026-09-22	needs_review	official	Ngaramtoni centre: 14 orphans housed, 42 vulnerable children helped in the community, nursery schooling for local children.		Hope Orphanage Center	hopecentertanzania.org										Ngaramtoni															General contact	confirmed	email	hopecentertz@gmail.com						Published on the centre's website.																				research_only		welfare_customer	WCON_hope_orphanage_centre_general_contact			medium	Organisational gmail address.																							"[""hopecentertz@gmail.com""]"												"[{""url"": ""http://hopecentertanzania.org/"", ""title"": ""Hope Center"", ""source_date"": """", ""accessed_on"": ""2026-09-22"", ""evidence_basis"": ""official"", ""fetched"": true, ""facts_supported"": [""location"", ""children_served"", ""services"", ""email"", ""social_media""], ""evidence_excerpt"": ""Ngaramtoni centre: 14 orphans housed, 42 vulnerable children helped in the community, nursery schooling for local children.""}, {""url"": ""http://hopecentertanzania.org/about"", ""title"": ""About - Hope Center"", ""source_date"": """", ""accessed_on"": ""2026-09-22"", ""evidence_basis"": ""official"", ""fetched"": true, ""facts_supported"": [""red_flag""], ""evidence_excerpt"": ""About page carries generic website-template text about two 'makers' instead of the organisation's own founders.""}]"	shared	unknown		
contact		Kontakt - Upendo Face	https://www.upendo-face.org/info/		2026-09-22	2026-09-22	verified	official	Lists the Tanzanian founder with a +255 mobile and the Swiss association founder with a WhatsApp number; emails obfuscated.		Upendo Face Orphanage	upendo-face.org										Machumba														Godfrey I Kivuyo	Founder of Upendo Face Orphanage; board member of the Swiss association	confirmed	phone					+255764832986		Published on the organisation's contact page (email obfuscated).																				research_only		welfare_customer	WCON_upendo_face_orphanage_godfrey_i_kivuyo			medium	Named individual's mobile published by the organisation as its contact line.																								"[""+255764832986""]"											"[{""url"": ""https://www.upendo-face.org/info/"", ""title"": ""Kontakt - Upendo Face"", ""source_date"": """", ""accessed_on"": ""2026-09-22"", ""evidence_basis"": ""official"", ""fetched"": true, ""facts_supported"": [""contacts""], ""evidence_excerpt"": ""Lists the Tanzanian founder with a +255 mobile and the Swiss association founder with a WhatsApp number; emails obfuscated.""}]"	named	mobile		
contact		Kontakt - Upendo Face	https://www.upendo-face.org/info/		2026-09-22	2026-09-22	verified	official	Lists the Tanzanian founder with a +255 mobile and the Swiss association founder with a WhatsApp number; emails obfuscated.		Upendo Face Orphanage	upendo-face.org										Machumba														Corinne Ulmann	Founder of the Swiss association and project representative	confirmed	phone					+41782326642		Published on the organisation's contact page (WhatsApp only; email obfuscated).																				research_only		welfare_customer	WCON_upendo_face_orphanage_corinne_ulmann			medium	Named individual's number published by the organisation as a contact line.																								"[""+41782326642""]"											"[{""url"": ""https://www.upendo-face.org/info/"", ""title"": ""Kontakt - Upendo Face"", ""source_date"": """", ""accessed_on"": ""2026-09-22"", ""evidence_basis"": ""official"", ""fetched"": true, ""facts_supported"": [""contacts""], ""evidence_excerpt"": ""Lists the Tanzanian founder with a +255 mobile and the Swiss association founder with a WhatsApp number; emails obfuscated.""}]"	named	whatsapp		
contact		Neema Village - A Baby Home, A Mothering Center, and A Widows Home	https://neemavillage.org/		2026-09-22	2026-09-22	verified	official	US 501(c)(3) with 17-member board; baby home, mothering centre, special-needs day rehab; info@neemavillage.org.		Neema Village Tanzania Inc											Waco, TX														Kim White	President	confirmed	website							Named on Neema Village home page; no direct route published.																				research_only		welfare_customer	WCON_neema_village_kim_white			medium	Named individual in a professional role as published by the organisation.																																			"[{""url"": ""https://neemavillage.org/"", ""title"": ""Neema Village - A Baby Home, A Mothering Center, and A Widows Home"", ""source_date"": """", ""accessed_on"": ""2026-09-22"", ""evidence_basis"": ""official"", ""fetched"": true, ""facts_supported"": [""services"", ""contacts"", ""registration"", ""social_media""], ""evidence_excerpt"": ""US 501(c)(3) with 17-member board; baby home, mothering centre, special-needs day rehab; info@neemavillage.org.""}]"	role	unknown		
contact		Contact - The Plaster House	https://www.theplasterhouse.org/contact		2026-09-22	2026-09-22	needs_review	official	Directions: 10.2 km from Sanawari junction towards Nairobi, right at Ngaramtoni police post sign, 2 km on dirt road.		Kafika House	kafikahouse.org										Arusha (HQ); further houses in Moshi (2024) and Karatu (2023)															General line	confirmed	phone					+255685838215		Published on The Plaster House contact page (emails obfuscated).																				research_only		welfare_customer	WCON_kafika_house_general_line			medium	Organisation-published mobile number.																								"[""+255685838215""]"											"[{""url"": ""https://www.theplasterhouse.org/contact"", ""title"": ""Contact - The Plaster House"", ""source_date"": """", ""accessed_on"": ""2026-09-22"", ""evidence_basis"": ""official"", ""fetched"": true, ""facts_supported"": [""location"", ""phone""], ""evidence_excerpt"": ""Directions: 10.2 km from Sanawari junction towards Nairobi, right at Ngaramtoni police post sign, 2 km on dirt road.""}]"	role	mobile		
contact		YWAM Arusha	https://ywamarusha.org/	2025-08-01	2026-09-22	2026-09-22	needs_review	official	Base site: ywamarusha@gmail.com, +255 754 562 899, +255 686 111 821; events listed to August 2025.	Base-level contact; no Tumaini-specific route published.	Tumaini House (YWAM Arusha Tumaini Children Ministry)	ywamarusha.org										unconfirmed (YWAM Arusha base)															YWAM Arusha base contact	confirmed	email	ywamarusha@gmail.com				+255686111821		Published on ywamarusha.org and ywam.org location page.																				research_only		welfare_customer	WCON_tumaini_house_ywam_arusha_base_contact			medium	Organisation-published gmail and mobile lines.																							"[""ywamarusha@gmail.com""]"	"[""+255686111821"", ""+255754562899""]"											"[{""url"": ""https://ywamarusha.org/"", ""title"": ""YWAM Arusha"", ""source_date"": ""2025-08"", ""accessed_on"": ""2026-09-22"", ""evidence_basis"": ""official"", ""fetched"": true, ""facts_supported"": [""email"", ""phones"", ""social_media"", ""latest_activity""], ""evidence_excerpt"": ""Base site: ywamarusha@gmail.com, +255 754 562 899, +255 686 111 821; events listed to August 2025.""}, {""url"": ""https://ywam.org/location/ywam-arusha/b-1045"", ""title"": ""YWAM Arusha - ywam.org"", ""source_date"": """", ""accessed_on"": ""2026-09-22"", ""evidence_basis"": ""official"", ""fetched"": true, ""facts_supported"": [""location"", ""ministries"", ""phones""], ""evidence_excerpt"": ""YWAM Arusha, P.O. Box 10295, at the foot of Mt Meru near KIA; ministries include Tumaini Children Ministry.""}]"	shared	mobile		
contact		Contact - Samaritan Village Orphanage	https://www.samaritanvillageorphanage.org/contact		2026-09-22	2026-09-22	verified	official	Tanzania: P.O. Box 1317 Arusha, 0754 507 376, samvillagetz@gmail.com; US: 530-300-4916, samaritanvo@gmail.com.		Samaritan Village Orphanage	samaritanvillageorphanage.org										Moshono														Josephat Asery Mmanyi	Director (Tanzania)	confirmed	email	samvillagetz@gmail.com				+255754507376		Published on the orphanage's contact page as the Tanzania contact; director role stated on About page.																				research_only		welfare_customer	WCON_samaritan_village_orphanage_josephat_asery_mmanyi			risky	Named individual on a personal email domain (samvillagetz@gmail.com); rubric sets risky.																							"[""samvillagetz@gmail.com""]"	"[""+255754507376""]"											"[{""url"": ""https://www.samaritanvillageorphanage.org/contact"", ""title"": ""Contact - Samaritan Village Orphanage"", ""source_date"": """", ""accessed_on"": ""2026-09-22"", ""evidence_basis"": ""official"", ""fetched"": true, ""facts_supported"": [""contacts""], ""evidence_excerpt"": ""Tanzania: P.O. Box 1317 Arusha, 0754 507 376, samvillagetz@gmail.com; US: 530-300-4916, samaritanvo@gmail.com.""}, {""url"": ""https://www.samaritanvillageorphanage.org/about-us"", ""title"": ""ABOUT US - Samaritan Village Orphanage"", ""source_date"": ""2025-01"", ""accessed_on"": ""2026-09-22"", ""evidence_basis"": ""official"", ""fetched"": true, ""facts_supported"": [""children_served"", ""school"", ""founded"", ""directors""], ""evidence_excerpt"": ""Over 70 children now; preschool with three classrooms opened January 2025; created 1992.""}]"	shared	mobile		
contact		About Us | Arusha Kids Trust	https://www.arushakidstrust.com/about-us		2026-09-22	2026-09-22	verified	official	SAO is in Leganga, about 25 km east of Arusha; trust ACNC-registered 2016, DGR status from June 2019.		Arusha Kids Trust	arushakidstrust.com										Australia (programme at Leganga, about 25 km east of Arusha)														Kathy Green	Founder; administrator and liaison officer	confirmed	email	arushakidstrust@gmail.com						Named on About page; shared gmail on contact page.																				research_only		welfare_customer	WCON_arusha_kids_kathy_green			risky	Named individual on a personal email domain (arushakidstrust@gmail.com); rubric sets risky.																							"[""arushakidstrust@gmail.com""]"												"[{""url"": ""https://www.arushakidstrust.com/about-us"", ""title"": ""About Us | Arusha Kids Trust"", ""source_date"": """", ""accessed_on"": ""2026-09-22"", ""evidence_basis"": ""official"", ""fetched"": true, ""facts_supported"": [""location"", ""registration"", ""founded""], ""evidence_excerpt"": ""SAO is in Leganga, about 25 km east of Arusha; trust ACNC-registered 2016, DGR status from June 2019.""}, {""url"": ""https://www.arushakidstrust.com/contact-us"", ""title"": ""Contact Us | Arusha Kids Trust"", ""source_date"": """", ""accessed_on"": ""2026-09-22"", ""evidence_basis"": ""official"", ""fetched"": true, ""facts_supported"": [""email"", ""address""], ""evidence_excerpt"": ""arushakidstrust@gmail.com; P.O. Box 1320, Rozelle NSW 2039, Australia.""}, {""url"": ""https://www.arushakidstrust.com/contact-us"", ""title"": ""Contact Us – Arusha Kids Trust"", ""source_date"": """", ""accessed_on"": ""2026-09-22"", ""evidence_basis"": ""official"", ""fetched"": true, ""facts_supported"": [""email"", ""postal address"", ""contact form""], ""evidence_excerpt"": ""arushakidstrust@gmail.com; P.O. Box 1320, Rozelle NSW 2039, Australia; contact form.""}, {""url"": ""https://www.arushakidstrust.com/about-us"", ""title"": ""About Us – Arusha Kids Trust"", ""source_date"": """", ""accessed_on"": ""2026-09-22"", ""evidence_basis"": ""official"", ""fetched"": true, ""facts_supported"": [""founded"", ""registration"", ""SAO location"", ""trustees""], ""evidence_excerpt"": ""Founded Sept 2014; NSW charity, ACNC-registered 2016, DGR June 2019; SAO at Leganga, about 25 km east of Arusha.""}]"	shared	unknown		
contact		Contact | Usa River Rehabilitation Center Tanzania	https://www.rehabilitation-center-tanzania.org/en/kontakt/?navid=658135658135		2026-09-22	2026-09-22	verified	official	Names Pastor Elisha Z. Masangwa as head; centre email and phones listed.	First number is the office landline; second is a mobile listed as the centre phone. | Contact page undated; confirm the role is current.	Usa River Rehabilitation and Training Centre (URRC)	rehabilitation-center-tanzania.org										Usa River														Pastor Elisha Z. Masangwa	Director / Head of centre	confirmed	email	info@urrc.org			+255272553427			URRC's own website (home and contact pages) names him as head and lists these centre routes.																				research_only		welfare_customer	WCON_usa_river_rehabilitation_and_training_centre_pastor_elis			medium	Named individual in professional role published by the organisation; routes are the centre's shared ones.																							"[""info@urrc.org""]"	"[""+255272553427"", ""+255752796205""]"											"[{""url"": ""https://www.rehabilitation-center-tanzania.org/en/kontakt/?navid=658135658135"", ""title"": ""Contact | Usa River Rehabilitation Center Tanzania"", ""source_date"": """", ""accessed_on"": ""2026-09-22"", ""evidence_basis"": ""official"", ""fetched"": true, ""facts_supported"": [""name"", ""role"", ""email"", ""phones""], ""evidence_excerpt"": ""Names Pastor Elisha Z. Masangwa as head; centre email and phones listed.""}, {""url"": ""https://www.rehabilitation-center-tanzania.org/en/kontakt/"", ""title"": ""Contact | Usa River Rehabilitation Center Tanzania"", ""source_date"": """", ""accessed_on"": ""2026-09-22"", ""evidence_basis"": ""official"", ""fetched"": true, ""facts_supported"": [""address"", ""email"", ""phone"", ""head"", ""support_association""], ""evidence_excerpt"": ""Contact page names the Head, P.O. Box 47 Usa River, info@urrc.org, +255 752 796205 and landline 027 255 3427.""}, {""url"": ""https://www.rehabilitation-center-tanzania.org/"", ""title"": ""Homepage | Usa River Rehabilitation Center Tanzania"", ""source_date"": """", ""accessed_on"": ""2026-09-22"", ""evidence_basis"": ""official"", ""fetched"": true, ""facts_supported"": [""partners"", ""phone"", ""social_media""], ""evidence_excerpt"": ""Homepage lists ELCT, Mission EineWelt, Leipziger Missionswerk, Rummelsberg and Förderverein URRC; phone +255 27 255 34 27.""}]"	shared	office		
contact		About Tumaini | Tumaini Means Hope	https://tumainimeanshope.org/about-tumaini/		2026-09-22	2026-09-22	verified	official	Names Oddo Ndonde as co-Executive Director based in Tanzania.		Tumaini Children's Foundation	tumainimeanshope.org										Usa River; home reported moved to Nshupu (up Mt Meru)														Oddo Ndonde	Co-Executive Director (Tanzania)	confirmed	website							Tumaini's own About page names him; no personal route published (use Tanzania office line +255 754 829 582 / PO Box 344 Usa River).																				research_only		welfare_customer	WCON_tumaini_children_foundation_oddo_ndonde			medium	Named individual in professional role published by the organisation.																																			"[{""url"": ""https://tumainimeanshope.org/about-tumaini/"", ""title"": ""About Tumaini | Tumaini Means Hope"", ""source_date"": """", ""accessed_on"": ""2026-09-22"", ""evidence_basis"": ""official"", ""fetched"": true, ""facts_supported"": [""name"", ""role""], ""evidence_excerpt"": ""Names Oddo Ndonde as co-Executive Director based in Tanzania.""}]"				
contact		About Tumaini | Tumaini Means Hope	https://tumainimeanshope.org/about-tumaini/		2026-09-22	2026-09-22	verified	official	Contact block lists Leslie's email at the org domain and a Canadian phone.		Tumaini Children's Foundation	tumainimeanshope.org										Usa River; home reported moved to Nshupu (up Mt Meru)														Leslie (surname not published)	Contact (role not stated)	unknown	email			leslie@tumainimeanshope.org	+15197546589			Tumaini website contact block (Canada).																				research_only		welfare_customer	WCON_tumaini_children_foundation_leslie			medium	Named work email at the organisation's domain.																							"[""leslie@tumainimeanshope.org""]"	"[""+15197546589""]"											"[{""url"": ""https://tumainimeanshope.org/about-tumaini/"", ""title"": ""About Tumaini | Tumaini Means Hope"", ""source_date"": """", ""accessed_on"": ""2026-09-22"", ""evidence_basis"": ""official"", ""fetched"": true, ""facts_supported"": [""email"", ""phone""], ""evidence_excerpt"": ""Contact block lists Leslie's email at the org domain and a Canadian phone.""}]"	named	office		
contact		About :: littlesoulsoftz.org	https://www.littlesoulsoftz.org/about-us/		2026-09-22	2026-09-22	verified	official	Vincent Kinga created Enyorata and serves as on-site director.		Enyorata Children's Home											Maji ya Chai / Kitefu (about 5 km off Arusha-Moshi road)														Vincent Kinga	Founder and on-site director; founder of Enyorata Pre & Primary School	confirmed	website							Named by Little Souls of Tanzania and GoFundMe school pages; no direct route published (use Little Souls routes).																				research_only		welfare_customer	WCON_enyorata_children_home_vincent_kinga			medium	Named individual in professional role as published by the supporting charity.																																			"[{""url"": ""https://www.littlesoulsoftz.org/about-us/"", ""title"": ""About :: littlesoulsoftz.org"", ""source_date"": """", ""accessed_on"": ""2026-09-22"", ""evidence_basis"": ""official"", ""fetched"": true, ""facts_supported"": [""name"", ""role""], ""evidence_excerpt"": ""Vincent Kinga created Enyorata and serves as on-site director.""}, {""url"": ""https://www.gofundme.com/f/Enyorata-pre-and-primary-school-Tanzania"", ""title"": ""Enyorata Pre and Primary School - GoFundMe"", ""source_date"": ""2022-09-15"", ""accessed_on"": ""2026-09-22"", ""evidence_basis"": ""public_post"", ""fetched"": true, ""facts_supported"": [""role""], ""evidence_excerpt"": ""Founder runs the Enyorata school and orphanage.""}]"				
contact		Little Souls of Tanzania	https://www.littlesoulsoftz.org/		2026-09-22	2026-09-22	verified	official	Contact phone 303-748-4099 (Tracy Curran); email littlesoulsoftanzania@gmail.com.		Little Souls of Tanzania											Lakewood, CO (supports Maji ya Chai home)														Tracy Curran	Co-founder (US)	confirmed	email	littlesoulsoftanzania@gmail.com				+13037484099		Little Souls website contact section attributes the phone to her.																				research_only		welfare_customer	WCON_little_souls_of_tracy_curran			risky	Named individual on a personal email domain (littlesoulsoftanzania@gmail.com); rubric sets risky.																							"[""littlesoulsoftanzania@gmail.com""]"	"[""+13037484099""]"											"[{""url"": ""https://www.littlesoulsoftz.org/"", ""title"": ""Little Souls of Tanzania"", ""source_date"": """", ""accessed_on"": ""2026-09-22"", ""evidence_basis"": ""official"", ""fetched"": true, ""facts_supported"": [""name"", ""role"", ""phone"", ""email""], ""evidence_excerpt"": ""Contact phone 303-748-4099 (Tracy Curran); email littlesoulsoftanzania@gmail.com.""}]"	shared	unknown		
contact		Contact - Havilah Children's Village	https://havilahvillage.weebly.com/contact.html		2026-09-22	2026-09-22	needs_review	official	Tanzania directors Fred and Naomi, phones 0783 942 998 and 0687 521 101.		Havilah Children's Village											Ngongongare village, University of Arusha campus, Usa River														Fred & Naomi (surnames not published)	Tanzania directors (since Nov 2012)	unknown	phone					+255687521101		Havilah site contact page (undated).																				research_only		welfare_customer	WCON_havilah_children_village_fred_and_naomi			medium	Named individuals' mobiles published by the organisation as contact lines; may be stale.																								"[""+255687521101"", ""+255783942998""]"											"[{""url"": ""https://havilahvillage.weebly.com/contact.html"", ""title"": ""Contact - Havilah Children's Village"", ""source_date"": """", ""accessed_on"": ""2026-09-22"", ""evidence_basis"": ""official"", ""fetched"": true, ""facts_supported"": [""names"", ""role"", ""phones""], ""evidence_excerpt"": ""Tanzania directors Fred and Naomi, phones 0783 942 998 and 0687 521 101.""}]"		mobile		
contact		Global Vessels	https://globalvessels.org/	2022-01-01	2026-09-22	2026-09-22	needs_review	official	Identifies Frazier and Virginia Mathis as leadership; contact globalvessels@aol.com.		Global Vessels	globalvessels.org										Fulton, Maryland, USA														Frazier & Virginia Mathis	Leadership / US directors of Havilah	confirmed	email	globalvessels@aol.com				+12024387325		Global Vessels website contact details; Havilah site names them as US directors.																				research_only		welfare_customer	WCON_global_vessels_frazier_and_virginia_mathis			risky	Named individual on a personal email domain (globalvessels@aol.com); rubric sets risky.																							"[""globalvessels@aol.com""]"	"[""+12024387325"", ""+12403554638""]"											"[{""url"": ""https://globalvessels.org/"", ""title"": ""Global Vessels"", ""source_date"": ""2022"", ""accessed_on"": ""2026-09-22"", ""evidence_basis"": ""official"", ""fetched"": true, ""facts_supported"": [""names"", ""role"", ""email"", ""phones""], ""evidence_excerpt"": ""Identifies Frazier and Virginia Mathis as leadership; contact globalvessels@aol.com.""}, {""url"": ""https://havilahvillage.weebly.com/contact.html"", ""title"": ""Contact - Havilah Children's Village"", ""source_date"": """", ""accessed_on"": ""2026-09-22"", ""evidence_basis"": ""official"", ""fetched"": true, ""facts_supported"": [""role""], ""evidence_excerpt"": ""US directors lead mission groups through Global Vessels.""}]"	shared	unknown		
contact		Fathom interview - The Small Things	https://fathomaway.com/interview-the-small-things-tanzania-africa/	2017-08-30	2026-09-22	2026-09-22	needs_review	published	Interview with the founder of The Small Things.		The Small Things											Branford, CT														Bekka Ross Russell	Founder	unknown	website							Named as founder in a 2017 published interview; no contact route recorded.																				research_only		welfare_customer	WCON_small_things_bekka_ross_russell			medium	Named individual in professional role from a published interview (2017; may be outdated).																																			"[{""url"": ""https://fathomaway.com/interview-the-small-things-tanzania-africa/"", ""title"": ""Fathom interview - The Small Things"", ""source_date"": ""2017-08-30"", ""accessed_on"": ""2026-09-22"", ""evidence_basis"": ""published"", ""fetched"": true, ""facts_supported"": [""name"", ""role""], ""evidence_excerpt"": ""Interview with the founder of The Small Things.""}]"				
contact		Contact - CFI	https://cfi.or.tz/contact		2026-09-22	2026-09-22	verified	official	CFI email and phone/WhatsApp.		Child First Initiative (CFI)	cfi.or.tz										Arusha; programmes in Usa River and Ngabobo ward (Arumeru)														Nuruana (surname not published)	Co-founder; Child First Baby Home director/site coordinator	confirmed	email		info@cfi.or.tz			+255795880525		Giving Smiles e.V. project page and 2024 report name her role; routes are CFI's published organisation routes.																				research_only		welfare_customer	WCON_child_first_initiative_nuruana			medium	Named individual in professional role published by the funder; routes are organisation routes.																							"[""info@cfi.or.tz""]"	"[""+255795880525""]"											"[{""url"": ""https://givingsmiles.org/en/child-first-baby-home-2/"", ""title"": ""Child First Baby Home - Giving Smiles e.V."", ""source_date"": ""2025-10-08"", ""accessed_on"": ""2026-09-22"", ""evidence_basis"": ""published"", ""fetched"": true, ""facts_supported"": [""name"", ""role""], ""evidence_excerpt"": ""Former Cradle of Love nanny is director/site coordinator of the baby home.""}, {""url"": ""https://cfi.or.tz/contact"", ""title"": ""Contact - CFI"", ""source_date"": """", ""accessed_on"": ""2026-09-22"", ""evidence_basis"": ""official"", ""fetched"": true, ""facts_supported"": [""email"", ""phone""], ""evidence_excerpt"": ""CFI email and phone/WhatsApp.""}]"	role	whatsapp		
contact		20 vulnerable children in Usa River seek education sponsorship - Daily News	https://dailynews.co.tz/20-vulnerable-children-in-usa-river-seek-education-sponsorship/		2026-09-22	2026-09-22	verified	published	Centre manager quoted on sponsorship needs and rented premises.	Organisation has a public Facebook page; no email or phone published.	Ngarasero Community Organization											Usa River (Ngarasero)														Zuhura Igwe	Centre Manager	confirmed	website							Named in Daily News report (Sept 2026); no contact route published.																				research_only		welfare_customer	WCON_ngarasero_community_zuhura_igwe			medium	Named individual in professional role from a reputable news source.																																			"[{""url"": ""https://dailynews.co.tz/20-vulnerable-children-in-usa-river-seek-education-sponsorship/"", ""title"": ""20 vulnerable children in Usa River seek education sponsorship - Daily News"", ""source_date"": ""c. 2026-09"", ""accessed_on"": ""2026-09-22"", ""evidence_basis"": ""published"", ""fetched"": true, ""facts_supported"": [""name"", ""role""], ""evidence_excerpt"": ""Centre manager quoted on sponsorship needs and rented premises.""}, {""url"": ""https://tanzaniainsight.com/20-vulnerable-children-in-usa-river-seek-education-sponsorship/"", ""title"": ""20 vulnerable children in Usa River seek education sponsorship – Tanzania Insight"", ""source_date"": ""2026-09-09"", ""accessed_on"": ""2026-09-22"", ""evidence_basis"": ""published"", ""fetched"": true, ""facts_supported"": [""name"", ""location"", ""founded"", ""children"", ""needs"", ""funder"", ""centre manager""], ""evidence_excerpt"": ""Ngarasero Community Organization, Usa River: founded 2018; seeks sponsors for 20 children to start primary; 50 in early learning; Mesha's Village sponsors 75.""}, {""url"": ""https://dailynews.co.tz/20-vulnerable-children-in-usa-river-seek-education-sponsorship/"", ""title"": ""20 vulnerable children in Usa River seek education sponsorship – Daily News"", ""source_date"": ""2026-09"", ""accessed_on"": ""2026-09-22"", ""evidence_basis"": ""published"", ""fetched"": true, ""facts_supported"": [""schools used"", ""needs""], ""evidence_excerpt"": ""Secondary pupils at Haradali Winners and Usa-River Rehabilitation secondary schools; needs food, clothing and permanent premises.""}]"				
contact		Afroplan Foundation – Passion Projects International	https://www.passionprojectsintl.com/afroplan-foundation		2026-09-22	2026-09-22	needs_review	official	Usa River NGO founded 2012; day centre plus sponsorship for Maua English Medium School; over 60 students; overseen by Passion Projects International.		Afroplan Foundation	afroplanfoundation.com										Usa River														Frank Tarimo	Founder (2012)	confirmed	email	info@africaheartsdesire.com				+255746108950		Africa Hearts Desire's Afro Plan page names the founder; routes are AHD's, not his.																				research_only		welfare_customer	WCON_afroplan_foundation_frank_tarimo			medium	Named founder published by partner; contact routes belong to the volunteer company.																							"[""info@africaheartsdesire.com""]"	"[""+255746108950""]"											"[{""url"": ""https://en.africaheartsdesire.com/afroplanfoundation"", ""title"": ""Afro Plan Foundation | AfricaHeartsDesire"", ""source_date"": """", ""accessed_on"": ""2026-09-22"", ""evidence_basis"": ""published"", ""fetched"": true, ""facts_supported"": [""name"", ""role""], ""evidence_excerpt"": ""Frank Tarimo established Project Afroplan in 2012.""}, {""url"": ""https://www.passionprojectsintl.com/afroplan-foundation"", ""title"": ""Afroplan Foundation – Passion Projects International"", ""source_date"": """", ""accessed_on"": ""2026-09-22"", ""evidence_basis"": ""official"", ""fetched"": true, ""facts_supported"": [""location"", ""founded"", ""programmes"", ""children"", ""operator"", ""email""], ""evidence_excerpt"": ""Usa River NGO founded 2012; day centre plus sponsorship for Maua English Medium School; over 60 students; overseen by Passion Projects International.""}, {""url"": ""https://www.passionprojectsintl.com/sponsorship"", ""title"": ""Sponsorship – Passion Projects International"", ""source_date"": """", ""accessed_on"": ""2026-09-22"", ""evidence_basis"": ""official"", ""fetched"": true, ""facts_supported"": [""school used"", ""fees"", ""coverage"", ""contact""], ""evidence_excerpt"": ""Sponsorship pays Maua English Medium School, Usa River (nursery and Std 1–7, day or boarding) plus 5–10% for transfer and coordination costs.""}]"	shared	mobile		
contact		About us | AfricaHeartsDesire	https://en.africaheartsdesire.com/%C3%BCberuns		2026-09-22	2026-09-22	needs_review	published	Two manager/co-founders named; company email and mobile listed.		Africa Hearts Desire (Volunteers Africa Heart's Desire Limited)	en.africaheartsdesire.com										Usa River														Anita; Psteen Nuru Mbwambo	Managers / co-founders	confirmed	email		info@africaheartsdesire.com			+255746108950		AHD 'About us' page.																				research_only		welfare_customer	WCON_africa_hearts_desire_anita_psteen_nuru_mbwambo			medium	Named individuals in professional roles published by the company.																							"[""info@africaheartsdesire.com""]"	"[""+255746108950""]"											"[{""url"": ""https://en.africaheartsdesire.com/%C3%BCberuns"", ""title"": ""About us | AfricaHeartsDesire"", ""source_date"": """", ""accessed_on"": ""2026-09-22"", ""evidence_basis"": ""published"", ""fetched"": true, ""facts_supported"": [""names"", ""roles""], ""evidence_excerpt"": ""Two manager/co-founders named; company email and mobile listed.""}]"	role	mobile		
contact		Kontakt - Africa Amini Alama	https://www.africaaminialama.com/kontakt		2026-09-22	2026-09-22	verified	official	President listed with Austrian and Tanzanian phone numbers.		Africa Amini Alama											Momella (projects in Meru and Maasai areas incl. Ngabobo, Madebe)														Mag. Dr. Cornelia Wallner-Frisee	President	confirmed	email		office@africaaminialama.com			+255764903769		Africa Amini Alama contact page publishes these numbers for the president.																				research_only		welfare_customer	WCON_africa_amini_alama_mag_dr_cornelia_wallner_frisee			medium	Named individual; mobiles published by the organisation as contact lines.																							"[""office@africaaminialama.com""]"	"[""+255764903769"", ""+4369912029005""]"											"[{""url"": ""https://www.africaaminialama.com/kontakt"", ""title"": ""Kontakt - Africa Amini Alama"", ""source_date"": """", ""accessed_on"": ""2026-09-22"", ""evidence_basis"": ""official"", ""fetched"": true, ""facts_supported"": [""name"", ""role"", ""phones""], ""evidence_excerpt"": ""President listed with Austrian and Tanzanian phone numbers.""}]"	role	mobile		
contact		Kontakt - Africa Amini Alama	https://www.africaaminialama.com/kontakt		2026-09-22	2026-09-22	verified	official	Sponsorship and volunteer coordination contact named.		Africa Amini Alama											Momella (projects in Meru and Maasai areas incl. Ngabobo, Madebe)														Noemi Glaser, BA (sponsorship & volunteer desk)	Patenschaften (child sponsorship) and volunteer coordination	confirmed	email		patenschaften@africaaminialama.com		+06644526667			Africa Amini Alama contact and sponsorship pages.																				research_only		welfare_customer	WCON_africa_amini_alama_noemi_glaser_ba			medium	Named individual at a role desk; role email at organisation domain.																							"[""patenschaften@africaaminialama.com""]"	"[""+06644526667"", ""+436644526667""]"											"[{""url"": ""https://www.africaaminialama.com/kontakt"", ""title"": ""Kontakt - Africa Amini Alama"", ""source_date"": """", ""accessed_on"": ""2026-09-22"", ""evidence_basis"": ""official"", ""fetched"": true, ""facts_supported"": [""name"", ""role""], ""evidence_excerpt"": ""Sponsorship and volunteer coordination contact named.""}, {""url"": ""https://www.africaaminialama.com/"", ""title"": ""Africa Amini Alama - home"", ""source_date"": """", ""accessed_on"": ""2026-09-22"", ""evidence_basis"": ""official"", ""fetched"": true, ""facts_supported"": [""email"", ""phone""], ""evidence_excerpt"": ""Sponsorship contact patenschaften@africaaminialama.com, 0664/4526667.""}, {""url"": ""https://africaaminialama.com/"", ""title"": ""Africa Amini Alama - home page"", ""source_date"": """", ""accessed_on"": ""2026-09-22"", ""evidence_basis"": ""published"", ""fetched"": true, ""facts_supported"": [""registration"", ""services"", ""email"", ""phone""], ""evidence_excerpt"": ""Austrian support association ZVR 517623687; clinic, primary schools, social support, child sponsorships in Momella/Ngare Nanyuki; patenschaften@ email.""}]"	role	office		
contact		Laketatu Orphanage - Papamoa Rotary Club	https://papamoarotaryclub.co.nz/laketatu-orphanage-usa-river-tanzania/		2026-09-22	2026-09-22	needs_review	published	Orphanage initiated by Godlisten Kaaya about five years before the article.		Laketatu Orphanage											outskirts of Usa River														Godlisten Kaaya	Initiator/founder	confirmed	website							Named in Papamoa Rotary Club article; no direct route published.																				research_only		welfare_customer	WCON_laketatu_orphanage_godlisten_kaaya			medium	Named individual in professional role published by a funder.																																			"[{""url"": ""https://papamoarotaryclub.co.nz/laketatu-orphanage-usa-river-tanzania/"", ""title"": ""Laketatu Orphanage - Papamoa Rotary Club"", ""source_date"": """", ""accessed_on"": ""2026-09-22"", ""evidence_basis"": ""published"", ""fetched"": true, ""facts_supported"": [""name"", ""role""], ""evidence_excerpt"": ""Orphanage initiated by Godlisten Kaaya about five years before the article.""}]"				
contact		Laketatu Orphanage - Papamoa Rotary Club	https://papamoarotaryclub.co.nz/laketatu-orphanage-usa-river-tanzania/		2026-09-22	2026-09-22	needs_review	published	Contact person for RNZWCS Ltd, the trust channelling funds.	Funder contact, not the orphanage.	Laketatu Orphanage											outskirts of Usa River														Stuart Batty (RNZWCS Ltd)	Funder-side contact person for RNZWCS Ltd (Rotary NZ charitable trust)	confirmed	email			stuartbatty@a3.net.nz				Published by Papamoa Rotary Club as the contact for donations to the Laketatu project.																				research_only		welfare_customer	WCON_laketatu_orphanage_stuart_batty			risky	Named individual's email on a personal/ISP domain (not an organisational domain).																							"[""stuartbatty@a3.net.nz""]"												"[{""url"": ""https://papamoarotaryclub.co.nz/laketatu-orphanage-usa-river-tanzania/"", ""title"": ""Laketatu Orphanage - Papamoa Rotary Club"", ""source_date"": """", ""accessed_on"": ""2026-09-22"", ""evidence_basis"": ""published"", ""fetched"": true, ""facts_supported"": [""name"", ""role"", ""email""], ""evidence_excerpt"": ""Contact person for RNZWCS Ltd, the trust channelling funds.""}]"	personal_domain			
contact		save africa orphanage (weebly)	https://saveafricatanzania.weebly.com/		2026-09-22	2026-09-22	needs_review	official	Founder and director named (spelled Francis/Frances).		Save Africa Orphanage											Usa River (Leganga, about 25 km east of Arusha per Arusha Kids Trust)														Francis Raimond	Founder / Director	confirmed	website							Named on Save Africa's own weebly site and Volunteer in the World profile; enquiries routed via the agency.																				research_only		welfare_customer	WCON_save_africa_orphanage_francis_raimond			medium	Named individual in professional role; no personal route recorded.																																			"[{""url"": ""https://saveafricatanzania.weebly.com/"", ""title"": ""save africa orphanage (weebly)"", ""source_date"": """", ""accessed_on"": ""2026-09-22"", ""evidence_basis"": ""official"", ""fetched"": true, ""facts_supported"": [""name"", ""role""], ""evidence_excerpt"": ""Founder and director named (spelled Francis/Frances).""}, {""url"": ""https://www.volunteerintheworld.com/2020/09/15/save-africa/"", ""title"": ""SAVE AFRICA - Volunteer in the world"", ""source_date"": ""2020-09-15"", ""accessed_on"": ""2026-09-22"", ""evidence_basis"": ""published"", ""fetched"": true, ""facts_supported"": [""name"", ""role""], ""evidence_excerpt"": ""Founded by Francis Raimond with two co-founders.""}]"				
contact		About - Tabasamu	https://tabasamuorphanage.or.tz/about/		2026-09-22	2026-09-22	needs_review	official	Founder David Joseph.		Tabasamu Childcare and Orphanage Centre	tabasamuorphanage.or.tz										Usa River														David Joseph (listed as David Joseph Wella on Idealist)	Founder	confirmed	email	tabasamuchildcare2015@gmail.com				+255763440547		Tabasamu's own website names the founder and lists these organisation routes.																				research_only		welfare_customer	WCON_tabasamu_childcare_and_orphanage_centre_david_joseph			risky	Named individual on a personal email domain (tabasamuchildcare2015@gmail.com); rubric sets risky.																							"[""tabasamuchildcare2015@gmail.com""]"	"[""+255763440547""]"											"[{""url"": ""https://tabasamuorphanage.or.tz/about/"", ""title"": ""About - Tabasamu"", ""source_date"": """", ""accessed_on"": ""2026-09-22"", ""evidence_basis"": ""official"", ""fetched"": true, ""facts_supported"": [""name"", ""role""], ""evidence_excerpt"": ""Founder David Joseph.""}, {""url"": ""https://tabasamuorphanage.or.tz/contact-us/"", ""title"": ""Contact - Tabasamu"", ""source_date"": """", ""accessed_on"": ""2026-09-22"", ""evidence_basis"": ""official"", ""fetched"": true, ""facts_supported"": [""email"", ""phone""], ""evidence_excerpt"": ""Organisation email and phone.""}]"	shared	mobile		
contact		Tanzania - ROAM Humanitarian	https://roamhumanitarian.org/expeditions/tanzania/		2026-09-22	2026-09-22	needs_review	official	Expedition leaders named with contact phone 385-393-0677.	Could identify the Kikatiti orphanage/school partner.	ROAM Humanitarian	roamhumanitarian.org										Kikatiti (Tanzania projects); Heber City, UT (US)														Justin and Lindsay Bowen	Tanzania expedition leaders	confirmed	phone					+13853930677		ROAM's Tanzania expedition page.																				research_only		welfare_customer	WCON_roam_humanitarian_justin_and_lindsay_bowen			medium	Named individuals; phone published by the charity for expedition contact.																								"[""+13853930677""]"											"[{""url"": ""https://roamhumanitarian.org/expeditions/tanzania/"", ""title"": ""Tanzania - ROAM Humanitarian"", ""source_date"": """", ""accessed_on"": ""2026-09-22"", ""evidence_basis"": ""official"", ""fetched"": true, ""facts_supported"": [""names"", ""role"", ""phone""], ""evidence_excerpt"": ""Expedition leaders named with contact phone 385-393-0677.""}]"		unknown		
contact		Tír na nÓg Children's Foundation – home	https://tirnanogchildrensfoundation.com/		2026-09-22	2026-09-22	verified	official	Runs Kao La Amani Pre and Primary School for up to 400 children aged 3–13, with meals, bus and scholarships.	No Tanzanian phone published.	Kao La Amani Children's Village	tirnanogchildrensfoundation.com										Boma Ng'ombe														General enquiries (Tír na nÓg Children's Foundation)	Organisation mailbox	confirmed	email	tirnanogie@gmail.com						Published by Tír na nÓg Children's Foundation on its home and contact pages.																				research_only		welfare_customer	WCON_kao_la_amani_children_village_general_enquiries			risky	Named individual on a personal email domain (tirnanogie@gmail.com); rubric sets risky.																							"[""tirnanogie@gmail.com""]"												"[{""url"": ""https://tirnanogchildrensfoundation.com/"", ""title"": ""Tír na nÓg Children's Foundation – home"", ""source_date"": """", ""accessed_on"": ""2026-09-22"", ""evidence_basis"": ""official"", ""fetched"": true, ""facts_supported"": [""name"", ""founder"", ""school"", ""enrolment"", ""age_range"", ""scholarships"", ""email""], ""evidence_excerpt"": ""Runs Kao La Amani Pre and Primary School for up to 400 children aged 3–13, with meals, bus and scholarships.""}, {""url"": ""https://tirnanogchildrensfoundation.com/contact"", ""title"": ""Contact – Tír na nÓg Children's Foundation"", ""source_date"": """", ""accessed_on"": ""2026-09-22"", ""evidence_basis"": ""official"", ""fetched"": true, ""facts_supported"": [""email"", ""registration"", ""facebook""], ""evidence_excerpt"": ""Lists gmail contact address, RCN 20080662 and CHY 20336; no phone or Tanzanian address shown.""}]"	shared			
contact		About – Tír na nÓg Children's Foundation	https://tirnanogchildrensfoundation.com/about		2026-09-22	2026-09-22	verified	official	Established 2006; founder is voluntary CEO; over 50 Tanzanian employees; Irish RCN 20080662.		Kao La Amani Children's Village	tirnanogchildrensfoundation.com										Boma Ng'ombe														Louise Quill	Founder and Voluntary CEO	confirmed	website							Named on Tír na nÓg's About page; no direct route — use the organisation mailbox.																				research_only		welfare_customer	WCON_kao_la_amani_children_village_louise_quill			medium	Named individual in a professional role, as published by the organisation.																																			"[{""url"": ""https://tirnanogchildrensfoundation.com/about"", ""title"": ""About – Tír na nÓg Children's Foundation"", ""source_date"": """", ""accessed_on"": ""2026-09-22"", ""evidence_basis"": ""official"", ""fetched"": true, ""facts_supported"": [""founded"", ""founder_role"", ""staff_count"", ""registration"", ""country_director""], ""evidence_excerpt"": ""Established 2006; founder is voluntary CEO; over 50 Tanzanian employees; Irish RCN 20080662.""}]"				
contact		About – Tír na nÓg Children's Foundation	https://tirnanogchildrensfoundation.com/about		2026-09-22	2026-09-22	verified	official	Established 2006; founder is voluntary CEO; over 50 Tanzanian employees; Irish RCN 20080662.		Kao La Amani Children's Village	tirnanogchildrensfoundation.com										Boma Ng'ombe														Dr Cletus Tukai	Country Director (Tanzania)	confirmed	website							Named on Tír na nÓg's About page; no direct route published.																				research_only		welfare_customer	WCON_kao_la_amani_children_village_dr_cletus_tukai			medium	Named individual in a professional role, as published by the organisation.																																			"[{""url"": ""https://tirnanogchildrensfoundation.com/about"", ""title"": ""About – Tír na nÓg Children's Foundation"", ""source_date"": """", ""accessed_on"": ""2026-09-22"", ""evidence_basis"": ""official"", ""fetched"": true, ""facts_supported"": [""founded"", ""founder_role"", ""staff_count"", ""registration"", ""country_director""], ""evidence_excerpt"": ""Established 2006; founder is voluntary CEO; over 50 Tanzanian employees; Irish RCN 20080662.""}]"				
contact		Light In Africa – One Kind Act	https://www.onekindact.org/charity/light-in-africa		2026-09-22	2026-09-22	verified	published	Well over 200 children at Tudor Village; school fees for about 120 children; girls' home in Mirerani.		Light in Africa Children's Homes	lightinafricachildrenshomes.com										Tudor Village (Boma Ng'ombe area)														Lynn Gissing ('Mama Lynn')	Founder	confirmed	website							Named as founder by funder One Kind Act; no contact route published.																				research_only		welfare_customer	WCON_light_in_africa_children_home_lynn_gissing			medium	Named individual in a professional role, as published by a funder.																																			"[{""url"": ""https://www.onekindact.org/charity/light-in-africa"", ""title"": ""Light In Africa – One Kind Act"", ""source_date"": """", ""accessed_on"": ""2026-09-22"", ""evidence_basis"": ""published"", ""fetched"": true, ""facts_supported"": [""children_served"", ""school_fees"", ""funder"", ""location""], ""evidence_excerpt"": ""Well over 200 children at Tudor Village; school fees for about 120 children; girls' home in Mirerani.""}, {""url"": ""https://onekindact.org/posts/light-in-africa-interview-mama-lynn"", ""title"": ""Light In Africa – Interview With Mama Lynn"", ""source_date"": ""2015-08-04"", ""accessed_on"": ""2026-09-22"", ""evidence_basis"": ""published"", ""fetched"": true, ""facts_supported"": [""founder"", ""founded"", ""locations""], ""evidence_excerpt"": ""Interview: organisation started June 2000; homes in Moshi area and Mererani.""}]"				
contact		Contact Us – Tuleeni Home	https://tuleenihome.org/about-tuleeni-home/contact-us/		2026-09-22	2026-09-22	verified	official	Uru-Kusini, Moshi rural, about 12 km from Moshi town; P.O. Box 8562; phones listed with staff first names.		Tuleeni Children's Home	tuleenihome.org										Uru														General enquiries	Organisation mailbox	confirmed	email		info@tuleenihome.org					Published on Tuleeni's contact page (office hours Mon–Sat 08:30–16:30).																				research_only		welfare_customer	WCON_tuleeni_children_home_general_enquiries			low	Generic role address at the organisation's own domain.																							"[""info@tuleenihome.org""]"												"[{""url"": ""https://tuleenihome.org/about-tuleeni-home/contact-us/"", ""title"": ""Contact Us – Tuleeni Home"", ""source_date"": """", ""accessed_on"": ""2026-09-22"", ""evidence_basis"": ""official"", ""fetched"": true, ""facts_supported"": [""address"", ""phones"", ""email"", ""office_hours""], ""evidence_excerpt"": ""Uru-Kusini, Moshi rural, about 12 km from Moshi town; P.O. Box 8562; phones listed with staff first names.""}]"	role			
contact		Contact Us – Tuleeni Home	https://tuleenihome.org/about-tuleeni-home/contact-us/		2026-09-22	2026-09-22	verified	official	Uru-Kusini, Moshi rural, about 12 km from Moshi town; P.O. Box 8562; phones listed with staff first names.		Tuleeni Children's Home	tuleenihome.org										Uru														Flaria Felix Faraji ('Mama Faraji')	Founder and Executive Director	confirmed	phone					+255784469389		Tuleeni's contact page lists this number under 'Mama Faraji'; role from its About page.																				research_only		welfare_customer	WCON_tuleeni_children_home_flaria_felix_faraji			medium	Mobile published by the organisation as a contact line for a named leader.																								"[""+255784469389""]"											"[{""url"": ""https://tuleenihome.org/about-tuleeni-home/contact-us/"", ""title"": ""Contact Us – Tuleeni Home"", ""source_date"": """", ""accessed_on"": ""2026-09-22"", ""evidence_basis"": ""official"", ""fetched"": true, ""facts_supported"": [""address"", ""phones"", ""email"", ""office_hours""], ""evidence_excerpt"": ""Uru-Kusini, Moshi rural, about 12 km from Moshi town; P.O. Box 8562; phones listed with staff first names.""}, {""url"": ""https://tuleenihome.org/about-tuleeni-home/"", ""title"": ""About Tuleeni Home"", ""source_date"": """", ""accessed_on"": ""2026-09-22"", ""evidence_basis"": ""official"", ""fetched"": true, ""facts_supported"": [""founded"", ""residential_count"", ""children_served"", ""budget"", ""education_spend""], ""evidence_excerpt"": ""Founded 2005; 54 resident children, over 100 supported nursery to university; about $42,000 annual budget.""}]"		mobile		
contact		Contact Us — Amanikids	https://www.amanikids.org/contact-us		2026-09-22	2026-09-22	verified	official	PO Box 6515 Moshi; +(255) 752 220 637; info@amanikids.org; Tanzania no. 00NG0/RI/00266.		Amani Centre for Street Children	amanikids.org										Moshi														General enquiries	Organisation desk	confirmed	email		info@amanikids.org			+255752220637		Published on Amani's contact page.																				research_only		welfare_customer	WCON_amani_centre_for_street_children_general_enquiries			medium	Role email at own domain plus a mobile published as the organisation's line.																							"[""info@amanikids.org""]"	"[""+255752220637""]"											"[{""url"": ""https://www.amanikids.org/contact-us"", ""title"": ""Contact Us — Amanikids"", ""source_date"": """", ""accessed_on"": ""2026-09-22"", ""evidence_basis"": ""official"", ""fetched"": true, ""facts_supported"": [""address"", ""phone"", ""email"", ""registration""], ""evidence_excerpt"": ""PO Box 6515 Moshi; +(255) 752 220 637; info@amanikids.org; Tanzania no. 00NG0/RI/00266.""}, {""url"": ""https://www.amanikids.org/contact-us"", ""title"": ""Contact Us – Amanikids"", ""source_date"": """", ""accessed_on"": ""2026-09-22"", ""evidence_basis"": ""official"", ""fetched"": true, ""facts_supported"": [""address"", ""phone"", ""email"", ""friends organisations""], ""evidence_excerpt"": ""Amani Centre: PO Box 6515 Moshi; +(255) 752 220 637; info@amanikids.org; Friends of Amani in USA, UK, Netherlands, Germany, Canada.""}, {""url"": ""https://www.amanikids.org/contact-us"", ""title"": ""Contact Us - Amani Centre for Street Children"", ""source_date"": """", ""accessed_on"": ""2026-09-22"", ""evidence_basis"": ""official"", ""fetched"": true, ""facts_supported"": [""address"", ""phone"", ""email"", ""social_media"", ""foreign_offices""], ""evidence_excerpt"": ""PO Box 6515 Moshi; +255 752 220 637; info@amanikids.org; support offices in USA, UK, Netherlands and Germany.""}, {""url"": ""https://amanikids.org/"", ""title"": ""Amani Centre for Street Children - home page"", ""source_date"": """", ""accessed_on"": ""2026-09-22"", ""evidence_basis"": ""published"", ""fetched"": true, ""facts_supported"": [""registration"", ""children_served"", ""services"", ""email""], ""evidence_excerpt"": ""Registered charity in Tanzania 00NG0/RI/00266; Friends of Amani USA EIN 27-3621599; Friends of Amani UK 1107618; Vrienden van Amani RSIN 856833691.""}]"	role	mobile		
contact		Volunteer — Amanikids	https://www.amanikids.org/volunteer		2026-09-22	2026-09-22	verified	official	Short-term ambassadors (2–10 days) asked to raise funds before arrival; long-term 3–12 months; volunteer@amanikids.org.		Amani Centre for Street Children	amanikids.org										Moshi														Volunteer desk	Volunteer enquiries	confirmed	email		volunteer@amanikids.org					Published on Amani's volunteer page.																				research_only		welfare_customer	WCON_amani_centre_for_street_children_volunteer_desk			low	Generic role address at the organisation's own domain.																							"[""volunteer@amanikids.org""]"												"[{""url"": ""https://www.amanikids.org/volunteer"", ""title"": ""Volunteer — Amanikids"", ""source_date"": """", ""accessed_on"": ""2026-09-22"", ""evidence_basis"": ""official"", ""fetched"": true, ""facts_supported"": [""volunteer_programme"", ""email""], ""evidence_excerpt"": ""Short-term ambassadors (2–10 days) asked to raise funds before arrival; long-term 3–12 months; volunteer@amanikids.org.""}]"	role			
contact		Team — Amanikids	https://www.amanikids.org/team		2026-09-22	2026-09-22	verified	official	Team page lists Executive Director, acting programme manager, coordinators for Arusha and Singida centres.		Amani Centre for Street Children	amanikids.org										Moshi														Alfred Kamphonje	Executive Director	confirmed	website							Named on Amani's team page; no direct route — use info@amanikids.org.																				research_only		welfare_customer	WCON_amani_centre_for_street_children_alfred_kamphonje			medium	Named individual in a professional role, as published by the organisation.																																			"[{""url"": ""https://www.amanikids.org/team"", ""title"": ""Team — Amanikids"", ""source_date"": """", ""accessed_on"": ""2026-09-22"", ""evidence_basis"": ""official"", ""fetched"": true, ""facts_supported"": [""leadership""], ""evidence_excerpt"": ""Team page lists Executive Director, acting programme manager, coordinators for Arusha and Singida centres.""}, {""url"": ""https://www.amanikids.org/team"", ""title"": ""Meet the Team - Amani"", ""source_date"": """", ""accessed_on"": ""2026-09-22"", ""evidence_basis"": ""official"", ""fetched"": true, ""facts_supported"": [""leadership""], ""evidence_excerpt"": ""Team page names the Executive Director, acting programme manager, education coordinator and Arusha centre coordinator.""}]"				
contact		Meet the Staff | Hope Home Trust	https://www.hopehometrust.org.uk/meetthestaff		2026-09-22	2026-09-22	verified	published	Founder and Director leads; roles include matron, qualified social worker, cook, groundsmen, night guard.		Kitaa Hope Home											Moshi														Esta Kadeghe ('Mama Esta')	Founder and Director	confirmed	website							Named by UK partner Hope Home Trust; contact via hopehometrust@yahoo.co.uk (trust mailbox).																				research_only		welfare_customer	WCON_kitaa_hope_home_esta_kadeghe			medium	Named individual in a professional role, as published by the funder organisation.																																			"[{""url"": ""https://www.hopehometrust.org.uk/meetthestaff"", ""title"": ""Meet the Staff | Hope Home Trust"", ""source_date"": """", ""accessed_on"": ""2026-09-22"", ""evidence_basis"": ""published"", ""fetched"": true, ""facts_supported"": [""director"", ""staff_roles""], ""evidence_excerpt"": ""Founder and Director leads; roles include matron, qualified social worker, cook, groundsmen, night guard.""}, {""url"": ""https://www.hopehometrust.org.uk/history"", ""title"": ""History | Hope Home Trust"", ""source_date"": """", ""accessed_on"": ""2026-09-22"", ""evidence_basis"": ""published"", ""fetched"": true, ""facts_supported"": [""founded"", ""capacity"", ""day_care""], ""evidence_excerpt"": ""Home designed for twenty children; day care for ages 2–5 from 2018, about 50 enrolled, up to 30 free.""}]"				
contact		Contact Us | Hope Home Trust	https://www.hopehometrust.org.uk/contactus		2026-09-22	2026-09-22	verified	published	UK trust contact: yahoo email and charity no. 1126415; no Tanzanian contact route.		Hope Home Trust											Brighton														Trust mailbox	Organisation mailbox	confirmed	email	hopehometrust@yahoo.co.uk						Published on Hope Home Trust's contact page.																				research_only		welfare_customer	WCON_hope_home_mailbox			risky	Named individual on a personal email domain (hopehometrust@yahoo.co.uk); rubric sets risky.																							"[""hopehometrust@yahoo.co.uk""]"												"[{""url"": ""https://www.hopehometrust.org.uk/contactus"", ""title"": ""Contact Us | Hope Home Trust"", ""source_date"": """", ""accessed_on"": ""2026-09-22"", ""evidence_basis"": ""published"", ""fetched"": true, ""facts_supported"": [""email"", ""registration""], ""evidence_excerpt"": ""UK trust contact: yahoo email and charity no. 1126415; no Tanzanian contact route.""}]"	shared			
contact		Msamaria Children's Home	https://msamariakids.org/		2026-09-22	2026-09-22	verified	official	Registered NGO in Moshi; 75 children aged 2–20; some attend boarding school.		Msamaria Centre for Street Children	msamariakids.org										Rau-Pension														General enquiries	Organisation desk	confirmed	email		info@msamariakids.org			+255754392171		Published on Msamaria's site (phone also linked as WhatsApp).																				research_only		welfare_customer	WCON_msamaria_centre_for_street_children_general_enquiries			medium	Mobile/WhatsApp published as the organisation's contact line.																							"[""info@msamariakids.org""]"	"[""+255754392171""]"											"[{""url"": ""https://msamariakids.org/"", ""title"": ""Msamaria Children's Home"", ""source_date"": """", ""accessed_on"": ""2026-09-22"", ""evidence_basis"": ""official"", ""fetched"": true, ""facts_supported"": [""name"", ""capacity"", ""age_range"", ""email"", ""phone"", ""address""], ""evidence_excerpt"": ""Registered NGO in Moshi; 75 children aged 2–20; some attend boarding school.""}, {""url"": ""https://msamariakids.org/about"", ""title"": ""About – Msamaria Children's Home"", ""source_date"": """", ""accessed_on"": ""2026-09-22"", ""evidence_basis"": ""official"", ""fetched"": true, ""facts_supported"": [""founded"", ""founder"", ""location""], ""evidence_excerpt"": ""Founded 2006; located Rau-Pension, Rau ward, Moshi town district; boarding school placement and reunification.""}]"	role	whatsapp		
contact		About – Msamaria Children's Home	https://msamariakids.org/about		2026-09-22	2026-09-22	verified	official	Founded 2006; located Rau-Pension, Rau ward, Moshi town district; boarding school placement and reunification.		Msamaria Centre for Street Children	msamariakids.org										Rau-Pension														Folkward Mapunda	Founder	confirmed	website							Named as founder on Msamaria's About page; no separate route recorded.																				research_only		welfare_customer	WCON_msamaria_centre_for_street_children_folkward_mapunda			medium	Named individual in a professional role, as published by the organisation.																																			"[{""url"": ""https://msamariakids.org/about"", ""title"": ""About – Msamaria Children's Home"", ""source_date"": """", ""accessed_on"": ""2026-09-22"", ""evidence_basis"": ""official"", ""fetched"": true, ""facts_supported"": [""founded"", ""founder"", ""location""], ""evidence_excerpt"": ""Founded 2006; located Rau-Pension, Rau ward, Moshi town district; boarding school placement and reunification.""}]"				
contact		Children Of Kilimanjaro Orphanage – helpcoko	https://helpcoko.org/		2026-09-22	2026-09-22	verified	official	US 501(c)(3) running a residential orphanage in Moshi; Candid Platinum seal 2025.		Children Of Kilimanjaro Orphanage Inc											Bellingham, MA														General enquiries	Organisation mailbox	confirmed	email		info@helpcoko.org					Published on COKO's website.																				research_only		welfare_customer	WCON_children_of_kilimanjaro_orphanage_general_enquiries			low	Generic role address at the organisation's own domain.																							"[""info@helpcoko.org""]"												"[{""url"": ""https://helpcoko.org/"", ""title"": ""Children Of Kilimanjaro Orphanage – helpcoko"", ""source_date"": """", ""accessed_on"": ""2026-09-22"", ""evidence_basis"": ""official"", ""fetched"": true, ""facts_supported"": [""name"", ""registration"", ""email"", ""social_media""], ""evidence_excerpt"": ""US 501(c)(3) running a residential orphanage in Moshi; Candid Platinum seal 2025.""}, {""url"": ""https://helpcoko.org/pages/volunteer"", ""title"": ""Volunteer Opportunities | COKO"", ""source_date"": """", ""accessed_on"": ""2026-09-22"", ""evidence_basis"": ""official"", ""fetched"": true, ""facts_supported"": [""volunteer_fee""], ""evidence_excerpt"": ""Volunteer fee $300 for one week, $500 for two, including room and board.""}]"	role			
contact		Welcome to the new home of COKO	https://helpcoko.org/blogs/news/construction-of-our-new-facility-nearly-complete	2025-09-11	2026-09-22	2026-09-22	verified	official	New home in Uru village completed; cares for about 25–30 children aged 3–9.		Children Of Kilimanjaro Orphanage Inc											Bellingham, MA														Jay Rowe	Founder	confirmed	website							Named as founder in COKO blog and a Jan 2026 newspaper article.																				research_only		welfare_customer	WCON_children_of_kilimanjaro_orphanage_jay_rowe			medium	Named individual in a professional role, as published by the organisation and press.																																			"[{""url"": ""https://helpcoko.org/blogs/news/construction-of-our-new-facility-nearly-complete"", ""title"": ""Welcome to the new home of COKO"", ""source_date"": ""2025-09-11"", ""accessed_on"": ""2026-09-22"", ""evidence_basis"": ""official"", ""fetched"": true, ""facts_supported"": [""location"", ""latest_activity"", ""age_range""], ""evidence_excerpt"": ""New home in Uru village completed; cares for about 25–30 children aged 3–9.""}, {""url"": ""https://recorder.com/2026/01/03/orange-resident-volunteers-tanzania/"", ""title"": ""Orange resident volunteers at Tanzania orphanage - Greenfield Recorder"", ""source_date"": ""2026-01-03"", ""accessed_on"": ""2026-09-22"", ""evidence_basis"": ""published"", ""fetched"": true, ""facts_supported"": [""children_served"", ""staff_count"", ""own_school"", ""volunteer_fee""], ""evidence_excerpt"": ""COKO houses 32 children with 9 local staff; own school in Moshi due to open in January.""}]"				
contact		OUR DEPARTMENTS - Vulnerable Children Support – KIWAKKUKI	https://kiwakkuki.org/page?page=vulnerable_children_support		2026-09-22	2026-09-22	verified	official	Since 1996 sponsors vulnerable children from primary to secondary and vocational training, with uniforms and materials.	027 number is a Moshi landline; 0767 is a mobile. | Website undated.	KIWAKKUKI (Kikundi cha Wanawake Kilimanjaro Kupambana na UKIMWI)	kiwakkuki.org										Korongoni														Head office	Organisation desk	confirmed	email	kiwakkuki@gmail.com				+255272751504		Published on KIWAKKUKI's website.																				research_only		welfare_customer	WCON_kiwakkuki_head_office			risky	Named individual on a personal email domain (kiwakkuki@gmail.com); rubric sets risky.																							"[""kiwakkuki@gmail.com""]"	"[""+255272751504"", ""+255767851504""]"											"[{""url"": ""https://kiwakkuki.org/page?page=vulnerable_children_support"", ""title"": ""OUR DEPARTMENTS - Vulnerable Children Support – KIWAKKUKI"", ""source_date"": """", ""accessed_on"": ""2026-09-22"", ""evidence_basis"": ""official"", ""fetched"": true, ""facts_supported"": [""services"", ""school_sponsorship"", ""address"", ""phones"", ""email""], ""evidence_excerpt"": ""Since 1996 sponsors vulnerable children from primary to secondary and vocational training, with uniforms and materials.""}, {""url"": ""https://kiwakkuki.org/page?page=about_us"", ""title"": ""KIWAKKUKI | About KIWAKKUKI"", ""source_date"": """", ""accessed_on"": ""2026-09-22"", ""evidence_basis"": ""official"", ""fetched"": true, ""facts_supported"": [""founded"", ""registration"", ""coverage""], ""evidence_excerpt"": ""Founded 1990; registration 00001413; over 150 grassroots groups across Kilimanjaro districts.""}, {""url"": ""https://www.kiwakkuki.org/"", ""title"": ""KIWAKKUKI (home)"", ""source_date"": """", ""accessed_on"": ""2026-09-22"", ""evidence_basis"": ""official"", ""fetched"": true, ""facts_supported"": [""name"", ""address"", ""registration"", ""phones"", ""email"", ""founded"", ""staff"", ""district coordinators""], ""evidence_excerpt"": ""Founded 1990; NGO registration No. 00001413; Korongoni ward, Vijana Street, Lindi Road, Moshi; P.O. Box 567; kiwakkuki@gmail.com.""}]"	shared	unknown		
contact		Born to Learn - NGO Tanzania	https://www.borntolearnglobal.org/		2026-09-22	2026-09-22	needs_review	official	Moshi centre in Mvuleni with about 400 daily attendees; about 700 scholarships since inception.		Born to Learn (BTL)	borntolearnglobal.org										Mvuleni														Samantha Peñalver	Director and founder	confirmed	email	btlmoshi@gmail.com				+255627500884		Role and Moshi contacts published on Born to Learn's website; routes are organisational, not personal.																				research_only		welfare_customer	WCON_born_to_learn_samantha_penalver			risky	Named individual on a personal email domain (btlmoshi@gmail.com); rubric sets risky.																							"[""btlmoshi@gmail.com""]"	"[""+255627500884""]"											"[{""url"": ""https://www.borntolearnglobal.org/"", ""title"": ""Born to Learn - NGO Tanzania"", ""source_date"": """", ""accessed_on"": ""2026-09-22"", ""evidence_basis"": ""official"", ""fetched"": true, ""facts_supported"": [""location"", ""children_served"", ""scholarships"", ""contacts"", ""founder""], ""evidence_excerpt"": ""Moshi centre in Mvuleni with about 400 daily attendees; about 700 scholarships since inception.""}]"	shared	unknown		
contact		Moshi Kids Center – Tanzania Times	https://tanzaniatimes.net/moshi-kids-center-where-childrens-current-wants-and-their-future-needs-get-solved-in-kilimanjaro/	2026-07-01	2026-09-22	2026-09-22	verified	published	Zara Charity centre on Msasani Street has 70 children, up from 25; relies on tourism revenue.		Moshi Kids Centre	moshikidscentre.org										Pasua														Razack Amir	Project Coordinator	confirmed	website							Named in Tanzania Times (1 Jul 2026); use centre email/phone from its website.																				research_only		welfare_customer	WCON_moshi_kids_centre_razack_amir			medium	Named individual in a professional role, as published in the press.																																			"[{""url"": ""https://tanzaniatimes.net/moshi-kids-center-where-childrens-current-wants-and-their-future-needs-get-solved-in-kilimanjaro/"", ""title"": ""Moshi Kids Center – Tanzania Times"", ""source_date"": ""2026-07-01"", ""accessed_on"": ""2026-09-22"", ""evidence_basis"": ""published"", ""fetched"": true, ""facts_supported"": [""children_served"", ""coordinator"", ""funding"", ""address""], ""evidence_excerpt"": ""Zara Charity centre on Msasani Street has 70 children, up from 25; relies on tourism revenue.""}]"				
contact		Moshi Kids Centre – Sponsor Children in Tanzania	https://moshikidscentre.org/	2026-09-01	2026-09-22	2026-09-22	verified	official	Tembo Rd, Pasua; claims 800+ children; blog posts dated September 2026.		Moshi Kids Centre	moshikidscentre.org										Pasua														General enquiries	Organisation desk	confirmed	email	moshikidscentre@gmail.com				+255755031273		Published on Moshi Kids Centre website.																				research_only		welfare_customer	WCON_moshi_kids_centre_general_enquiries			risky	Named individual on a personal email domain (moshikidscentre@gmail.com); rubric sets risky.																							"[""moshikidscentre@gmail.com""]"	"[""+255755031273""]"											"[{""url"": ""https://moshikidscentre.org/"", ""title"": ""Moshi Kids Centre – Sponsor Children in Tanzania"", ""source_date"": ""2026-09"", ""accessed_on"": ""2026-09-22"", ""evidence_basis"": ""official"", ""fetched"": true, ""facts_supported"": [""name"", ""location"", ""children_served"", ""contacts"", ""latest_activity""], ""evidence_excerpt"": ""Tembo Rd, Pasua; claims 800+ children; blog posts dated September 2026.""}, {""url"": ""https://moshikidscentre.org/about-us/"", ""title"": ""About Us – Moshi Kids Centre"", ""source_date"": """", ""accessed_on"": ""2026-09-22"", ""evidence_basis"": ""official"", ""fetched"": true, ""facts_supported"": [""registration"", ""services""], ""evidence_excerpt"": ""Registered NGO in Kilimanjaro; education centre, food, clothing and recreation.""}, {""url"": ""https://moshikidscentre.org/sponsor-a-child-in-tanzania-2/"", ""title"": ""Sponsor a Child in Tanzania – Moshi Kids Centre"", ""source_date"": """", ""accessed_on"": ""2026-09-22"", ""evidence_basis"": ""official"", ""fetched"": true, ""facts_supported"": [""sponsorship model"", ""contacts"", ""address""], ""evidence_excerpt"": ""Facilitates child sponsorship through partner organisations; Tembo Rd, Pasua, Moshi; moshikidscentre@gmail.com; +255 755 03 12 73.""}, {""url"": ""https://moshikidscentre.org/"", ""title"": ""Moshi Kids Centre (home)"", ""source_date"": ""2026-09"", ""accessed_on"": ""2026-09-22"", ""evidence_basis"": ""official"", ""fetched"": true, ""facts_supported"": [""services"", ""children"", ""registration claim"", ""latest activity"", ""volunteer""], ""evidence_excerpt"": ""Learning centre, feeding and recreation in Pasua; over 800 children benefited; says four decades; blog posts September 2026.""}]"	shared	unknown		
contact		ZARA Tanzania Charity	https://www.zaratanzaniacharity.org/	2026-09-11	2026-09-22	2026-09-22	verified	official	NGO founded 2009 to extend tourism benefits; runs Moshi Kids Centre and student sponsorship; Ghala Road, Pasua.		ZARA Tanzania Charity	zaratanzaniacharity.org										Pasua														Zainab Ansell	Founder	confirmed	email		info@zaratanzaniacharity.org			+255655451003		Founder named on Zara Charity site; routes are the charity's general contacts.																				research_only		welfare_customer	WCON_zara_charity_zainab_ansell			medium	Named individual in a role; mobile published as organisational line.																							"[""info@zaratanzaniacharity.org""]"	"[""+255655451003""]"											"[{""url"": ""https://www.zaratanzaniacharity.org/"", ""title"": ""ZARA Tanzania Charity"", ""source_date"": ""2026-09-11"", ""accessed_on"": ""2026-09-22"", ""evidence_basis"": ""official"", ""fetched"": true, ""facts_supported"": [""founder"", ""founded"", ""address"", ""projects"", ""contacts"", ""latest_activity""], ""evidence_excerpt"": ""NGO founded 2009 to extend tourism benefits; runs Moshi Kids Centre and student sponsorship; Ghala Road, Pasua.""}]"	role	unknown		
contact		Kilimanjaro Orphanage Centre – No child should be alone	https://www.kilimanjaroorphanagecentre.org/	2025-03-01	2026-09-22	2026-09-22	needs_review	official	Founded by Teacher Lazaro Edward since 2002; Pasua street; helped 132+ children get education; March 2025 newsletter.	A personal yahoo address on a travel listing was not recorded.	Kilimanjaro Orphanage Centre	kilimanjaroorphanagecentre.org										Pasua														Lazaro Edward ('Teacher')	Founder	confirmed	email		info@kilimanjaroorphanagecentre.org			+255717394523		Founder named on the centre's website, which publishes these contacts.																				research_only		welfare_customer	WCON_kilimanjaro_orphanage_centre_lazaro_edward			medium	Named individual in a role; mobile published as the organisation's line.																							"[""info@kilimanjaroorphanagecentre.org""]"	"[""+255717394523""]"											"[{""url"": ""https://www.kilimanjaroorphanagecentre.org/"", ""title"": ""Kilimanjaro Orphanage Centre – No child should be alone"", ""source_date"": ""2025-03"", ""accessed_on"": ""2026-09-22"", ""evidence_basis"": ""official"", ""fetched"": true, ""facts_supported"": [""name"", ""location"", ""founded"", ""founder"", ""contacts"", ""latest_activity""], ""evidence_excerpt"": ""Founded by Teacher Lazaro Edward since 2002; Pasua street; helped 132+ children get education; March 2025 newsletter.""}]"	role	unknown		
contact		Home - Kilimanjaro Children's Foundation	https://kilimanjarokids.org/	2024-12-20	2026-09-22	2026-09-22	verified	official	Kilimanjaro School serves 200 children aged 3–8; 64 promoted to first grade.		Kilimanjaro Children's Foundation (Kilimanjaro School)	kilimanjarokids.org										Jorno (as published)														Bella Severua	Programme Administrator	confirmed	website							Named on the foundation's homepage and Place & People page; no direct route published.																				research_only		welfare_customer	WCON_kilimanjaro_children_foundation_bella_severua			medium	Named individual in a professional role, as published by the organisation.																																			"[{""url"": ""https://kilimanjarokids.org/"", ""title"": ""Home - Kilimanjaro Children's Foundation"", ""source_date"": ""2024-12-20"", ""accessed_on"": ""2026-09-22"", ""evidence_basis"": ""official"", ""fetched"": true, ""facts_supported"": [""children_served"", ""age_range"", ""latest_activity""], ""evidence_excerpt"": ""Kilimanjaro School serves 200 children aged 3–8; 64 promoted to first grade.""}, {""url"": ""https://kilimanjarokids.org/place-people/"", ""title"": ""Place & People – Kilimanjaro Children's Foundation"", ""source_date"": """", ""accessed_on"": ""2026-09-22"", ""evidence_basis"": ""official"", ""fetched"": true, ""facts_supported"": [""location"", ""staff_roles""], ""evidence_excerpt"": ""School in the small village of 'Jorno', Moshi; programme administrator and teachers listed.""}]"				
contact		Centre transforms over 400 children's lives - Daily News	https://dailynews.co.tz/centre-transforms-over-400-childrens-lives/	2026-09-01	2026-09-22	2026-09-22	verified	published	TAG Kilimanjaro Revival Temple centre in Moshi marks 20 years; 400+ children helped; Compassion university pathway.		TAG Kilimanjaro Revival Temple Child and Youth Development Centre											Moshi														Msafiri Mzinga	Centre manager; Senior Pastor, TAG Revival Fire Church	confirmed	website							Quoted in role by Daily News (Sept 2026); no contact route published.																				research_only		welfare_customer	WCON_tag_kilimanjaro_revival_temple_child_and_youth_developme			medium	Named individual in a professional role, as published in the press.																																			"[{""url"": ""https://dailynews.co.tz/centre-transforms-over-400-childrens-lives/"", ""title"": ""Centre transforms over 400 children's lives - Daily News"", ""source_date"": ""2026-09"", ""accessed_on"": ""2026-09-22"", ""evidence_basis"": ""published"", ""fetched"": true, ""facts_supported"": [""name"", ""children_served"", ""partner"", ""leaders"", ""latest_activity""], ""evidence_excerpt"": ""TAG Kilimanjaro Revival Temple centre in Moshi marks 20 years; 400+ children helped; Compassion university pathway.""}, {""url"": ""https://allafrica.com/stories/202609140381.html"", ""title"": ""Tanzania: Centre Transforms Over 400 Children's Lives - allAfrica.com"", ""source_date"": ""2026-09-14"", ""accessed_on"": ""2026-09-22"", ""evidence_basis"": ""published"", ""fetched"": true, ""facts_supported"": [""latest_activity"", ""leaders""], ""evidence_excerpt"": ""Republished Daily News story; 20th anniversary; named church and Compassion roles.""}]"				
contact		Centre transforms over 400 children's lives - Daily News	https://dailynews.co.tz/centre-transforms-over-400-childrens-lives/	2026-09-01	2026-09-22	2026-09-22	verified	published	TAG Kilimanjaro Revival Temple centre in Moshi marks 20 years; 400+ children helped; Compassion university pathway.		TAG Kilimanjaro Revival Temple Child and Youth Development Centre											Moshi														Ron Swai	Senior Pastor, Kilimanjaro Revival Temple Church	confirmed	website							Quoted in role by Daily News (Sept 2026); no contact route published.																				research_only		welfare_customer	WCON_tag_kilimanjaro_revival_temple_child_and_youth_developme			medium	Named individual in a professional role, as published in the press.																																			"[{""url"": ""https://dailynews.co.tz/centre-transforms-over-400-childrens-lives/"", ""title"": ""Centre transforms over 400 children's lives - Daily News"", ""source_date"": ""2026-09"", ""accessed_on"": ""2026-09-22"", ""evidence_basis"": ""published"", ""fetched"": true, ""facts_supported"": [""name"", ""children_served"", ""partner"", ""leaders"", ""latest_activity""], ""evidence_excerpt"": ""TAG Kilimanjaro Revival Temple centre in Moshi marks 20 years; 400+ children helped; Compassion university pathway.""}]"				
contact		Contact – Compassion International Tanzania	https://cit.or.tz/contact/		2026-09-22	2026-09-22	verified	official	HQ PAPU Tower, Sekei, Arusha; +255 776 700 511; info@tz.ci.org; media contact listed.	Directory also lists +255 27 254 4409.	Compassion International Tanzania											Sekei, Arusha														General enquiries	Head office	confirmed	email		info@tz.ci.org		+255776700511			Published on CIT's contact page (Mon–Fri 08:00–17:00).																				research_only		welfare_customer	WCON_compassion_international_general_enquiries			medium	Role email plus a mobile-format number published as the office line.																							"[""info@tz.ci.org""]"	"[""+255776700511""]"											"[{""url"": ""https://cit.or.tz/contact/"", ""title"": ""Contact – Compassion International Tanzania"", ""source_date"": """", ""accessed_on"": ""2026-09-22"", ""evidence_basis"": ""official"", ""fetched"": true, ""facts_supported"": [""address"", ""phone"", ""email"", ""media_contact""], ""evidence_excerpt"": ""HQ PAPU Tower, Sekei, Arusha; +255 776 700 511; info@tz.ci.org; media contact listed.""}, {""url"": ""https://cit.or.tz/contact/"", ""title"": ""Contact – Compassion International Tanzania"", ""source_date"": """", ""accessed_on"": ""2026-09-22"", ""evidence_basis"": ""official"", ""fetched"": true, ""facts_supported"": [""address"", ""phone"", ""email"", ""office hours""], ""evidence_excerpt"": ""Office at PAPU Tower, Golf Course, Sekei, Moshi–Arusha Road, P.O. Box 3064 Arusha; info@tz.ci.org; +255 776 700 511.""}]"	role	office		
contact		Contact – Compassion International Tanzania	https://cit.or.tz/contact/		2026-09-22	2026-09-22	verified	official	HQ PAPU Tower, Sekei, Arusha; +255 776 700 511; info@tz.ci.org; media contact listed.	Media route; use the general desk for partnerships.	Compassion International Tanzania											Sekei, Arusha														Melkizedeck Karol	Senior Public Relations Specialist (media contact)	confirmed	email			mkarol@tz.ci.org				Published by CIT on its contact page as media contact.																				research_only		welfare_customer	WCON_compassion_international_melkizedeck_karol			medium	Named work email at the organisation's domain, published for contact.																							"[""mkarol@tz.ci.org""]"												"[{""url"": ""https://cit.or.tz/contact/"", ""title"": ""Contact – Compassion International Tanzania"", ""source_date"": """", ""accessed_on"": ""2026-09-22"", ""evidence_basis"": ""official"", ""fetched"": true, ""facts_supported"": [""address"", ""phone"", ""email"", ""media_contact""], ""evidence_excerpt"": ""HQ PAPU Tower, Sekei, Arusha; +255 776 700 511; info@tz.ci.org; media contact listed.""}, {""url"": ""https://cit.or.tz/contact/"", ""title"": ""Contact – Compassion International Tanzania"", ""source_date"": """", ""accessed_on"": ""2026-09-22"", ""evidence_basis"": ""official"", ""fetched"": true, ""facts_supported"": [""address"", ""phone"", ""email"", ""office hours""], ""evidence_excerpt"": ""Office at PAPU Tower, Golf Course, Sekei, Moshi–Arusha Road, P.O. Box 3064 Arusha; info@tz.ci.org; +255 776 700 511.""}]"	named			
contact		Hope Village Orphanage – Path To Africa	https://www.pathtoafrica.org/hope_village_orphanage		2026-09-22	2026-09-22	needs_review	official	Founded February 2011 in Moshi; eight residents aged 15–20; education incl. further study.		Hope Village for Orphaned and Vulnerable Children	pathtoafrica.org										Moshi														Ceccyliah Fadhili	Founder / Director	confirmed	email		info@pathtoafrica.org			+255787225908		Founder named by Path To Africa; routes are Path To Africa's published contacts.																				research_only		welfare_customer	WCON_hope_village_for_orphaned_and_vulnerable_children_ceccyl			medium	Named individual in a role; mobile published as organisational line.																							"[""info@pathtoafrica.org""]"	"[""+255787225908""]"											"[{""url"": ""https://www.pathtoafrica.org/hope_village_orphanage"", ""title"": ""Hope Village Orphanage – Path To Africa"", ""source_date"": """", ""accessed_on"": ""2026-09-22"", ""evidence_basis"": ""official"", ""fetched"": true, ""facts_supported"": [""founded"", ""founder"", ""children_served"", ""age_range"", ""contacts""], ""evidence_excerpt"": ""Founded February 2011 in Moshi; eight residents aged 15–20; education incl. further study.""}, {""url"": ""https://www.pathtoafrica.org/contact"", ""title"": ""Contact – Path To Africa"", ""source_date"": """", ""accessed_on"": ""2026-09-22"", ""evidence_basis"": ""official"", ""fetched"": true, ""facts_supported"": [""address"", ""phone"", ""email""], ""evidence_excerpt"": ""P.O. Box 593 Moshi; +255 787 225 908; info@pathtoafrica.org.""}]"	role	unknown		
contact		Contact Us – Treasures of Africa	https://www.treasuresofafrica.org/contact-us		2026-09-22	2026-09-22	needs_review	official	US contact: PO Box 745, Forest, Virginia; phone 434.849.7967.		Treasures of Africa KIDZ Project	treasuresofafrica.org										Moshi														Warren Oberst	Director (per 2021 photo caption)	unknown	phone				+14348497967			Named as director in a 2021 Altezza Travel article; US office phone on TOA site.																				research_only		welfare_customer	WCON_treasures_of_africa_kidz_project_warren_oberst			medium	Named individual in a role from a third-party article; role may be outdated.																								"[""+14348497967""]"											"[{""url"": ""https://altezzatravel.com/articles/treasures-of-africa"", ""title"": ""Treasures of Africa Children's home in Moshi – Altezza Travel"", ""source_date"": ""2021-09-11"", ""accessed_on"": ""2026-09-22"", ""evidence_basis"": ""published"", ""fetched"": true, ""facts_supported"": [""director"", ""visits""], ""evidence_excerpt"": ""Tour firm article: home run by an American couple; travellers encouraged to visit with supplies.""}, {""url"": ""https://www.treasuresofafrica.org/contact-us"", ""title"": ""Contact Us – Treasures of Africa"", ""source_date"": """", ""accessed_on"": ""2026-09-22"", ""evidence_basis"": ""official"", ""fetched"": true, ""facts_supported"": [""address"", ""phone""], ""evidence_excerpt"": ""US contact: PO Box 745, Forest, Virginia; phone 434.849.7967.""}]"		office		
contact		Child Hope Development Organization	https://childhopetz.org/	2024-07-01	2026-09-22	2026-09-22	needs_review	official	Founded 2013; HQ TPC Moshi, P.O. Box 1773; programmes in Moshi rural areas and Serengeti.		Child Hope Development Organization	childhopetz.org										TPC (Moshi Rural)														Pastor Emmanuel Maro	Founder	confirmed	email		info@childhopetz.org			+255755904633		Founder named on organisation website, which publishes these contacts.																				research_only		welfare_customer	WCON_child_hope_development_pastor_emmanuel_maro			medium	Named individual in a role; mobile published as organisational line.																							"[""info@childhopetz.org""]"	"[""+255755904633""]"											"[{""url"": ""https://childhopetz.org/"", ""title"": ""Child Hope Development Organization"", ""source_date"": ""2024-07"", ""accessed_on"": ""2026-09-22"", ""evidence_basis"": ""official"", ""fetched"": true, ""facts_supported"": [""founded"", ""founder"", ""location"", ""contacts"", ""latest_activity""], ""evidence_excerpt"": ""Founded 2013; HQ TPC Moshi, P.O. Box 1773; programmes in Moshi rural areas and Serengeti.""}]"	role	unknown		
contact		Kilimanjaro Childlight Foundation	https://www.kilimanjarochildlight.org/		2026-09-22	2026-09-22	verified	official	Ushirika Street, Uru Ave, Moshi; P.O. Box 952; volunteers welcomed.		Kilimanjaro Childlight Foundation	kilimanjarochildlight.org										Moshi														General enquiries	Organisation desk	confirmed	email		info@kilimanjarochildlight.org			+255754200595		Published on the foundation's website.																				research_only		welfare_customer	WCON_kilimanjaro_childlight_foundation_general_enquiries			medium	Mobile published as organisational line.																							"[""info@kilimanjarochildlight.org""]"	"[""+255754200595""]"											"[{""url"": ""https://www.kilimanjarochildlight.org/"", ""title"": ""Kilimanjaro Childlight Foundation"", ""source_date"": """", ""accessed_on"": ""2026-09-22"", ""evidence_basis"": ""official"", ""fetched"": true, ""facts_supported"": [""location"", ""contacts""], ""evidence_excerpt"": ""Ushirika Street, Uru Ave, Moshi; P.O. Box 952; volunteers welcomed.""}, {""url"": ""https://www.kilimanjarochildlight.org/about-us/"", ""title"": ""About Us – Kilimanjaro Childlight Foundation"", ""source_date"": """", ""accessed_on"": ""2026-09-22"", ""evidence_basis"": ""official"", ""fetched"": true, ""facts_supported"": [""founded"", ""registration"", ""services""], ""evidence_excerpt"": ""Founded 2014, renamed 2015; NGO reg. 00NGO/00007950; outreach, education, health, renovation projects.""}]"	role	unknown		
contact		Contact – Halima Orphanage	https://halimaorphanage.org/contact		2026-09-22	2026-09-22	needs_review	official	Mlandege Street, Pasua Bomambuzi, Moshi; WhatsApp +255 613 348 240.		Halima Orphanage Center	halimaorphanage.org										Pasua (Bomambuzi)														General enquiries	Organisation desk	confirmed	email		hello@halimaorphanage.org			+255613348240		Published on Halima's contact page.																				research_only		welfare_customer	WCON_halima_orphanage_centre_general_enquiries			medium	WhatsApp mobile published as organisational line.																							"[""hello@halimaorphanage.org""]"	"[""+255613348240""]"											"[{""url"": ""https://halimaorphanage.org/contact"", ""title"": ""Contact – Halima Orphanage"", ""source_date"": """", ""accessed_on"": ""2026-09-22"", ""evidence_basis"": ""official"", ""fetched"": true, ""facts_supported"": [""address"", ""phone"", ""email""], ""evidence_excerpt"": ""Mlandege Street, Pasua Bomambuzi, Moshi; WhatsApp +255 613 348 240.""}]"	role	whatsapp		
contact		About Kili Vikings – Trusted Kilimanjaro Tour Operators	https://kilivikings.com/about-us/		2026-09-22	2026-09-22	verified	official	Says a portion of profits goes to Kilimanjaro-region orphanages, supporting over 200 children; none named.		Kili Vikings Limited	kilivikings.com																								Company office	General enquiries	confirmed	email		info@kilivikings.com			+255769654036		Published on Kili Vikings' about and contact pages.																				research_only		welfare_customer	WCON_kili_vikings_office			medium	Mobile published as company line.																							"[""info@kilivikings.com""]"	"[""+255769654036""]"											"[{""url"": ""https://kilivikings.com/about-us/"", ""title"": ""About Kili Vikings – Trusted Kilimanjaro Tour Operators"", ""source_date"": """", ""accessed_on"": ""2026-09-22"", ""evidence_basis"": ""official"", ""fetched"": true, ""facts_supported"": [""csr_claim"", ""phone"", ""email""], ""evidence_excerpt"": ""Says a portion of profits goes to Kilimanjaro-region orphanages, supporting over 200 children; none named.""}, {""url"": ""https://kilivikings.com/contact-us/"", ""title"": ""Contact Kilivikings"", ""source_date"": """", ""accessed_on"": ""2026-09-22"", ""evidence_basis"": ""official"", ""fetched"": true, ""facts_supported"": [""phone"", ""email""], ""evidence_excerpt"": ""Contact page: +255769654036, info@kilivikings.com; no charity projects named.""}]"	role	unknown		
contact		Compassion International supports 123,000 Tanzanians from vulnerable families – Daily News	https://dailynews.co.tz/compassion-international-supports-123000-tanzanians-from-vulnerable-families/	2026-03-25	2026-09-22	2026-09-22	verified	published	Forum in Arusha for Mount Kilimanjaro and Ngorongoro zones; 123,000 children and youth reached in 2025/26; Country Director quoted.	Role as of March 2026 article.	Compassion International Tanzania											Sekei, Arusha														Mary Lema	Country Director	confirmed	website							Role reported by Daily News (25 Mar 2026); no direct contact route published.																				research_only		welfare_customer	WCON_compassion_international_mary_lema			medium	Named individual in a professional role as reported by a reputable news source.																																			"[{""url"": ""https://dailynews.co.tz/compassion-international-supports-123000-tanzanians-from-vulnerable-families/"", ""title"": ""Compassion International supports 123,000 Tanzanians from vulnerable families – Daily News"", ""source_date"": ""2026-03-25"", ""accessed_on"": ""2026-09-22"", ""evidence_basis"": ""published"", ""fetched"": true, ""facts_supported"": [""activity"", ""Arusha forum"", ""country director""], ""evidence_excerpt"": ""Forum in Arusha for Mount Kilimanjaro and Ngorongoro zones; 123,000 children and youth reached in 2025/26; Country Director quoted.""}]"				
contact		Contact – Selfless Solutions	https://selflesssolutions.org/contact/		2026-09-22	2026-09-22	verified	official	Tanzania office: 28 Ndarvoi Street, Arusha, PO Box 1838; phone +255 773 019 901; US office in Altoona, Pennsylvania.		Selfless Solutions	selflesssolutions.org										Arusha office; programme in Sing'isi village															Tanzania office and sponsorship enquiries	confirmed	email		karibu@selflesssolutions.org			+255773019901		Published by Selfless Solutions on its Contact and Sponsor pages.																				research_only		welfare_customer	WCON_selfless_solutions_office_and_sponsorship_enquiries			medium	Role mailboxes at own domain plus a mobile the organisation publishes as its office line.																							"[""karibu@selflesssolutions.org"", ""sponsor@selflesssolutions.org""]"	"[""+255773019901""]"											"[{""url"": ""https://selflesssolutions.org/contact/"", ""title"": ""Contact – Selfless Solutions"", ""source_date"": """", ""accessed_on"": ""2026-09-22"", ""evidence_basis"": ""official"", ""fetched"": true, ""facts_supported"": [""address"", ""phone"", ""email""], ""evidence_excerpt"": ""Tanzania office: 28 Ndarvoi Street, Arusha, PO Box 1838; phone +255 773 019 901; US office in Altoona, Pennsylvania.""}, {""url"": ""https://selflesssolutions.org/get-involved/sponsor-a-child/"", ""title"": ""Sponsor a child – Selfless Solutions"", ""source_date"": """", ""accessed_on"": ""2026-09-22"", ""evidence_basis"": ""official"", ""fetched"": true, ""facts_supported"": [""programme"", ""location"", ""school used"", ""children"", ""cost"", ""registration"", ""email""], ""evidence_excerpt"": ""Sing'isi village children go from Selfless Nursery School to Renea, a private primary; 225+ students; $1–$3/day; 90/10 cost-sharing.""}]"	role	mobile		
contact		Selfless Solutions – MIT Solve	https://solve.mit.edu/solutions/90962	2025-01-01	2026-09-22	2026-09-22	verified	public_profile	Founded Jan 2019; registered in Tanzania, Denmark and US; grant-based funding; E-Shuleni pilot at Sing'isi Public Primary from Jan 2024.		Selfless Solutions	selflesssolutions.org										Arusha office; programme in Sing'isi village														Patrick Irwin	Founder and Executive Director	confirmed	website						https://solve.mit.edu/solutions/90962	Role listed in the organisation's MIT Solve profile (Jan 2025); no personal contact route recorded.																				research_only		welfare_customer	WCON_selfless_solutions_patrick_irwin			medium	Named individual in a professional role on the organisation's own profile.																																			"[{""url"": ""https://solve.mit.edu/solutions/90962"", ""title"": ""Selfless Solutions – MIT Solve"", ""source_date"": ""2025-01"", ""accessed_on"": ""2026-09-22"", ""evidence_basis"": ""public_profile"", ""fetched"": true, ""facts_supported"": [""registration"", ""team roles"", ""funding model"", ""programmes""], ""evidence_excerpt"": ""Founded Jan 2019; registered in Tanzania, Denmark and US; grant-based funding; E-Shuleni pilot at Sing'isi Public Primary from Jan 2024.""}]"				
contact		Selfless Solutions – MIT Solve	https://solve.mit.edu/solutions/90962	2025-01-01	2026-09-22	2026-09-22	needs_review	public_profile	Founded Jan 2019; registered in Tanzania, Denmark and US; grant-based funding; E-Shuleni pilot at Sing'isi Public Primary from Jan 2024.	Role dated Jan 2025; confirm current.	Selfless Solutions	selflesssolutions.org										Arusha office; programme in Sing'isi village														Raymond Mshomba	Program Manager, Tanzania	confirmed	website						https://solve.mit.edu/solutions/90962	Role listed in the organisation's MIT Solve profile (Jan 2025); no personal contact route recorded.																				research_only		welfare_customer	WCON_selfless_solutions_raymond_mshomba			medium	Named individual in a professional role on the organisation's own profile.																																			"[{""url"": ""https://solve.mit.edu/solutions/90962"", ""title"": ""Selfless Solutions – MIT Solve"", ""source_date"": ""2025-01"", ""accessed_on"": ""2026-09-22"", ""evidence_basis"": ""public_profile"", ""fetched"": true, ""facts_supported"": [""registration"", ""team roles"", ""funding model"", ""programmes""], ""evidence_excerpt"": ""Founded Jan 2019; registered in Tanzania, Denmark and US; grant-based funding; E-Shuleni pilot at Sing'isi Public Primary from Jan 2024.""}]"				
contact		Contact Us – The Foundation For Tomorrow	https://thefoundationfortomorrow.org/contact-us/		2026-09-22	2026-09-22	verified	official	Learning Centre at Magadirisho, Ndurumanga, Usa River, Arumeru; PO Box 119 Duluti; info@thefoundationfortomorrow.org; email preferred.	Tanzania learning centre in Usa River; mailing address P.O. Box 119, Duluti.	The Foundation For Tomorrow	thefoundationfortomorrow.org										Magadirisho, Ndurumanga, Usa River															General enquiries (email preferred)	confirmed	email		info@thefoundationfortomorrow.org		+17043408969			Published by TFFT on its Contact Us and Sponsorship pages.																				research_only		welfare_customer	WCON_foundation_for_tomorrow_general_enquiries			low	Generic role mailbox at own domain and US office phone.																							"[""info@thefoundationfortomorrow.org""]"	"[""+17043408969""]"											"[{""url"": ""https://thefoundationfortomorrow.org/contact-us/"", ""title"": ""Contact Us – The Foundation For Tomorrow"", ""source_date"": """", ""accessed_on"": ""2026-09-22"", ""evidence_basis"": ""official"", ""fetched"": true, ""facts_supported"": [""address"", ""email"", ""phone""], ""evidence_excerpt"": ""Learning Centre at Magadirisho, Ndurumanga, Usa River, Arumeru; PO Box 119 Duluti; info@thefoundationfortomorrow.org; email preferred.""}, {""url"": ""https://thefoundationfortomorrow.org/sponsorship/"", ""title"": ""Sponsor a Scholar – The Foundation For Tomorrow"", ""source_date"": """", ""accessed_on"": ""2026-09-22"", ""evidence_basis"": ""official"", ""fetched"": true, ""facts_supported"": [""children"", ""cost""], ""evidence_excerpt"": ""98 children in the scholarship programme; $2,250 per scholar per year ($187.50 monthly).""}, {""url"": ""https://thefoundationfortomorrow.org/contact-us/"", ""title"": ""Contact Us - The Foundation For Tomorrow"", ""source_date"": """", ""accessed_on"": ""2026-09-22"", ""evidence_basis"": ""published"", ""fetched"": true, ""facts_supported"": [""address"", ""email"", ""phone""], ""evidence_excerpt"": ""Tanzania office: TFFT Learning Centre, Magadirisho, Ndurumanga, Usa River, Arumeru; PO Box 119 Duluti; info@ email preferred.""}]"	role	office		
contact		Contact Us – Amanikids	https://www.amanikids.org/contact-us		2026-09-22	2026-09-22	verified	official	Amani Centre: PO Box 6515 Moshi; +(255) 752 220 637; info@amanikids.org; Friends of Amani in USA, UK, Netherlands, Germany, Canada.	Name taken only from the email address; role title not stated. | Funder route. Postal address not recorded.	Amani Centre for Street Children	amanikids.org										Moshi														Meghan	Friends of Amani USA contact	unknown	email			meghan@amanikids.org				Published by Amanikids on its Contact Us page as the Friends of Amani USA email.																				research_only		welfare_customer	WCON_amani_centre_for_street_children_meghan			medium	First-name work email at the organisation's domain.																							"[""meghan@amanikids.org""]"												"[{""url"": ""https://www.amanikids.org/contact-us"", ""title"": ""Contact Us – Amanikids"", ""source_date"": """", ""accessed_on"": ""2026-09-22"", ""evidence_basis"": ""official"", ""fetched"": true, ""facts_supported"": [""address"", ""phone"", ""email"", ""friends organisations""], ""evidence_excerpt"": ""Amani Centre: PO Box 6515 Moshi; +(255) 752 220 637; info@amanikids.org; Friends of Amani in USA, UK, Netherlands, Germany, Canada.""}, {""url"": ""https://www.amanikids.org/contact-us"", ""title"": ""Contact Us - Amani Centre for Street Children"", ""source_date"": """", ""accessed_on"": ""2026-09-22"", ""evidence_basis"": ""official"", ""fetched"": true, ""facts_supported"": [""address"", ""phone"", ""email"", ""social_media"", ""foreign_offices""], ""evidence_excerpt"": ""PO Box 6515 Moshi; +255 752 220 637; info@amanikids.org; support offices in USA, UK, Netherlands and Germany.""}]"	named			
contact		Sponsor a Child – WEHAF	https://www.wehaf.org/about-5-1		2026-09-22	2026-09-22	unverified	official	Private school (ages 3–10, English and Swahili) €58/month or public school €15/month; covers fees, food, transport, uniform, stationery.	Prefer the generic info.wehaf@gmail.com route.	Widows Encouragement & HIV/AIDS Foundation (WEHAF)	wehaf.org										Mtaa wa Jaluo, Arusha														Ester	unstated (email on Sponsor a Child page)	unknown	email			ester.wehaf@gmail.com				Published by WEHAF on its Sponsor a Child page.																				research_only		welfare_customer	WCON_widows_encouragement_and_hiv_aids_foundation_ester			risky	First-name email of an individual on a personal (gmail) domain.																							"[""ester.wehaf@gmail.com""]"												"[{""url"": ""https://www.wehaf.org/about-5-1"", ""title"": ""Sponsor a Child – WEHAF"", ""source_date"": """", ""accessed_on"": ""2026-09-22"", ""evidence_basis"": ""official"", ""fetched"": true, ""facts_supported"": [""sponsorship options"", ""costs"", ""coverage"", ""contacts""], ""evidence_excerpt"": ""Private school (ages 3–10, English and Swahili) €58/month or public school €15/month; covers fees, food, transport, uniform, stationery.""}]"	personal_domain			
contact		Contact – Inuka	https://www.inukacommunity.org/contact		2026-09-22	2026-09-22	verified	official	Inuka: hello@inukacommunity.org, (+61) 0485 697 642; CHETI NGO: chetingo@gmail.com, +255 764 263 603, Arusha.		Inuka											Sydney (charity); Arusha (programme via CHETI NGO)															General enquiries (Sydney)	confirmed	email		hello@inukacommunity.org			+61485697642		Published by Inuka on its Contact page.																				research_only		welfare_customer	WCON_inuka_general_enquiries			medium	Role mailbox at own domain plus a mobile published as the charity's contact line.																							"[""hello@inukacommunity.org""]"	"[""+61485697642""]"											"[{""url"": ""https://www.inukacommunity.org/contact"", ""title"": ""Contact – Inuka"", ""source_date"": """", ""accessed_on"": ""2026-09-22"", ""evidence_basis"": ""official"", ""fetched"": true, ""facts_supported"": [""emails"", ""phones""], ""evidence_excerpt"": ""Inuka: hello@inukacommunity.org, (+61) 0485 697 642; CHETI NGO: chetingo@gmail.com, +255 764 263 603, Arusha.""}]"	role	mobile		
contact		Student Sponsorship – Inuka	https://www.inukacommunity.org/student-sponsorship		2026-09-22	2026-09-22	verified	official	Pre-unit $250, primary $475, secondary $1,150 a year; covers tuition, meals, bus transport, secondary boarding, pastoral care; 3-year minimum.		Inuka											Sydney (charity); Arusha (programme via CHETI NGO)														Meg	Student Sponsorship Program Officer	confirmed	email			meg@inukacommunity.org				Published by Inuka on its Student Sponsorship page.																				research_only		welfare_customer	WCON_inuka_meg			medium	Named individual (first name) in a professional role with a work email at the organisation's domain.																							"[""meg@inukacommunity.org""]"												"[{""url"": ""https://www.inukacommunity.org/student-sponsorship"", ""title"": ""Student Sponsorship – Inuka"", ""source_date"": """", ""accessed_on"": ""2026-09-22"", ""evidence_basis"": ""official"", ""fetched"": true, ""facts_supported"": [""costs"", ""coverage"", ""contact""], ""evidence_excerpt"": ""Pre-unit $250, primary $475, secondary $1,150 a year; covers tuition, meals, bus transport, secondary boarding, pastoral care; 3-year minimum.""}]"	named			
contact		Contact – Inuka	https://www.inukacommunity.org/contact		2026-09-22	2026-09-22	needs_review	official	Inuka: hello@inukacommunity.org, (+61) 0485 697 642; CHETI NGO: chetingo@gmail.com, +255 764 263 603, Arusha.		CHETI NGO											Arusha															Arusha office	confirmed	email			chetingo@gmail.com		+255764263603		Published by partner Inuka on its Contact page as CHETI NGO's contact.																				research_only		welfare_customer	WCON_cheti_arusha_office			medium	Organisational gmail and mobile published (by partner) as contact routes.																							"[""chetingo@gmail.com""]"	"[""+255764263603""]"											"[{""url"": ""https://www.inukacommunity.org/contact"", ""title"": ""Contact – Inuka"", ""source_date"": """", ""accessed_on"": ""2026-09-22"", ""evidence_basis"": ""official"", ""fetched"": true, ""facts_supported"": [""emails"", ""phones""], ""evidence_excerpt"": ""Inuka: hello@inukacommunity.org, (+61) 0485 697 642; CHETI NGO: chetingo@gmail.com, +255 764 263 603, Arusha.""}]"	personal_domain	mobile		
contact		Arusha Children's Effort (home)	https://www.arushachildrenseffort.com/		2026-09-22	2026-09-22	verified	official	NZ-registered charity CC45344, established 2010; limit of 100 students; Arusha liaison officer works with schools and students.	Only published email route; the charity's NZ street address appears residential and is not recorded.	Arusha Children's Effort	arushachildrenseffort.com										Arusha (programme); Porirua, Wellington region, New Zealand (charity)														Vinnie Duncan	Charity Officer / Director	confirmed	email			vd@vinnie.co.nz				Published by Arusha Children's Effort on its homepage as the contact email.																				research_only		welfare_customer	WCON_arusha_children_effort_vinnie_duncan			risky	Named individual's email on a personal (non-organisational) domain.																							"[""vd@vinnie.co.nz""]"												"[{""url"": ""https://www.arushachildrenseffort.com/"", ""title"": ""Arusha Children's Effort (home)"", ""source_date"": """", ""accessed_on"": ""2026-09-22"", ""evidence_basis"": ""official"", ""fetched"": true, ""facts_supported"": [""registration"", ""founded"", ""cap"", ""roles""], ""evidence_excerpt"": ""NZ-registered charity CC45344, established 2010; limit of 100 students; Arusha liaison officer works with schools and students.""}]"	personal_domain			
contact		Arusha Children's Effort (home)	https://www.arushachildrenseffort.com/		2026-09-22	2026-09-22	needs_review	official	NZ-registered charity CC45344, established 2010; limit of 100 students; Arusha liaison officer works with schools and students.	Arusha-based; the likely operational contact for school placements.	Arusha Children's Effort	arushachildrenseffort.com										Arusha (programme); Porirua, Wellington region, New Zealand (charity)														Blandina Mapunda	Arusha liaison officer (link between ACE, schools and students)	confirmed	website							Role published by Arusha Children's Effort on its homepage; no contact route published.																				research_only		welfare_customer	WCON_arusha_children_effort_blandina_mapunda			medium	Named individual in an organisational role published by the organisation.																																			"[{""url"": ""https://www.arushachildrenseffort.com/"", ""title"": ""Arusha Children's Effort (home)"", ""source_date"": """", ""accessed_on"": ""2026-09-22"", ""evidence_basis"": ""official"", ""fetched"": true, ""facts_supported"": [""registration"", ""founded"", ""cap"", ""roles""], ""evidence_excerpt"": ""NZ-registered charity CC45344, established 2010; limit of 100 students; Arusha liaison officer works with schools and students.""}]"				
contact		Mesha's Village (home)	https://www.meshasvillage.com/		2026-09-22	2026-09-22	verified	official	Nonprofit founded 2017 sponsoring orphaned and underprivileged Tanzanian children at private school; 62 enrolled at Haradali School, Arusha.		Mesha's Village	meshasvillage.com										Texas, USA (programme in Arusha and Usa River)															General enquiries	confirmed	email			meshasvillage@gmail.com		+15126706300		Published by Mesha's Village on its website.																				research_only		welfare_customer	WCON_meshas_village_general_enquiries			medium	Organisational gmail and a US phone of unknown type published as contacts.																							"[""meshasvillage@gmail.com""]"	"[""+15126706300""]"											"[{""url"": ""https://www.meshasvillage.com/"", ""title"": ""Mesha's Village (home)"", ""source_date"": """", ""accessed_on"": ""2026-09-22"", ""evidence_basis"": ""official"", ""fetched"": true, ""facts_supported"": [""mission"", ""founded"", ""children"", ""school used"", ""contacts""], ""evidence_excerpt"": ""Nonprofit founded 2017 sponsoring orphaned and underprivileged Tanzanian children at private school; 62 enrolled at Haradali School, Arusha.""}, {""url"": ""https://www.meshasvillage.com/about"", ""title"": ""Newsletters – Mesha's Village"", ""source_date"": ""2026-03"", ""accessed_on"": ""2026-09-22"", ""evidence_basis"": ""official"", ""fetched"": true, ""facts_supported"": [""latest activity""], ""evidence_excerpt"": ""Newsletter Issue 45 dated March 2026; archive from April 2019.""}]"	personal_domain	unknown		
contact		Tanzania School Foundation (home)	https://www.tanzaniaschoolfoundation.org/		2026-09-22	2026-09-22	verified	official	Programmes: school meals, Sponsor a Child, artisan support, Father Christmas Academy in Mlangarini, 30 km outside Arusha; 2,216 children served.		Tanzania School Foundation, Inc.	tanzaniaschoolfoundation.org										Mlangarini village, about 30 km outside Arusha (programme); 2013 article names Olosiva village															US office	confirmed	phone				+17814362007			Published by Tanzania School Foundation on its website (2 Canton Street, Suite 222, Stoughton MA); email via site.																				research_only		welfare_customer	WCON_school_foundation_us_office			low	Organisation office phone.																								"[""+17814362007""]"											"[{""url"": ""https://www.tanzaniaschoolfoundation.org/"", ""title"": ""Tanzania School Foundation (home)"", ""source_date"": """", ""accessed_on"": ""2026-09-22"", ""evidence_basis"": ""official"", ""fetched"": true, ""facts_supported"": [""programmes"", ""location"", ""children"", ""contact"", ""latest activity""], ""evidence_excerpt"": ""Programmes: school meals, Sponsor a Child, artisan support, Father Christmas Academy in Mlangarini, 30 km outside Arusha; 2,216 children served.""}, {""url"": ""https://www.tanzaniaschoolfoundation.org/sponsor-a-child/"", ""title"": ""Sponsor a Child – Tanzania School Foundation"", ""source_date"": """", ""accessed_on"": ""2026-09-22"", ""evidence_basis"": ""official"", ""fetched"": true, ""facts_supported"": [""cost"", ""sponsorship model""], ""evidence_excerpt"": ""Sponsorship $130 a month per child, pooled; uniforms and supplies about $100 each a year.""}]"		office		
contact		Sponsorship – Passion Projects International	https://www.passionprojectsintl.com/sponsorship		2026-09-22	2026-09-22	needs_review	official	Sponsorship pays Maua English Medium School, Usa River (nursery and Std 1–7, day or boarding) plus 5–10% for transfer and coordination costs.		Passion Projects International Inc.	passionprojectsintl.com																									General and sponsorship enquiries	confirmed	email		contact@passionprojectintl.com					Published by Passion Projects International on its Sponsorship page.																				research_only		welfare_customer	WCON_passion_projects_international_general_and_sponsorship_e			low	Generic role mailbox at the organisation's domain.																							"[""contact@passionprojectintl.com""]"												"[{""url"": ""https://www.passionprojectsintl.com/sponsorship"", ""title"": ""Sponsorship – Passion Projects International"", ""source_date"": """", ""accessed_on"": ""2026-09-22"", ""evidence_basis"": ""official"", ""fetched"": true, ""facts_supported"": [""school used"", ""fees"", ""coverage"", ""contact""], ""evidence_excerpt"": ""Sponsorship pays Maua English Medium School, Usa River (nursery and Std 1–7, day or boarding) plus 5–10% for transfer and coordination costs.""}]"	role			
contact		Afroplan Foundation – Passion Projects International	https://www.passionprojectsintl.com/afroplan-foundation		2026-09-22	2026-09-22	needs_review	official	Usa River NGO founded 2012; day centre plus sponsorship for Maua English Medium School; over 60 students; overseen by Passion Projects International.		Afroplan Foundation	afroplanfoundation.com										Usa River														Corey Reid	Passion Ambassador for the Afroplan Project (Passion Projects International)	confirmed	email			coreyreid@afroplanfoundation.com				Published by Passion Projects International on its Afroplan page as the project email.																				research_only		welfare_customer	WCON_afroplan_foundation_corey_reid			medium	Named individual with a named email at the project's domain.																							"[""coreyreid@afroplanfoundation.com""]"												"[{""url"": ""https://www.passionprojectsintl.com/afroplan-foundation"", ""title"": ""Afroplan Foundation – Passion Projects International"", ""source_date"": """", ""accessed_on"": ""2026-09-22"", ""evidence_basis"": ""official"", ""fetched"": true, ""facts_supported"": [""location"", ""founded"", ""programmes"", ""children"", ""operator"", ""email""], ""evidence_excerpt"": ""Usa River NGO founded 2012; day centre plus sponsorship for Maua English Medium School; over 60 students; overseen by Passion Projects International.""}]"	named			
contact		Sponsor – Tanzanian Children's Fund	https://tanzanianchildrensfund.org/sponsor		2026-09-22	2026-09-22	verified	official	Operates Rift Valley Children's Village; EIN 74-3087284; sponsorships $300–$3,500 a year; secondary $2,500; sponsor@ and info@ emails.		Tanzanian Children's Fund	tanzanianchildrensfund.org																									General and sponsorship enquiries	confirmed	email		info@tanzanianchildrensfund.org		+16179133763			Published by Tanzanian Children's Fund on its Sponsor page.																				research_only		welfare_customer	WCON_tanzanian_children_fund_general_and_sponsorship_enquirie			low	Role mailboxes at own domain and office phone.																							"[""info@tanzanianchildrensfund.org"", ""sponsor@tanzanianchildrensfund.org""]"	"[""+16179133763""]"											"[{""url"": ""https://tanzanianchildrensfund.org/sponsor"", ""title"": ""Sponsor – Tanzanian Children's Fund"", ""source_date"": """", ""accessed_on"": ""2026-09-22"", ""evidence_basis"": ""official"", ""fetched"": true, ""facts_supported"": [""EIN"", ""contacts"", ""sponsorship tiers""], ""evidence_excerpt"": ""Operates Rift Valley Children's Village; EIN 74-3087284; sponsorships $300–$3,500 a year; secondary $2,500; sponsor@ and info@ emails.""}]"	role	office		
contact		Sibusiso Foundation - TATO NGO directory	https://www.tatotz.org/portfolio/sibusiso-foundation/	2025-01-13	2026-09-22	2026-09-22	needs_review	directory	Directory lists P.O. Box 14408 Arusha, two mobile numbers, and info@, gmfinance@ and programcoordinator@ sibusiso.com.	office@sibusiso.com appears only in an own-site snippet.	Sibusiso Foundation	sibusiso.com										Tengeru (centre beside the teachers' college and government hospital)															General enquiries desk	confirmed	email		info@sibusiso.com			+255683967724		Published in the TATO NGO directory listing (13 Jan 2025); info@ and the first number also appear in an own-site contact-page snippet.																				research_only		welfare_customer	WCON_sibusiso_foundation_general_enquiries_desk			medium	Mobile numbers published as the organisation's contact lines.																							"[""info@sibusiso.com""]"	"[""+255683967724"", ""+255759334793""]"											"[{""url"": ""https://www.tatotz.org/portfolio/sibusiso-foundation/"", ""title"": ""Sibusiso Foundation - TATO NGO directory"", ""source_date"": ""2025-01-13"", ""accessed_on"": ""2026-09-22"", ""evidence_basis"": ""directory"", ""fetched"": true, ""facts_supported"": [""name"", ""description"", ""address"", ""phone"", ""email""], ""evidence_excerpt"": ""Directory lists P.O. Box 14408 Arusha, two mobile numbers, and info@, gmfinance@ and programcoordinator@ sibusiso.com.""}, {""url"": ""https://www.sibusiso.com/en/contact/"", ""title"": ""Contact - Stichting Sibusiso"", ""source_date"": """", ""accessed_on"": ""2026-09-22"", ""evidence_basis"": ""official"", ""fetched"": false, ""facts_supported"": [""address"", ""phone"", ""email""], ""evidence_excerpt"": ""Search snippet only: P.O. Box 14408 Arusha, +255 759 334 793, info@ and office@ addresses. Page returned HTTP 403.""}]"	role	mobile		
contact		Sibusiso Foundation - TATO NGO directory	https://www.tatotz.org/portfolio/sibusiso-foundation/	2025-01-13	2026-09-22	2026-09-22	unverified	directory	Directory lists P.O. Box 14408 Arusha, two mobile numbers, and info@, gmfinance@ and programcoordinator@ sibusiso.com.	Do not merge with the named manager record; sources differ.	Sibusiso Foundation	sibusiso.com										Tengeru (centre beside the teachers' college and government hospital)															General Manager Finance (role mailbox)	confirmed	email		gmfinance@sibusiso.com					Published in the TATO NGO directory listing (13 Jan 2025).																				research_only		welfare_customer	WCON_sibusiso_foundation_general_manager_finance			medium	Role mailbox tied to a single senior post.																							"[""gmfinance@sibusiso.com""]"												"[{""url"": ""https://www.tatotz.org/portfolio/sibusiso-foundation/"", ""title"": ""Sibusiso Foundation - TATO NGO directory"", ""source_date"": ""2025-01-13"", ""accessed_on"": ""2026-09-22"", ""evidence_basis"": ""directory"", ""fetched"": true, ""facts_supported"": [""name"", ""description"", ""address"", ""phone"", ""email""], ""evidence_excerpt"": ""Directory lists P.O. Box 14408 Arusha, two mobile numbers, and info@, gmfinance@ and programcoordinator@ sibusiso.com.""}]"	role	unknown		
contact		Sibusiso Foundation - TATO NGO directory	https://www.tatotz.org/portfolio/sibusiso-foundation/	2025-01-13	2026-09-22	2026-09-22	unverified	directory	Directory lists P.O. Box 14408 Arusha, two mobile numbers, and info@, gmfinance@ and programcoordinator@ sibusiso.com.		Sibusiso Foundation	sibusiso.com										Tengeru (centre beside the teachers' college and government hospital)															Programme Coordinator (role mailbox)	confirmed	email		programcoordinator@sibusiso.com					Published in the TATO NGO directory listing (13 Jan 2025).																				research_only		welfare_customer	WCON_sibusiso_foundation_programme_coordinator			medium	Role mailbox tied to a single post.																							"[""programcoordinator@sibusiso.com""]"												"[{""url"": ""https://www.tatotz.org/portfolio/sibusiso-foundation/"", ""title"": ""Sibusiso Foundation - TATO NGO directory"", ""source_date"": ""2025-01-13"", ""accessed_on"": ""2026-09-22"", ""evidence_basis"": ""directory"", ""fetched"": true, ""facts_supported"": [""name"", ""description"", ""address"", ""phone"", ""email""], ""evidence_excerpt"": ""Directory lists P.O. Box 14408 Arusha, two mobile numbers, and info@, gmfinance@ and programcoordinator@ sibusiso.com.""}]"	role	unknown		
contact		Stichting Sibusiso Jaarverslaggeving 2024	https://static.cbf.nl/documents/Sibusiso/2024/jaarverslag.pdf	2025-06-01	2026-09-22	2026-09-22	verified	official	Annual report: founded 2000; KvK 22046082; centre near Tengeru teachers' college and hospital; 50+ staff; 2024 income EUR 353,724.	Role as of 2024 report (signed June 2025). Reach via the general desk.	Sibusiso Foundation	sibusiso.com										Tengeru (centre beside the teachers' college and government hospital)														Martha Lukasi	General Manager Finance and Operations	confirmed	website							Named in Stichting Sibusiso's 2024 annual report; no direct contact route published there.																				research_only		welfare_customer	WCON_sibusiso_foundation_martha_lukasi			medium	Named individual in a professional role as published by the organisation.																																			"[{""url"": ""https://static.cbf.nl/documents/Sibusiso/2024/jaarverslag.pdf"", ""title"": ""Stichting Sibusiso Jaarverslaggeving 2024"", ""source_date"": ""2025-06"", ""accessed_on"": ""2026-09-22"", ""evidence_basis"": ""official"", ""fetched"": true, ""facts_supported"": [""founded"", ""registration"", ""location"", ""funding"", ""income"", ""staff_count"", ""leadership"", ""latest_activity""], ""evidence_excerpt"": ""Annual report: founded 2000; KvK 22046082; centre near Tengeru teachers' college and hospital; 50+ staff; 2024 income EUR 353,724.""}]"				
contact		Stichting Sibusiso Jaarverslaggeving 2024	https://static.cbf.nl/documents/Sibusiso/2024/jaarverslag.pdf	2025-06-01	2026-09-22	2026-09-22	verified	official	Annual report: founded 2000; KvK 22046082; centre near Tengeru teachers' college and hospital; 50+ staff; 2024 income EUR 353,724.	Director since 2022 per report.	Sibusiso Foundation	sibusiso.com										Tengeru (centre beside the teachers' college and government hospital)														Casper van Kempen	Director, Stichting Sibusiso Nederland; board member of Sibusiso Foundation Arusha with operational responsibility for the centre	confirmed	website							Named in Stichting Sibusiso's 2024 annual report; no direct contact route published there.																				research_only		welfare_customer	WCON_sibusiso_foundation_casper_van_kempen			medium	Named individual in a professional role as published by the organisation.																																			"[{""url"": ""https://static.cbf.nl/documents/Sibusiso/2024/jaarverslag.pdf"", ""title"": ""Stichting Sibusiso Jaarverslaggeving 2024"", ""source_date"": ""2025-06"", ""accessed_on"": ""2026-09-22"", ""evidence_basis"": ""official"", ""fetched"": true, ""facts_supported"": [""founded"", ""registration"", ""location"", ""funding"", ""income"", ""staff_count"", ""leadership"", ""latest_activity""], ""evidence_excerpt"": ""Annual report: founded 2000; KvK 22046082; centre near Tengeru teachers' college and hospital; 50+ staff; 2024 income EUR 353,724.""}]"				
contact		Förderverein URRC e.V.	https://www.urrc.de/	2026-07-01	2026-09-22	2026-09-22	verified	published	German support association in Bad Kissingen backs the centre; July 2026 news on a new physiotherapy therapy bed.	Funder route. Street address not recorded.	Usa River Rehabilitation and Training Centre (URRC)	rehabilitation-center-tanzania.org										Usa River															German support association desk (Förderverein URRC e.V., Bad Kissingen)	confirmed	email		post@urrc.de					Published by Förderverein URRC e.V. on urrc.de.																				research_only		welfare_customer	WCON_usa_river_rehabilitation_and_training_centre_german_supp			low	Generic organisational email at the association's own domain.																							"[""post@urrc.de""]"												"[{""url"": ""https://www.urrc.de/"", ""title"": ""Förderverein URRC e.V."", ""source_date"": ""2026-07"", ""accessed_on"": ""2026-09-22"", ""evidence_basis"": ""published"", ""fetched"": true, ""facts_supported"": [""funder"", ""latest_activity"", ""support_association_contact""], ""evidence_excerpt"": ""German support association in Bad Kissingen backs the centre; July 2026 news on a new physiotherapy therapy bed.""}]"	role			
contact		Kafika House | High-Love, Low-Cost Rehabilitative Surgery for Children in Tanzania	https://www.kafikahouse.org/	2026-01-01	2026-09-22	2026-09-22	verified	official	Formerly The Plaster House; donor-funded rehabilitative surgery for children; P.O. Box 937 Arusha; admin@ email; HQ, Arusha and outreach phones.		Kafika House	kafikahouse.org										Arusha (HQ); further houses in Moshi (2024) and Karatu (2023)															Administration / HQ desk	confirmed	email		admin@kafikahouse.org			+255685838215		Published by Kafika House on kafikahouse.org (HQ and Arusha lines); HQ number also in ZoomTanzania, Arusha number in Afya directory.																				research_only		welfare_customer	WCON_kafika_house_administration_hq_desk			medium	Mobile numbers published as the organisation's contact lines.																							"[""admin@kafikahouse.org""]"	"[""+255685838215"", ""+255742304490""]"											"[{""url"": ""https://www.kafikahouse.org/"", ""title"": ""Kafika House | High-Love, Low-Cost Rehabilitative Surgery for Children in Tanzania"", ""source_date"": ""2026"", ""accessed_on"": ""2026-09-22"", ""evidence_basis"": ""official"", ""fetched"": true, ""facts_supported"": [""name"", ""former_name"", ""address"", ""email"", ""phone"", ""services""], ""evidence_excerpt"": ""Formerly The Plaster House; donor-funded rehabilitative surgery for children; P.O. Box 937 Arusha; admin@ email; HQ, Arusha and outreach phones.""}, {""url"": ""https://www.zoomtanzania.net/directory/kafika-house/"", ""title"": ""Kafika House - ZoomTanzania directory"", ""source_date"": """", ""accessed_on"": ""2026-09-22"", ""evidence_basis"": ""directory"", ""fetched"": true, ""facts_supported"": [""phone"", ""website"", ""former_name""], ""evidence_excerpt"": ""Directory lists Kafika House, formerly The Plaster House, Arusha, phone +255 742 304 490.""}, {""url"": ""https://www.afyadirectory.co.tz/tanzania/arusha/organization/the-plaster-house"", ""title"": ""The Plaster House - Tanzania Medical Directory"", ""source_date"": """", ""accessed_on"": ""2026-09-22"", ""evidence_basis"": ""directory"", ""fetched"": true, ""facts_supported"": [""phone"", ""affiliations""], ""evidence_excerpt"": ""Directory lists The Plaster House, Arusha, phone 0685 838215, affiliated with ALMC and Australian Volunteers International.""}]"	role	mobile		
contact		Kafika House | High-Love, Low-Cost Rehabilitative Surgery for Children in Tanzania	https://www.kafikahouse.org/	2026-01-01	2026-09-22	2026-09-22	verified	official	Formerly The Plaster House; donor-funded rehabilitative surgery for children; P.O. Box 937 Arusha; admin@ email; HQ, Arusha and outreach phones.		Kafika House	kafikahouse.org										Arusha (HQ); further houses in Moshi (2024) and Karatu (2023)															Outreach desk	confirmed	phone					+255620772853		Published by Kafika House on kafikahouse.org as its outreach line.																				research_only		welfare_customer	WCON_kafika_house_outreach_desk			medium	Mobile number published as an organisational line.																								"[""+255620772853""]"											"[{""url"": ""https://www.kafikahouse.org/"", ""title"": ""Kafika House | High-Love, Low-Cost Rehabilitative Surgery for Children in Tanzania"", ""source_date"": ""2026"", ""accessed_on"": ""2026-09-22"", ""evidence_basis"": ""official"", ""fetched"": true, ""facts_supported"": [""name"", ""former_name"", ""address"", ""email"", ""phone"", ""services""], ""evidence_excerpt"": ""Formerly The Plaster House; donor-funded rehabilitative surgery for children; P.O. Box 937 Arusha; admin@ email; HQ, Arusha and outreach phones.""}]"		mobile		
contact		Meet the Team - Amani	https://www.amanikids.org/team		2026-09-22	2026-09-22	verified	official	Team page names the Executive Director, acting programme manager, education coordinator and Arusha centre coordinator.	Most relevant role for school placement and fee sponsorship.	Amani Centre for Street Children	amanikids.org										Moshi														John Mbati	Acting Social Work and Education Coordinator	confirmed	website							Named on Amani's own team page; reach via info@amanikids.org.																				research_only		welfare_customer	WCON_amani_centre_for_street_children_john_mbati			medium	Named individual in a professional role as published by the organisation.																																			"[{""url"": ""https://www.amanikids.org/team"", ""title"": ""Meet the Team - Amani"", ""source_date"": """", ""accessed_on"": ""2026-09-22"", ""evidence_basis"": ""official"", ""fetched"": true, ""facts_supported"": [""leadership""], ""evidence_excerpt"": ""Team page names the Executive Director, acting programme manager, education coordinator and Arusha centre coordinator.""}]"				
contact		Meet the Team - Amani	https://www.amanikids.org/team		2026-09-22	2026-09-22	verified	official	Team page names the Executive Director, acting programme manager, education coordinator and Arusha centre coordinator.		Amani Centre for Street Children	amanikids.org										Moshi														Naomi Kimaro	Coordinator, Amani Arusha Centre	confirmed	website							Named on Amani's own team page; reach via info@amanikids.org.																				research_only		welfare_customer	WCON_amani_centre_for_street_children_naomi_kimaro			medium	Named individual in a professional role as published by the organisation.																																			"[{""url"": ""https://www.amanikids.org/team"", ""title"": ""Meet the Team - Amani"", ""source_date"": """", ""accessed_on"": ""2026-09-22"", ""evidence_basis"": ""official"", ""fetched"": true, ""facts_supported"": [""leadership""], ""evidence_excerpt"": ""Team page names the Executive Director, acting programme manager, education coordinator and Arusha centre coordinator.""}]"				
contact		Contact Us - Amani Centre for Street Children	https://www.amanikids.org/contact-us		2026-09-22	2026-09-22	verified	official	PO Box 6515 Moshi; +255 752 220 637; info@amanikids.org; support offices in USA, UK, Netherlands and Germany.	Funder route. UK street address withheld (appears to be a private residence).	Amani Centre for Street Children	amanikids.org										Moshi															UK office (Friends of Amani UK)	confirmed	email			friendsofamani.uk@gmail.com				Published by Amani on its own contact page for the UK office.																				research_only		welfare_customer	WCON_amani_centre_for_street_children_uk_office			risky	Personal-domain (gmail) mailbox, even though used for an organisational office.																							"[""friendsofamani.uk@gmail.com""]"												"[{""url"": ""https://www.amanikids.org/contact-us"", ""title"": ""Contact Us - Amani Centre for Street Children"", ""source_date"": """", ""accessed_on"": ""2026-09-22"", ""evidence_basis"": ""official"", ""fetched"": true, ""facts_supported"": [""address"", ""phone"", ""email"", ""social_media"", ""foreign_offices""], ""evidence_excerpt"": ""PO Box 6515 Moshi; +255 752 220 637; info@amanikids.org; support offices in USA, UK, Netherlands and Germany.""}]"	personal_domain			
contact		Contact Us - Amani Centre for Street Children	https://www.amanikids.org/contact-us		2026-09-22	2026-09-22	verified	official	PO Box 6515 Moshi; +255 752 220 637; info@amanikids.org; support offices in USA, UK, Netherlands and Germany.	Funder route. Street address withheld (may be private).	Amani Centre for Street Children	amanikids.org										Moshi															Netherlands office (Vrienden van Amani)	confirmed	email		info@vriendenvanamani.nl					Published by Amani on its own contact page for the Netherlands office.																				research_only		welfare_customer	WCON_amani_centre_for_street_children_netherlands_office			low	Generic organisational email at the support charity's own domain.																							"[""info@vriendenvanamani.nl""]"												"[{""url"": ""https://www.amanikids.org/contact-us"", ""title"": ""Contact Us - Amani Centre for Street Children"", ""source_date"": """", ""accessed_on"": ""2026-09-22"", ""evidence_basis"": ""official"", ""fetched"": true, ""facts_supported"": [""address"", ""phone"", ""email"", ""social_media"", ""foreign_offices""], ""evidence_excerpt"": ""PO Box 6515 Moshi; +255 752 220 637; info@amanikids.org; support offices in USA, UK, Netherlands and Germany.""}]"	role			
contact		Contact Us - Amani Centre for Street Children	https://www.amanikids.org/contact-us		2026-09-22	2026-09-22	verified	official	PO Box 6515 Moshi; +255 752 220 637; info@amanikids.org; support offices in USA, UK, Netherlands and Germany.	Funder route. Street address withheld (may be private).	Amani Centre for Street Children	amanikids.org										Moshi															Germany office (Freunde von Amani)	confirmed	email		mail@freundevonamani.de					Published by Amani on its own contact page for the Germany office.																				research_only		welfare_customer	WCON_amani_centre_for_street_children_germany_office			low	Generic organisational email at the support charity's own domain.																							"[""mail@freundevonamani.de""]"												"[{""url"": ""https://www.amanikids.org/contact-us"", ""title"": ""Contact Us - Amani Centre for Street Children"", ""source_date"": """", ""accessed_on"": ""2026-09-22"", ""evidence_basis"": ""official"", ""fetched"": true, ""facts_supported"": [""address"", ""phone"", ""email"", ""social_media"", ""foreign_offices""], ""evidence_excerpt"": ""PO Box 6515 Moshi; +255 752 220 637; info@amanikids.org; support offices in USA, UK, Netherlands and Germany.""}]"	role			
contact		Under The Same Sun	https://www.underthesamesun.com/	2026-08-17	2026-09-22	2026-09-22	verified	official	400+ students with albinism educated in safe boarding schools; Canadian charity 851599860 RR0001; latest post 17 Aug 2026.		Under The Same Sun	underthesamesun.com										National programme (Tanzania), managed from Mwanza															Head office (Canada)	confirmed	email		info@underthesamesun.com		+16043368870			Published by UTSS on its own website.																				research_only		welfare_customer	WCON_under_same_sun_head_office			low	Generic organisational email and office phone.																							"[""info@underthesamesun.com""]"	"[""+16043368870""]"											"[{""url"": ""https://www.underthesamesun.com/"", ""title"": ""Under The Same Sun"", ""source_date"": ""2026-08-17"", ""accessed_on"": ""2026-09-22"", ""evidence_basis"": ""official"", ""fetched"": true, ""facts_supported"": [""description"", ""children_served"", ""registration"", ""email"", ""phone"", ""latest_activity""], ""evidence_excerpt"": ""400+ students with albinism educated in safe boarding schools; Canadian charity 851599860 RR0001; latest post 17 Aug 2026.""}]"	role	office		
contact		Contact - Standing Voice	https://www.standingvoice.org/contact		2026-09-22	2026-09-22	verified	official	Tanzania office P.O. Box 1902, Isamilo, Mwanza; infotz@standingvoice.org; Tanzanian number 08536; UK charity 1151250.		Standing Voice	standingvoice.org										Mwanza (Tanzania office)															Tanzania office (Mwanza)	confirmed	email		infotz@standingvoice.org					Published by Standing Voice on its own contact page.																				research_only		welfare_customer	WCON_standing_voice_office			low	Generic organisational email at its own domain.																							"[""infotz@standingvoice.org""]"												"[{""url"": ""https://www.standingvoice.org/contact"", ""title"": ""Contact - Standing Voice"", ""source_date"": """", ""accessed_on"": ""2026-09-22"", ""evidence_basis"": ""official"", ""fetched"": true, ""facts_supported"": [""address"", ""email"", ""registration""], ""evidence_excerpt"": ""Tanzania office P.O. Box 1902, Isamilo, Mwanza; infotz@standingvoice.org; Tanzanian number 08536; UK charity 1151250.""}]"	role			
contact		Opportunity Builds Africa - home page	https://opportunitybuildsafrica.org/		2026-09-22	2026-09-22	verified	published	Operation Bootstrap Africa is now Opportunity Builds Africa; contact info@ address and Minneapolis office phone.		Opportunity Builds Africa (formerly Operation Bootstrap-Africa)	opportunitybuildsafrica.org										Minneapolis, MN															General enquiries	confirmed	email		info@opportunitybuildsafrica.org		+16128714980			Published by Opportunity Builds Africa on its home page																				research_only		welfare_customer	WCON_opportunity_builds_africa_general_enquiries			low	Generic organisational email and office phone.																							"[""info@opportunitybuildsafrica.org""]"	"[""+16128714980""]"											"[{""url"": ""https://opportunitybuildsafrica.org/"", ""title"": ""Opportunity Builds Africa - home page"", ""source_date"": """", ""accessed_on"": ""2026-09-22"", ""evidence_basis"": ""published"", ""fetched"": true, ""facts_supported"": [""name_change"", ""email"", ""phone""], ""evidence_excerpt"": ""Operation Bootstrap Africa is now Opportunity Builds Africa; contact info@ address and Minneapolis office phone.""}]"	role	office		
contact		EdPowerment - home page	https://www.edpowerment.org/		2026-09-22	2026-09-22	verified	published	Works in Siha villages (Namayani, Msitu, Dahani); sponsorships, apprenticeships, malnutrition prevention; info@edpowerment.org.		EdPowerment Inc	edpowerment.org										Mahwah, NJ (US); Siha villages (programme)															Tanzania office lines	confirmed	email		info@edpowerment.org			+255712219689		Published by EdPowerment on its website																				research_only		welfare_customer	WCON_edpowerment_office_lines			medium	Mobile numbers published by the organisation as contact lines.																							"[""info@edpowerment.org""]"	"[""+255712219689"", ""+255746767927"", ""+255752331139""]"											"[{""url"": ""https://www.edpowerment.org/"", ""title"": ""EdPowerment - home page"", ""source_date"": """", ""accessed_on"": ""2026-09-22"", ""evidence_basis"": ""published"", ""fetched"": true, ""facts_supported"": [""locality"", ""services"", ""email"", ""phone""], ""evidence_excerpt"": ""Works in Siha villages (Namayani, Msitu, Dahani); sponsorships, apprenticeships, malnutrition prevention; info@edpowerment.org.""}]"	role	mobile		
contact		Contact - ANGONET	https://angonet.or.tz/contact/		2026-09-22	2026-09-22	verified	published	Kaloleni Area - Kipanga Rd, House No. 23; info@angonet.or.tz; +255 754 467 472.		Arusha NGO Network (ANGONET)	angonet.or.tz										Kaloleni, Arusha															Secretariat	confirmed	email		info@angonet.or.tz			+255754467472		Published on ANGONET contact page																				research_only		welfare_customer	WCON_arusha_network_secretariat			medium	Organisation line appears to be a mobile number.																							"[""info@angonet.or.tz""]"	"[""+255754467472""]"											"[{""url"": ""https://angonet.or.tz/contact/"", ""title"": ""Contact - ANGONET"", ""source_date"": """", ""accessed_on"": ""2026-09-22"", ""evidence_basis"": ""published"", ""fetched"": true, ""facts_supported"": [""address"", ""email"", ""phone""], ""evidence_excerpt"": ""Kaloleni Area - Kipanga Rd, House No. 23; info@angonet.or.tz; +255 754 467 472.""}]"	role	unknown		
