from_organisation	to_organisation	relationship_type	from_key	to_key	from_in_master	verification_status	pdpa_risk	notes	sources
Ujamaa Foundation (Australia)	Ujamaa Children's Home	funds	WORG_ujamaa_children_home	WORG_ujamaa_children_home		verified	low	Australian charity arm (The Trustee for Ujamaa Foundation, ABN 21 188 212 448) supports funding and governance.	"[{""url"": ""https://www.ujamaachildren.org/about"", ""title"": ""About - Ujamaa Tanzania Foundation"", ""source_date"": """", ""accessed_on"": ""2026-09-22"", ""evidence_basis"": ""official"", ""fetched"": true, ""facts_supported"": [""founded"", ""schooling"", ""safeguarding_policy"", ""capacity"", ""annual_reports""], ""evidence_excerpt"": ""Children attend 'high-quality English Medium school'; supplies and fees covered; home capped at 25 children; reports 2013-14 to 2024-25.""}, {""url"": ""https://abr.business.gov.au/ABN/View?abn=21188212448"", ""title"": ""ABN Lookup 21 188 212 448"", ""source_date"": """", ""accessed_on"": ""2026-09-22"", ""evidence_basis"": ""official"", ""fetched"": true, ""facts_supported"": [""foreign_registration""], ""evidence_excerpt"": ""The Trustee for Ujamaa Foundation: ABN active from 19 Nov 2013; ACNC-registered PBI; DGR endorsed.""}]"
Ujamaa Children's Trust (UK)	Ujamaa Children's Home	funds	WORG_ujamaa_children_home	WORG_ujamaa_children_home		verified	low	UK registered charity 1150850 per Ujamaa's site.	"[{""url"": ""https://www.ujamaachildren.org/"", ""title"": ""Ujamaa Tanzania Foundation | Supporting Children in Tanzania"", ""source_date"": """", ""accessed_on"": ""2026-09-22"", ""evidence_basis"": ""official"", ""fetched"": true, ""facts_supported"": [""name"", ""registration"", ""email"", ""children_served"", ""age_range"", ""founded""], ""evidence_excerpt"": ""Home page: 22 children in the home aged 2-18; registered as Tanzanian INGO, Australian and UK charity; hello@ email.""}, {""url"": ""https://www.ujamaachildren.org/people"", ""title"": ""People - Ujamaa Tanzania Foundation"", ""source_date"": """", ""accessed_on"": ""2026-09-22"", ""evidence_basis"": ""official"", ""fetched"": true, ""facts_supported"": [""staff"", ""roles"", ""board""], ""evidence_excerpt"": ""Lists founder and director of programs, operations manager, house manager, social worker; 13 Tanzanian staff.""}]"
Weily Tribe Foundation	Ujamaa Children's Home	funds	WORG_weily_tribe_foundation	WORG_ujamaa_children_home		needs_review	low	Australian foundation (Weily Tribe Foundation Pty Ltd, ACN 167 491 527); support evidenced in a report from about 2017, current status unknown.	"[{""url"": ""https://www.weilytribe.com/copy-of-umoja-orphanage"", ""title"": ""Ujamaa Children's Home | WeilyTribeFoundation"", ""source_date"": """", ""accessed_on"": ""2026-09-22"", ""evidence_basis"": ""published"", ""fetched"": true, ""facts_supported"": [""funder""], ""evidence_excerpt"": ""Weily Tribe Foundation lists Ujamaa Children's Home as 'the latest addition to our supported projects'.""}]"
Love for the Least	Samaritan Village Orphanage	funds	WORG_love_for_least	WORG_samaritan_village_orphanage		verified	low	Texas-based charity; partnership since 2003; supports secondary and tertiary education placements.	"[{""url"": ""https://lovefortheleast.org/projects/tanzania/"", ""title"": ""Tanzania - Love for the Least"", ""source_date"": """", ""accessed_on"": ""2026-09-22"", ""evidence_basis"": ""published"", ""fetched"": true, ""facts_supported"": [""funder""], ""evidence_excerpt"": ""Love for the Least: partnership since 2003, its longest-running; 60+ orphans from infants to a law student.""}]"
WATOYO Tanzania e.V.	Samaritan Village Orphanage	funds	WORG_watoyo	WORG_samaritan_village_orphanage		verified	low	German registered association; sponsors school fees for 7 children.	"[{""url"": ""https://watoyo-tanzania.de/en/samaritan-village-tanzania-en/"", ""title"": ""Samaritan Village Tanzania - WATOYO Tanzania e.V."", ""source_date"": """", ""accessed_on"": ""2026-09-22"", ""evidence_basis"": ""published"", ""fetched"": true, ""facts_supported"": [""funder"", ""schooling"", ""children_served""], ""evidence_excerpt"": ""German association sponsors school fees for 7 children; about 50 residents aged one month to 25 years.""}]"
Read With Me Arusha	Samaritan Village Orphanage	partners_with	WORG_read_with_me_arusha	WORG_samaritan_village_orphanage		verified	low	Literacy charity; raises school sponsorships.	"[{""url"": ""https://www.readwithmearusha.com/where-we-work/samaritan-village/"", ""title"": ""Samaritan Village - Read With Me Arusha"", ""source_date"": """", ""accessed_on"": ""2026-09-22"", ""evidence_basis"": ""published"", ""fetched"": true, ""facts_supported"": [""partner"", ""children_served""], ""evidence_excerpt"": ""Read With Me Arusha raises sponsorships to get the children to school; over 75 children; operating since 1996.""}]"
Adventure Church of Yuba City	Samaritan Village Orphanage	partners_with		WORG_samaritan_village_orphanage		verified	low	Hosts the orphanage's USA board and donor giving.	"[{""url"": ""https://acyc.family/missions/samaritan-village-orphanage/"", ""title"": ""Samaritan Village Orphanage - Adventure Church of Yuba City"", ""source_date"": """", ""accessed_on"": ""2026-09-22"", ""evidence_basis"": ""published"", ""fetched"": true, ""facts_supported"": [""partner"", ""founded""], ""evidence_excerpt"": ""Church hosts the orphanage's USA board; founded 1992, began caring for children in 1996.""}]"
Love Our Tanzania Family	Tumaini For Africa Orphanage	funds	WORG_love_our_family	WORG_tumaini_for_africa_orphanage		verified	low	Pays education (private English-speaking schools), food, facility and medical costs.	"[{""url"": ""https://www.loveourtanzaniafamily.org/"", ""title"": ""Love Our Tanzania Family"", ""source_date"": """", ""accessed_on"": ""2026-09-22"", ""evidence_basis"": ""official"", ""fetched"": true, ""facts_supported"": [""relationship""], ""evidence_excerpt"": ""US 501(c)(3) dedicated to the welfare of children at Tumaini For Africa Orphanage, Arusha.""}, {""url"": ""https://www.loveourtanzaniafamily.org/past-projects"", ""title"": ""Past Projects - Love Our Tanzania Family"", ""source_date"": """", ""accessed_on"": ""2026-09-22"", ""evidence_basis"": ""official"", ""fetched"": true, ""facts_supported"": [""schooling""], ""evidence_excerpt"": ""Lists enrolling every child in private English-speaking schools, solar power, water and a learning centre.""}]"
Love for the Least	Tumaini House (YWAM Arusha)	funds	WORG_love_for_least	WORG_tumaini_house		verified	low		"[{""url"": ""https://lovefortheleast.org/projects/tanzania/"", ""title"": ""Tanzania - Love for the Least"", ""source_date"": """", ""accessed_on"": ""2026-09-22"", ""evidence_basis"": ""published"", ""fetched"": true, ""facts_supported"": [""relationship""], ""evidence_excerpt"": ""Tumaini House, a YWAM ministry in Arusha, listed as a supported project.""}]"
Youth With A Mission (YWAM) Arusha	Tumaini House (YWAM Arusha)	operates		WORG_tumaini_house		verified	low		"[{""url"": ""https://lovefortheleast.org/projects/tanzania/"", ""title"": ""Tanzania - Love for the Least"", ""source_date"": """", ""accessed_on"": ""2026-09-22"", ""evidence_basis"": ""published"", ""fetched"": true, ""facts_supported"": [""relationship""], ""evidence_excerpt"": ""'Tumaini House in Arusha, Tanzania is a ministry of Youth With a Mission'.""}]"
Kesho	LOHADA (Loving Hand for the Disadvantaged and Aged)	funds	WORG_kesho	WORG_lohada		verified	low		"[{""url"": ""https://www.guidestar.org/profile/90-0814285"", ""title"": ""Kesho - GuideStar Profile"", ""source_date"": """", ""accessed_on"": ""2026-09-22"", ""evidence_basis"": ""directory"", ""fetched"": true, ""facts_supported"": [""relationship""], ""evidence_excerpt"": ""'LOHADA receives most of its funding from Kesho'.""}]"
Read With Me Arusha	Karim Children's Care Centre	funds	WORG_read_with_me_arusha	WORG_karim_children_care_centre		verified	low		"[{""url"": ""https://www.readwithmearusha.com/where-we-work/karim-orphanage/"", ""title"": ""Karim Orphanage - Read With Me Arusha"", ""source_date"": """", ""accessed_on"": ""2026-09-22"", ""evidence_basis"": ""published"", ""fetched"": true, ""facts_supported"": [""relationship""], ""evidence_excerpt"": ""Supports the children by 'sponsoring their school tuition and fees' and growing their library.""}]"
Heart for Africa (UK)	Bethlehem Center for Children	funds	WORG_heart_for_africa	WORG_bethlehem_centre_for_children		verified	low	Educational expenses / primary sponsorship per funder's orphanages page (undated).	"[{""url"": ""https://www.heartforafrica.co.uk/orphanages"", ""title"": ""Orphanages - Heart for Africa"", ""source_date"": """", ""accessed_on"": ""2026-09-22"", ""evidence_basis"": ""official"", ""fetched"": true, ""facts_supported"": [""beneficiaries""], ""evidence_excerpt"": ""Supports smaller community-centred Arusha orphanages: New Paradiso, Bethlehem Center, and pupils at GP-COSU.""}]"
Heart for Africa (UK)	New Paradiso Orphanage	funds	WORG_heart_for_africa	WORG_new_paradiso_orphanage		verified	low	Educational expenses / primary sponsorship per funder's orphanages page (undated).	"[{""url"": ""https://www.heartforafrica.co.uk/orphanages"", ""title"": ""Orphanages - Heart for Africa"", ""source_date"": """", ""accessed_on"": ""2026-09-22"", ""evidence_basis"": ""official"", ""fetched"": true, ""facts_supported"": [""beneficiaries""], ""evidence_excerpt"": ""Supports smaller community-centred Arusha orphanages: New Paradiso, Bethlehem Center, and pupils at GP-COSU.""}]"
Heart for Africa (UK)	Green Path for Community Success (GP-COSU)	funds	WORG_heart_for_africa	WORG_green_path_for_community_success		verified	low	Educational expenses / primary sponsorship per funder's orphanages page (undated).	"[{""url"": ""https://www.heartforafrica.co.uk/orphanages"", ""title"": ""Orphanages - Heart for Africa"", ""source_date"": """", ""accessed_on"": ""2026-09-22"", ""evidence_basis"": ""official"", ""fetched"": true, ""facts_supported"": [""beneficiaries""], ""evidence_excerpt"": ""Supports smaller community-centred Arusha orphanages: New Paradiso, Bethlehem Center, and pupils at GP-COSU.""}]"
Capital International (Isle of Man)	Huruma Vision Children's Home	funds	WORG_capital_international	WORG_huruma_vision_children_home		needs_review	low	Assumes 'Huruma Orphanage Arusha' is the Muriet home (not confirmed).	"[{""url"": ""https://www.capital-iom.com/company/huruma-project"", ""title"": ""The Huruma Project - Capital International"", ""source_date"": """", ""accessed_on"": ""2026-09-22"", ""evidence_basis"": ""published"", ""fetched"": true, ""facts_supported"": [""relationship""], ""evidence_excerpt"": ""Raised funds to buy land and buildings for the Huruma Orphanage in Arusha.""}]"
TerraWatu	Huruma Vision Children's Home	partners_with	WORG_terrawatu	WORG_huruma_vision_children_home		needs_review	low	TerraWatu names 'Huruma Children's Centre' in the Arusha region; match with the Muriet home not confirmed.	"[{""url"": ""https://terrawatu.org/current-projects/huruma-orphanage"", ""title"": ""Huruma Orphanage | TerraWatu"", ""source_date"": """", ""accessed_on"": ""2026-09-22"", ""evidence_basis"": ""published"", ""fetched"": true, ""facts_supported"": [""relationship""], ""evidence_excerpt"": ""Advising on permaculture, kitchen upgrades and cooking classes since 2020; child school sponsorships.""}]"
Imaniworld	Huruma Vision Children's Home	funds	WORG_imaniworld	WORG_huruma_vision_children_home		needs_review	low	'Huruma' in Arusha assumed to be the Muriet home; confirm.	"[{""url"": ""https://imaniworld.org/en/"", ""title"": ""Imaniworld"", ""source_date"": """", ""accessed_on"": ""2026-09-22"", ""evidence_basis"": ""published"", ""fetched"": true, ""facts_supported"": [""relationship""], ""evidence_excerpt"": ""Imaniworld supports Huruma in Arusha with school sponsorship, nutrition and health care.""}]"
Azar Foundation	Huruma Vision Children's Home	funds		WORG_huruma_vision_children_home		needs_review	low	In-kind food support, 2023.	"[{""url"": ""https://azar.foundation/hello-world/"", ""title"": ""Empowering Communities through Food Distribution in Arusha - Azar Foundation"", ""source_date"": ""2023-04-01"", ""accessed_on"": ""2026-09-22"", ""evidence_basis"": ""published"", ""fetched"": true, ""facts_supported"": [""relationship""], ""evidence_excerpt"": ""Food deliveries in 2023 to Huruma Orphanage Center and St. Joseph Orphanage Center, Arusha.""}]"
Azar Foundation	St. Joseph's Orphanage (Kiserian)	funds		WORG_st_josephs_orphanage		needs_review	low	In-kind food support, 2023; 'St. Joseph Orphanage Center' assumed to be the Kiserian home.	"[{""url"": ""https://azar.foundation/hello-world/"", ""title"": ""Empowering Communities through Food Distribution in Arusha - Azar Foundation"", ""source_date"": ""2023-04-01"", ""accessed_on"": ""2026-09-22"", ""evidence_basis"": ""published"", ""fetched"": true, ""facts_supported"": [""relationship""], ""evidence_excerpt"": ""Food deliveries in 2023 to Huruma Orphanage Center and St. Joseph Orphanage Center, Arusha.""}]"
Tropical and Wilderness Trails	Arusha Children's Trust (ACT)	partners_with		WORG_arusha_children		verified	low	ACT was set up under the safari company's auspices in 1999.	"[{""url"": ""https://www.arushachildrenstrust.org/about.html"", ""title"": ""About - Arusha Children's Trust"", ""source_date"": """", ""accessed_on"": ""2026-09-22"", ""evidence_basis"": ""official"", ""fetched"": true, ""facts_supported"": [""founded"", ""operator"", ""mission""], ""evidence_excerpt"": ""Educational charity set up in Arusha in 1999 under a safari company; supports underprivileged children in Arusha and the Rift Valley.""}]"
Arusha Children's Trust (ACT)	Elang'ata E Maa Kindergarten (Olmuringiringa)	funds	WORG_arusha_children			historical	low	2019: materials, furniture and porridge; teacher salaries moved to another donor. The kindergarten is out of scope as a school.	"[{""url"": ""https://www.arushachildrenstrust.org/uploads/1/2/7/8/127856166/act_newsletter_2019.pdf"", ""title"": ""ACT Annual Newsletter Issue 19 - 2019"", ""source_date"": ""2019"", ""accessed_on"": ""2026-09-22"", ""evidence_basis"": ""official"", ""fetched"": true, ""facts_supported"": [""beneficiary"", ""funding"", ""volunteer_run""], ""evidence_excerpt"": ""Small volunteer-run charity; supports a Maasai kindergarten (Elang'ata E Maa) in Olmuringiringa village near Arusha.""}]"
ELCT Northern Central Diocese	Peace House Secondary School	operates		WORG_peace_house		verified	low		"[{""url"": ""https://www.school.co.tz/s3838/school-profile"", ""title"": ""Peace House Secondary School - school.co.tz"", ""source_date"": """", ""accessed_on"": ""2026-09-22"", ""evidence_basis"": ""directory"", ""fetched"": true, ""facts_supported"": [""relationship""], ""evidence_excerpt"": ""Owner organisation: E.L.C.T Northern Central Diocese.""}]"
Peace House Africa	Peace House Secondary School	operates	WORG_peace_house_africa	WORG_peace_house		historical	low	Historical founder/operator.	"[{""url"": ""https://www.guidestar.org/profile/41-2018622"", ""title"": ""Peace House Africa - GuideStar"", ""source_date"": """", ""accessed_on"": ""2026-09-22"", ""evidence_basis"": ""directory"", ""fetched"": true, ""facts_supported"": [""relationship""], ""evidence_excerpt"": ""Programme: Peace House Secondary School, boarding school near Arusha for AIDS orphans.""}]"
Catholic Archdiocese of Arusha	Canaan Children's Center	operates		WORG_canaan_children_centre		verified	low		"[{""url"": ""https://www.canaanchildrenscenter.com/"", ""title"": ""Canaan Children's Center"", ""source_date"": """", ""accessed_on"": ""2026-09-22"", ""evidence_basis"": ""official"", ""fetched"": true, ""facts_supported"": [""operator"", ""founded"", ""children_served"", ""funder""], ""evidence_excerpt"": ""Home for children orphaned by AIDS and other vulnerable children; Archdiocese of Arusha, 2013; 39 children; US gifts via Seeds of Hope Tanzania.""}]"
Seeds of Hope Tanzania	Canaan Children's Center	funds		WORG_canaan_children_centre		verified	low	US tax-deductible donation channel.	"[{""url"": ""https://www.canaanchildrenscenter.com/contact"", ""title"": ""Contact - Canaan Children's Center"", ""source_date"": """", ""accessed_on"": ""2026-09-22"", ""evidence_basis"": ""official"", ""fetched"": true, ""facts_supported"": [""address"", ""director"", ""email"", ""phones""], ""evidence_excerpt"": ""Off Dodoma Road, Kisongo; PO Box 3044; Executive Director listed with yahoo email and two mobiles.""}]"
Unite The World With Africa Foundation	St. Joseph's Orphanage (Kiserian)	funds		WORG_st_josephs_orphanage		historical	low		"[{""url"": ""https://www.uniteafricafoundation.org/st-josephs-orphanage-1"", ""title"": ""St. Joseph's Orphanage - Unite"", ""source_date"": """", ""accessed_on"": ""2026-09-22"", ""evidence_basis"": ""published"", ""fetched"": true, ""facts_supported"": [""relationship""], ""evidence_excerpt"": ""Partnered January 2014 to October 2019; programme now complete.""}]"
Arusha Lutheran Medical Center	The Plaster House	operates	WORG_arusha_lutheran_medical_centre	WORG_kafika_house	Od109d0513fc6	verified	low		"[{""url"": ""http://www.theplasterhouse.org/"", ""title"": ""The Plaster House"", ""source_date"": """", ""accessed_on"": ""2026-09-22"", ""evidence_basis"": ""official"", ""fetched"": true, ""facts_supported"": [""relationship""], ""evidence_excerpt"": ""Operates 'as a program of the Arusha Lutheran Medical Center'.""}]"
SOS Children's Villages Tanzania	SOS Children's Village Arusha	operates		WORG_sos_children_village_arusha		verified	low		"[{""url"": ""https://www.sos-tanzania.org/what-we-do/where-we-work/tanzania-mainland/arusha"", ""title"": ""SOS Children's Villages Tanzania - Arusha"", ""source_date"": """", ""accessed_on"": ""2026-09-22"", ""evidence_basis"": ""official"", ""fetched"": true, ""facts_supported"": [""location"", ""founded"", ""services"", ""phone"", ""email""], ""evidence_excerpt"": ""SOS Tanzania places its Arusha village at Ngaramtoni on the Namanga road; opened 2000; family strengthening added 2022.""}]"
House of Happiness association (Switzerland)	House of Happiness	funds		WORG_house_of_happiness		verified	low	Swiss association funds and runs the home with a volunteer coordinator.	"[{""url"": ""https://www.houseofhappiness.ch/en/organisation"", ""title"": ""House of Happiness - Organization"", ""source_date"": """", ""accessed_on"": ""2026-09-22"", ""evidence_basis"": ""official"", ""fetched"": true, ""facts_supported"": [""operator"", ""board"", ""coordinator"", ""email""], ""evidence_excerpt"": ""Swiss association in Reigoldswil, in the Basel-Landschaft commercial register; volunteer board and a local coordinator in Arusha.""}, {""url"": ""https://www.houseofhappiness.ch/en/fakten"", ""title"": ""House of Happiness - Facts"", ""source_date"": """", ""accessed_on"": ""2026-09-22"", ""evidence_basis"": ""official"", ""fetched"": true, ""facts_supported"": [""funding_model""], ""evidence_excerpt"": ""Budget: about USD 810 per child a year (food, uniform, supplies, insurance), USD 40,000 wages, USD 18,400 utilities.""}]"
Arusha Social Welfare Department	House of Happiness	refers		WORG_house_of_happiness		verified	low	Children are assigned to the home by the social welfare department.	"[{""url"": ""https://www.houseofhappiness.ch/en/house-of-happiness"", ""title"": ""House Of Happiness - the orphanage"", ""source_date"": """", ""accessed_on"": ""2026-09-22"", ""evidence_basis"": ""official"", ""fetched"": true, ""facts_supported"": [""location"", ""opened"", ""children_served"", ""age_range"", ""schooling"", ""staff"", ""email"", ""instagram""], ""evidence_excerpt"": ""Home in Kisongo, Arumeru, opened September 2022 for almost 50 children aged 2-17; they walk about 30 minutes to a state school.""}]"
Catholic Archdiocese of Arusha	Canaan Children's Center	operates		WORG_canaan_children_centre		verified	low		"[{""url"": ""https://www.canaanchildrenscenter.com/"", ""title"": ""Canaan Children's Center"", ""source_date"": ""2020"", ""accessed_on"": ""2026-09-22"", ""evidence_basis"": ""official"", ""fetched"": true, ""facts_supported"": [""name"", ""founded"", ""operator"", ""children_served"", ""services"", ""funding""], ""evidence_excerpt"": ""Established 2013 by the Catholic Archdiocese of Arusha; 39 residents with plans for 200; US tax receipts via Seeds of Hope Tanzania.""}, {""url"": ""https://arusha-archdiocese.or.tz/Uchungaji/kituo-cha-watoto-cha-kanaani/"", ""title"": ""Kituo cha Watoto cha Kanaani - Jimbo Kuu Katoliki Arusha"", ""source_date"": """", ""accessed_on"": ""2026-09-22"", ""evidence_basis"": ""official"", ""fetched"": true, ""facts_supported"": [""children_served"", ""age_range"", ""schooling"", ""director"", ""income_projects""], ""evidence_excerpt"": ""Archdiocese page (Kiswahili): 46 children aged 3-16 attend local schools; farm, bee and livestock projects for income.""}]"
Seeds of Hope Tanzania	Canaan Children's Center	funds		WORG_canaan_children_centre		needs_review	low	US tax-receipt channel for donations; details not published.	"[{""url"": ""https://www.canaanchildrenscenter.com/donate"", ""title"": ""Canaan Children's Center - Donate"", ""source_date"": ""2020"", ""accessed_on"": ""2026-09-22"", ""evidence_basis"": ""official"", ""fetched"": true, ""facts_supported"": [""funding"", ""relationship""], ""evidence_excerpt"": ""Donations by wire to the centre; donors in the USA can get tax receipts through Seeds of Hope Tanzania.""}]"
Living Water Children's Fund (LWCF)	Living Water Children Centre	partners_with		WORG_living_water_children_centre		needs_review	low		"[{""url"": ""https://www.livingwaterchildrencentre.org/"", ""title"": ""Living Water Children's Centre"", ""source_date"": """", ""accessed_on"": ""2026-09-22"", ""evidence_basis"": ""official"", ""fetched"": true, ""facts_supported"": [""location"", ""email"", ""phone"", ""social_media"", ""partners""], ""evidence_excerpt"": ""Kisongo-based centre; contact watoto04@gmail.com and three +255 numbers; partners listed as LWCF, Partnerschaft fuer Afrika, Time2Help.""}]"
Partnerschaft fuer Afrika	Living Water Children Centre	partners_with		WORG_living_water_children_centre		needs_review	low		"[{""url"": ""https://www.livingwaterchildrencentre.org/"", ""title"": ""Living Water Children's Centre"", ""source_date"": """", ""accessed_on"": ""2026-09-22"", ""evidence_basis"": ""official"", ""fetched"": true, ""facts_supported"": [""location"", ""email"", ""phone"", ""social_media"", ""partners""], ""evidence_excerpt"": ""Kisongo-based centre; contact watoto04@gmail.com and three +255 numbers; partners listed as LWCF, Partnerschaft fuer Afrika, Time2Help.""}]"
Time2Help	Living Water Children Centre	partners_with		WORG_living_water_children_centre		needs_review	low		"[{""url"": ""https://www.livingwaterchildrencentre.org/"", ""title"": ""Living Water Children's Centre"", ""source_date"": """", ""accessed_on"": ""2026-09-22"", ""evidence_basis"": ""official"", ""fetched"": true, ""facts_supported"": [""location"", ""email"", ""phone"", ""social_media"", ""partners""], ""evidence_excerpt"": ""Kisongo-based centre; contact watoto04@gmail.com and three +255 numbers; partners listed as LWCF, Partnerschaft fuer Afrika, Time2Help.""}]"
Upendo Face Orphanage Foundation (Swiss association)	Upendo Face Orphanage	funds		WORG_upendo_face_orphanage		verified	low		"[{""url"": ""https://www.upendo-face.org/uber-uns/unser-v/"", ""title"": ""Unser Verein - Upendo Face"", ""source_date"": """", ""accessed_on"": ""2026-09-22"", ""evidence_basis"": ""official"", ""fetched"": true, ""facts_supported"": [""foreign_charity""], ""evidence_excerpt"": ""Swiss association Upendo Face Orphanage Foundation founded 2 October 2021 to fund food and schooling.""}, {""url"": ""https://www.upendo-face.org/"", ""title"": ""Upendo Face"", ""source_date"": """", ""accessed_on"": ""2026-09-22"", ""evidence_basis"": ""official"", ""fetched"": true, ""facts_supported"": [""registration"", ""services"", ""funding""], ""evidence_excerpt"": ""Orphanage with integrated preschool; NGO number 00NGO/08539; donations by card, bank, TWINT, GoFundMe; sponsorship scheme.""}]"
St. Gemma Galgani Sisters of Dodoma	St. Gabriel Home	operates		WORG_st_gabriel_home		needs_review	low		"[{""url"": ""https://stgemma.org/st-gabriel-home-mateves-arusha/"", ""title"": ""ST.GABRIEL HOME-MATEVES ARUSHA - Saint Gemma"", ""source_date"": """", ""accessed_on"": ""2026-09-22"", ""evidence_basis"": ""official"", ""fetched"": false, ""facts_supported"": [""location"", ""founded"", ""operator"", ""children_served"", ""registration""], ""evidence_excerpt"": ""Search snippet: registered children centre set up 2007 by St Gemma Galgani Sisters; 10-15 resident; 70+ in pre/primary school.""}, {""url"": ""https://www.futureforkids.nl/language/en/arusha-tanzania-2/"", ""title"": ""Arusha, Tanzania - Future for Kids"", ""source_date"": ""2009-10"", ""accessed_on"": ""2026-09-22"", ""evidence_basis"": ""published"", ""fetched"": true, ""facts_supported"": [""location"", ""operator"", ""children_served"", ""funding""], ""evidence_excerpt"": ""Dutch charity page: home in Mateves about 20 minutes from Arusha run by Catholic sisters; 11 young children resident in October 2009.""}]"
Sponsors of St Gabriel Home (Mateves, Arusha, Tanzania) - UK charity 1118031	St. Gabriel Home	funds		WORG_st_gabriel_home		unverified	low	Register page returned 403; charity status and income not confirmed.	"[{""url"": ""https://register-of-charities.charitycommission.gov.uk/en/charity-search/-/charity-details/4026629/full-print"", ""title"": ""SPONSORS OF ST GABRIEL HOME (MATEVES, ARUSHA, TANZANIA) - 1118031"", ""source_date"": """", ""accessed_on"": ""2026-09-22"", ""evidence_basis"": ""official"", ""fetched"": false, ""facts_supported"": [""foreign_charity""], ""evidence_excerpt"": ""Search result title shows UK registered charity 1118031 supporting St Gabriel Home; register returned 403 when fetched.""}]"
Future for Kids (Netherlands)	St. Gabriel Home	funds		WORG_st_gabriel_home		historical	low	Funded a well and school corridor around 2009.	"[{""url"": ""https://www.futureforkids.nl/language/en/arusha-tanzania-2/"", ""title"": ""Arusha, Tanzania - Future for Kids"", ""source_date"": ""2009-10"", ""accessed_on"": ""2026-09-22"", ""evidence_basis"": ""published"", ""fetched"": true, ""facts_supported"": [""location"", ""operator"", ""children_served"", ""funding""], ""evidence_excerpt"": ""Dutch charity page: home in Mateves about 20 minutes from Arusha run by Catholic sisters; 11 young children resident in October 2009.""}]"
Kesho	LOHADA	funds	WORG_kesho	WORG_lohada		verified	low		"[{""url"": ""https://lohada.org/about-lohada/"", ""title"": ""About LOHADA"", ""source_date"": """", ""accessed_on"": ""2026-09-22"", ""evidence_basis"": ""official"", ""fetched"": true, ""facts_supported"": [""registration"", ""founder"", ""services"", ""funding"", ""contacts""], ""evidence_excerpt"": ""Registered October 2000 after informal start in 1998; founder-director named; Kesho (US) provides main funding.""}, {""url"": ""https://www.guidestar.org/profile/90-0814285"", ""title"": ""Kesho - GuideStar Profile"", ""source_date"": """", ""accessed_on"": ""2026-09-22"", ""evidence_basis"": ""directory"", ""fetched"": true, ""facts_supported"": [""funder"", ""registration""], ""evidence_excerpt"": ""GuideStar: Kesho, Columbus OH, EIN 90-0814285, ruling year 2012; US umbrella funding LOHADA.""}, {""url"": ""https://projects.propublica.org/nonprofits/organizations/900814285"", ""title"": ""Kesho - Nonprofit Explorer (ProPublica)"", ""source_date"": """", ""accessed_on"": ""2026-09-22"", ""evidence_basis"": ""published"", ""fetched"": true, ""facts_supported"": [""income""], ""evidence_excerpt"": ""IRS data via ProPublica: FY2025 Form 990 revenue USD 237,417; expenses USD 196,106.""}]"
Haven of Hope International	Matonyok Children's Home	funds		WORG_matonyok_children_home		verified	low	Support since 2020 per February 2023 report.	"[{""url"": ""https://havenofhopeintl.org/from-surviving-to-thriving-a-progress-report-on-matonyok-childrens-home-arusha-tanzania/"", ""title"": ""From Surviving to Thriving - Matonyok Children's Home, Arusha"", ""source_date"": ""2023-02-22"", ""accessed_on"": ""2026-09-22"", ""evidence_basis"": ""published"", ""fetched"": true, ""facts_supported"": [""children_served"", ""school"", ""founding"", ""funding""], ""evidence_excerpt"": ""Partner report: 54 children live at the home; campus school serves 100+ children; Haven of Hope support since 2020.""}]"
Serving Orphans Worldwide	Matonyok Children's Home	funds		WORG_matonyok_children_home		verified	low	SOW: EIN 04-3614613, FY2024 revenue USD 3,876,354 (all programmes).	"[{""url"": ""https://servingorphans.org/matonyok-childrens-home-tanzania/"", ""title"": ""Matonyok Children's Home - Serving Orphans Worldwide"", ""source_date"": """", ""accessed_on"": ""2026-09-22"", ""evidence_basis"": ""published"", ""fetched"": true, ""facts_supported"": [""founded"", ""disability"", ""partner""], ""evidence_excerpt"": ""SOW partner page: home founded 2005 and cares for children with disabilities; SOW is a funding partner.""}, {""url"": ""https://projects.propublica.org/nonprofits/organizations/43614613"", ""title"": ""Serving Orphans Worldwide Inc - Nonprofit Explorer"", ""source_date"": """", ""accessed_on"": ""2026-09-22"", ""evidence_basis"": ""published"", ""fetched"": true, ""facts_supported"": [""income""], ""evidence_excerpt"": ""IRS data: Serving Orphans Worldwide Inc, Bristol TN, EIN 04-3614613, FY2024 revenue USD 3,876,354.""}]"
Children's Refuge International	Matonyok Children's Home	funds		WORG_matonyok_children_home		needs_review	low		"[{""url"": ""https://www.childrensrefuge.org/tanzania"", ""title"": ""Tanzania - Children's Refuge International"", ""source_date"": """", ""accessed_on"": ""2026-09-22"", ""evidence_basis"": ""published"", ""fetched"": true, ""facts_supported"": [""partner"", ""expansion""], ""evidence_excerpt"": ""Children's Refuge International supports Matonyok, announces a new boys' home, says every child has schooling access.""}]"
E-ducare	Matonyok Children's Home	funds		WORG_matonyok_children_home		verified	low	Sponsorship project May-June 2025.	"[{""url"": ""https://e-ducare.org/programmes/matonyok-childrens-home"", ""title"": ""Matonyok Children's Home - E-ducare"", ""source_date"": ""2025"", ""accessed_on"": ""2026-09-22"", ""evidence_basis"": ""published"", ""fetched"": true, ""facts_supported"": [""funder"", ""latest_activity""], ""evidence_excerpt"": ""E-ducare sponsorship for Matonyok: fundraising January-April 2025, implementation May-June 2025.""}]"
E-ducare	Karim Children's Care Centre	funds		WORG_karim_children_care_centre		verified	low	Project from September 2023: clothing, healthcare, meals, school sets, uniforms.	"[{""url"": ""https://e-ducare.org/programmes/karim-orphanage-support/"", ""title"": ""Karim Orphanage Support - E-ducare"", ""source_date"": ""2023-09-04"", ""accessed_on"": ""2026-09-22"", ""evidence_basis"": ""published"", ""fetched"": true, ""facts_supported"": [""children_served"", ""daycare"", ""funder""], ""evidence_excerpt"": ""E-ducare: Karim orphanage in Arusha houses 27 children with a growing day-care; project began 4 September 2023.""}]"
Read With Me Arusha	Karim Children's Care Centre	partners_with	WORG_read_with_me_arusha	WORG_karim_children_care_centre		needs_review	low	Tuition sponsorship and library support.	"[{""url"": ""https://www.readwithmearusha.com/Karim-Orphanage"", ""title"": ""Karim Children's Care Centre - Read With Me Arusha"", ""source_date"": """", ""accessed_on"": ""2026-09-22"", ""evidence_basis"": ""published"", ""fetched"": true, ""facts_supported"": [""services"", ""schooling""], ""evidence_excerpt"": ""Partner page: residential home with meals and education; tuition sponsorship and library support.""}, {""url"": ""https://www.readwithmearusha.com/where-we-work/"", ""title"": ""Where we work - Read With Me Arusha"", ""source_date"": """", ""accessed_on"": ""2026-09-22"", ""evidence_basis"": ""published"", ""fetched"": true, ""facts_supported"": [""partners""], ""evidence_excerpt"": ""Lists Karim Children's Care Centre, Samaritan Village Orphanage, St. Margaret's Academy and Sagara Anna School.""}]"
Read With Me Arusha	Samaritan Village Orphanage	partners_with	WORG_read_with_me_arusha	WORG_samaritan_village_orphanage		needs_review	low		"[{""url"": ""https://www.readwithmearusha.com/where-we-work/samaritan-village/"", ""title"": ""Samaritan Village - Read With Me Arusha"", ""source_date"": """", ""accessed_on"": ""2026-09-22"", ""evidence_basis"": ""published"", ""fetched"": true, ""facts_supported"": [""partner""], ""evidence_excerpt"": ""Read With Me says the children need scholarships and sponsors to stay in school; supports literacy.""}]"
Love for the Least (Love Shows Up)	Samaritan Village Orphanage	funds	WORG_love_for_least	WORG_samaritan_village_orphanage		verified	low	Partnership since 2003.	"[{""url"": ""https://lovefortheleast.org/projects/tanzania/"", ""title"": ""Tanzania - Love for the Least"", ""source_date"": """", ""accessed_on"": ""2026-09-22"", ""evidence_basis"": ""published"", ""fetched"": true, ""facts_supported"": [""description"", ""schooling"", ""partner""], ""evidence_excerpt"": ""Funder page: Samaritan Village partnership since 2003; Tumaini House is a YWAM ministry where most children live with family.""}]"
Love for the Least (Love Shows Up)	Tumaini House (YWAM Arusha Tumaini Children Ministry)	funds	WORG_love_for_least	WORG_tumaini_house		needs_review	low		"[{""url"": ""https://lovefortheleast.org/projects/tanzania/"", ""title"": ""Tanzania - Love for the Least"", ""source_date"": """", ""accessed_on"": ""2026-09-22"", ""evidence_basis"": ""published"", ""fetched"": true, ""facts_supported"": [""description"", ""schooling"", ""partner""], ""evidence_excerpt"": ""Funder page: Samaritan Village partnership since 2003; Tumaini House is a YWAM ministry where most children live with family.""}]"
Adventure Church of Yuba City	Samaritan Village Orphanage	partners_with		WORG_samaritan_village_orphanage		verified	low		"[{""url"": ""https://acyc.family/missions/samaritan-village-orphanage/"", ""title"": ""Samaritan Village Orphanage - Adventure Church of Yuba City"", ""source_date"": """", ""accessed_on"": ""2026-09-22"", ""evidence_basis"": ""published"", ""fetched"": true, ""facts_supported"": [""partner""], ""evidence_excerpt"": ""Church lists Samaritan Village as a missions partner; more than 50 children in permanent residence.""}]"
Samaritan Village Inc (US)	Samaritan Village Orphanage	funds	WORG_samaritan_village_orphanage	WORG_samaritan_village_orphanage		verified	low		"[{""url"": ""https://projects.propublica.org/nonprofits/organizations/680214955"", ""title"": ""Samaritan Village - Nonprofit Explorer"", ""source_date"": """", ""accessed_on"": ""2026-09-22"", ""evidence_basis"": ""published"", ""fetched"": true, ""facts_supported"": [""income""], ""evidence_excerpt"": ""IRS data: Samaritan Village, Yuba City CA, EIN 68-0214955, FY2025 revenue USD 148,486 (Form 990-EZ).""}, {""url"": ""https://www.samaritanvillageorphanage.org/contact"", ""title"": ""Contact - Samaritan Village Orphanage"", ""source_date"": """", ""accessed_on"": ""2026-09-22"", ""evidence_basis"": ""official"", ""fetched"": true, ""facts_supported"": [""contacts""], ""evidence_excerpt"": ""Tanzania: P.O. Box 1317 Arusha, 0754 507 376, samvillagetz@gmail.com; US: 530-300-4916, samaritanvo@gmail.com.""}]"
Neema Village	Ucare Family Home	partners_with	WORG_neema_village	WORG_ucare_family_home		historical	low	Built 2016 in cooperation with Neema House.	"[{""url"": ""http://www.ucareproject.com/ucare-family-home"", ""title"": ""Ucare Family home - UcareProject"", ""source_date"": ""2019"", ""accessed_on"": ""2026-09-22"", ""evidence_basis"": ""official"", ""fetched"": true, ""facts_supported"": [""founded"", ""capacity"", ""partner""], ""evidence_excerpt"": ""Family home completed 2016 with Neema House for children unlikely to be adopted; up to 16 children, 12 ideal.""}]"
Ansaar Muslim Youth Centre - Arusha Branch	Ummu Aisha Orphanage Centre	operates		WORG_ummu_aisha_orphanage_centre		verified	low		"[{""url"": ""https://www.ummuaishaorphanage.org/"", ""title"": ""Ummu Aisha Orphanage Center - Licence No. 06422"", ""source_date"": ""2025"", ""accessed_on"": ""2026-09-22"", ""evidence_basis"": ""official"", ""fetched"": true, ""facts_supported"": [""licence"", ""founded"", ""operator"", ""children_served"", ""contacts""], ""evidence_excerpt"": ""Licence 06422 valid 2025-2030; founded 2006 under Ansaar Muslim Youth Centre Arusha; girls resident, boys supported in community.""}]"
The Wanderlust Women	Ummu Aisha Orphanage Centre	partners_with		WORG_ummu_aisha_orphanage_centre		needs_review	low		"[{""url"": ""https://www.ummuaishaorphanage.org/"", ""title"": ""Ummu Aisha Orphanage Center - Licence No. 06422"", ""source_date"": ""2025"", ""accessed_on"": ""2026-09-22"", ""evidence_basis"": ""official"", ""fetched"": true, ""facts_supported"": [""licence"", ""founded"", ""operator"", ""children_served"", ""contacts""], ""evidence_excerpt"": ""Licence 06422 valid 2025-2030; founded 2006 under Ansaar Muslim Youth Centre Arusha; girls resident, boys supported in community.""}]"
Galaxy Computers LTD	Ummu Aisha Orphanage Centre	partners_with		WORG_ummu_aisha_orphanage_centre		needs_review	low		"[{""url"": ""https://www.ummuaishaorphanage.org/"", ""title"": ""Ummu Aisha Orphanage Center - Licence No. 06422"", ""source_date"": ""2025"", ""accessed_on"": ""2026-09-22"", ""evidence_basis"": ""official"", ""fetched"": true, ""facts_supported"": [""licence"", ""founded"", ""operator"", ""children_served"", ""contacts""], ""evidence_excerpt"": ""Licence 06422 valid 2025-2030; founded 2006 under Ansaar Muslim Youth Centre Arusha; girls resident, boys supported in community.""}]"
Arusha Lutheran Medical Center	The Plaster House	operates	WORG_arusha_lutheran_medical_centre	WORG_kafika_house	Od109d0513fc6	verified	low		"[{""url"": ""https://www.theplasterhouse.org/"", ""title"": ""The Plaster House"", ""source_date"": ""2020"", ""accessed_on"": ""2026-09-22"", ""evidence_basis"": ""official"", ""fetched"": true, ""facts_supported"": [""services"", ""capacity"", ""founded"", ""operator"", ""staff""], ""evidence_excerpt"": ""Rehabilitation home for children with correctable disabilities, founded 2008; 80 beds; programme of Arusha Lutheran Medical Center.""}, {""url"": ""https://www.theplasterhouse.org/contact"", ""title"": ""Contact - The Plaster House"", ""source_date"": """", ""accessed_on"": ""2026-09-22"", ""evidence_basis"": ""official"", ""fetched"": true, ""facts_supported"": [""location"", ""phone""], ""evidence_excerpt"": ""Directions: 10.2 km from Sanawari junction towards Nairobi, right at Ngaramtoni police post sign, 2 km on dirt road.""}]"
YWAM Arusha	Tumaini House (YWAM Arusha Tumaini Children Ministry)	operates		WORG_tumaini_house		verified	low		"[{""url"": ""https://ywam.org/location/ywam-arusha/b-1045"", ""title"": ""YWAM Arusha - ywam.org"", ""source_date"": """", ""accessed_on"": ""2026-09-22"", ""evidence_basis"": ""official"", ""fetched"": true, ""facts_supported"": [""location"", ""ministries"", ""phones""], ""evidence_excerpt"": ""YWAM Arusha, P.O. Box 10295, at the foot of Mt Meru near KIA; ministries include Tumaini Children Ministry.""}, {""url"": ""https://lovefortheleast.org/projects/tanzania/"", ""title"": ""Tanzania - Love for the Least"", ""source_date"": """", ""accessed_on"": ""2026-09-22"", ""evidence_basis"": ""published"", ""fetched"": true, ""facts_supported"": [""description"", ""schooling"", ""partner""], ""evidence_excerpt"": ""Funder page: Samaritan Village partnership since 2003; Tumaini House is a YWAM ministry where most children live with family.""}]"
Heart for Africa	New Paradiso Orphanage	funds	WORG_heart_for_africa	WORG_new_paradiso_orphanage		needs_review	low	School/college costs.	"[{""url"": ""https://www.heartforafrica.co.uk/orphanages"", ""title"": ""Orphanages - Heart for Africa"", ""source_date"": """", ""accessed_on"": ""2026-09-22"", ""evidence_basis"": ""published"", ""fetched"": true, ""facts_supported"": [""children_served"", ""funding""], ""evidence_excerpt"": ""Heart for Africa helps small Arusha orphanages: New Paradiso and Bethlehem each about 20 children; it funds school/college costs.""}]"
Heart for Africa	Bethlehem Center for Children	funds	WORG_heart_for_africa	WORG_bethlehem_centre_for_children		needs_review	low	School/college costs for several children.	"[{""url"": ""https://www.heartforafrica.co.uk/orphanages"", ""title"": ""Orphanages - Heart for Africa"", ""source_date"": """", ""accessed_on"": ""2026-09-22"", ""evidence_basis"": ""published"", ""fetched"": true, ""facts_supported"": [""children_served"", ""funding""], ""evidence_excerpt"": ""Heart for Africa helps small Arusha orphanages: New Paradiso and Bethlehem each about 20 children; it funds school/college costs.""}]"
Heart for Africa	CHISWEA (Children of the Street Welfare Association)	funds	WORG_heart_for_africa	WORG_chiswea		historical	low	Minibus bought November 2018.	"[{""url"": ""https://www.heartforafrica.co.uk/major-projects"", ""title"": ""Major Projects - Heart for Africa"", ""source_date"": ""2019-11"", ""accessed_on"": ""2026-09-22"", ""evidence_basis"": ""published"", ""fetched"": true, ""facts_supported"": [""chiswea"", ""mateves_hall""], ""evidence_excerpt"": ""CHISWEA minibus bought November 2018: 36 current young people, 600+ served since 1991, ages 11-20; Mateves hall completed November 2019.""}]"
Arusha Kids Trust	Save Africa Orphanage	funds	WORG_arusha_kids	WORG_save_africa_orphanage		needs_review	low	Pays school and college fees.	"[{""url"": ""https://www.arushakidstrust.com/about-us"", ""title"": ""About Us | Arusha Kids Trust"", ""source_date"": """", ""accessed_on"": ""2026-09-22"", ""evidence_basis"": ""official"", ""fetched"": true, ""facts_supported"": [""location"", ""registration"", ""founded""], ""evidence_excerpt"": ""SAO is in Leganga, about 25 km east of Arusha; trust ACNC-registered 2016, DGR status from June 2019.""}, {""url"": ""https://www.arushakidstrust.com/school-sponsorship"", ""title"": ""School Sponsorship | Arusha Kids Trust"", ""source_date"": """", ""accessed_on"": ""2026-09-22"", ""evidence_basis"": ""official"", ""fetched"": true, ""facts_supported"": [""schooling""], ""evidence_excerpt"": ""Sponsors 20 primary pupils at Haradali, Blue Sky and Same Hill schools, six in secondary, one at Arusha Technical College.""}]"
Kilimanjaro Climbing Company	Faraja Orphanage Children's Home	funds		WORG_faraja_orphanage_children_home		needs_review	low	USD 10 per trekker; also invites trekkers to visit.	"[{""url"": ""https://kilimanjaroclimbingcompany.com/faraja-orphanage/"", ""title"": ""Faraja Orphanage - Kilimanjaro Climbing Company"", ""source_date"": """", ""accessed_on"": ""2026-09-22"", ""evidence_basis"": ""published"", ""fetched"": true, ""facts_supported"": [""funder"", ""red_flag""], ""evidence_excerpt"": ""Tour operator donates USD 10 per trekker and invites trekkers to visit and meet the children.""}]"
Dorobo Fund for Tanzania	Olasiti Orphans Center	funds		WORG_olasiti_orphan_centre		needs_review	low	US tax-deductible donation channel (tax ID 41-1875830).	"[{""url"": ""https://www.tanzanianorphans.org/orphans-center"", ""title"": ""orphans center - tanzanian-orphans"", ""source_date"": """", ""accessed_on"": ""2026-09-22"", ""evidence_basis"": ""official"", ""fetched"": true, ""facts_supported"": [""name"", ""founded"", ""registration"", ""schooling"", ""funder""], ""evidence_excerpt"": ""Olasiti Children's Foundation, founded 2005, registered under the Trustees Incorporation Act; pays secondary tuition; US gifts via Dorobo Fund.""}]"
Giving Smiles e.V.	Cradle of Love Baby Home	funds	WORG_giving_smiles	WORG_cradle_of_love_baby_home		historical	low	Ended with closure April 2024.	"[{""url"": ""https://givingsmiles.org/wp-content/uploads/2026/08/Giving-Smiles_Jahresbericht-2024.pdf"", ""title"": ""Giving Smiles e.V. Jahresbericht 2024"", ""source_date"": ""2026-08"", ""accessed_on"": ""2026-09-22"", ""evidence_basis"": ""official"", ""fetched"": true, ""facts_supported"": [""relationship""], ""evidence_excerpt"": ""Main project since 2018; about TZS 30m paid in early 2024 before closure.""}]"
Giving Smiles e.V.	Child First Initiative (CFI)	funds	WORG_giving_smiles	WORG_child_first_initiative		verified	low	Includes education sponsorship paying school fees.	"[{""url"": ""https://givingsmiles.org/wp-content/uploads/2026/08/Giving-Smiles_Jahresbericht-2024.pdf"", ""title"": ""Giving Smiles e.V. Jahresbericht 2024"", ""source_date"": ""2026-08"", ""accessed_on"": ""2026-09-22"", ""evidence_basis"": ""official"", ""fetched"": true, ""facts_supported"": [""relationship""], ""evidence_excerpt"": ""Partnership with CFI began August 2024; CFI continues sponsorship programme.""}, {""url"": ""https://cfi.or.tz/programs/6"", ""title"": ""Education Sponsorship Program - CFI"", ""source_date"": """", ""accessed_on"": ""2026-09-22"", ""evidence_basis"": ""official"", ""fetched"": true, ""facts_supported"": [""relationship""], ""evidence_excerpt"": ""Sponsorship run by CFI with Giving Smile e.V.""}]"
Giving Smiles e.V.	Child First Baby Home	funds	WORG_giving_smiles	WORG_child_first_initiative		verified	low	TZS 15.6m in 2024.	"[{""url"": ""https://givingsmiles.org/en/child-first-baby-home-2/"", ""title"": ""Child First Baby Home - Giving Smiles e.V."", ""source_date"": ""2025-10-08"", ""accessed_on"": ""2026-09-22"", ""evidence_basis"": ""published"", ""fetched"": true, ""facts_supported"": [""relationship""], ""evidence_excerpt"": ""Giving Smiles is one of two organisational supporters.""}]"
Child First Initiative (CFI)	Child First Baby Home	operates	WORG_child_first_initiative	WORG_child_first_initiative		verified	low		"[{""url"": ""https://givingsmiles.org/en/child-first-baby-home-2/"", ""title"": ""Child First Baby Home - Giving Smiles e.V."", ""source_date"": ""2025-10-08"", ""accessed_on"": ""2026-09-22"", ""evidence_basis"": ""published"", ""fetched"": true, ""facts_supported"": [""relationship""], ""evidence_excerpt"": ""Operated by Child First Initiative, a Tanzanian NGO.""}]"
Cradle of Love Baby Home	Falco's Children Village (His Healing Hands Ministries, Karatu)	refers	WORG_cradle_of_love_baby_home			historical	low	Transfer on closure; receiving home is outside the 25 km catchment (Karatu).	"[{""url"": ""https://givingsmiles.org/wp-content/uploads/2026/08/Giving-Smiles_Jahresbericht-2024.pdf"", ""title"": ""Giving Smiles e.V. Jahresbericht 2024"", ""source_date"": ""2026-08"", ""accessed_on"": ""2026-09-22"", ""evidence_basis"": ""official"", ""fetched"": true, ""facts_supported"": [""relationship""], ""evidence_excerpt"": ""All children transferred on 3 April 2024 to Falco's Children Village in Karatu.""}]"
Little Souls of Tanzania	Enyorata Children's Home	funds	WORG_little_souls_of	WORG_enyorata_children_home		verified	low		"[{""url"": ""https://www.littlesoulsoftz.org/"", ""title"": ""Little Souls of Tanzania"", ""source_date"": """", ""accessed_on"": ""2026-09-22"", ""evidence_basis"": ""official"", ""fetched"": true, ""facts_supported"": [""relationship""], ""evidence_excerpt"": ""Little Souls is the only source of financial support for the home.""}]"
Miso Adventures	Enyorata Children's Home	funds		WORG_enyorata_children_home		needs_review	low	Corporate giving; amounts not stated.	"[{""url"": ""https://misoadventures.com/about-miso-adventures/"", ""title"": ""About Miso Adventures"", ""source_date"": """", ""accessed_on"": ""2026-09-22"", ""evidence_basis"": ""published"", ""fetched"": true, ""facts_supported"": [""relationship""], ""evidence_excerpt"": ""Safari company supports Enyorata home as community giving-back.""}]"
Global Vessels	Havilah Children's Village	operates	WORG_global_vessels	WORG_havilah_children_village		needs_review	low	Also funds via sponsorships and mission trips.	"[{""url"": ""https://globalvessels.org/orphanage/"", ""title"": ""Havilah Children's Orphanage - Global Vessels"", ""source_date"": ""2022"", ""accessed_on"": ""2026-09-22"", ""evidence_basis"": ""published"", ""fetched"": true, ""facts_supported"": [""relationship""], ""evidence_excerpt"": ""Orphanage operates under the Global Vessels umbrella.""}]"
Nkoaranga Lutheran Hospital	Nkoaranga Orphanage (Baby Home)	operates		WORG_nkoaranga_orphanage		needs_review	low		"[{""url"": ""https://www.nkoarangahospital.org/page-7.html"", ""title"": ""Nkoaranga Orphanage - Nkoaranga Lutheran Hospital"", ""source_date"": ""2019-10-15"", ""accessed_on"": ""2026-09-22"", ""evidence_basis"": ""official"", ""fetched"": true, ""facts_supported"": [""relationship""], ""evidence_excerpt"": ""Orphanage is owned by the Lutheran hospital.""}]"
The Small Things (TST)	Nkoaranga Orphanage (Baby Home)	funds	WORG_small_things	WORG_nkoaranga_orphanage		needs_review	low		"[{""url"": ""https://www.mightycause.com/organization/Thesmallthings"", ""title"": ""Support Small Things on Mightycause"", ""source_date"": """", ""accessed_on"": ""2026-09-22"", ""evidence_basis"": ""directory"", ""fetched"": true, ""facts_supported"": [""relationship""], ""evidence_excerpt"": ""Programme locations: Nkoaranga Orphanage and Happy Family Children's Village.""}, {""url"": ""https://fathomaway.com/interview-the-small-things-tanzania-africa/"", ""title"": ""Fathom interview - The Small Things"", ""source_date"": ""2017-08-30"", ""accessed_on"": ""2026-09-22"", ""evidence_basis"": ""published"", ""fetched"": true, ""facts_supported"": [""relationship""], ""evidence_excerpt"": ""Programmes support operations of Nkoaranga Orphanage.""}]"
The Small Things (TST)	Happy Family Children's Village	operates	WORG_small_things	WORG_happy_family_children_village		needs_review	low		"[{""url"": ""https://www.lift-the-lid.org/schools/tanzania/happy-family-childrens-village/"", ""title"": ""Happy Family Children's Village - Lift the Lid"", ""source_date"": """", ""accessed_on"": ""2026-09-22"", ""evidence_basis"": ""published"", ""fetched"": true, ""facts_supported"": [""relationship""], ""evidence_excerpt"": ""Village operated by The Small Things since 2014.""}]"
Lift the Lid	Happy Family Children's Village	partners_with	WORG_lift_lid	WORG_happy_family_children_village		needs_review	low	Nature/amount of support not stated.	"[{""url"": ""https://www.lift-the-lid.org/schools/tanzania/happy-family-childrens-village/"", ""title"": ""Happy Family Children's Village - Lift the Lid"", ""source_date"": """", ""accessed_on"": ""2026-09-22"", ""evidence_basis"": ""published"", ""fetched"": true, ""facts_supported"": [""relationship""], ""evidence_excerpt"": ""Listed among Lift the Lid partner schools in Tanzania.""}]"
Africa Hearts Desire (Volunteers Africa Heart's Desire Limited)	Nkoaranga Orphanage (Baby Home)	partners_with	WORG_africa_hearts_desire	WORG_nkoaranga_orphanage		needs_review	low	Paid volunteer placements.	"[{""url"": ""https://en.africaheartsdesire.com/nkoaranga-orphanage-baby-home"", ""title"": ""Nkoaranga Orphanage / Baby Home | AfricaHeartsDesire"", ""source_date"": """", ""accessed_on"": ""2026-09-22"", ""evidence_basis"": ""published"", ""fetched"": true, ""facts_supported"": [""relationship"", ""fee""], ""evidence_excerpt"": ""Volunteer placements at the baby home at $200 per month.""}]"
Africa Hearts Desire (Volunteers Africa Heart's Desire Limited)	Afro Plan Foundation	partners_with	WORG_africa_hearts_desire	WORG_afroplan_foundation		needs_review	low	Paid volunteer placements.	"[{""url"": ""https://en.africaheartsdesire.com/afroplanfoundation"", ""title"": ""Afro Plan Foundation | AfricaHeartsDesire"", ""source_date"": """", ""accessed_on"": ""2026-09-22"", ""evidence_basis"": ""published"", ""fetched"": true, ""facts_supported"": [""relationship""], ""evidence_excerpt"": ""AHD lists Afro Plan as a volunteer project and handles its contacts.""}]"
Foerderverein URRC e.V.	Usa River Rehabilitation and Training Centre (URRC)	funds	WORG_foerderverein_urrc	WORG_usa_river_rehabilitation_and_training_centre		verified	low		"[{""url"": ""https://www.urrc.de/"", ""title"": ""Foerderverein URRC e.V."", ""source_date"": """", ""accessed_on"": ""2026-09-22"", ""evidence_basis"": ""official"", ""fetched"": true, ""facts_supported"": [""relationship""], ""evidence_excerpt"": ""German association supporting URRC's training, medical services and outreach.""}]"
Mission EineWelt	Usa River Rehabilitation and Training Centre (URRC)	funds		WORG_usa_river_rehabilitation_and_training_centre		verified	low	Donation channel (Germany).	"[{""url"": ""https://www.rehabilitation-center-tanzania.org/en/kontakt/?navid=658135658135"", ""title"": ""Contact | URRC"", ""source_date"": """", ""accessed_on"": ""2026-09-22"", ""evidence_basis"": ""official"", ""fetched"": true, ""facts_supported"": [""relationship""], ""evidence_excerpt"": ""Donations for URRC routed via Mission EineWelt, Neuendettelsau.""}]"
ELCT Meru Diocese	Usa River Rehabilitation and Training Centre (URRC)	operates		WORG_usa_river_rehabilitation_and_training_centre		verified	low		"[{""url"": ""https://www.rehabilitation-center-tanzania.org/en/das-urrc/"", ""title"": ""Das URRC"", ""source_date"": """", ""accessed_on"": ""2026-09-22"", ""evidence_basis"": ""official"", ""fetched"": true, ""facts_supported"": [""relationship""], ""evidence_excerpt"": ""URRC is an institution of the ELCT Meru Diocese.""}]"
Feuerkinder Project	Usa River Rehabilitation and Training Centre (URRC)	partners_with		WORG_usa_river_rehabilitation_and_training_centre		needs_review	low		"[{""url"": ""https://www.rehabilitation-center-tanzania.org/en/das-urrc/"", ""title"": ""Das URRC"", ""source_date"": """", ""accessed_on"": ""2026-09-22"", ""evidence_basis"": ""official"", ""fetched"": true, ""facts_supported"": [""relationship""], ""evidence_excerpt"": ""Feuerkinder Project listed among external partners.""}]"
Mesha's Village	Ngarasero Community Organization	funds	WORG_meshas_village	WORG_ngarasero_community		needs_review	low	US donor group; no website fetched.	"[{""url"": ""https://tanzaniainsight.com/20-vulnerable-children-in-usa-river-seek-education-sponsorship/"", ""title"": ""Tanzania Insight - 20 vulnerable children in Usa River seek education sponsorship"", ""source_date"": ""2026-09-09"", ""accessed_on"": ""2026-09-22"", ""evidence_basis"": ""published"", ""fetched"": true, ""facts_supported"": [""relationship""], ""evidence_excerpt"": ""US donor group Mesha's Village sponsors about 75 children.""}]"
Rotary New Zealand World Community Service (RNZWCS Ltd) and NZ Rotary clubs	Laketatu Orphanage	funds		WORG_laketatu_orphanage		needs_review	low		"[{""url"": ""https://papamoarotaryclub.co.nz/laketatu-orphanage-usa-river-tanzania/"", ""title"": ""Laketatu Orphanage - Papamoa Rotary Club"", ""source_date"": """", ""accessed_on"": ""2026-09-22"", ""evidence_basis"": ""published"", ""fetched"": true, ""facts_supported"": [""relationship""], ""evidence_excerpt"": ""NZ Rotary clubs and Rotary Foundation fund construction via RNZWCS Ltd.""}]"
Africa Amini Alama	KinderVilla Momella (Africa Amini Alama children's home)	operates	WORG_africa_amini_alama	WORG_kindervilla_momella		verified	low		"[{""url"": ""https://www.africaaminialama.com/projekte/soziales"", ""title"": ""Soziales - Africa Amini Alama"", ""source_date"": """", ""accessed_on"": ""2026-09-22"", ""evidence_basis"": ""official"", ""fetched"": true, ""facts_supported"": [""relationship""], ""evidence_excerpt"": ""AAA gives orphans a home at the KinderVilla in Momella.""}]"
The Foundation for Tomorrow (TFFT)	Nkoaranga Orphanage (Baby Home)	partners_with	WORG_foundation_for_tomorrow	WORG_nkoaranga_orphanage		historical	low		"[{""url"": ""http://www.debsphotographs.com/blog/2012/07/partner-orphanages-tanzania"", ""title"": ""partner orphanages | tanzania"", ""source_date"": ""2012-07-19"", ""accessed_on"": ""2026-09-22"", ""evidence_basis"": ""public_post"", ""fetched"": true, ""facts_supported"": [""relationship""], ""evidence_excerpt"": ""Listed as a TFFT partner orphanage in 2012.""}]"
The Foundation for Tomorrow (TFFT)	Matonyak Children's Home	partners_with	WORG_foundation_for_tomorrow	WORG_matonyok_children_home		historical	low		"[{""url"": ""http://www.debsphotographs.com/blog/2012/07/partner-orphanages-tanzania"", ""title"": ""partner orphanages | tanzania"", ""source_date"": ""2012-07-19"", ""accessed_on"": ""2026-09-22"", ""evidence_basis"": ""public_post"", ""fetched"": true, ""facts_supported"": [""relationship""], ""evidence_excerpt"": ""Listed as a TFFT partner orphanage in 2012.""}]"
The Foundation for Tomorrow (TFFT)	Seeway Tanzania	partners_with	WORG_foundation_for_tomorrow	WORG_seeway		historical	low		"[{""url"": ""http://www.debsphotographs.com/blog/2012/07/partner-orphanages-tanzania"", ""title"": ""partner orphanages | tanzania"", ""source_date"": ""2012-07-19"", ""accessed_on"": ""2026-09-22"", ""evidence_basis"": ""public_post"", ""fetched"": true, ""facts_supported"": [""relationship""], ""evidence_excerpt"": ""Listed as a TFFT partner orphanage in 2012.""}]"
Tír na nÓg Children's Foundation	Kao La Amani Children's Village	operates	WORG_kao_la_amani_children_village	WORG_kao_la_amani_children_village		verified	low	Irish charity is the foreign arm/client for the village and school.	"[{""url"": ""https://tirnanogchildrensfoundation.com/"", ""title"": ""Tír na nÓg Children's Foundation – home"", ""source_date"": """", ""accessed_on"": ""2026-09-22"", ""evidence_basis"": ""official"", ""fetched"": true, ""facts_supported"": [""name"", ""founder"", ""school"", ""enrolment"", ""age_range"", ""scholarships"", ""email""], ""evidence_excerpt"": ""Runs Kao La Amani Pre and Primary School for up to 400 children aged 3–13, with meals, bus and scholarships.""}, {""url"": ""https://www.article-25.org/our-work/kao-la-amani-childrens-village"", ""title"": ""Kao La Amani Children's Village, Tanzania — Article 25"", ""source_date"": """", ""accessed_on"": ""2026-09-22"", ""evidence_basis"": ""published"", ""fetched"": true, ""facts_supported"": [""location"", ""capacity"", ""care_model"", ""completion""], ""evidence_excerpt"": ""Boma Ng'ombe village for 60 children in six cottages, each with a live-in 'Mama'; completed March 2025.""}]"
Sun Partners	Kao La Amani Children's Village	funds		WORG_kao_la_amani_children_village		verified	low	Funding for school refurbishment.	"[{""url"": ""https://www.article-25.org/our-work/kao-la-amani-preschool-and-primary-school"", ""title"": ""Kao La Amani Preschool & Primary School — Article 25"", ""source_date"": """", ""accessed_on"": ""2026-09-22"", ""evidence_basis"": ""published"", ""fetched"": true, ""facts_supported"": [""school"", ""enrolment"", ""community_children"", ""funders""], ""evidence_excerpt"": ""School serves about 235 pupils from the village and surrounding community; expansion to about 300; Sun Partners funding.""}]"
Article 25	Kao La Amani Children's Village	partners_with		WORG_kao_la_amani_children_village		verified	low	Architects for village and school.	"[{""url"": ""https://www.article-25.org/our-work/kao-la-amani-childrens-village"", ""title"": ""Kao La Amani Children's Village, Tanzania — Article 25"", ""source_date"": """", ""accessed_on"": ""2026-09-22"", ""evidence_basis"": ""published"", ""fetched"": true, ""facts_supported"": [""location"", ""capacity"", ""care_model"", ""completion""], ""evidence_excerpt"": ""Boma Ng'ombe village for 60 children in six cottages, each with a live-in 'Mama'; completed March 2025.""}, {""url"": ""https://www.article-25.org/our-work/kao-la-amani-preschool-and-primary-school"", ""title"": ""Kao La Amani Preschool & Primary School — Article 25"", ""source_date"": """", ""accessed_on"": ""2026-09-22"", ""evidence_basis"": ""published"", ""fetched"": true, ""facts_supported"": [""school"", ""enrolment"", ""community_children"", ""funders""], ""evidence_excerpt"": ""School serves about 235 pupils from the village and surrounding community; expansion to about 300; Sun Partners funding.""}]"
One Kind Act	Light in Africa Children's Homes	funds	WORG_one_kind_act	WORG_light_in_africa_children_home		verified	low	About £37,250 in grants 2015–2023 incl. school fees for 120+ children (2016).	"[{""url"": ""https://onekindact.org/charity/54"", ""title"": ""Light In Africa – One Kind Act grants"", ""source_date"": """", ""accessed_on"": ""2026-09-22"", ""evidence_basis"": ""published"", ""fetched"": true, ""facts_supported"": [""funder"", ""grants"", ""school_fees""], ""evidence_excerpt"": ""Grants 2015–2023 incl. learning centre for disabled children and £2,500 school fees for 120+ children (Dec 2016).""}, {""url"": ""https://www.onekindact.org/charity/light-in-africa"", ""title"": ""Light In Africa – One Kind Act"", ""source_date"": """", ""accessed_on"": ""2026-09-22"", ""evidence_basis"": ""published"", ""fetched"": true, ""facts_supported"": [""children_served"", ""school_fees"", ""funder"", ""location""], ""evidence_excerpt"": ""Well over 200 children at Tudor Village; school fees for about 120 children; girls' home in Mirerani.""}]"
Rosemary Project	Light in Africa Children's Homes	funds		WORG_light_in_africa_children_home		unverified	low	Snippet: £17,000 toward a house at Tudor House, Boma Ng'ombe (opened March 2011); site certificate error blocked fetch.	"[{""url"": ""http://www.rosemaryproject.com/"", ""title"": ""Rosemary Project (search snippet)"", ""source_date"": """", ""accessed_on"": ""2026-09-22"", ""evidence_basis"": ""published"", ""fetched"": false, ""facts_supported"": [""funder"", ""location""], ""evidence_excerpt"": ""Snippet: helped finish a house at Light In Africa's 'Tudor House' orphanage at Boma N'gombe; opened March 2011.""}]"
Euromic	Light in Africa Children's Homes	funds		WORG_light_in_africa_children_home		verified	low	In-kind donation visit to Mererani homes, Aug 2023.	"[{""url"": ""https://www.euromic.com/acts-of-kindness/tanzania-act-of-kindness/"", ""title"": ""Tanzania Act of Kindness | Euromic"", ""source_date"": ""2023-08-20"", ""accessed_on"": ""2026-09-22"", ""evidence_basis"": ""published"", ""fetched"": true, ""facts_supported"": [""children_served"", ""location"", ""in_kind_donation""], ""evidence_excerpt"": ""Corporate visit and donation to Light in Africa homes in Mererani: 148 children aged 6 months–16 across 5 homes.""}]"
The Faraji Foundation	Tuleeni Children's Home	funds	WORG_faraji_foundation	WORG_tuleeni_children_home		verified	low	US tax-deductible channel; >30% of new-home construction.	"[{""url"": ""https://tuleenihome.org/friends-of-tuleeni/"", ""title"": ""Friends of Tuleeni"", ""source_date"": """", ""accessed_on"": ""2026-09-22"", ""evidence_basis"": ""official"", ""fetched"": true, ""facts_supported"": [""funders""], ""evidence_excerpt"": ""Partners: Private Explorers (20% of income), Tuleeni Norge, The Faraji Foundation, Project Junior Foundation, Neema International.""}, {""url"": ""https://projects.propublica.org/nonprofits/organizations/461300200"", ""title"": ""The Faraji Foundation – ProPublica Nonprofit Explorer"", ""source_date"": """", ""accessed_on"": ""2026-09-22"", ""evidence_basis"": ""official"", ""fetched"": true, ""facts_supported"": [""registration""], ""evidence_excerpt"": ""501(c)(3) public foundation, Santa Rosa CA; exempt since Nov 2013; no Form 990 data shown.""}]"
Private Explorers	Tuleeni Children's Home	funds	WORG_private_explorers	WORG_tuleeni_children_home		needs_review	low	20% of income, as stated by Tuleeni.	"[{""url"": ""https://tuleenihome.org/friends-of-tuleeni/"", ""title"": ""Friends of Tuleeni"", ""source_date"": """", ""accessed_on"": ""2026-09-22"", ""evidence_basis"": ""official"", ""fetched"": true, ""facts_supported"": [""funders""], ""evidence_excerpt"": ""Partners: Private Explorers (20% of income), Tuleeni Norge, The Faraji Foundation, Project Junior Foundation, Neema International.""}]"
Tuleeni Norge (Friends of Tuleeni Children)	Tuleeni Children's Home	funds		WORG_tuleeni_children_home		verified	low	Norwegian support group since 2006.	"[{""url"": ""https://tuleenihome.org/friends-of-tuleeni/"", ""title"": ""Friends of Tuleeni"", ""source_date"": """", ""accessed_on"": ""2026-09-22"", ""evidence_basis"": ""official"", ""fetched"": true, ""facts_supported"": [""funders""], ""evidence_excerpt"": ""Partners: Private Explorers (20% of income), Tuleeni Norge, The Faraji Foundation, Project Junior Foundation, Neema International.""}]"
Project Junior Foundation	Tuleeni Children's Home	funds		WORG_tuleeni_children_home		verified	low	Dutch foundation (RSIN 859730906) supporting 14 children.	"[{""url"": ""https://tuleenihome.org/friends-of-tuleeni/"", ""title"": ""Friends of Tuleeni"", ""source_date"": """", ""accessed_on"": ""2026-09-22"", ""evidence_basis"": ""official"", ""fetched"": true, ""facts_supported"": [""funders""], ""evidence_excerpt"": ""Partners: Private Explorers (20% of income), Tuleeni Norge, The Faraji Foundation, Project Junior Foundation, Neema International.""}]"
Neema International	Tuleeni Children's Home	funds	WORG_neema_international	WORG_tuleeni_children_home		verified	low	Raised over 50% of orphanage construction funds.	"[{""url"": ""https://tuleenihome.org/friends-of-tuleeni/"", ""title"": ""Friends of Tuleeni"", ""source_date"": """", ""accessed_on"": ""2026-09-22"", ""evidence_basis"": ""official"", ""fetched"": true, ""facts_supported"": [""funders""], ""evidence_excerpt"": ""Partners: Private Explorers (20% of income), Tuleeni Norge, The Faraji Foundation, Project Junior Foundation, Neema International.""}]"
Portage Northern Interact Club	Tuleeni Children's Home	funds		WORG_tuleeni_children_home		verified	low	About $5,000 a year for school fees ('$2-gether for Tuleeni').	"[{""url"": ""https://tuleenihome.org/friends-of-tuleeni/"", ""title"": ""Friends of Tuleeni"", ""source_date"": """", ""accessed_on"": ""2026-09-22"", ""evidence_basis"": ""official"", ""fetched"": true, ""facts_supported"": [""funders""], ""evidence_excerpt"": ""Partners: Private Explorers (20% of income), Tuleeni Norge, The Faraji Foundation, Project Junior Foundation, Neema International.""}]"
Friends of Amani US Inc	Amani Centre for Street Children	funds	WORG_friends_of_amani_us	WORG_amani_centre_for_street_children		verified	low	EIN 27-3621599; 2024 revenue $825,314.	"[{""url"": ""https://projects.propublica.org/nonprofits/organizations/273621599"", ""title"": ""Friends Of Amani Us Inc – ProPublica Nonprofit Explorer"", ""source_date"": """", ""accessed_on"": ""2026-09-22"", ""evidence_basis"": ""official"", ""fetched"": true, ""facts_supported"": [""foreign_charity"", ""income""], ""evidence_excerpt"": ""EIN 27-3621599, Hooksett NH; 2024 revenue $825,314, expenses $687,158.""}, {""url"": ""https://www.amanikids.org/contact-us"", ""title"": ""Contact Us — Amanikids"", ""source_date"": """", ""accessed_on"": ""2026-09-22"", ""evidence_basis"": ""official"", ""fetched"": true, ""facts_supported"": [""address"", ""phone"", ""email"", ""registration""], ""evidence_excerpt"": ""PO Box 6515 Moshi; +(255) 752 220 637; info@amanikids.org; Tanzania no. 00NG0/RI/00266.""}]"
Friends of Amani (UK)	Amani Centre for Street Children	funds		WORG_amani_centre_for_street_children		verified	low	UK charity 1107618; income £77,984 (Oct 2025).	"[{""url"": ""https://ngoexplorer.org/charity/1107618"", ""title"": ""Friends of Amani (UK) | NGO Explorer"", ""source_date"": """", ""accessed_on"": ""2026-09-22"", ""evidence_basis"": ""directory"", ""fetched"": true, ""facts_supported"": [""foreign_charity"", ""income""], ""evidence_excerpt"": ""UK charity 1107618 supports Amani Children's Home, Moshi; income £77,984 (Oct 2025).""}]"
Embrace Relief Foundation	Amani Centre for Street Children	funds		WORG_amani_centre_for_street_children		needs_review	low	Dormitory renovation with CORE Educational Services and Time To Help Foundation; year not stated.	"[{""url"": ""https://www.embracerelief.org/amani-orphanage-in-tanzania/"", ""title"": ""Amani Orphanage in Tanzania - Embrace Relief Foundation"", ""source_date"": """", ""accessed_on"": ""2026-09-22"", ""evidence_basis"": ""published"", ""fetched"": true, ""facts_supported"": [""funder"", ""renovation""], ""evidence_excerpt"": ""Embrace Relief with CORE Educational Services and Time To Help Foundation renovated dormitories at Amani Children's Home, Moshi.""}]"
KITAA (Kilimanjaro International Tanzania Aid Agency)	Kitaa Hope Home	operates		WORG_kitaa_hope_home		verified	low	Home operates under KITAA's charitable status.	"[{""url"": ""https://www.hopehometrust.org.uk/childrenshome"", ""title"": ""Children's Home | Hope Home Trust"", ""source_date"": """", ""accessed_on"": ""2026-09-22"", ""evidence_basis"": ""published"", ""fetched"": true, ""facts_supported"": [""founded"", ""founder"", ""operator"", ""facility""], ""evidence_excerpt"": ""Founded 2006; operates under KITAA; purpose-built home from 2012; nursery added 2014.""}]"
Hope Home Trust	Kitaa Hope Home	funds	WORG_hope_home	WORG_kitaa_hope_home		verified	low	Funds running costs, education for 20 children and transport.	"[{""url"": ""https://www.hopehometrust.org.uk/"", ""title"": ""Welcome | Hope Home Trust"", ""source_date"": """", ""accessed_on"": ""2026-09-22"", ""evidence_basis"": ""published"", ""fetched"": true, ""facts_supported"": [""partner"", ""children_served"", ""fees""], ""evidence_excerpt"": ""Kitaa Hope Home in Moshi is the trust's partner; 30 residential and 50 daily preschool children; £3 a day per child.""}, {""url"": ""https://ngoexplorer.org/charity/1126415"", ""title"": ""Hope Home Trust | NGO Explorer"", ""source_date"": """", ""accessed_on"": ""2026-09-22"", ""evidence_basis"": ""directory"", ""fetched"": true, ""facts_supported"": [""foreign_charity"", ""income""], ""evidence_excerpt"": ""UK charity 1126415 funds Kitaa Hope Children Home, Moshi; income £68,335 (Dec 2025).""}]"
Tanzania Volunteers Co. Ltd	Msamaria Centre for Street Children	partners_with		WORG_msamaria_centre_for_street_children		verified	low	Volunteer placement agency (Shanty Town, Moshi); also places at Upendo, Gabriella, BCC.	"[{""url"": ""https://tanzaniavolunteers.com/msamaria-center-for-street-children/"", ""title"": ""Msamaria Center for Street Children – Tanzania Volunteers"", ""source_date"": """", ""accessed_on"": ""2026-09-22"", ""evidence_basis"": ""directory"", ""fetched"": true, ""facts_supported"": [""children_served"", ""volunteer_fee"", ""founded""], ""evidence_excerpt"": ""Supports 130+ children, about 70 resident, aged 3–18; founded 2007; volunteer fee USD 50 monthly in cash.""}, {""url"": ""https://tanzaniavolunteers.com/"", ""title"": ""Tanzania Volunteers"", ""source_date"": """", ""accessed_on"": ""2026-09-22"", ""evidence_basis"": ""directory"", ""fetched"": true, ""facts_supported"": [""project_list""], ""evidence_excerpt"": ""Placement list incl. Upendo, Msamaria, Gabriella, BCC centres and Moshi juvenile detention centre.""}]"
ZARA Tanzania Charity	Moshi Kids Centre	operates	WORG_zara_charity	WORG_moshi_kids_centre		verified	low		"[{""url"": ""https://www.zaratanzaniacharity.org/"", ""title"": ""ZARA Tanzania Charity"", ""source_date"": ""2026-09-11"", ""accessed_on"": ""2026-09-22"", ""evidence_basis"": ""official"", ""fetched"": true, ""facts_supported"": [""founder"", ""founded"", ""address"", ""projects"", ""contacts"", ""latest_activity""], ""evidence_excerpt"": ""NGO founded 2009 to extend tourism benefits; runs Moshi Kids Centre and student sponsorship; Ghala Road, Pasua.""}, {""url"": ""https://tanzaniatimes.net/moshi-kids-center-where-childrens-current-wants-and-their-future-needs-get-solved-in-kilimanjaro/"", ""title"": ""Moshi Kids Center – Tanzania Times"", ""source_date"": ""2026-07-01"", ""accessed_on"": ""2026-09-22"", ""evidence_basis"": ""published"", ""fetched"": true, ""facts_supported"": [""children_served"", ""coordinator"", ""funding"", ""address""], ""evidence_excerpt"": ""Zara Charity centre on Msasani Street has 70 children, up from 25; relies on tourism revenue.""}]"
ZARA Tanzania Charity	Kilimanjaro Orphanage Centre	partners_with	WORG_zara_charity	WORG_kilimanjaro_orphanage_centre		historical	low	Set-up collaboration described in a 2015 blog.	"[{""url"": ""https://thirdeyemom.com/2015/08/04/a-visit-to-the-kilimanjaro-orphanage-centre/"", ""title"": ""A visit to the Kilimanjaro Orphanage Centre - Thirdeyemom"", ""source_date"": ""2015-08-04"", ""accessed_on"": ""2026-09-22"", ""evidence_basis"": ""published"", ""fetched"": true, ""facts_supported"": [""location"", ""founded"", ""children_served"", ""partner""], ""evidence_excerpt"": ""Pasua, behind Springlands Hotel; founded 2009; about 60 resident orphans; set up with Zara Charity.""}]"
Kilimanjaro Mission of Hope and Outreach (KMHO)	Upendo Children's Home	funds	WORG_kilimanjaro_mission_of_hope_and_outreach	WORG_upendo_children_home		verified	low	Child sponsorship $50/month.	"[{""url"": ""https://www.kmho.org/sponsorships/child/"", ""title"": ""Child Sponsorship - KMHO.org"", ""source_date"": """", ""accessed_on"": ""2026-09-22"", ""evidence_basis"": ""published"", ""fetched"": true, ""facts_supported"": [""funder"", ""children_served"", ""operator""], ""evidence_excerpt"": ""Nuns in Moshi Diocese maintain Upendo Orphanage, about 30 children; sponsorship $50 a month to age 15.""}]"
Kilimanjaro Mission of Hope and Outreach (KMHO)	Rainbow Centre, Catholic Diocese of Moshi	funds	WORG_kilimanjaro_mission_of_hope_and_outreach	WORG_rainbow_centre_catholic_diocese_of_moshi		verified	low		"[{""url"": ""https://www.kmho.org/sponsorships/child/"", ""title"": ""Child Sponsorship - KMHO.org"", ""source_date"": """", ""accessed_on"": ""2026-09-22"", ""evidence_basis"": ""published"", ""fetched"": true, ""facts_supported"": [""funder"", ""children_served"", ""operator""], ""evidence_excerpt"": ""Nuns in Moshi Diocese maintain Upendo Orphanage, about 30 children; sponsorship $50 a month to age 15.""}]"
UPENDO: One Kid at a Time	Upendo Children's Home	funds	WORG_upendo_one_kid_at_a_time	WORG_upendo_children_home		verified	low		"[{""url"": ""https://upendookat.com/about-us"", ""title"": ""About Us — UPENDO: One Kid at a Time"", ""source_date"": """", ""accessed_on"": ""2026-09-22"", ""evidence_basis"": ""official"", ""fetched"": true, ""facts_supported"": [""operator"", ""care_model"", ""founded""], ""evidence_excerpt"": ""Founded 2014; Upendo Orphanage (0–5) run by Sisters of the Precious Blood; OKAT Children's Home for ages 5+.""}]"
UPENDO: One Kid at a Time	OKAT Children's Home	operates	WORG_upendo_one_kid_at_a_time	WORG_okat_children_home		verified	low		"[{""url"": ""https://upendookat.com/about-us"", ""title"": ""About Us — UPENDO: One Kid at a Time"", ""source_date"": """", ""accessed_on"": ""2026-09-22"", ""evidence_basis"": ""official"", ""fetched"": true, ""facts_supported"": [""operator"", ""care_model"", ""founded""], ""evidence_excerpt"": ""Founded 2014; Upendo Orphanage (0–5) run by Sisters of the Precious Blood; OKAT Children's Home for ages 5+.""}, {""url"": ""https://upendookat.com/"", ""title"": ""UPENDO: One Kid at a Time"", ""source_date"": ""2026-01"", ""accessed_on"": ""2026-09-22"", ""evidence_basis"": ""official"", ""fetched"": true, ""facts_supported"": [""opened"", ""children_served"", ""latest_activity""], ""evidence_excerpt"": ""Children's home opened December 2022; 10 of 25 children fully sponsored as of Jan 2026.""}]"
Missionary Sisters of the Precious Blood	Upendo Children's Home	operates		WORG_upendo_children_home		verified	low		"[{""url"": ""https://upendookat.com/about-us"", ""title"": ""About Us — UPENDO: One Kid at a Time"", ""source_date"": """", ""accessed_on"": ""2026-09-22"", ""evidence_basis"": ""official"", ""fetched"": true, ""facts_supported"": [""operator"", ""care_model"", ""founded""], ""evidence_excerpt"": ""Founded 2014; Upendo Orphanage (0–5) run by Sisters of the Precious Blood; OKAT Children's Home for ages 5+.""}, {""url"": ""http://ccsrauorphanages.blogspot.com/2007/02/upendo-orphanage.html"", ""title"": ""CCS Rau Orphanages: Upendo Orphanage"", ""source_date"": ""2007-02-17"", ""accessed_on"": ""2026-09-22"", ""evidence_basis"": ""published"", ""fetched"": true, ""facts_supported"": [""operator"", ""location"", ""contacts"", ""children_served""], ""evidence_excerpt"": ""Precious Blood Sisters' home in Shante Town, Moshi; about 52 children; nursery school on site.""}]"
Catholic Diocese of Moshi	Rainbow Centre, Catholic Diocese of Moshi	operates	WORG_catholic_diocese_of_moshi	WORG_rainbow_centre_catholic_diocese_of_moshi		needs_review	low	Blog last updated 2010.	"[{""url"": ""http://rainbow-centre.blogspot.com/"", ""title"": ""RAINBOW CENTRE CATHOLIC DIOCESE OF MOSHI (blog)"", ""source_date"": ""2010-05-10"", ""accessed_on"": ""2026-09-22"", ""evidence_basis"": ""official"", ""fetched"": true, ""facts_supported"": [""operator"", ""coverage"", ""children_served"", ""founded""], ""evidence_excerpt"": ""Diocesan HIV/AIDS centre since 1992 covering Moshi, Rombo, Siha, Hai; 756 OVCs supported in 2009.""}]"
Compassion International Tanzania	TAG Kilimanjaro Revival Temple Child and Youth Development Centre	funds	WORG_compassion_international	WORG_tag_kilimanjaro_revival_temple_child_and_youth_d		verified	low	Compassion partner centre; university pathway programme.	"[{""url"": ""https://dailynews.co.tz/centre-transforms-over-400-childrens-lives/"", ""title"": ""Centre transforms over 400 children's lives - Daily News"", ""source_date"": ""2026-09"", ""accessed_on"": ""2026-09-22"", ""evidence_basis"": ""published"", ""fetched"": true, ""facts_supported"": [""name"", ""children_served"", ""partner"", ""leaders"", ""latest_activity""], ""evidence_excerpt"": ""TAG Kilimanjaro Revival Temple centre in Moshi marks 20 years; 400+ children helped; Compassion university pathway.""}, {""url"": ""https://allafrica.com/stories/202609140381.html"", ""title"": ""Tanzania: Centre Transforms Over 400 Children's Lives - allAfrica.com"", ""source_date"": ""2026-09-14"", ""accessed_on"": ""2026-09-22"", ""evidence_basis"": ""published"", ""fetched"": true, ""facts_supported"": [""latest_activity"", ""leaders""], ""evidence_excerpt"": ""Republished Daily News story; 20th anniversary; named church and Compassion roles.""}]"
Path To Africa	Hope Village for Orphaned and Vulnerable Children	operates		WORG_hope_village_for_orphaned_and_vulnerable_childre		verified	low		"[{""url"": ""https://www.pathtoafrica.org/"", ""title"": ""Path To Africa"", ""source_date"": """", ""accessed_on"": ""2026-09-22"", ""evidence_basis"": ""official"", ""fetched"": true, ""facts_supported"": [""operator"", ""founded""], ""evidence_excerpt"": ""Moshi charity founded 2007; main project is Hope Village; references 2022 photos.""}, {""url"": ""https://www.pathtoafrica.org/hope_village_orphanage"", ""title"": ""Hope Village Orphanage – Path To Africa"", ""source_date"": """", ""accessed_on"": ""2026-09-22"", ""evidence_basis"": ""official"", ""fetched"": true, ""facts_supported"": [""founded"", ""founder"", ""children_served"", ""age_range"", ""contacts""], ""evidence_excerpt"": ""Founded February 2011 in Moshi; eight residents aged 15–20; education incl. further study.""}]"
Hidden with Christ Ministries	Treasures of Africa KIDZ Project	operates	WORG_hidden_with_christ_ministries	WORG_treasures_of_africa_kidz_project		verified	low		"[{""url"": ""https://www.treasuresofafrica.org/about"", ""title"": ""About Treasures of Africa"", ""source_date"": """", ""accessed_on"": ""2026-09-22"", ""evidence_basis"": ""official"", ""fetched"": true, ""facts_supported"": [""history"", ""care_model"", ""schooling""], ""evidence_excerpt"": ""Orphanage 2007–2021; children now settled with families; KIDZ Project sponsors preschool through university.""}]"
Trekking for Kids	Kilimanjaro Centre for Orphans and Street Children	funds		WORG_kilimanjaro_centre_for_orphan_and_street_childre		historical	low	Fundraising treks around 2013.	"[{""url"": ""https://ilivetotravel.me/kili-centre-moshi-tanzania-orphans/"", ""title"": ""Of kids, water, a fence, and chicks - the Kili Centre Orphanage"", ""source_date"": """", ""accessed_on"": ""2026-09-22"", ""evidence_basis"": ""published"", ""fetched"": true, ""facts_supported"": [""services"", ""funder"", ""historical""], ""evidence_excerpt"": ""Blog on 2013 projects: rented premises, new land, vocational sewing; Trekking for Kids fundraising.""}]"
Friends of Mkombozi	Mkombozi Centre for Street Children	funds		WORG_mkombozi_centre_for_street_children		historical	low	UK charity 1101318; latest accounts 2013.	"[{""url"": ""https://ngoexplorer.org/charity/1101318"", ""title"": ""Friends of Mkombozi | NGO Explorer"", ""source_date"": """", ""accessed_on"": ""2026-09-22"", ""evidence_basis"": ""directory"", ""fetched"": true, ""facts_supported"": [""foreign_charity"", ""income""], ""evidence_excerpt"": ""UK charity 1101318; latest income £11,558 (December 2013).""}]"
Kilimanjaro Permaculture Community	Kili Kids at Rainbow Ridge	operates		WORG_kili_kids_at_rainbow_ridge		historical	low		"[{""url"": ""https://hostelhoffmoshi.wordpress.com/2014/09/19/kili-kids-orphanage-project/"", ""title"": ""Kili Kids Orphanage – Project | Hostel Hoff Blog"", ""source_date"": ""2014-09-19"", ""accessed_on"": ""2026-09-22"", ""evidence_basis"": ""published"", ""fetched"": true, ""facts_supported"": [""location"", ""children_served"", ""operator"", ""schooling""], ""evidence_excerpt"": ""25 children aged 3–16 at Rainbow Ridge, Maili Sita; Kilimanjaro Permaculture Community project; local schools.""}]"
Segal Family Foundation	Gabriella Children's Rehabilitation Centre	funds		WORG_gabriella_children_rehabilitation_centre		unverified	low	Portfolio page (search result); fetch returned an image only.	"[{""url"": ""https://www.segalfamilyfoundation.org/portfolio-items/gabriella-centre/"", ""title"": ""Gabriella Centre - Segal Family Foundation (search result)"", ""source_date"": """", ""accessed_on"": ""2026-09-22"", ""evidence_basis"": ""published"", ""fetched"": false, ""facts_supported"": [""funder"", ""children_served""], ""evidence_excerpt"": ""Search summary: 1,000 children through its doors and 1,500 home interventions since inception.""}]"
GO Campaign	Gabriella Children's Rehabilitation Centre	funds	WORG_go_campaign	WORG_gabriella_children_rehabilitation_centre		unverified	low	Article in search results; page 404 on fetch.	"[{""url"": ""https://www.gocampaign.org/articles/gabriella-center-visit"", ""title"": ""Scott Visits Gabriella Children's Rehabilitation Centre — GO Campaign (search result; page 404 on fetch)"", ""source_date"": """", ""accessed_on"": ""2026-09-22"", ""evidence_basis"": ""published"", ""fetched"": false, ""facts_supported"": [""funder""], ""evidence_excerpt"": ""Search result: GO Campaign article on a visit to Gabriella Centre.""}]"
Evangelical Lutheran Church in Tanzania (ELCT)	Building a Caring Community (BCC)	funds	WORG_evangelical_lutheran_church_in	WORG_building_a_caring_community		needs_review	low	Described as 'supported by' ELCT.	"[{""url"": ""https://tanzaniavolunteers.com/bcc-centers/"", ""title"": ""Special Needs Centers (BCC) – Tanzania Volunteers"", ""source_date"": """", ""accessed_on"": ""2026-09-22"", ""evidence_basis"": ""directory"", ""fetched"": true, ""facts_supported"": [""operator"", ""children_served"", ""age_range"", ""centres""], ""evidence_excerpt"": ""BCC runs 10 centres in Kilimanjaro for 250+ children and young adults aged 3–22 with disabilities; ELCT-supported.""}]"
Ministry for Foreign Affairs of Finland	KWIECO Shelter House	funds		WORG_kwieco_shelter_house		historical	low	Funded first phase (opened 2015).	"[{""url"": ""https://www.ukumbi.org/projects/kwieco.html"", ""title"": ""KWIECO shelter, Moshi, Tanzania – Ukumbi"", ""source_date"": """", ""accessed_on"": ""2026-09-22"", ""evidence_basis"": ""published"", ""fetched"": true, ""facts_supported"": [""founded"", ""shelter"", ""funder""], ""evidence_excerpt"": ""KWIECO founded 1987; shelter's first phase opened May 2015; Finnish Foreign Ministry funding.""}]"
Arusha Kids Trust	Save Africa Orphanage	funds	WORG_arusha_kids	WORG_save_africa_orphanage		verified	low	Primary partner; school sponsorship, food, health and living-environment support for 40+ children.	"[{""url"": ""https://www.arushakidstrust.com/about-us"", ""title"": ""About Us – Arusha Kids Trust"", ""source_date"": """", ""accessed_on"": ""2026-09-22"", ""evidence_basis"": ""official"", ""fetched"": true, ""facts_supported"": [""founded"", ""registration"", ""SAO location"", ""trustees""], ""evidence_excerpt"": ""Founded Sept 2014; NSW charity, ACNC-registered 2016, DGR June 2019; SAO at Leganga, about 25 km east of Arusha.""}, {""url"": ""https://www.arushakidstrust.com/"", ""title"": ""Arusha Kids Trust (home)"", ""source_date"": """", ""accessed_on"": ""2026-09-22"", ""evidence_basis"": ""official"", ""fetched"": true, ""facts_supported"": [""mission"", ""children supported"", ""programmes""], ""evidence_excerpt"": ""Supports over 40 children at Save Africa Orphanage; programmes: school sponsorship, food, living environment, health.""}]"
Arusha Kids Trust	Haradali Primary School	partners_with	WORG_arusha_kids			verified	low	Pays primary scholarships for 14 children (private school).	"[{""url"": ""https://www.arushakidstrust.com/school-sponsorship"", ""title"": ""School Sponsorship – Arusha Kids Trust"", ""source_date"": """", ""accessed_on"": ""2026-09-22"", ""evidence_basis"": ""official"", ""fetched"": true, ""facts_supported"": [""scholarships"", ""schools used"", ""sponsorship model""], ""evidence_excerpt"": ""20 primary scholarships (Haradali 14, Blue Sky 5, Same Hill 1), 6 secondary, 1 vocational; part sponsors pay one third.""}]"
Arusha Kids Trust	Blue Sky Primary School	partners_with	WORG_arusha_kids			verified	low	Pays primary scholarships for 5 children.	"[{""url"": ""https://www.arushakidstrust.com/school-sponsorship"", ""title"": ""School Sponsorship – Arusha Kids Trust"", ""source_date"": """", ""accessed_on"": ""2026-09-22"", ""evidence_basis"": ""official"", ""fetched"": true, ""facts_supported"": [""scholarships"", ""schools used"", ""sponsorship model""], ""evidence_excerpt"": ""20 primary scholarships (Haradali 14, Blue Sky 5, Same Hill 1), 6 secondary, 1 vocational; part sponsors pay one third.""}]"
Arusha Kids Trust	Same Hill Primary School	partners_with	WORG_arusha_kids			verified	low	Pays a primary scholarship for 1 child.	"[{""url"": ""https://www.arushakidstrust.com/school-sponsorship"", ""title"": ""School Sponsorship – Arusha Kids Trust"", ""source_date"": """", ""accessed_on"": ""2026-09-22"", ""evidence_basis"": ""official"", ""fetched"": true, ""facts_supported"": [""scholarships"", ""schools used"", ""sponsorship model""], ""evidence_excerpt"": ""20 primary scholarships (Haradali 14, Blue Sky 5, Same Hill 1), 6 secondary, 1 vocational; part sponsors pay one third.""}]"
Mesha's Village	Ngarasero Community Organization	funds	WORG_meshas_village	WORG_ngarasero_community		verified	low	US donor group sponsoring about 75 children through Ngarasero (Sept 2026 news).	"[{""url"": ""https://tanzaniainsight.com/20-vulnerable-children-in-usa-river-seek-education-sponsorship/"", ""title"": ""20 vulnerable children in Usa River seek education sponsorship – Tanzania Insight"", ""source_date"": ""2026-09-09"", ""accessed_on"": ""2026-09-22"", ""evidence_basis"": ""published"", ""fetched"": true, ""facts_supported"": [""name"", ""location"", ""founded"", ""children"", ""needs"", ""funder"", ""centre manager""], ""evidence_excerpt"": ""Ngarasero Community Organization, Usa River: founded 2018; seeks sponsors for 20 children to start primary; 50 in early learning; Mesha's Village sponsors 75.""}, {""url"": ""https://dailynews.co.tz/20-vulnerable-children-in-usa-river-seek-education-sponsorship/"", ""title"": ""20 vulnerable children in Usa River seek education sponsorship – Daily News"", ""source_date"": ""2026-09"", ""accessed_on"": ""2026-09-22"", ""evidence_basis"": ""published"", ""fetched"": true, ""facts_supported"": [""schools used"", ""needs""], ""evidence_excerpt"": ""Secondary pupils at Haradali Winners and Usa-River Rehabilitation secondary schools; needs food, clothing and permanent premises.""}]"
Mesha's Village	Haradali School	partners_with	WORG_meshas_village			verified	low	Pays tuition for 62 children; FY2025 tuition expense $52,154.	"[{""url"": ""https://www.meshasvillage.com/"", ""title"": ""Mesha's Village (home)"", ""source_date"": """", ""accessed_on"": ""2026-09-22"", ""evidence_basis"": ""official"", ""fetched"": true, ""facts_supported"": [""mission"", ""founded"", ""children"", ""school used"", ""contacts""], ""evidence_excerpt"": ""Nonprofit founded 2017 sponsoring orphaned and underprivileged Tanzanian children at private school; 62 enrolled at Haradali School, Arusha.""}, {""url"": ""https://www.guidestar.org/profile/82-3424413"", ""title"": ""Meshas Village – GuideStar Profile"", ""source_date"": """", ""accessed_on"": ""2026-09-22"", ""evidence_basis"": ""directory"", ""fetched"": true, ""facts_supported"": [""EIN"", ""ruling year"", ""programme expenses""], ""evidence_excerpt"": ""EIN 82-3424413, Liberty Hill TX, ruling year 2020; FY2025 tuition to Haradali School $52,154, supplies $4,520, food $4,300.""}]"
Passion Projects International Inc.	Afroplan Foundation	funds	WORG_passion_projects_international	WORG_afroplan_foundation		needs_review	low	Oversees Afroplan as a portfolio project and runs its sponsorship programme.	"[{""url"": ""https://www.passionprojectsintl.com/afroplan-foundation"", ""title"": ""Afroplan Foundation – Passion Projects International"", ""source_date"": """", ""accessed_on"": ""2026-09-22"", ""evidence_basis"": ""official"", ""fetched"": true, ""facts_supported"": [""location"", ""founded"", ""programmes"", ""children"", ""operator"", ""email""], ""evidence_excerpt"": ""Usa River NGO founded 2012; day centre plus sponsorship for Maua English Medium School; over 60 students; overseen by Passion Projects International.""}, {""url"": ""https://www.passionprojectsintl.com/sponsorship"", ""title"": ""Sponsorship – Passion Projects International"", ""source_date"": """", ""accessed_on"": ""2026-09-22"", ""evidence_basis"": ""official"", ""fetched"": true, ""facts_supported"": [""school used"", ""fees"", ""coverage"", ""contact""], ""evidence_excerpt"": ""Sponsorship pays Maua English Medium School, Usa River (nursery and Std 1–7, day or boarding) plus 5–10% for transfer and coordination costs.""}]"
Afroplan Foundation	Maua English Medium School	partners_with	WORG_afroplan_foundation			needs_review	low	Sponsorship programme pays tuition at this Usa River private school (day or boarding).	"[{""url"": ""https://www.passionprojectsintl.com/sponsorship"", ""title"": ""Sponsorship – Passion Projects International"", ""source_date"": """", ""accessed_on"": ""2026-09-22"", ""evidence_basis"": ""official"", ""fetched"": true, ""facts_supported"": [""school used"", ""fees"", ""coverage"", ""contact""], ""evidence_excerpt"": ""Sponsorship pays Maua English Medium School, Usa River (nursery and Std 1–7, day or boarding) plus 5–10% for transfer and coordination costs.""}, {""url"": ""https://www.afroplanfoundation.com/sponsorship-program.html"", ""title"": ""Sponsorship Program – Afroplan Foundation (search snippet)"", ""source_date"": """", ""accessed_on"": ""2026-09-22"", ""evidence_basis"": ""official"", ""fetched"": false, ""facts_supported"": [""school used""], ""evidence_excerpt"": ""Snippet: works with Maua English Medium School just outside Usa River; page did not render when fetched.""}]"
Selfless Solutions	Renea Pre and Primary School	partners_with	WORG_selfless_solutions	WORG_renea_pre_and_primary_school		verified	low	Graduates of Selfless Nursery School are enrolled at Renea (private primary) with sponsorship.	"[{""url"": ""https://selflesssolutions.org/get-involved/sponsor-a-child/"", ""title"": ""Sponsor a child – Selfless Solutions"", ""source_date"": """", ""accessed_on"": ""2026-09-22"", ""evidence_basis"": ""official"", ""fetched"": true, ""facts_supported"": [""programme"", ""location"", ""school used"", ""children"", ""cost"", ""registration"", ""email""], ""evidence_excerpt"": ""Sing'isi village children go from Selfless Nursery School to Renea, a private primary; 225+ students; $1–$3/day; 90/10 cost-sharing.""}]"
Inuka	CHETI NGO	funds	WORG_inuka	WORG_cheti		verified	low	CHETI is Inuka's partner on the ground; sponsorship funds CHETI network schools.	"[{""url"": ""https://www.inukacommunity.org/"", ""title"": ""Inuka (home)"", ""source_date"": """", ""accessed_on"": ""2026-09-22"", ""evidence_basis"": ""official"", ""fetched"": true, ""facts_supported"": [""mission"", ""partner"", ""impact"", ""ABN""], ""evidence_excerpt"": ""Partner CHETI NGO in Arusha; 8 schools supported, 1,567 students educated; ACNC registered, ABN 96 836 629 276.""}, {""url"": ""https://www.inukacommunity.org/cheti-ngo"", ""title"": ""CHETI NGO – Inuka"", ""source_date"": """", ""accessed_on"": ""2026-09-22"", ""evidence_basis"": ""official"", ""fetched"": true, ""facts_supported"": [""CHETI description""], ""evidence_excerpt"": ""CHETI (Children, Health, Education, Team Inspiration): Tanzanian NGO over 20 years old running a network of eight schools with boarding.""}]"
Heart for Africa	New Paradiso Orphanage	funds	WORG_heart_for_africa	WORG_new_paradiso_orphanage		needs_review	low	Supports the home and educational expenses of at least one young person.	"[{""url"": ""https://www.heartforafrica.co.uk/orphanages"", ""title"": ""Orphanages – Heart for Africa"", ""source_date"": """", ""accessed_on"": ""2026-09-22"", ""evidence_basis"": ""official"", ""fetched"": true, ""facts_supported"": [""charity number"", ""supported homes"", ""education support"", ""address""], ""evidence_excerpt"": ""Supports New Paradiso Orphanage and Bethlehem Center for Children (about 20 children each) and GP-COSU; pays some school and college costs.""}]"
Heart for Africa	Bethlehem Center for Children	funds	WORG_heart_for_africa	WORG_bethlehem_centre_for_children		needs_review	low	Supports the centre and educational expenses of some young people.	"[{""url"": ""https://www.heartforafrica.co.uk/orphanages"", ""title"": ""Orphanages – Heart for Africa"", ""source_date"": """", ""accessed_on"": ""2026-09-22"", ""evidence_basis"": ""official"", ""fetched"": true, ""facts_supported"": [""charity number"", ""supported homes"", ""education support"", ""address""], ""evidence_excerpt"": ""Supports New Paradiso Orphanage and Bethlehem Center for Children (about 20 children each) and GP-COSU; pays some school and college costs.""}]"
Heart for Africa	Green Path for Community Success (GP-COSU)	funds	WORG_heart_for_africa	WORG_green_path_for_community_success		needs_review	low	Sponsors two primary school children through GP-COSU.	"[{""url"": ""https://www.heartforafrica.co.uk/orphanages"", ""title"": ""Orphanages – Heart for Africa"", ""source_date"": """", ""accessed_on"": ""2026-09-22"", ""evidence_basis"": ""official"", ""fetched"": true, ""facts_supported"": [""charity number"", ""supported homes"", ""education support"", ""address""], ""evidence_excerpt"": ""Supports New Paradiso Orphanage and Bethlehem Center for Children (about 20 children each) and GP-COSU; pays some school and college costs.""}]"
Friends of Amani USA	Amani Centre for Street Children	funds		WORG_amani_centre_for_street_children		verified	low	US 501(c)(3), EIN 27-3621599.	"[{""url"": ""https://www.amanikids.org/"", ""title"": ""Amani Centre for Street Children (home)"", ""source_date"": ""2025"", ""accessed_on"": ""2026-09-22"", ""evidence_basis"": ""official"", ""fetched"": true, ""facts_supported"": [""impact 2025"", ""registration"", ""foreign registrations"", ""email""], ""evidence_excerpt"": ""2025: 338 rescues, 260+ reintegrations a year, 350+ children with continued education support; Tanzania charity No. 00NG0/RI/00266.""}, {""url"": ""https://www.amanikids.org/contact-us"", ""title"": ""Contact Us – Amanikids"", ""source_date"": """", ""accessed_on"": ""2026-09-22"", ""evidence_basis"": ""official"", ""fetched"": true, ""facts_supported"": [""address"", ""phone"", ""email"", ""friends organisations""], ""evidence_excerpt"": ""Amani Centre: PO Box 6515 Moshi; +(255) 752 220 637; info@amanikids.org; Friends of Amani in USA, UK, Netherlands, Germany, Canada.""}]"
Friends of Amani UK	Amani Centre for Street Children	funds	WORG_friends_of_amani_uk	WORG_amani_centre_for_street_children		verified	low	UK registered charity 1107618.	"[{""url"": ""https://www.amanikids.org/"", ""title"": ""Amani Centre for Street Children (home)"", ""source_date"": ""2025"", ""accessed_on"": ""2026-09-22"", ""evidence_basis"": ""official"", ""fetched"": true, ""facts_supported"": [""impact 2025"", ""registration"", ""foreign registrations"", ""email""], ""evidence_excerpt"": ""2025: 338 rescues, 260+ reintegrations a year, 350+ children with continued education support; Tanzania charity No. 00NG0/RI/00266.""}, {""url"": ""https://www.amanikids.org/contact-us"", ""title"": ""Contact Us – Amanikids"", ""source_date"": """", ""accessed_on"": ""2026-09-22"", ""evidence_basis"": ""official"", ""fetched"": true, ""facts_supported"": [""address"", ""phone"", ""email"", ""friends organisations""], ""evidence_excerpt"": ""Amani Centre: PO Box 6515 Moshi; +(255) 752 220 637; info@amanikids.org; Friends of Amani in USA, UK, Netherlands, Germany, Canada.""}]"
Vrienden van Amani Nederland	Amani Centre for Street Children	funds	WORG_vrienden_van_amani_nederland	WORG_amani_centre_for_street_children		verified	low	Dutch ANBI, RSIN 856833691.	"[{""url"": ""https://www.amanikids.org/"", ""title"": ""Amani Centre for Street Children (home)"", ""source_date"": ""2025"", ""accessed_on"": ""2026-09-22"", ""evidence_basis"": ""official"", ""fetched"": true, ""facts_supported"": [""impact 2025"", ""registration"", ""foreign registrations"", ""email""], ""evidence_excerpt"": ""2025: 338 rescues, 260+ reintegrations a year, 350+ children with continued education support; Tanzania charity No. 00NG0/RI/00266.""}, {""url"": ""https://www.amanikids.org/contact-us"", ""title"": ""Contact Us – Amanikids"", ""source_date"": """", ""accessed_on"": ""2026-09-22"", ""evidence_basis"": ""official"", ""fetched"": true, ""facts_supported"": [""address"", ""phone"", ""email"", ""friends organisations""], ""evidence_excerpt"": ""Amani Centre: PO Box 6515 Moshi; +(255) 752 220 637; info@amanikids.org; Friends of Amani in USA, UK, Netherlands, Germany, Canada.""}]"
Freunde von Amani Deutschland	Amani Centre for Street Children	funds		WORG_amani_centre_for_street_children		needs_review	low	Listed on Amanikids contact page; registration not shown.	"[{""url"": ""https://www.amanikids.org/contact-us"", ""title"": ""Contact Us – Amanikids"", ""source_date"": """", ""accessed_on"": ""2026-09-22"", ""evidence_basis"": ""official"", ""fetched"": true, ""facts_supported"": [""address"", ""phone"", ""email"", ""friends organisations""], ""evidence_excerpt"": ""Amani Centre: PO Box 6515 Moshi; +(255) 752 220 637; info@amanikids.org; Friends of Amani in USA, UK, Netherlands, Germany, Canada.""}]"
Friends of Amani Canada	Amani Centre for Street Children	funds		WORG_amani_centre_for_street_children		needs_review	low	Listed on Amanikids contact page; registration not shown.	"[{""url"": ""https://www.amanikids.org/contact-us"", ""title"": ""Contact Us – Amanikids"", ""source_date"": """", ""accessed_on"": ""2026-09-22"", ""evidence_basis"": ""official"", ""fetched"": true, ""facts_supported"": [""address"", ""phone"", ""email"", ""friends organisations""], ""evidence_excerpt"": ""Amani Centre: PO Box 6515 Moshi; +(255) 752 220 637; info@amanikids.org; Friends of Amani in USA, UK, Netherlands, Germany, Canada.""}]"
Compassion International, Inc.	Compassion International Tanzania	operates	WORG_compassion_international	WORG_compassion_international		verified	low	Tanzania country office of Compassion International; 604 church partners.	"[{""url"": ""https://cit.or.tz/who-we-are/"", ""title"": ""Who We Are – Compassion International Tanzania"", ""source_date"": """", ""accessed_on"": ""2026-09-22"", ""evidence_basis"": ""official"", ""fetched"": true, ""facts_supported"": [""registration"", ""scale"", ""church partnership model"", ""operator""], ""evidence_excerpt"": ""FBO registered under Societies Act Cap. 337, No. S.A. 9692; 600+ child and youth development centres; 125,000+ children; church-partnered.""}, {""url"": ""https://www.compassion.com/about-us/where-we-work/tanzania-facts/"", ""title"": ""Tanzania Facts – Compassion International"", ""source_date"": ""2026-09-16"", ""accessed_on"": ""2026-09-22"", ""evidence_basis"": ""official"", ""fetched"": true, ""facts_supported"": [""children served"", ""church partners"", ""founded""], ""evidence_excerpt"": ""Data as of 16 Sep 2026: 125,551 children served with 604 church partners; programme running 27 years.""}]"
Tanzania School Foundation, Inc.	Father Christmas Academy (School of St. Nicholas)	operates	WORG_school_foundation	WORG_school_foundation		needs_review	low	Founded and managed the academy; closure after 2022 reported in a snippet but not confirmed.	"[{""url"": ""https://www.tanzaniaschoolfoundation.org/"", ""title"": ""Tanzania School Foundation (home)"", ""source_date"": """", ""accessed_on"": ""2026-09-22"", ""evidence_basis"": ""official"", ""fetched"": true, ""facts_supported"": [""programmes"", ""location"", ""children"", ""contact"", ""latest activity""], ""evidence_excerpt"": ""Programmes: school meals, Sponsor a Child, artisan support, Father Christmas Academy in Mlangarini, 30 km outside Arusha; 2,216 children served.""}, {""url"": ""https://patch.com/massachusetts/stoughton/tanzania-school-foundation-update"", ""title"": ""Tanzania School Foundation update – Patch"", ""source_date"": ""2013-11-11"", ""accessed_on"": ""2026-09-22"", ""evidence_basis"": ""published"", ""fetched"": true, ""facts_supported"": [""history"", ""school""], ""evidence_excerpt"": ""2013: operating the School of St. Nicholas for disadvantaged children in Olosiva village; 12 students.""}, {""url"": ""https://fatherchristmasacademy.org/"", ""title"": ""Home – Father Christmas Academy (search snippet)"", ""source_date"": """", ""accessed_on"": ""2026-09-22"", ""evidence_basis"": ""official"", ""fetched"": false, ""facts_supported"": [""school status""], ""evidence_excerpt"": ""Snippet: board voted to close Father Christmas Academy after the 2022 academic year; domain no longer resolves.""}]"
Child Foundation (Netherlands)	KIWAKKUKI (Kikundi cha Wanawake Kilimanjaro Kupambana na UKIMWI)	funds		WORG_kiwakkuki		needs_review	low	Named as partner since 1996; current status unknown.	"[{""url"": ""https://www.kiwakkuki.org/page?page=vulnerable_children_support"", ""title"": ""Vulnerable Children Support – KIWAKKUKI"", ""source_date"": """", ""accessed_on"": ""2026-09-22"", ""evidence_basis"": ""official"", ""fetched"": true, ""facts_supported"": [""OVC services"", ""school sponsorship"", ""partners"", ""coverage""], ""evidence_excerpt"": ""School sponsorships at primary, secondary and vocational levels; uniforms, shoes, textbooks, lunches; supporting vulnerable children since 1996 across 8 districts.""}]"
World Food Programme	KIWAKKUKI (Kikundi cha Wanawake Kilimanjaro Kupambana na UKIMWI)	partners_with		WORG_kiwakkuki		needs_review	low	Nutrition support for the vulnerable-children programme; undated.	"[{""url"": ""https://www.kiwakkuki.org/page?page=vulnerable_children_support"", ""title"": ""Vulnerable Children Support – KIWAKKUKI"", ""source_date"": """", ""accessed_on"": ""2026-09-22"", ""evidence_basis"": ""official"", ""fetched"": true, ""facts_supported"": [""OVC services"", ""school sponsorship"", ""partners"", ""coverage""], ""evidence_excerpt"": ""School sponsorships at primary, secondary and vocational levels; uniforms, shoes, textbooks, lunches; supporting vulnerable children since 1996 across 8 districts.""}]"
The Foundation For Tomorrow	Usa River Academy	partners_with	WORG_foundation_for_tomorrow			needs_review	low	TFFT scholars attend Usa River Academy (secondary); one of 21 partner schools.	"[{""url"": ""https://thefoundationfortomorrow.org/impact/"", ""title"": ""Impact – The Foundation For Tomorrow"", ""source_date"": """", ""accessed_on"": ""2026-09-22"", ""evidence_basis"": ""official"", ""fetched"": true, ""facts_supported"": [""children"", ""partner schools"", ""location""], ""evidence_excerpt"": ""94 current scholars, 75 alumni, 21 partner schools; work in Arusha region including Usa River; Usa River Academy mentioned.""}]"
Ummu Aisha Orphanage Centre	The Wanderlust Women	partners_with	WORG_ummu_aisha_orphanage_centre			verified	low	Listed as a partner on the centre's website.	"[{""url"": ""https://www.ummuaishaorphanage.org/"", ""title"": ""Ummu Aisha Orphanage Center – Licence No. 06422"", ""source_date"": ""2025"", ""accessed_on"": ""2026-09-22"", ""evidence_basis"": ""official"", ""fetched"": true, ""facts_supported"": [""licence"", ""address"", ""founded"", ""children"", ""school fees"", ""contacts"", ""partners""], ""evidence_excerpt"": ""Licence 06422 (2025–2030); founded 2006; 39 girls resident, 25 boys supported in community; pays school fees primary to tertiary.""}]"
Ummu Aisha Orphanage Centre	Galaxy Computers Ltd	partners_with	WORG_ummu_aisha_orphanage_centre			verified	low	Listed as a partner on the centre's website.	"[{""url"": ""https://www.ummuaishaorphanage.org/"", ""title"": ""Ummu Aisha Orphanage Center – Licence No. 06422"", ""source_date"": ""2025"", ""accessed_on"": ""2026-09-22"", ""evidence_basis"": ""official"", ""fetched"": true, ""facts_supported"": [""licence"", ""address"", ""founded"", ""children"", ""school fees"", ""contacts"", ""partners""], ""evidence_excerpt"": ""Licence 06422 (2025–2030); founded 2006; 39 girls resident, 25 boys supported in community; pays school fees primary to tertiary.""}]"
Reach for Change	Espero Foundation	funds		WORG_espero_foundation		historical	low	Support noted in a 2013 listing.	"[{""url"": ""https://www.idealist.org/en/nonprofit/ea7a17b8a4c94a38a9c50640b63124fc-espero-foundation-arusha"", ""title"": ""Espero Foundation – Idealist"", ""source_date"": ""2013-05"", ""accessed_on"": ""2026-09-22"", ""evidence_basis"": ""directory"", ""fetched"": true, ""facts_supported"": [""location"", ""programmes"", ""partner"", ""website""], ""evidence_excerpt"": ""Arusha, Dodoma road; non-formal education for out-of-school children aged 9–18 and transition to formal school; supported by Reach for Change; joined 2013.""}]"
Just Us Friends Inc.	Good Hope Orphanage, School & Clinic	partners_with		WORG_good_hope_orphanage_school_and_clinic		historical	low	Clinic established in 2011 in partnership (2012 listing).	"[{""url"": ""https://www.idealist.org/en/nonprofit/b2f6928da7dc489790ef956c0d2778d2-good-hope-orphanage-school-clinic-arusha"", ""title"": ""Good Hope Orphanage, School & Clinic – Idealist"", ""source_date"": ""2012-10"", ""accessed_on"": ""2026-09-22"", ""evidence_basis"": ""directory"", ""fetched"": true, ""facts_supported"": [""programmes"", ""children"", ""partner"", ""website""], ""evidence_excerpt"": ""Arusha orphanage for about 16 children, six-classroom school for about 170 pupils with tuition help for low-income families, clinic since 2011.""}]"
SOS Children's Villages International	SOS Children's Village Arusha	operates		WORG_sos_children_village_arusha		verified	low	Part of the SOS federation; in Arusha since 2000.	"[{""url"": ""https://www.sos-childrensvillages.org/where-we-help/africa/tanzania/arusha"", ""title"": ""SOS Children's Village Arusha – SOS Children's Villages International"", ""source_date"": """", ""accessed_on"": ""2026-09-22"", ""evidence_basis"": ""official"", ""fetched"": true, ""facts_supported"": [""founded"", ""services"", ""numbers""], ""evidence_excerpt"": ""Since 2000 in Arusha: 220 adults and children supported in community, 130 in residential care, 10 young people in independence support.""}]"
Stichting Sibusiso (Netherlands)	Sibusiso Foundation	funds		WORG_sibusiso_foundation		verified	low	Dutch foundation raises funds and oversees the Arusha centre; its director sits on the Arusha board.	"[{""url"": ""https://static.cbf.nl/documents/Sibusiso/2024/jaarverslag.pdf"", ""title"": ""Stichting Sibusiso Jaarverslaggeving 2024"", ""source_date"": ""2025-06"", ""accessed_on"": ""2026-09-22"", ""evidence_basis"": ""official"", ""fetched"": true, ""facts_supported"": [""founded"", ""registration"", ""location"", ""funding"", ""income"", ""staff_count"", ""leadership"", ""latest_activity""], ""evidence_excerpt"": ""Annual report: founded 2000; KvK 22046082; centre near Tengeru teachers' college and hospital; 50+ staff; 2024 income EUR 353,724.""}, {""url"": ""https://cbf.nl/organisaties/sibusiso"", ""title"": ""Sibusiso | CBF"", ""source_date"": """", ""accessed_on"": ""2026-09-22"", ""evidence_basis"": ""official"", ""fetched"": true, ""facts_supported"": [""registration"", ""income"", ""mission""], ""evidence_excerpt"": ""Dutch charity regulator lists Sibusiso as recognised; 2024 income EUR 353,724; works on special education and family guidance in Tanzania.""}]"
Rijk Zwaan	Sibusiso Foundation	funds		WORG_sibusiso_foundation		verified	low	Thanked as sponsor of 2024 videos.	"[{""url"": ""https://static.cbf.nl/documents/Sibusiso/2024/jaarverslag.pdf"", ""title"": ""Stichting Sibusiso Jaarverslaggeving 2024"", ""source_date"": ""2025-06"", ""accessed_on"": ""2026-09-22"", ""evidence_basis"": ""official"", ""fetched"": true, ""facts_supported"": [""founded"", ""registration"", ""location"", ""funding"", ""income"", ""staff_count"", ""leadership"", ""latest_activity""], ""evidence_excerpt"": ""Annual report: founded 2000; KvK 22046082; centre near Tengeru teachers' college and hospital; 50+ staff; 2024 income EUR 353,724.""}]"
NOBS	Sibusiso Foundation	funds		WORG_sibusiso_foundation		verified	low	Thanked as sponsor of 2024 videos.	"[{""url"": ""https://static.cbf.nl/documents/Sibusiso/2024/jaarverslag.pdf"", ""title"": ""Stichting Sibusiso Jaarverslaggeving 2024"", ""source_date"": ""2025-06"", ""accessed_on"": ""2026-09-22"", ""evidence_basis"": ""official"", ""fetched"": true, ""facts_supported"": [""founded"", ""registration"", ""location"", ""funding"", ""income"", ""staff_count"", ""leadership"", ""latest_activity""], ""evidence_excerpt"": ""Annual report: founded 2000; KvK 22046082; centre near Tengeru teachers' college and hospital; 50+ staff; 2024 income EUR 353,724.""}]"
ELCT Meru Diocese	Usa River Rehabilitation and Training Centre	operates		WORG_usa_river_rehabilitation_and_training_centre		verified	low		"[{""url"": ""https://www.rehabilitation-center-tanzania.org/en/das-urrc/"", ""title"": ""URRC - Usa River Rehabilitation Center Tanzania"", ""source_date"": """", ""accessed_on"": ""2026-09-22"", ""evidence_basis"": ""official"", ""fetched"": true, ""facts_supported"": [""founded"", ""operator"", ""age_range"", ""capacity"", ""services"", ""partners""], ""evidence_excerpt"": ""Opened 1988 under ELCT Meru Diocese; takes disabled young people aged 16-25; 70 boarding and education places; three-year apprenticeships.""}]"
Förderverein URRC e.V.	Usa River Rehabilitation and Training Centre	funds	WORG_foerderverein_urrc	WORG_usa_river_rehabilitation_and_training_centre		verified	low	German support association, Bad Kissingen.	"[{""url"": ""https://www.urrc.de/"", ""title"": ""Förderverein URRC e.V."", ""source_date"": ""2026-07"", ""accessed_on"": ""2026-09-22"", ""evidence_basis"": ""published"", ""fetched"": true, ""facts_supported"": [""funder"", ""latest_activity"", ""support_association_contact""], ""evidence_excerpt"": ""German support association in Bad Kissingen backs the centre; July 2026 news on a new physiotherapy therapy bed.""}, {""url"": ""https://www.rehabilitation-center-tanzania.org/en/kontakt/"", ""title"": ""Contact | Usa River Rehabilitation Center Tanzania"", ""source_date"": """", ""accessed_on"": ""2026-09-22"", ""evidence_basis"": ""official"", ""fetched"": true, ""facts_supported"": [""address"", ""email"", ""phone"", ""head"", ""support_association""], ""evidence_excerpt"": ""Contact page names the Head, P.O. Box 47 Usa River, info@urrc.org, +255 752 796205 and landline 027 255 3427.""}]"
Mission EineWelt	Usa River Rehabilitation and Training Centre	funds		WORG_usa_river_rehabilitation_and_training_centre		verified	low	Holds the donation account for the centre; listed as partner.	"[{""url"": ""https://www.rehabilitation-center-tanzania.org/en/kontakt/"", ""title"": ""Contact | Usa River Rehabilitation Center Tanzania"", ""source_date"": """", ""accessed_on"": ""2026-09-22"", ""evidence_basis"": ""official"", ""fetched"": true, ""facts_supported"": [""address"", ""email"", ""phone"", ""head"", ""support_association""], ""evidence_excerpt"": ""Contact page names the Head, P.O. Box 47 Usa River, info@urrc.org, +255 752 796205 and landline 027 255 3427.""}, {""url"": ""https://www.rehabilitation-center-tanzania.org/"", ""title"": ""Homepage | Usa River Rehabilitation Center Tanzania"", ""source_date"": """", ""accessed_on"": ""2026-09-22"", ""evidence_basis"": ""official"", ""fetched"": true, ""facts_supported"": [""partners"", ""phone"", ""social_media""], ""evidence_excerpt"": ""Homepage lists ELCT, Mission EineWelt, Leipziger Missionswerk, Rummelsberg and Förderverein URRC; phone +255 27 255 34 27.""}]"
Leipziger Missionswerk	Usa River Rehabilitation and Training Centre	partners_with		WORG_usa_river_rehabilitation_and_training_centre		verified	low		"[{""url"": ""https://www.rehabilitation-center-tanzania.org/"", ""title"": ""Homepage | Usa River Rehabilitation Center Tanzania"", ""source_date"": """", ""accessed_on"": ""2026-09-22"", ""evidence_basis"": ""official"", ""fetched"": true, ""facts_supported"": [""partners"", ""phone"", ""social_media""], ""evidence_excerpt"": ""Homepage lists ELCT, Mission EineWelt, Leipziger Missionswerk, Rummelsberg and Förderverein URRC; phone +255 27 255 34 27.""}]"
Rummelsberg (rummelsberger.de)	Usa River Rehabilitation and Training Centre	partners_with		WORG_usa_river_rehabilitation_and_training_centre		verified	low	Listed as 'Rummelsberg' among partner links.	"[{""url"": ""https://www.rehabilitation-center-tanzania.org/"", ""title"": ""Homepage | Usa River Rehabilitation Center Tanzania"", ""source_date"": """", ""accessed_on"": ""2026-09-22"", ""evidence_basis"": ""official"", ""fetched"": true, ""facts_supported"": [""partners"", ""phone"", ""social_media""], ""evidence_excerpt"": ""Homepage lists ELCT, Mission EineWelt, Leipziger Missionswerk, Rummelsberg and Förderverein URRC; phone +255 27 255 34 27.""}]"
Aktion Feuerkinder Tansania	Usa River Rehabilitation and Training Centre	partners_with		WORG_usa_river_rehabilitation_and_training_centre		verified	low	Organises orthopaedic operations for disabled children with Nkoaranga Lutheran Hospital.	"[{""url"": ""https://www.rehabilitation-center-tanzania.org/en/das-urrc/"", ""title"": ""URRC - Usa River Rehabilitation Center Tanzania"", ""source_date"": """", ""accessed_on"": ""2026-09-22"", ""evidence_basis"": ""official"", ""fetched"": true, ""facts_supported"": [""founded"", ""operator"", ""age_range"", ""capacity"", ""services"", ""partners""], ""evidence_excerpt"": ""Opened 1988 under ELCT Meru Diocese; takes disabled young people aged 16-25; 70 boarding and education places; three-year apprenticeships.""}, {""url"": ""http://www.feuerkinder.de/"", ""title"": ""Aktion Feuerkinder Tansania"", ""source_date"": ""2025-08-22"", ""accessed_on"": ""2026-09-22"", ""evidence_basis"": ""published"", ""fetched"": true, ""facts_supported"": [""partner"", ""latest_activity""], ""evidence_excerpt"": ""Nuremberg-based medical aid group; 43rd surgical mission in Tanzania ended August 2025 with 123 operations.""}]"
Nkoaranga Lutheran Hospital	Usa River Rehabilitation and Training Centre	partners_with		WORG_usa_river_rehabilitation_and_training_centre		verified	low	Orthopaedic operations for disabled children.	"[{""url"": ""https://www.rehabilitation-center-tanzania.org/en/das-urrc/"", ""title"": ""URRC - Usa River Rehabilitation Center Tanzania"", ""source_date"": """", ""accessed_on"": ""2026-09-22"", ""evidence_basis"": ""official"", ""fetched"": true, ""facts_supported"": [""founded"", ""operator"", ""age_range"", ""capacity"", ""services"", ""partners""], ""evidence_excerpt"": ""Opened 1988 under ELCT Meru Diocese; takes disabled young people aged 16-25; 70 boarding and education places; three-year apprenticeships.""}]"
Kafika House Inc (Friends of Kafika House)	Kafika House	funds	WORG_kafika_house	WORG_kafika_house		verified	low	US 501(c)(3), San Francisco; formerly Friends of the Plaster House Inc.	"[{""url"": ""https://projects.propublica.org/nonprofits/organizations/851816030"", ""title"": ""Kafika House Inc - ProPublica Nonprofit Explorer"", ""source_date"": ""2024"", ""accessed_on"": ""2026-09-22"", ""evidence_basis"": ""official"", ""fetched"": true, ""facts_supported"": [""foreign_charity"", ""income""], ""evidence_excerpt"": ""Kafika House Inc (DBA Friends of Kafika House), San Francisco, EIN 85-1816030; 2024 Form 990 revenue $933,480.""}, {""url"": ""https://www.theplasterhouse.org/contact-us"", ""title"": ""Contact Us - The Plaster House"", ""source_date"": """", ""accessed_on"": ""2026-09-22"", ""evidence_basis"": ""official"", ""fetched"": true, ""facts_supported"": [""address"", ""social_media"", ""foreign_charity""], ""evidence_excerpt"": ""Legacy contact page: P.O. Box 937 Arusha; US arm Friends of the Plaster House Inc., EIN 85-1816030.""}]"
Pflaster für Tansania	Kafika House	funds		WORG_kafika_house		verified	low	German association founded 2021.	"[{""url"": ""https://www.pflasterfuertansania.com/en/kafikahouse"", ""title"": ""Kafika House | Pflaster für Tansania"", ""source_date"": """", ""accessed_on"": ""2026-09-22"", ""evidence_basis"": ""published"", ""fetched"": true, ""facts_supported"": [""children_served"", ""locations"", ""education"", ""funder"", ""length_of_stay""], ""evidence_excerpt"": ""German supporter: houses in Arusha, Karatu (2023) and Moshi (2024) take over 1,000 children yearly; stays 3-6 months with education.""}]"
African Mission Healthcare	Kafika House	funds		WORG_kafika_house		needs_review	low	Grants since 2010 per legacy partners page (c. 2019-2020); current status unconfirmed.	"[{""url"": ""https://www.theplasterhouse.org/about-us-our-partners"", ""title"": ""Our Partners - The Plaster House"", ""source_date"": """", ""accessed_on"": ""2026-09-22"", ""evidence_basis"": ""official"", ""fetched"": true, ""facts_supported"": [""funders"", ""partners""], ""evidence_excerpt"": ""Legacy partners page: AMH grants since 2010, Watsi since 2012, Smile Train, Impact UK, Tencent Foundation, MiracleFeet, AVI.""}, {""url"": ""https://africanmissionhealthcare.org/the-plaster-house/"", ""title"": ""The Plaster House | African Mission Healthcare"", ""source_date"": """", ""accessed_on"": ""2026-09-22"", ""evidence_basis"": ""published"", ""fetched"": true, ""facts_supported"": [""capacity"", ""staff_count"", ""funder""], ""evidence_excerpt"": ""AMH page: 80 beds, capacity for over 100 patients at a time, 45 staff; never turns a child away.""}]"
Watsi	Kafika House	funds		WORG_kafika_house		needs_review	low	Crowdfunds individual surgeries since 2012 per legacy page.	"[{""url"": ""https://www.theplasterhouse.org/about-us-our-partners"", ""title"": ""Our Partners - The Plaster House"", ""source_date"": """", ""accessed_on"": ""2026-09-22"", ""evidence_basis"": ""official"", ""fetched"": true, ""facts_supported"": [""funders"", ""partners""], ""evidence_excerpt"": ""Legacy partners page: AMH grants since 2010, Watsi since 2012, Smile Train, Impact UK, Tencent Foundation, MiracleFeet, AVI.""}]"
Smile Train	Kafika House	funds		WORG_kafika_house		needs_review	low	Cleft surgeries, per legacy page.	"[{""url"": ""https://www.theplasterhouse.org/about-us-our-partners"", ""title"": ""Our Partners - The Plaster House"", ""source_date"": """", ""accessed_on"": ""2026-09-22"", ""evidence_basis"": ""official"", ""fetched"": true, ""facts_supported"": [""funders"", ""partners""], ""evidence_excerpt"": ""Legacy partners page: AMH grants since 2010, Watsi since 2012, Smile Train, Impact UK, Tencent Foundation, MiracleFeet, AVI.""}]"
Arusha Lutheran Medical Centre	Kafika House	operates	WORG_arusha_lutheran_medical_centre	WORG_kafika_house	Od109d0513fc6	historical	low	Legacy site described The Plaster House as an ALMC programme; current site does not.	"[{""url"": ""https://www.theplasterhouse.org/what-we-do-overview"", ""title"": ""Overview - The Plaster House"", ""source_date"": ""2019"", ""accessed_on"": ""2026-09-22"", ""evidence_basis"": ""official"", ""fetched"": true, ""facts_supported"": [""founded"", ""operator"", ""age_range"", ""services""], ""evidence_excerpt"": ""Legacy site: set up 2008 as a programme of Arusha Lutheran Medical Centre; serves children up to 18.""}, {""url"": ""https://www.theplasterhouse.org/about-us-our-partners"", ""title"": ""Our Partners - The Plaster House"", ""source_date"": """", ""accessed_on"": ""2026-09-22"", ""evidence_basis"": ""official"", ""fetched"": true, ""facts_supported"": [""funders"", ""partners""], ""evidence_excerpt"": ""Legacy partners page: AMH grants since 2010, Watsi since 2012, Smile Train, Impact UK, Tencent Foundation, MiracleFeet, AVI.""}]"
A&K Philanthropy	Kafika House	partners_with		WORG_kafika_house		verified	low		"[{""url"": ""https://www.akphilanthropy.org/projects/kafika-house"", ""title"": ""Kafika House - A&K Philanthropy"", ""source_date"": """", ""accessed_on"": ""2026-09-22"", ""evidence_basis"": ""published"", ""fetched"": true, ""facts_supported"": [""partner""], ""evidence_excerpt"": ""A&K Philanthropy project page describes its partnership with Kafika House in Arusha.""}]"
Friends of Amani US Inc	Amani Centre for Street Children	funds	WORG_friends_of_amani_us	WORG_amani_centre_for_street_children		verified	low	EIN 27-3621599; 2024 revenue $825,314.	"[{""url"": ""https://projects.propublica.org/nonprofits/organizations/273621599"", ""title"": ""Friends Of Amani Us Inc - ProPublica Nonprofit Explorer"", ""source_date"": ""2024"", ""accessed_on"": ""2026-09-22"", ""evidence_basis"": ""official"", ""fetched"": true, ""facts_supported"": [""foreign_charity"", ""income""], ""evidence_excerpt"": ""Friends of Amani US Inc, Hooksett NH, EIN 27-3621599; 2024 Form 990 revenue $825,314.""}, {""url"": ""https://www.amanikids.org/"", ""title"": ""Amani Centre for Street Children"", ""source_date"": ""2026"", ""accessed_on"": ""2026-09-22"", ""evidence_basis"": ""official"", ""fetched"": true, ""facts_supported"": [""name"", ""children_served"", ""foreign_charity"", ""email"", ""founded""], ""evidence_excerpt"": ""2025 figures: 338 child rescues, 260+ reintegrated, 350+ with ongoing education support; US, UK and Dutch support charities listed.""}]"
Friends of Amani UK	Amani Centre for Street Children	funds	WORG_friends_of_amani_uk	WORG_amani_centre_for_street_children		verified	low	UK charity 1107618 (register not fetched: HTTP 403).	"[{""url"": ""https://www.amanikids.org/"", ""title"": ""Amani Centre for Street Children"", ""source_date"": ""2026"", ""accessed_on"": ""2026-09-22"", ""evidence_basis"": ""official"", ""fetched"": true, ""facts_supported"": [""name"", ""children_served"", ""foreign_charity"", ""email"", ""founded""], ""evidence_excerpt"": ""2025 figures: 338 child rescues, 260+ reintegrated, 350+ with ongoing education support; US, UK and Dutch support charities listed.""}, {""url"": ""https://www.amanikids.org/contact-us"", ""title"": ""Contact Us - Amani Centre for Street Children"", ""source_date"": """", ""accessed_on"": ""2026-09-22"", ""evidence_basis"": ""official"", ""fetched"": true, ""facts_supported"": [""address"", ""phone"", ""email"", ""social_media"", ""foreign_offices""], ""evidence_excerpt"": ""PO Box 6515 Moshi; +255 752 220 637; info@amanikids.org; support offices in USA, UK, Netherlands and Germany.""}]"
Vrienden van Amani Nederland	Amani Centre for Street Children	funds	WORG_vrienden_van_amani_nederland	WORG_amani_centre_for_street_children		verified	low	ANBI RSIN 856833691.	"[{""url"": ""https://www.amanikids.org/"", ""title"": ""Amani Centre for Street Children"", ""source_date"": ""2026"", ""accessed_on"": ""2026-09-22"", ""evidence_basis"": ""official"", ""fetched"": true, ""facts_supported"": [""name"", ""children_served"", ""foreign_charity"", ""email"", ""founded""], ""evidence_excerpt"": ""2025 figures: 338 child rescues, 260+ reintegrated, 350+ with ongoing education support; US, UK and Dutch support charities listed.""}, {""url"": ""https://www.amanikids.org/contact-us"", ""title"": ""Contact Us - Amani Centre for Street Children"", ""source_date"": """", ""accessed_on"": ""2026-09-22"", ""evidence_basis"": ""official"", ""fetched"": true, ""facts_supported"": [""address"", ""phone"", ""email"", ""social_media"", ""foreign_offices""], ""evidence_excerpt"": ""PO Box 6515 Moshi; +255 752 220 637; info@amanikids.org; support offices in USA, UK, Netherlands and Germany.""}]"
Freunde von Amani	Amani Centre for Street Children	funds		WORG_amani_centre_for_street_children		verified	low	German support office, Stuttgart; registration not published.	"[{""url"": ""https://www.amanikids.org/contact-us"", ""title"": ""Contact Us - Amani Centre for Street Children"", ""source_date"": """", ""accessed_on"": ""2026-09-22"", ""evidence_basis"": ""official"", ""fetched"": true, ""facts_supported"": [""address"", ""phone"", ""email"", ""social_media"", ""foreign_offices""], ""evidence_excerpt"": ""PO Box 6515 Moshi; +255 752 220 637; info@amanikids.org; support offices in USA, UK, Netherlands and Germany.""}]"
Innovo Benefits Group	Amani Centre for Street Children	funds	WORG_innovo_benefits_group	WORG_amani_centre_for_street_children		verified	low	Supports therapy and care services.	"[{""url"": ""https://www.amanikids.org/partners"", ""title"": ""Our Partners - Amani"", ""source_date"": """", ""accessed_on"": ""2026-09-22"", ""evidence_basis"": ""official"", ""fetched"": true, ""facts_supported"": [""funders""], ""evidence_excerpt"": ""Partners page names Innovo Benefits Group (USA) and Liaison Group (UK) as supporters.""}]"
Liaison Group	Amani Centre for Street Children	funds	WORG_liaison_group	WORG_amani_centre_for_street_children		verified	low		"[{""url"": ""https://www.amanikids.org/partners"", ""title"": ""Our Partners - Amani"", ""source_date"": """", ""accessed_on"": ""2026-09-22"", ""evidence_basis"": ""official"", ""fetched"": true, ""facts_supported"": [""funders""], ""evidence_excerpt"": ""Partners page names Innovo Benefits Group (USA) and Liaison Group (UK) as supporters.""}]"
Under The Same Sun	Village of Hope Mwanza	partners_with	WORG_under_same_sun			verified	low	Village of Hope manages the education programme.	"[{""url"": ""https://www.underthesamesun.com/education-support/"", ""title"": ""Education & Support - Under The Same Sun"", ""source_date"": """", ""accessed_on"": ""2026-09-22"", ""evidence_basis"": ""official"", ""fetched"": true, ""facts_supported"": [""schooling_arrangement"", ""children_served"", ""partner""], ""evidence_excerpt"": ""Places students with albinism in select boarding schools, primary to post-secondary; 437 served since 2010; managed with Village of Hope Mwanza.""}]"
The Small Things	Nkoaranga Village Organization (Happy Families Children's Village)	funds	WORG_small_things	WORG_nkoaranga_orphanage		verified	low	$287,600 (FY2025) and $245,500 (FY2024) per Schedule F; support for orphans and children of Nkoaranga.	"[{""url"": ""https://projects.propublica.org/nonprofits/full_text_search?utf8=%E2%9C%93&q=%22nkoaranga%22"", ""title"": ""ProPublica full-text search 'nkoaranga' (IRS 990 Schedule F, The Small Things)"", ""source_date"": ""FY2018-FY2025 filings"", ""accessed_on"": ""2026-09-22"", ""evidence_basis"": ""official"", ""fetched"": true, ""facts_supported"": [""relationship"", ""grant_amount"", ""locality""], ""evidence_excerpt"": ""Schedule F 2025: Nkoaranga Village Organization support, $287,600 to children's NGO in Tanzania; 2018: Nkoaranga orphanage, Happy Families Children's Village.""}]"
Evangelical Lutheran Church in Tanzania (ELCT)	Nkoaranga Village Organization (Happy Families Children's Village)	operates	WORG_evangelical_lutheran_church_in	WORG_nkoaranga_orphanage		needs_review	low	2018-2020 filings of The Small Things refer to 'ELECT Nkoaranga orphanage operations'; diocese not stated; current operator unconfirmed.	"[{""url"": ""https://projects.propublica.org/nonprofits/full_text_search?utf8=%E2%9C%93&q=%22nkoaranga%22"", ""title"": ""ProPublica full-text search 'nkoaranga' (IRS 990 Schedule F, The Small Things)"", ""source_date"": ""FY2018-FY2025 filings"", ""accessed_on"": ""2026-09-22"", ""evidence_basis"": ""official"", ""fetched"": true, ""facts_supported"": [""relationship"", ""grant_amount"", ""locality""], ""evidence_excerpt"": ""Schedule F 2025: Nkoaranga Village Organization support, $287,600 to children's NGO in Tanzania; 2018: Nkoaranga orphanage, Happy Families Children's Village.""}]"
Utopia Foundation Inc	St. Mark's Children's Home and Orphanage (Usa River)	funds	WORG_utopia_foundation	WORG_st_marks_children_home_and_orphanage		verified	low	FY2024 grant $46,155 for food/shelter/education; recurring since at least FY2017.	"[{""url"": ""https://projects.propublica.org/nonprofits/full_text_search?utf8=%E2%9C%93&q=%22mark%27s+children%27s+home%22+tanzania"", ""title"": ""ProPublica full-text search 'St. Mark's Children's Home' (Utopia Foundation Schedule F)"", ""source_date"": ""FY2017-FY2024 filings"", ""accessed_on"": ""2026-09-22"", ""evidence_basis"": ""official"", ""fetched"": true, ""facts_supported"": [""relationship"", ""children_served"", ""locality"", ""grant_amount""], ""evidence_excerpt"": ""2024 Schedule F: Tanzania food/shelter/educ. $46,155; St. Mark's Children's Home and Orphanage in Usa River provides over 100 orphaned children...""}]"
Hidden With Christ Ministries	Treasures of Africa KIDZ Project (formerly Treasures of Africa Children's Home)	operates	WORG_hidden_with_christ_ministries	WORG_treasures_of_africa_kidz_project		verified	low	Operated the children's home until 30 June 2021; operates KIDZ education programme 2022-2025.	"[{""url"": ""https://projects.propublica.org/nonprofits/full_text_search?utf8=%E2%9C%93&q=%22vulnerable+children%22+moshi"", ""title"": ""ProPublica full-text search 'vulnerable children' moshi (HWCM Form 990)"", ""source_date"": ""FY2013-FY2025 filings"", ""accessed_on"": ""2026-09-22"", ""evidence_basis"": ""official"", ""fetched"": true, ""facts_supported"": [""relationship"", ""status_change""], ""evidence_excerpt"": ""2021: operated orphanage in Moshi until June 30, 2021; 2022-2025: Treasures of Africa KIDZ Project provides education support for OVC.""}, {""url"": ""https://projects.propublica.org/nonprofits/full_text_search?utf8=%E2%9C%93&q=%22school+fees%22+moshi"", ""title"": ""ProPublica full-text search 'school fees' moshi (HWCM Schedule F)"", ""source_date"": ""FY2025 filing"", ""accessed_on"": ""2026-09-22"", ""evidence_basis"": ""official"", ""fetched"": true, ""facts_supported"": [""services"", ""school_fees""], ""evidence_excerpt"": ""Moshi office programme Treasures of Africa KIDZ provides education expenses including school fees (FY2022-FY2025).""}]"
Sal-vay-shen Green	Treasures of Africa KIDZ Project (formerly Treasures of Africa Children's Home)	funds	WORG_sal_vay_shen_green	WORG_treasures_of_africa_kidz_project		needs_review	low	FY2024 remodel/maintenance assistance $171,678; conflicts with HWCM statement that the orphanage closed in 2021.	"[{""url"": ""https://projects.propublica.org/nonprofits/full_text_search?utf8=%E2%9C%93&q=%22children%27s+home%22+moshi"", ""title"": ""ProPublica full-text search 'children's home' moshi (Sal-vay-shen Green)"", ""source_date"": ""FY2019-FY2024 filings"", ""accessed_on"": ""2026-09-22"", ""evidence_basis"": ""official"", ""fetched"": true, ""facts_supported"": [""relationship""], ""evidence_excerpt"": ""Main orphanage assisted in Africa is Treasures of Africa Children's Home in Moshi; remodel and maintenance assistance $171,678 (2024).""}]"
Foundation For Hope In Africa Inc	Kim Jones House (orphanage), Moshi	funds	WORG_foundation_for_hope_in_africa	WORG_kim_jones_house_moshi		verified	low	Child sponsorships and food since 2012; FY2025 expenses incl. building school additions and repairs.	"[{""url"": ""https://projects.propublica.org/nonprofits/full_text_search?utf8=%E2%9C%93&q=%22orphanage+in+moshi%22"", ""title"": ""ProPublica full-text search 'orphanage in moshi' (FFHIA Form 990-EZ)"", ""source_date"": ""FY2024-FY2025 filings"", ""accessed_on"": ""2026-09-22"", ""evidence_basis"": ""official"", ""fetched"": true, ""facts_supported"": [""relationship"", ""locality""], ""evidence_excerpt"": ""Kim Jones House (orphanage) in Moshi; FY2025 filing also lists building school additions and maintenance.""}, {""url"": ""https://projects.propublica.org/nonprofits/full_text_search?utf8=%E2%9C%93&q=moshi+orphanage"", ""title"": ""ProPublica full-text search moshi orphanage (FFHIA 2022 Form 990-EZ)"", ""source_date"": ""FY2021-FY2022 filings"", ""accessed_on"": ""2026-09-22"", ""evidence_basis"": ""official"", ""fetched"": true, ""facts_supported"": [""relationship"", ""founded""], ""evidence_excerpt"": ""Supported Kim Jones House Orphanage in Moshi through child sponsorships and food provision since 2012.""}]"
Karama Connection	Karama Kids (Karama Care orphanage), Arusha	funds	WORG_karama_connection	WORG_karama_kids_arusha		verified	low	$42,542 (2025), $43,184 (2024).	"[{""url"": ""https://projects.propublica.org/nonprofits/full_text_search?utf8=%E2%9C%93&q=%22orphanage+in+arusha%22"", ""title"": ""ProPublica full-text search 'orphanage in arusha' (Karama Connection)"", ""source_date"": ""FY2018-FY2025 filings"", ""accessed_on"": ""2026-09-22"", ""evidence_basis"": ""official"", ""fetched"": true, ""facts_supported"": [""relationship"", ""grant_amount""], ""evidence_excerpt"": ""2025 Schedule O: Karama Care orphanage in Arusha; 990-EZ 2023-2025: supported Karama Kids and Malaika Orphanage with housing, food, education.""}, {""url"": ""https://projects.propublica.org/nonprofits/full_text_search?utf8=%E2%9C%93&q=arusha+orphanage"", ""title"": ""ProPublica full-text search arusha orphanage p1 (Karama Connection Schedule O)"", ""source_date"": ""FY2024-FY2025"", ""accessed_on"": ""2026-09-22"", ""evidence_basis"": ""official"", ""fetched"": true, ""facts_supported"": [""grant_amount""], ""evidence_excerpt"": ""2025: Karama Care orphanage $42,542; 2024: Karama Kids orphanage $43,184 and Malaika Orphanage Arusha $6,385.""}, {""url"": ""https://www.karamaconnection.org/why-karama/"", ""title"": ""Why Karama? - Karama Connection"", ""source_date"": """", ""accessed_on"": ""2026-09-22"", ""evidence_basis"": ""published"", ""fetched"": true, ""facts_supported"": [""children_served"", ""age_range"", ""founded"", ""address""], ""evidence_excerpt"": ""Orphanage rents a house in Arusha; 20 children aged five to eighteen; organisation started 2005.""}]"
Karama Connection	Malaika Orphanage (Arusha)	funds	WORG_karama_connection	WORG_malaika_orphanage		verified	low	$6,385 (2024); named again in 2025 990-EZ.	"[{""url"": ""https://projects.propublica.org/nonprofits/full_text_search?utf8=%E2%9C%93&q=%22orphanage+in+arusha%22"", ""title"": ""ProPublica full-text search 'orphanage in arusha' (Karama Connection)"", ""source_date"": ""FY2018-FY2025 filings"", ""accessed_on"": ""2026-09-22"", ""evidence_basis"": ""official"", ""fetched"": true, ""facts_supported"": [""relationship"", ""grant_amount""], ""evidence_excerpt"": ""2025 Schedule O: Karama Care orphanage in Arusha; 990-EZ 2023-2025: supported Karama Kids and Malaika Orphanage with housing, food, education.""}, {""url"": ""https://projects.propublica.org/nonprofits/full_text_search?utf8=%E2%9C%93&q=arusha+orphanage"", ""title"": ""ProPublica full-text search arusha orphanage p1 (Karama Connection Schedule O)"", ""source_date"": ""FY2024-FY2025"", ""accessed_on"": ""2026-09-22"", ""evidence_basis"": ""official"", ""fetched"": true, ""facts_supported"": [""grant_amount""], ""evidence_excerpt"": ""2025: Karama Care orphanage $42,542; 2024: Karama Kids orphanage $43,184 and Malaika Orphanage Arusha $6,385.""}]"
Yelloh Foundation	Holley Children Orphanage (Arusha)	funds	WORG_yelloh_foundation	WORG_holley_children_orphanage		verified	low	$61,525 in FY2024; $89,500 in FY2023.	"[{""url"": ""https://projects.propublica.org/nonprofits/full_text_search?utf8=%E2%9C%93&q=arusha+orphanage&page=2"", ""title"": ""ProPublica full-text search arusha orphanage p2 (Yelloh Foundation 990-PF)"", ""source_date"": ""FY2019-FY2024 filings"", ""accessed_on"": ""2026-09-22"", ""evidence_basis"": ""official"", ""fetched"": true, ""facts_supported"": [""relationship"", ""grant_amount"", ""address""], ""evidence_excerpt"": ""Holley Children Orphanage, PO Box 72 Arusha: $13,400 (2019, establishment), $75,018 (2020), $48,000 (2021), $89,500 (2023), $61,525 (2024).""}]"
Hidden Hearts Foundation	Osiligi Orphanage Center (Arusha)	funds	WORG_hidden_hearts_foundation	WORG_osiligi_orphanage_centre		verified	low	$5,656 (2024); recurring since 2014.	"[{""url"": ""https://projects.propublica.org/nonprofits/full_text_search?utf8=%E2%9C%93&q=arusha+orphanage&page=2"", ""title"": ""ProPublica full-text search arusha orphanage p2 (Hidden Hearts Foundation Schedule O)"", ""source_date"": ""FY2014-FY2024 filings"", ""accessed_on"": ""2026-09-22"", ""evidence_basis"": ""official"", ""fetched"": true, ""facts_supported"": [""relationship"", ""grant_amount"", ""address""], ""evidence_excerpt"": ""Osiligi Orphanage Center, PO Box 2510 Arusha: $5,160 (2020), $5,905 (2022), $10,125 (2023), $5,656 (2024).""}]"
Educating Tanzania Foundation	Tupendane Orphanage (Arusha)	funds	WORG_educating_foundation	WORG_tupendane_orphanage		verified	low	Scholarship allocations 2023-2025; care for 45 children in 2021.	"[{""url"": ""https://projects.propublica.org/nonprofits/full_text_search?utf8=%E2%9C%93&q=%22tupendane%22"", ""title"": ""ProPublica full-text search 'tupendane' (Educating Tanzania Foundation)"", ""source_date"": ""FY2019-FY2025 filings"", ""accessed_on"": ""2026-09-22"", ""evidence_basis"": ""official"", ""fetched"": true, ""facts_supported"": [""relationship"", ""children_served"", ""services""], ""evidence_excerpt"": ""2021: grants for board, care and basic education for 45 children at Tupendane orphanage; 2023-2025: limited educational scholarships.""}, {""url"": ""https://projects.propublica.org/nonprofits/full_text_search?utf8=%E2%9C%93&q=%22school+fees%22+arusha"", ""title"": ""ProPublica full-text search 'school fees' arusha (ETF 2021 Schedule O)"", ""source_date"": ""FY2021 filing"", ""accessed_on"": ""2026-09-22"", ""evidence_basis"": ""official"", ""fetched"": true, ""facts_supported"": [""address""], ""evidence_excerpt"": ""Tupendane Orphanage: PO Box 355, Arusha; misc. school fees and staff fee.""}]"
Love Our Tanzania Family Inc	Tumaini For Africa Orphanage (Arusha)	funds	WORG_love_our_family	WORG_tumaini_for_africa_orphanage		verified	low	Covers operating costs; 2025 need >$110,000.	"[{""url"": ""https://www.loveourtanzaniafamily.org/"", ""title"": ""Love Our Tanzania Family - home page"", ""source_date"": """", ""accessed_on"": ""2026-09-22"", ""evidence_basis"": ""published"", ""fetched"": true, ""facts_supported"": [""children_served"", ""age_range"", ""schooling_arrangement"", ""registration""], ""evidence_excerpt"": ""Tumaini For Africa Orphanage is home to 30+ abandoned children aged 5-17 from Arusha streets; attend private English-speaking schools.""}, {""url"": ""https://projects.propublica.org/nonprofits/full_text_search?utf8=%E2%9C%93&q=%22orphanage+in+arusha%22"", ""title"": ""ProPublica full-text search 'orphanage in arusha' (Love Our Tanzania Family 990-EZ)"", ""source_date"": ""FY2021-FY2025"", ""accessed_on"": ""2026-09-22"", ""evidence_basis"": ""official"", ""fetched"": true, ""facts_supported"": [""relationship""], ""evidence_excerpt"": ""Care, goods and services for the children and staff of the Tumaini For Africa Orphanage in Arusha (FY2021-FY2025).""}]"
Scott Willis Legacy Foundation	Mama Jane's Orphanage (Arusha)	funds	WORG_scott_willis_legacy_foundation	WORG_mama_janes_orphanage		historical	low	Named in 2018 only.	"[{""url"": ""https://projects.propublica.org/nonprofits/full_text_search?utf8=%E2%9C%93&q=%22orphanage+in+arusha%22"", ""title"": ""ProPublica full-text search 'orphanage in arusha' (Scott Willis Legacy Foundation 990-PF)"", ""source_date"": ""FY2018, FY2024"", ""accessed_on"": ""2026-09-22"", ""evidence_basis"": ""official"", ""fetched"": true, ""facts_supported"": [""relationship""], ""evidence_excerpt"": ""2018: scholarship program, Mama Jane's Orphanage in Arusha; 2024: donated funds to orphanage in Arusha (unnamed).""}]"
My Daily Armor Ministries Inc	Amazing Children's Home (Arusha)	funds	WORG_my_daily_armor_ministries	WORG_amazing_children_home		verified	low	$600 in 2023.	"[{""url"": ""https://projects.propublica.org/nonprofits/full_text_search?utf8=%E2%9C%93&q=%22children%27s+home%22+arusha"", ""title"": ""ProPublica full-text search 'children's home' arusha (My Daily Armor Ministries Schedule O)"", ""source_date"": ""FY2023 filing"", ""accessed_on"": ""2026-09-22"", ""evidence_basis"": ""official"", ""fetched"": true, ""facts_supported"": [""relationship"", ""address"", ""grant_amount""], ""evidence_excerpt"": ""Grantee Amazing Children's Home, Kimindorosi No 94 Arusha; amount given $600 (2023).""}]"
Falcos Children Africa Inc	His Healing Hands Africa Ministry (Meru, Arusha)	funds	WORG_falcos_children_africa	WORG_his_healing_hands_africa_ministry		verified	low	Schedule R lists it as a related organisation (purpose: orphanage support), 2018-2024.	"[{""url"": ""https://projects.propublica.org/nonprofits/full_text_search?utf8=%E2%9C%93&q=arusha+orphanage"", ""title"": ""ProPublica full-text search arusha orphanage (Falcos Children Africa Schedule R)"", ""source_date"": ""FY2018-FY2024"", ""accessed_on"": ""2026-09-22"", ""evidence_basis"": ""official"", ""fetched"": true, ""facts_supported"": [""relationship"", ""address""], ""evidence_excerpt"": ""Schedule R 2018-2024: His Healing Hands Africa Ministry, PO Box 14861 Meru Post Office, Arusha - orphanage support.""}]"
Kilimanjaro Childrens Fund	Kilimanjaro Orphanage Centre (Moshi) - defunct	funds	WORG_kilimanjaro_children_fund	WORG_kilimanjaro_orphanage_centre		historical	low	Now supports former KOC children directly.	"[{""url"": ""https://projects.propublica.org/nonprofits/full_text_search?utf8=%E2%9C%93&q=%22kilimanjaro+orphanage%22"", ""title"": ""ProPublica full-text search 'kilimanjaro orphanage' (Kilimanjaro Childrens Fund 990-EZ)"", ""source_date"": ""FY2021-FY2025"", ""accessed_on"": ""2026-09-22"", ""evidence_basis"": ""official"", ""fetched"": true, ""facts_supported"": [""relationship"", ""status""], ""evidence_excerpt"": ""Children supported were once members of the defunct Kilimanjaro Orphanage Centre in Moshi; grants to Daraja Preschool.""}]"
Sustainable Service Learning Upendo-One Kid At A Time Inc	Upendo One Kid at a Time orphanage centre (Moshi)	funds	WORG_upendo_one_kid_at_a_time	WORG_upendo_one_kid_at_a_time_orphanage_centre		needs_review	low	Construction fundraising 2019-2023.	"[{""url"": ""https://projects.propublica.org/nonprofits/full_text_search?utf8=%E2%9C%93&q=moshi+orphanage"", ""title"": ""ProPublica full-text search moshi orphanage (Sustainable Service Learning Upendo 990-EZ)"", ""source_date"": ""FY2019-FY2023"", ""accessed_on"": ""2026-09-22"", ""evidence_basis"": ""official"", ""fetched"": true, ""facts_supported"": [""relationship"", ""capacity"", ""age_range""], ""evidence_excerpt"": ""Fundraising for construction of the Upendo One Kid at a Time orphanage center in Moshi, to house up to 60 children aged 0-5.""}]"
Be Part Of Their Story Inc	Grace Orphanage (Moshi)	funds	WORG_be_part_of_their_story	WORG_grace_orphanage		needs_review	low	$500 (2023).	"[{""url"": ""https://projects.propublica.org/nonprofits/full_text_search?utf8=%E2%9C%93&q=%22orphanage+in+moshi%22"", ""title"": ""ProPublica full-text search 'orphanage in moshi' (Be Part Of Their Story Schedule O)"", ""source_date"": ""FY2023"", ""accessed_on"": ""2026-09-22"", ""evidence_basis"": ""official"", ""fetched"": true, ""facts_supported"": [""relationship"", ""grant_amount""], ""evidence_excerpt"": ""$500.00 donation to Grace Orphanage in Moshi (2023 filing).""}]"
Faraja Fund Foundation	Faraja Diaconic Centre (Faraja school for children with physical disabilities), Sanya Juu	funds	WORG_faraja_fund_foundation	WORG_faraja_diaconic_centre_sanya_juu		verified	low	Operating support 2017-2023 (e.g., $232,075 in 2017 per snippet order - amount attribution to be confirmed).	"[{""url"": ""https://projects.propublica.org/nonprofits/full_text_search?utf8=%E2%9C%93&q=%22sanya+juu%22"", ""title"": ""ProPublica full-text search 'sanya juu' (Faraja Fund Foundation 990-PF)"", ""source_date"": ""FY2017-FY2023"", ""accessed_on"": ""2026-09-22"", ""evidence_basis"": ""official"", ""fetched"": true, ""facts_supported"": [""relationship"", ""services"", ""address""], ""evidence_excerpt"": ""Grantee Faraja Diaconic Center, PO Box 167 Sanya Juu: support operations of Faraja residential school for children with physical disabilities (2017-2023).""}]"
Evangelical Lutheran Church in Tanzania (ELCT)	Usa River Rehabilitation Centre (ELCT)	operates	WORG_evangelical_lutheran_church_in	WORG_usa_river_rehabilitation_and_training_centre		needs_review	low	'ELCT DME' per Miraclefeet 2016 Schedule F.	"[{""url"": ""https://projects.propublica.org/nonprofits/full_text_search?utf8=%E2%9C%93&q=%22usa+river%22+tanzania&page=3"", ""title"": ""ProPublica full-text search 'usa river' p3 (Miraclefeet, Arthur B Schultz, Faraja Fund)"", ""source_date"": ""FY2016-FY2018"", ""accessed_on"": ""2026-09-22"", ""evidence_basis"": ""official"", ""fetched"": true, ""facts_supported"": [""relationship"", ""operator""], ""evidence_excerpt"": ""Miraclefeet 2016: grant to the ELCT DME Usa River Rehab Center; Arthur B Schultz 2018: Usa River Rehab, PO Box 47 Usa River.""}]"
Arthur B Schultz Foundation	OMAWA (Moshi)	funds	WORG_arthur_b_schultz_foundation	WORG_omawa		verified	low	2024: education and skilling of OVC.	"[{""url"": ""https://projects.propublica.org/nonprofits/full_text_search?utf8=%E2%9C%93&q=%22vulnerable+children%22+moshi"", ""title"": ""ProPublica full-text search 'vulnerable children' moshi (Arthur B Schultz 2024 expenditure responsibility statement)"", ""source_date"": ""FY2024"", ""accessed_on"": ""2026-09-22"", ""evidence_basis"": ""official"", ""fetched"": true, ""facts_supported"": [""relationship""], ""evidence_excerpt"": ""Grant to OMAWA in Moshi for education and skilling of orphans and vulnerable children (2024).""}, {""url"": ""https://projects.propublica.org/nonprofits/full_text_search?utf8=%E2%9C%93&q=%22school+fees%22+moshi"", ""title"": ""ProPublica full-text search 'school fees' moshi (Arthur B Schultz 2024 990-PF)"", ""source_date"": ""FY2024"", ""accessed_on"": ""2026-09-22"", ""evidence_basis"": ""official"", ""fetched"": true, ""facts_supported"": [""address""], ""evidence_excerpt"": ""Grantee Omawa, PO Box 2039 Moshi listed in 2024 990-PF.""}]"
Arthur B Schultz Foundation	Victoria's Giving Foundation (Arusha)	funds	WORG_arthur_b_schultz_foundation	WORG_victorias_giving_foundation		needs_review	low	Listed as 2024 grantee; purpose uncertain.	"[{""url"": ""https://projects.propublica.org/nonprofits/full_text_search?utf8=%E2%9C%93&q=%22school+fees%22+arusha"", ""title"": ""ProPublica full-text search 'school fees' arusha (Arthur B Schultz 2024 990-PF)"", ""source_date"": ""FY2024"", ""accessed_on"": ""2026-09-22"", ""evidence_basis"": ""official"", ""fetched"": true, ""facts_supported"": [""relationship"", ""address""], ""evidence_excerpt"": ""2024 990-PF lists Victoria's Giving Foundation, PO Box 15192 Arusha, near text on girls' school fees.""}]"
Arthur B Schultz Foundation	Usa River Rehabilitation Centre (ELCT)	funds	WORG_arthur_b_schultz_foundation	WORG_usa_river_rehabilitation_and_training_centre		historical	low	Named 2018.	"[{""url"": ""https://projects.propublica.org/nonprofits/full_text_search?utf8=%E2%9C%93&q=%22usa+river%22+tanzania&page=3"", ""title"": ""ProPublica full-text search 'usa river' p3 (Miraclefeet, Arthur B Schultz, Faraja Fund)"", ""source_date"": ""FY2016-FY2018"", ""accessed_on"": ""2026-09-22"", ""evidence_basis"": ""official"", ""fetched"": true, ""facts_supported"": [""relationship"", ""operator""], ""evidence_excerpt"": ""Miraclefeet 2016: grant to the ELCT DME Usa River Rehab Center; Arthur B Schultz 2018: Usa River Rehab, PO Box 47 Usa River.""}]"
Faraja Fund Foundation	Usa River Rehabilitation Centre (ELCT)	funds	WORG_faraja_fund_foundation	WORG_usa_river_rehabilitation_and_training_centre		historical	low	Named 2017.	"[{""url"": ""https://projects.propublica.org/nonprofits/full_text_search?utf8=%E2%9C%93&q=%22usa+river%22+tanzania&page=3"", ""title"": ""ProPublica full-text search 'usa river' p3 (Faraja Fund 2017 990-PF)"", ""source_date"": ""FY2017"", ""accessed_on"": ""2026-09-22"", ""evidence_basis"": ""official"", ""fetched"": true, ""facts_supported"": [""relationship""], ""evidence_excerpt"": ""2017 990-PF lists Usa River Rehabilitation Center, PO Box 47.""}]"
Opportunity Builds Africa (formerly Operation Bootstrap-Africa)	Eripoto Safe House	funds	WORG_opportunity_builds_africa	WORG_eripoto_safe_house		verified	low	Scholarships for 21 students (FY2024).	"[{""url"": ""https://projects.propublica.org/nonprofits/full_text_search?utf8=%E2%9C%93&q=%22safe+house%22+arusha"", ""title"": ""ProPublica full-text search 'safe house' arusha (Operation Bootstrap-Africa Form 990)"", ""source_date"": ""FY2023-FY2025"", ""accessed_on"": ""2026-09-22"", ""evidence_basis"": ""official"", ""fetched"": true, ""facts_supported"": [""relationship"", ""children_served""], ""evidence_excerpt"": ""Scholarships granted to 21 primary, secondary and post-secondary students at Eripoto Safe House in Arusha (FY2024); continued FY2025.""}, {""url"": ""https://opportunitybuildsafrica.org/what-we-do/"", ""title"": ""What We Do - Opportunity Builds Africa"", ""source_date"": """", ""accessed_on"": ""2026-09-22"", ""evidence_basis"": ""published"", ""fetched"": true, ""facts_supported"": [""relationship"", ""services""], ""evidence_excerpt"": ""Eripoto runs a safe house for girls fleeing forced marriage and GBV; Ilboru Special Needs School partnership over a decade.""}]"
Klehn Family Foundation	Eripoto Safe House	funds	WORG_klehn_family_foundation	WORG_eripoto_safe_house		needs_review	low	Via Lutheran Partners in Global Ministry (Minneapolis), 2023-2024.	"[{""url"": ""https://projects.propublica.org/nonprofits/full_text_search?utf8=%E2%9C%93&q=%22eripoto%22"", ""title"": ""ProPublica full-text search 'eripoto' (Klehn Family Foundation, Grand Circle Foundation)"", ""source_date"": ""FY2023-FY2024"", ""accessed_on"": ""2026-09-23"", ""evidence_basis"": ""official"", ""fetched"": true, ""facts_supported"": [""relationship""], ""evidence_excerpt"": ""Klehn Family Foundation grant via Lutheran Partners in Global Ministry for Eripoto (2023-2024); Grand Circle Foundation: painting two classrooms at Eripoto (2024).""}]"
Opportunity Builds Africa (formerly Operation Bootstrap-Africa)	Ilboru Special Needs School (Arusha)	funds	WORG_opportunity_builds_africa	WORG_ilboru_special_needs_school		verified	low	Partnered over a decade: education, classrooms, dormitories.	"[{""url"": ""https://opportunitybuildsafrica.org/what-we-do/"", ""title"": ""What We Do - Opportunity Builds Africa"", ""source_date"": """", ""accessed_on"": ""2026-09-22"", ""evidence_basis"": ""published"", ""fetched"": true, ""facts_supported"": [""relationship"", ""services""], ""evidence_excerpt"": ""Eripoto runs a safe house for girls fleeing forced marriage and GBV; Ilboru Special Needs School partnership over a decade.""}]"
Opportunity Builds Africa (formerly Operation Bootstrap-Africa)	Kafika House	funds	WORG_opportunity_builds_africa	WORG_kafika_house		needs_review	low		"[{""url"": ""https://opportunitybuildsafrica.org/what-we-do/"", ""title"": ""What We Do - Opportunity Builds Africa"", ""source_date"": """", ""accessed_on"": ""2026-09-22"", ""evidence_basis"": ""published"", ""fetched"": true, ""facts_supported"": [""relationship"", ""services""], ""evidence_excerpt"": ""Eripoto runs a safe house for girls fleeing forced marriage and GBV; Ilboru Special Needs School partnership over a decade.""}]"
Grand Circle Foundation Inc	Eripoto Safe House	funds	WORG_grand_circle_foundation	WORG_eripoto_safe_house		needs_review	low	$2,000 classroom painting (2024) via Community Service East Africa.	"[{""url"": ""https://projects.propublica.org/nonprofits/full_text_search?utf8=%E2%9C%93&q=%22eripoto%22"", ""title"": ""ProPublica full-text search 'eripoto' (Klehn Family Foundation, Grand Circle Foundation)"", ""source_date"": ""FY2023-FY2024"", ""accessed_on"": ""2026-09-23"", ""evidence_basis"": ""official"", ""fetched"": true, ""facts_supported"": [""relationship""], ""evidence_excerpt"": ""Klehn Family Foundation grant via Lutheran Partners in Global Ministry for Eripoto (2023-2024); Grand Circle Foundation: painting two classrooms at Eripoto (2024).""}]"
Cscna Charity Corps Inc	Emusoi Centre (Arusha)	funds	WORG_cscna_charity_corps	WORG_emusoi_centre		verified	low	Fees and supplies for 250 students (2023, 2025).	"[{""url"": ""https://projects.propublica.org/nonprofits/full_text_search?utf8=%E2%9C%93&q=%22school+fees%22+arusha"", ""title"": ""ProPublica full-text search 'school fees' arusha (Cscna Charity Corps Form 990)"", ""source_date"": ""FY2023-FY2025"", ""accessed_on"": ""2026-09-22"", ""evidence_basis"": ""official"", ""fetched"": true, ""facts_supported"": [""relationship"", ""children_served"", ""age_range""], ""evidence_excerpt"": ""Emusoi Center for pastoralist and hunter-gatherer girls, Arusha: school fees and supplies for 250 indigenous students aged 11-13 (2023; 2025).""}]"
Godparents For Tanzania	Tanzania Women Research Foundation (Moshi)	funds	WORG_godparents_for	WORG_women_research_foundation		verified	low	School fees for OVC (2025).	"[{""url"": ""https://projects.propublica.org/nonprofits/full_text_search?utf8=%E2%9C%93&q=%22school+fees%22+moshi"", ""title"": ""ProPublica full-text search 'school fees' moshi (Godparents For Tanzania 2025 990-EZ)"", ""source_date"": ""FY2025"", ""accessed_on"": ""2026-09-22"", ""evidence_basis"": ""official"", ""fetched"": true, ""facts_supported"": [""relationship"", ""services""], ""evidence_excerpt"": ""Tanzania Women Research Foundation, a Moshi-based NGO that provides school fees for orphans and vulnerable children; also Trinity Academy.""}]"
Habari Foundation International	Habari Foundation (Moshi)	funds	WORG_habari_foundation_international	WORG_habari_foundation		verified	low	40 primary pupils' fees; teaching staff support.	"[{""url"": ""https://projects.propublica.org/nonprofits/full_text_search?utf8=%E2%9C%93&q=%22school+fees%22+moshi"", ""title"": ""ProPublica full-text search 'school fees' moshi (Habari Foundation International 990-EZ)"", ""source_date"": ""FY2024-FY2025"", ""accessed_on"": ""2026-09-22"", ""evidence_basis"": ""official"", ""fetched"": true, ""facts_supported"": [""relationship"", ""children_served"", ""grant_amount""], ""evidence_excerpt"": ""Cash grants to Habari Foundation, PO Box 7644 Moshi: sponsoring 40 primary school students' school fees and teaching staff ($8,520, 2025).""}]"
Asali	Asali partner community centre, Majengo (Moshi)	funds	WORG_asali	WORG_asali_partner_community_centre_majengo		verified	low		"[{""url"": ""https://projects.propublica.org/nonprofits/full_text_search?utf8=%E2%9C%93&q=%22school+fees%22+moshi"", ""title"": ""ProPublica full-text search 'school fees' moshi (Asali 990-EZ)"", ""source_date"": ""FY2023-FY2025"", ""accessed_on"": ""2026-09-22"", ""evidence_basis"": ""official"", ""fetched"": true, ""facts_supported"": [""relationship"", ""services"", ""locality""], ""evidence_excerpt"": ""Organisation in Tanzania runs after-school programming at its community centre in Majengo, Moshi; school fees, youth scholarships, health insurance.""}]"
Kidcare International	Kidcare International centre for street children (Arusha)	operates	WORG_kidcare_international	WORG_kidcare_international_centre_for_street_children		needs_review	low		"[{""url"": ""https://projects.propublica.org/nonprofits/full_text_search?utf8=%E2%9C%93&q=%22street+children%22+arusha"", ""title"": ""ProPublica full-text search 'street children' arusha (Kidcare International 2024 990-EZ)"", ""source_date"": ""FY2024"", ""accessed_on"": ""2026-09-22"", ""evidence_basis"": ""official"", ""fetched"": true, ""facts_supported"": [""relationship""], ""evidence_excerpt"": ""KCI continues international programmes through our center for street children in Arusha, Tanzania.""}]"
Vibrant Village Foundation	HopeCare (Arusha)	funds	WORG_vibrant_village_foundation	WORG_hopecare		verified	low	2023 and 2024 990-PF.	"[{""url"": ""https://projects.propublica.org/nonprofits/full_text_search?utf8=%E2%9C%93&q=%22hopecare%22+arusha"", ""title"": ""ProPublica full-text search 'hopecare' arusha (Friends of Tanzania; Vibrant Village Foundation)"", ""source_date"": ""FY2023-FY2024"", ""accessed_on"": ""2026-09-23"", ""evidence_basis"": ""official"", ""fetched"": true, ""facts_supported"": [""relationship"", ""children_served"", ""address""], ""evidence_excerpt"": ""HopeCare, Boma Road, Arusha: health - HIV/AIDS orphans, 395 children (Friends of Tanzania 2024); foreign NGO empowering vulnerable (Vibrant Village 2023-24).""}]"
Friends Of Tanzania - Marafiki Wa Tanzania	HopeCare (Arusha)	funds	WORG_friends_of_marafiki_wa	WORG_hopecare		verified	low	2024 Schedule O: HIV/AIDS orphans, 395 children.	"[{""url"": ""https://projects.propublica.org/nonprofits/full_text_search?utf8=%E2%9C%93&q=%22hopecare%22+arusha"", ""title"": ""ProPublica full-text search 'hopecare' arusha (Friends of Tanzania; Vibrant Village Foundation)"", ""source_date"": ""FY2023-FY2024"", ""accessed_on"": ""2026-09-23"", ""evidence_basis"": ""official"", ""fetched"": true, ""facts_supported"": [""relationship"", ""children_served"", ""address""], ""evidence_excerpt"": ""HopeCare, Boma Road, Arusha: health - HIV/AIDS orphans, 395 children (Friends of Tanzania 2024); foreign NGO empowering vulnerable (Vibrant Village 2023-24).""}]"
Global Development Group USA Inc	Sandra Jones Centre	funds	WORG_global_development_group_usa	WORG_sandra_jones_centre		verified	low	$42,821 (2022), $28,192 (2023) transfers to project J757N.	"[{""url"": ""https://projects.propublica.org/nonprofits/full_text_search?utf8=%E2%9C%93&q=%22sandra+jones+centre%22"", ""title"": ""ProPublica full-text search 'sandra jones centre' (Global Development Group USA Schedule F)"", ""source_date"": ""FY2016-FY2023"", ""accessed_on"": ""2026-09-23"", ""evidence_basis"": ""official"", ""fetched"": true, ""facts_supported"": [""relationship"", ""children_served""], ""evidence_excerpt"": ""Project J757N-The Sandra Jones Centre: about 800 girls from newborns to 18 have come to the centre; transfers $28,192 (2023).""}, {""url"": ""https://projects.propublica.org/nonprofits/full_text_search?utf8=%E2%9C%93&q=%22sexually+abused%22+arusha"", ""title"": ""ProPublica full-text search 'sexually abused' arusha (GDG USA 2022 Schedule F)"", ""source_date"": ""FY2022"", ""accessed_on"": ""2026-09-23"", ""evidence_basis"": ""official"", ""fetched"": true, ""facts_supported"": [""services"", ""locality""], ""evidence_excerpt"": ""Sandra Jones Centre offers safety and healing for girls who have been sexually abused; snippet mentions children and youth in Tanzania and Arusha.""}]"
Neema Village Tanzania Inc	Neema Village (Arusha)	operates	WORG_neema_village	WORG_neema_village		verified	low		"[{""url"": ""https://neemavillage.org/"", ""title"": ""Neema Village - home page"", ""source_date"": """", ""accessed_on"": ""2026-09-22"", ""evidence_basis"": ""published"", ""fetched"": true, ""facts_supported"": [""description"", ""registration"", ""email"", ""phone""], ""evidence_excerpt"": ""Baby home, mothering centre and widows home in Arusha; US 501(c)3 Neema Village Tanzania, Inc.; info@neemavillage.org.""}]"
Friends of Amani US Inc	Amani Centre for Street Children (Moshi)	funds	WORG_friends_of_amani_us	WORG_amani_centre_for_street_children		verified	low		"[{""url"": ""https://amanikids.org/"", ""title"": ""Amani Centre for Street Children - home page"", ""source_date"": """", ""accessed_on"": ""2026-09-22"", ""evidence_basis"": ""published"", ""fetched"": true, ""facts_supported"": [""registration"", ""children_served"", ""services"", ""email""], ""evidence_excerpt"": ""Registered charity in Tanzania 00NG0/RI/00266; Friends of Amani USA EIN 27-3621599; Friends of Amani UK 1107618; Vrienden van Amani RSIN 856833691.""}]"
Friends of Amani UK	Amani Centre for Street Children (Moshi)	funds	WORG_friends_of_amani_uk	WORG_amani_centre_for_street_children		verified	low		"[{""url"": ""https://amanikids.org/"", ""title"": ""Amani Centre for Street Children - home page"", ""source_date"": """", ""accessed_on"": ""2026-09-22"", ""evidence_basis"": ""published"", ""fetched"": true, ""facts_supported"": [""registration"", ""children_served"", ""services"", ""email""], ""evidence_excerpt"": ""Registered charity in Tanzania 00NG0/RI/00266; Friends of Amani USA EIN 27-3621599; Friends of Amani UK 1107618; Vrienden van Amani RSIN 856833691.""}]"
Vrienden van Amani Nederland	Amani Centre for Street Children (Moshi)	funds	WORG_vrienden_van_amani_nederland	WORG_amani_centre_for_street_children		verified	low		"[{""url"": ""https://amanikids.org/"", ""title"": ""Amani Centre for Street Children - home page"", ""source_date"": """", ""accessed_on"": ""2026-09-22"", ""evidence_basis"": ""published"", ""fetched"": true, ""facts_supported"": [""registration"", ""children_served"", ""services"", ""email""], ""evidence_excerpt"": ""Registered charity in Tanzania 00NG0/RI/00266; Friends of Amani USA EIN 27-3621599; Friends of Amani UK 1107618; Vrienden van Amani RSIN 856833691.""}]"
Innovo Benefits Group	Amani Centre for Street Children (Moshi)	funds	WORG_innovo_benefits_group	WORG_amani_centre_for_street_children		needs_review	low		"[{""url"": ""https://amanikids.org/partners"", ""title"": ""Partners - Amani Centre for Street Children"", ""source_date"": """", ""accessed_on"": ""2026-09-22"", ""evidence_basis"": ""published"", ""fetched"": true, ""facts_supported"": [""funders""], ""evidence_excerpt"": ""Donor quotes from Innovo Benefits Group (USA) and Liaison Group (UK) supporting Amani.""}]"
Liaison Group	Amani Centre for Street Children (Moshi)	funds	WORG_liaison_group	WORG_amani_centre_for_street_children		needs_review	low		"[{""url"": ""https://amanikids.org/partners"", ""title"": ""Partners - Amani Centre for Street Children"", ""source_date"": """", ""accessed_on"": ""2026-09-22"", ""evidence_basis"": ""published"", ""fetched"": true, ""facts_supported"": [""funders""], ""evidence_excerpt"": ""Donor quotes from Innovo Benefits Group (USA) and Liaison Group (UK) supporting Amani.""}]"
SOS Children's Villages International / SOS Children's Villages Tanzania	SOS Children's Village Arusha	operates	WORG_sos_children_villages_international_sos_children	WORG_sos_children_village_arusha		verified	low		"[{""url"": ""https://www.sos-childrensvillages.org/where-we-help/africa/tanzania/arusha"", ""title"": ""SOS Children's Villages - Arusha"", ""source_date"": """", ""accessed_on"": ""2026-09-22"", ""evidence_basis"": ""published"", ""fetched"": true, ""facts_supported"": [""children_served"", ""services"", ""founded""], ""evidence_excerpt"": ""Operating in Arusha since 2000; 130 children and young people in residential care; 220 supported in community; 10 in independence support.""}]"
Arusha Lutheran Medical Center	The Plaster House (Arusha)	operates	WORG_arusha_lutheran_medical_centre	WORG_kafika_house	Od109d0513fc6	verified	low		"[{""url"": ""http://www.theplasterhouse.org/"", ""title"": ""The Plaster House - home page"", ""source_date"": """", ""accessed_on"": ""2026-09-22"", ""evidence_basis"": ""published"", ""fetched"": true, ""facts_supported"": [""description"", ""operator"", ""capacity""], ""evidence_excerpt"": ""Surgical rehabilitation for children with treatable disabilities; 80 beds; since 2008 over 5,000 children; programme of Arusha Lutheran Medical Center.""}]"
Africa Dream Safaris	Peace House (Arusha)	funds	WORG_africa_dream_safaris	WORG_peace_house	O624575550ed4	verified	low	Cash donations, supplies and guest visits.	"[{""url"": ""https://africadreamsafaris.com/community/"", ""title"": ""Local Partnerships - Africa Dream Safaris"", ""source_date"": """", ""accessed_on"": ""2026-09-22"", ""evidence_basis"": ""published"", ""fetched"": true, ""facts_supported"": [""relationship""], ""evidence_excerpt"": ""Supports Peace House Orphanage, School of St. Jude, POLI Village School and FAME with cash donations and supplies.""}, {""url"": ""https://africadreamsafaris.com/community/humanitarian/peace-house-orphanage/"", ""title"": ""Peace House Orphanage - Africa Dream Safaris"", ""source_date"": """", ""accessed_on"": ""2026-09-22"", ""evidence_basis"": ""published"", ""fetched"": true, ""facts_supported"": [""description"", ""children_served""], ""evidence_excerpt"": ""Peace House is a unique boarding school for over 240 AIDS orphans; guests may visit; donated laptops, cameras, sports equipment.""}]"
KILI VIKINGS LIMITED (Kilimanjaro Vikings Limited)	Light in Africa (Moshi)	funds	WORG_kili_vikings	WORG_light_in_africa_children_home	Ocbc0a898c461	verified	low	Share of trek/safari profits.	"[{""url"": ""https://kilivikings.com/company-profile/"", ""title"": ""Company Profile - Kili Vikings"", ""source_date"": """", ""accessed_on"": ""2026-09-22"", ""evidence_basis"": ""published"", ""fetched"": true, ""facts_supported"": [""relationship"", ""children_served""], ""evidence_excerpt"": ""Donates some profit to orphans homes around Kilimanjaro Region; Light in Africa, with more than 200 orphans, receives financial support.""}, {""url"": ""https://kilivikings.com/about-us/"", ""title"": ""About Us - Kili Vikings"", ""source_date"": """", ""accessed_on"": ""2026-09-22"", ""evidence_basis"": ""published"", ""fetched"": true, ""facts_supported"": [""relationship""], ""evidence_excerpt"": ""Contributes a portion of profits to orphanages in the Kilimanjaro region, supporting over 200 children.""}]"
Asante Sana	Light in Africa (Moshi)	funds	WORG_asante_sana	WORG_light_in_africa_children_home		verified	low	Recurring 2013-2024.	"[{""url"": ""https://projects.propublica.org/nonprofits/full_text_search?utf8=%E2%9C%93&q=%22light+in+africa%22"", ""title"": ""ProPublica full-text search 'light in africa'"", ""source_date"": ""FY2011-FY2024"", ""accessed_on"": ""2026-09-22"", ""evidence_basis"": ""official"", ""fetched"": true, ""facts_supported"": [""relationship"", ""registration""], ""evidence_excerpt"": ""Asante Sana funds contributed to Light in Africa (2013-2024); 2011 filing cites Light in Africa Tanzania NGO Reg. #12049, Moshi.""}]"
Asante Sana	Catholic Diocese of Moshi	funds	WORG_asante_sana	WORG_catholic_diocese_of_moshi		verified	low	Health/HIV purpose - not child welfare.	"[{""url"": ""https://projects.propublica.org/nonprofits/full_text_search?utf8=%E2%9C%93&q=moshi+orphanage&page=2"", ""title"": ""ProPublica full-text search moshi orphanage p2 (Asante Sana)"", ""source_date"": ""FY2013-FY2023"", ""accessed_on"": ""2026-09-22"", ""evidence_basis"": ""official"", ""fetched"": true, ""facts_supported"": [""relationship""], ""evidence_excerpt"": ""Funds contributed to Catholic Diocese and/or Rainbow Centre Diocese Moshi, HIV and AIDS prevention.""}]"
Coffeyville Area Community Foundation Inc	Light in Africa (Moshi)	funds	WORG_coffeyville_area_community_foundation	WORG_light_in_africa_children_home		historical	low	$5,400 (2011).	"[{""url"": ""https://projects.propublica.org/nonprofits/full_text_search?utf8=%E2%9C%93&q=%22light+in+africa%22"", ""title"": ""ProPublica full-text search 'light in africa'"", ""source_date"": ""FY2011-FY2024"", ""accessed_on"": ""2026-09-22"", ""evidence_basis"": ""official"", ""fetched"": true, ""facts_supported"": [""relationship"", ""registration""], ""evidence_excerpt"": ""Asante Sana funds contributed to Light in Africa (2013-2024); 2011 filing cites Light in Africa Tanzania NGO Reg. #12049, Moshi.""}]"
Koch Foundation Inc	St Francis of Assisi Primary School for the Disabled and Orphans (Moshi)	funds	WORG_koch_foundation	WORG_st_francis_of_assisi_primary_school_for_disabled		verified	low	$10,000 (2024).	"[{""url"": ""https://projects.propublica.org/nonprofits/full_text_search?utf8=%E2%9C%93&q=%22street+children%22+moshi"", ""title"": ""ProPublica full-text search 'street children' moshi (Koch Foundation)"", ""source_date"": ""FY2022-FY2025"", ""accessed_on"": ""2026-09-22"", ""evidence_basis"": ""official"", ""fetched"": true, ""facts_supported"": [""relationship"", ""grant_amount""], ""evidence_excerpt"": ""$10,000 to St Francis of Assisi Primary School for Disabled and Orphans, Moshi (2024); Sisters of Our Lady of Kilimanjaro feeding programme (2022).""}]"
Koch Foundation Inc	Congregation of the Sisters of Our Lady of Kilimanjaro	funds	WORG_koch_foundation	WORG_congregation_of_sisters_of_our_lady_of_kilimanja		verified	low	$3,000 feeding programme for orphans and street children (2022).	"[{""url"": ""https://projects.propublica.org/nonprofits/full_text_search?utf8=%E2%9C%93&q=%22street+children%22+moshi"", ""title"": ""ProPublica full-text search 'street children' moshi (Koch Foundation)"", ""source_date"": ""FY2022-FY2025"", ""accessed_on"": ""2026-09-22"", ""evidence_basis"": ""official"", ""fetched"": true, ""facts_supported"": [""relationship"", ""grant_amount""], ""evidence_excerpt"": ""$10,000 to St Francis of Assisi Primary School for Disabled and Orphans, Moshi (2024); Sisters of Our Lady of Kilimanjaro feeding programme (2022).""}]"
Congregation of the Sisters of Our Lady of Kilimanjaro	St Francis of Assisi Primary School for the Disabled and Orphans (Moshi)	operates	WORG_congregation_of_sisters_of_our_lady_of_kilimanja	WORG_st_francis_of_assisi_primary_school_for_disabled		needs_review	low	Inferred from shared PO Box 925 Moshi.	"[{""url"": ""https://projects.propublica.org/nonprofits/full_text_search?utf8=%E2%9C%93&q=%22street+children%22+moshi"", ""title"": ""ProPublica full-text search 'street children' moshi (Koch Foundation)"", ""source_date"": ""FY2022-FY2025"", ""accessed_on"": ""2026-09-22"", ""evidence_basis"": ""official"", ""fetched"": true, ""facts_supported"": [""relationship"", ""grant_amount""], ""evidence_excerpt"": ""$10,000 to St Francis of Assisi Primary School for Disabled and Orphans, Moshi (2024); Sisters of Our Lady of Kilimanjaro feeding programme (2022).""}]"
Koch Foundation Inc	Mother Kevina Feeding Program-Centre (Kijenge, Arusha)	funds	WORG_koch_foundation	WORG_mother_kevina_feeding_program_centre		needs_review	low		"[{""url"": ""https://projects.propublica.org/nonprofits/full_text_search?utf8=%E2%9C%93&q=%22street+children%22+arusha"", ""title"": ""ProPublica full-text search 'street children' arusha (Koch Foundation 2025 ER statement)"", ""source_date"": ""FY2025"", ""accessed_on"": ""2026-09-22"", ""evidence_basis"": ""official"", ""fetched"": true, ""facts_supported"": [""relationship"", ""address""], ""evidence_excerpt"": ""2025 statement lists Mother Kevina Feeding Program-Centre, PO Box 11531, Kijinge (Kijenge), Arusha.""}]"
Koch Foundation Inc	St Joseph's Children's Home (Franciscan Sisters of St Joseph, Moshi)	funds	WORG_koch_foundation	WORG_st_josephs_children_home		needs_review	low	Tuition assistance (2023).	"[{""url"": ""https://projects.propublica.org/nonprofits/full_text_search?utf8=%E2%9C%93&q=%22children%27s+home%22+moshi&page=2"", ""title"": ""ProPublica full-text search 'children's home' moshi p2 (Koch Foundation 2023)"", ""source_date"": ""FY2023"", ""accessed_on"": ""2026-09-22"", ""evidence_basis"": ""official"", ""fetched"": true, ""facts_supported"": [""relationship""], ""evidence_excerpt"": ""2023 990-PF: Franciscan Sisters of St Joseph, Moshi, and tuition assistance at St Joseph's Children's Home.""}]"
Concordia Lutheran Ministries Foundation	VOV Center (Moshi)	funds	WORG_concordia_lutheran_ministries_foundation	WORG_vov_centre		verified	low		"[{""url"": ""https://projects.propublica.org/nonprofits/full_text_search?utf8=%E2%9C%93&q=%22children%27s+home%22+moshi"", ""title"": ""ProPublica full-text search 'children's home' moshi (Concordia Lutheran Ministries Foundation 2024 Schedule I)"", ""source_date"": ""FY2014-FY2025"", ""accessed_on"": ""2026-09-22"", ""evidence_basis"": ""official"", ""fetched"": true, ""facts_supported"": [""relationship"", ""services""], ""evidence_excerpt"": ""Funds assist in operating a school and a children's home, a medical clinic and school kitchen at the VOV center in Moshi.""}]"
Care For Children Of The Earth	Passionist Community Arusha	funds	WORG_care_for_children_of_earth	WORG_passionist_community_arusha		verified	low		"[{""url"": ""https://projects.propublica.org/nonprofits/full_text_search?utf8=%E2%9C%93&q=arusha+orphanage"", ""title"": ""ProPublica full-text search arusha orphanage (Care For Children Of The Earth)"", ""source_date"": ""FY2024-FY2025"", ""accessed_on"": ""2026-09-22"", ""evidence_basis"": ""official"", ""fetched"": true, ""facts_supported"": [""relationship""], ""evidence_excerpt"": ""Grants to Passionist Community Arusha to support Passionist-run schools and orphanages; Tonga Orphanage grantee.""}]"
Maasai Girls Rescue Center Inc	Maasai Girls Rescue Center - Children's Home and Rescue Center (Karatu)	funds	WORG_maasai_girls_rescue_centre	WORG_maasai_girls_rescue_centre_children_home_and_res		verified	low		"[{""url"": ""https://projects.propublica.org/nonprofits/full_text_search?utf8=%E2%9C%93&q=%22rescue+center%22+arusha"", ""title"": ""ProPublica full-text search 'rescue center' arusha (Maasai Girls Rescue Center Schedule)"", ""source_date"": ""FY2023"", ""accessed_on"": ""2026-09-22"", ""evidence_basis"": ""official"", ""fetched"": true, ""facts_supported"": [""relationship"", ""children_served"", ""address""], ""evidence_excerpt"": ""Children's Home and Rescue Center, PO Box 32 Karatu: direct care for 62 girls in FY2022.""}]"
Orphans International America	Better Future International Tanzania (Moshi)	funds	WORG_orphan_international_america	WORG_better_future_international		historical	low		"[{""url"": ""https://projects.propublica.org/nonprofits/full_text_search?utf8=%E2%9C%93&q=moshi+orphanage"", ""title"": ""ProPublica full-text search (historical filing text)"", ""source_date"": ""FY2011-FY2018"", ""accessed_on"": ""2026-09-22"", ""evidence_basis"": ""official"", ""fetched"": true, ""facts_supported"": [""relationship""], ""evidence_excerpt"": ""Tanzania orphanage grants to Better Future International, Moshi: $45,460 (2011) to $24,560 (2015); last seen 2018.""}]"
Focus On Aids	Arnold House AIDS Orphanage (Moshi)	funds	WORG_focus_on_aids	WORG_arnold_house_aids_orphanage		historical	low		"[{""url"": ""https://projects.propublica.org/nonprofits/full_text_search?utf8=%E2%9C%93&q=moshi+orphanage"", ""title"": ""ProPublica full-text search (historical filing text)"", ""source_date"": ""FY2013-FY2014"", ""accessed_on"": ""2026-09-22"", ""evidence_basis"": ""official"", ""fetched"": true, ""facts_supported"": [""relationship""], ""evidence_excerpt"": ""Granted $10,000 (2013) and $26,000 (2014) to Arnold House AIDS Orphanage, Moshi.""}]"
New Day Foundation Inc	Children of Destiny Foundation / New Life Christian Children's Home (Moshi)	funds	WORG_new_day_foundation	WORG_children_of_destiny_foundation_new_life_christia		historical	low		"[{""url"": ""https://projects.propublica.org/nonprofits/full_text_search?utf8=%E2%9C%93&q=moshi+orphanage&page=2"", ""title"": ""ProPublica full-text search (historical filing text)"", ""source_date"": ""FY2011-FY2012"", ""accessed_on"": ""2026-09-22"", ""evidence_basis"": ""official"", ""fetched"": true, ""facts_supported"": [""relationship""], ""evidence_excerpt"": ""Orphanage assistance: Children of Destiny Foundation, PO Box 8064 Moshi; New Life Christian Children's Home (2011-2012).""}]"
Hope Without Borders-USA Inc	St Joseph Shelter of Hope (Moshi)	funds	WORG_hope_without_borders_usa	WORG_st_joseph_shelter_of_hope		historical	low		"[{""url"": ""https://projects.propublica.org/nonprofits/full_text_search?utf8=%E2%9C%93&q=%22vulnerable+children%22+moshi"", ""title"": ""ProPublica full-text search (historical filing text)"", ""source_date"": ""FY2016-FY2018"", ""accessed_on"": ""2026-09-22"", ""evidence_basis"": ""official"", ""fetched"": true, ""facts_supported"": [""relationship""], ""evidence_excerpt"": ""Healthcare services to St Joseph Shelter of Hope for orphans and vulnerable children, Moshi (2018).""}]"
Go Campaign	Gabriella Centre (Moshi)	funds	WORG_go_campaign	WORG_gabriella_children_rehabilitation_centre		historical	low		"[{""url"": ""https://projects.propublica.org/nonprofits/full_text_search?utf8=%E2%9C%93&q=%22children%27s+home%22+moshi&page=2"", ""title"": ""ProPublica full-text search (historical filing text)"", ""source_date"": ""FY2017"", ""accessed_on"": ""2026-09-22"", ""evidence_basis"": ""official"", ""fetched"": true, ""facts_supported"": [""relationship""], ""evidence_excerpt"": ""Supporting Gabriella Centre for children with autism and intellectual disabilities in Moshi; school fees sponsored (2017).""}]"
One Heart Source	One Heart Source Children's Welfare Network / Children's Home (Arusha)	funds	WORG_one_heart_source	WORG_one_heart_source_children_welfare_network_childr		historical	low		"[{""url"": ""https://projects.propublica.org/nonprofits/full_text_search?utf8=%E2%9C%93&q=%22vulnerable+children%22+arusha"", ""title"": ""ProPublica full-text search (historical filing text)"", ""source_date"": ""FY2011-FY2021"", ""accessed_on"": ""2026-09-22"", ""evidence_basis"": ""official"", ""fetched"": true, ""facts_supported"": [""relationship""], ""evidence_excerpt"": ""OHS Children's Welfare Network in Arusha provides education and care to vulnerable youth (filings 2011-2021; last filing FY2021).""}]"
Choose Love Inc	Choose Love home for orphans (Arusha)	funds	WORG_choose_love	WORG_choose_love_home_for_orphan		historical	low		"[{""url"": ""https://projects.propublica.org/nonprofits/full_text_search?utf8=%E2%9C%93&q=%22vulnerable+children%22+arusha"", ""title"": ""ProPublica full-text search (historical filing text)"", ""source_date"": ""FY2018"", ""accessed_on"": ""2026-09-22"", ""evidence_basis"": ""official"", ""fetched"": true, ""facts_supported"": [""relationship""], ""evidence_excerpt"": ""Mission: provide orphans and vulnerable children in Arusha a home, a mama, food and education (2018); 2024 revenue $0.""}]"
EdPowerment Inc	Kilimahewa Children's Education Center (Moshi)	operates	WORG_edpowerment	WORG_kilimahewa_children_education_centre		historical	low		"[{""url"": ""https://projects.propublica.org/nonprofits/full_text_search?utf8=%E2%9C%93&q=%22disabilities%22+moshi+children"", ""title"": ""ProPublica full-text search (historical filing text)"", ""source_date"": ""FY2013-FY2015"", ""accessed_on"": ""2026-09-22"", ""evidence_basis"": ""official"", ""fetched"": true, ""facts_supported"": [""relationship""], ""evidence_excerpt"": ""Operated Kilimahewa Children's Education Center in Moshi for children aged 6-14 with intellectual disabilities (2013-2015).""}]"
