record_key	level	name	council	region	admin_district	core_council	population_2022	male_2022	female_2022	households_2022	avg_household_size_2022	census_source_location	lat	lon	geocode_precision	location_source	location_ref	location_note	campus	distance_km	transport_band	nearest_primary_campus	distance_to_primary_km	primary_band	campus_cluster	in_catchment	ward_score	ward_tier	rank_in_cluster	factors_known	score_factors
AU_ward_arusha-city-council_kati	ward	Kati	Arusha City Council	Arusha	Arusha	True	2547	1313	1234	622	4.1	Table 2.7, PDF page 62 (printed page 36), row 1	-3.37388889	36.68833333	estimated	wikipedia	Kati, Arusha	Wikipedia ward point; no OpenStreetMap evidence to corroborate it.	Kijenge	2.6	0-5 km	Arusha City	3.8	0-5 km	Arusha (Sakina, Kijenge, Ilboru)	yes	25.3	P3	43	2 of 5	"{""population_2022_relative"": 0.3, ""transport_band"": 25.0, ""access_readiness"": 0, ""convening_opportunity"": 0, ""observed_yield"": 0}"
AU_ward_arusha-city-council_kaloleni	ward	Kaloleni	Arusha City Council	Arusha	Arusha	True	7425	3464	3961	2444	3.0	Table 2.7, PDF page 62 (printed page 36), row 2	-3.36222222	36.6875	estimated	wikipedia	Kaloleni, Tanzania	Wikipedia ward point; no OpenStreetMap evidence to corroborate it.	Ilboru	1.8	0-5 km	Arusha City	3.1	0-5 km	Arusha (Sakina, Kijenge, Ilboru)	yes	29.2	P3	38	2 of 5	"{""population_2022_relative"": 4.2, ""transport_band"": 25.0, ""access_readiness"": 0, ""convening_opportunity"": 0, ""observed_yield"": 0}"
AU_ward_arusha-city-council_sekei	ward	Sekei	Arusha City Council	Arusha	Arusha	True	7707	3721	3986	2489	3.1	Table 2.7, PDF page 62 (printed page 36), row 3	-3.3698	36.6943	estimated	wikipedia	Sekei, Arusha	Wikipedia ward point, corroborated by the OpenStreetMap village 'Sekei' 0.5 km away.	Kijenge	2.3	0-5 km	Arusha City	4.1	0-5 km	Arusha (Sakina, Kijenge, Ilboru)	yes	29.7	P3	35	2 of 5	"{""population_2022_relative"": 4.7, ""transport_band"": 25.0, ""access_readiness"": 0, ""convening_opportunity"": 0, ""observed_yield"": 0}"
AU_ward_arusha-city-council_themi	ward	Themi	Arusha City Council	Arusha	Arusha	True	9204	4467	4737	2844	3.2	Table 2.7, PDF page 62 (printed page 36), row 4	-3.3992	36.7052	estimated	wikipedia	Themi	Wikipedia ward point, corroborated by the centre of 3 OpenStreetMap places listed under 'Themi' (spread 1.6 km) 0.9 km away.	Kijenge	1.8	0-5 km	Arusha City	7.1	6-10 km	Arusha (Sakina, Kijenge, Ilboru)	yes	29.3	P3	36	2 of 5	"{""population_2022_relative"": 6.8, ""transport_band"": 22.5, ""access_readiness"": 0, ""convening_opportunity"": 0, ""observed_yield"": 0}"
AU_ward_arusha-city-council_daraja-2	ward	Daraja II	Arusha City Council	Arusha	Arusha	True	16555	7968	8587	5419	3.1	Table 2.7, PDF page 62 (printed page 36), row 5	-3.38305556	36.69	estimated	wikipedia	Daraja Mbili	Wikipedia ward point; no OpenStreetMap evidence to corroborate it.	Kijenge	2.2	0-5 km	Arusha City	4.6	0-5 km	Arusha (Sakina, Kijenge, Ilboru)	yes	46.1	P1	13	2 of 5	"{""population_2022_relative"": 21.1, ""transport_band"": 25.0, ""access_readiness"": 0, ""convening_opportunity"": 0, ""observed_yield"": 0}"
AU_ward_arusha-city-council_unga-limited	ward	Unga Ltd	Arusha City Council	Arusha	Arusha	True	14006	6984	7022	4723	3.0	Table 2.7, PDF page 62 (printed page 36), row 6	-3.37867222	36.6777	estimated	wikipedia	Unga Limited	Wikipedia ward point; no OpenStreetMap evidence to corroborate it.	Arusha City	3.4	0-5 km	Arusha City	3.4	0-5 km	Arusha (Sakina, Kijenge, Ilboru)	yes	42.4	P1	17	2 of 5	"{""population_2022_relative"": 17.4, ""transport_band"": 25.0, ""access_readiness"": 0, ""convening_opportunity"": 0, ""observed_yield"": 0}"
AU_ward_arusha-city-council_ngarenaro	ward	Ngarenaro	Arusha City Council	Arusha	Arusha	True	8812	4307	4505	3003	2.9	Table 2.7, PDF page 62 (printed page 36), row 7	-3.3693	36.6756	estimated	wikipedia	Ngarenaro	Wikipedia ward point, corroborated by the centre of 2 OpenStreetMap places listed under 'Ngarenaro' (spread 0.2 km) 0.5 km away.	Arusha City	2.4	0-5 km	Arusha City	2.4	0-5 km	Arusha (Sakina, Kijenge, Ilboru)	yes	31.3	P2	33	2 of 5	"{""population_2022_relative"": 6.3, ""transport_band"": 25.0, ""access_readiness"": 0, ""convening_opportunity"": 0, ""observed_yield"": 0}"
AU_ward_arusha-city-council_levolosi	ward	Levolosi	Arusha City Council	Arusha	Arusha	True	6317	3182	3135	1782	3.5	Table 2.7, PDF page 62 (printed page 36), row 8	-3.3685	36.6827	estimated	wikipedia	Levolosi	Wikipedia ward point, corroborated by the OpenStreetMap place 'Majengo, Levolosi', listed under 'Levolosi' 0.4 km away.	Ilboru	2.7	0-5 km	Arusha City	2.9	0-5 km	Arusha (Sakina, Kijenge, Ilboru)	yes	27.6	P3	40	2 of 5	"{""population_2022_relative"": 2.6, ""transport_band"": 25.0, ""access_readiness"": 0, ""convening_opportunity"": 0, ""observed_yield"": 0}"
AU_ward_arusha-city-council_kimandolu	ward	Kimandolu	Arusha City Council	Arusha	Arusha	True	28760	13289	15471	9417	3.1	Table 2.7, PDF page 62 (printed page 36), row 9	-3.36777778	36.71611111	estimated	wikipedia	Kimandolu	Wikipedia ward point, corroborated by the OpenStreetMap village 'Kimandolu' 0.0 km away.	Kijenge	1.9	0-5 km	Arusha City	6.3	6-10 km	Arusha (Sakina, Kijenge, Ilboru)	yes	50.4	P1	5	2 of 5	"{""population_2022_relative"": 27.9, ""transport_band"": 22.5, ""access_readiness"": 0, ""convening_opportunity"": 0, ""observed_yield"": 0}"
AU_ward_arusha-city-council_baraa	ward	Baraa	Arusha City Council	Arusha	Arusha	True	18331	8408	9923	5272	3.5	Table 2.7, PDF page 62 (printed page 36), row 10	-3.3805	36.73822222	estimated	wikipedia	Baraa	Wikipedia ward point, corroborated by the OpenStreetMap place 'Kwa Mrefu, Baraa', listed under 'Baraa' 1.0 km away.	Kijenge	3.2	0-5 km	Arusha City	9.1	6-10 km	Arusha (Sakina, Kijenge, Ilboru)	yes	44.9	P1	15	2 of 5	"{""population_2022_relative"": 22.4, ""transport_band"": 22.5, ""access_readiness"": 0, ""convening_opportunity"": 0, ""observed_yield"": 0}"
AU_ward_arusha-city-council_oloirien	ward	Oloirien	Arusha City Council	Arusha	Arusha	True	22926	10775	12151	7408	3.1	Table 2.7, PDF page 62 (printed page 36), row 11	-3.38888889	36.71472222	estimated	wikipedia	Oloirien	Wikipedia ward point; no OpenStreetMap evidence to corroborate it.	Kijenge	0.8	0-5 km	Arusha City	7.2	6-10 km	Arusha (Sakina, Kijenge, Ilboru)	yes	48.8	P1	10	2 of 5	"{""population_2022_relative"": 26.3, ""transport_band"": 22.5, ""access_readiness"": 0, ""convening_opportunity"": 0, ""observed_yield"": 0}"
AU_ward_arusha-city-council_moshono	ward	Moshono	Arusha City Council	Arusha	Arusha	True	26890	12450	14440	7285	3.7	Table 2.7, PDF page 62 (printed page 36), row 12	-3.3995	36.7407	estimated	wikipedia	Moshono	Wikipedia ward point; no OpenStreetMap evidence to corroborate it.	Kijenge	3.8	0-5 km	Arusha City	10.2	11-15 km	Arusha (Sakina, Kijenge, Ilboru)	yes	47.4	P1	12	2 of 5	"{""population_2022_relative"": 27.4, ""transport_band"": 20.0, ""access_readiness"": 0, ""convening_opportunity"": 0, ""observed_yield"": 0}"
AU_ward_arusha-city-council_moivaro	ward	Moivaro	Arusha City Council	Arusha	Arusha	True	12215	5720	6495	3401	3.6	Table 2.7, PDF page 62 (printed page 36), row 13	-3.3894637	36.7499399	estimated	osm_place	node/9310007474	OpenStreetMap neighbourhood 'Moivaro'; no Wikipedia ward point.	Kijenge	4.5	0-5 km	Arusha City	10.7	11-15 km	Arusha (Sakina, Kijenge, Ilboru)	yes	33.9	P2	29	2 of 5	"{""population_2022_relative"": 13.9, ""transport_band"": 20.0, ""access_readiness"": 0, ""convening_opportunity"": 0, ""observed_yield"": 0}"
AU_ward_arusha-city-council_lemara	ward	Lemara	Arusha City Council	Arusha	Arusha	True	26884	12870	14014	8130	3.3	Table 2.7, PDF page 62 (printed page 36), row 14	-3.41527778	36.69805556	estimated	wikipedia	Lemara	Wikipedia ward point, corroborated by the OpenStreetMap place 'Lemara Kati, Lemara', listed under 'Lemara' 1.5 km away.	Kijenge	3.8	0-5 km	Arusha City	8.1	6-10 km	Arusha (Sakina, Kijenge, Ilboru)	yes	49.6	P1	6	2 of 5	"{""population_2022_relative"": 27.1, ""transport_band"": 22.5, ""access_readiness"": 0, ""convening_opportunity"": 0, ""observed_yield"": 0}"
AU_ward_arusha-city-council_terrat	ward	Terrat	Arusha City Council	Arusha	Arusha	True	20524	9646	10878	5211	3.9	Table 2.7, PDF page 62 (printed page 36), row 15	-3.48944444	36.68027778	estimated	wikipedia	Terrat, Arusha	Wikipedia ward point, corroborated by the centre of 3 OpenStreetMap places listed under 'Terrat' (spread 1.9 km) 1.1 km away.	Kijenge	12.2	11-15 km	Arusha City	15.3	16-20 km	Arusha (Sakina, Kijenge, Ilboru)	yes	38.0	P2	24	2 of 5	"{""population_2022_relative"": 25.5, ""transport_band"": 12.5, ""access_readiness"": 0, ""convening_opportunity"": 0, ""observed_yield"": 0}"
AU_ward_arusha-city-council_sokon-1	ward	Sokon I	Arusha City Council	Arusha	Arusha	True	93037	44277	48760	26327	3.5	Table 2.7, PDF page 62 (printed page 36), row 16	-3.40666667	36.67833333	estimated	wikipedia	Sokoni I	Wikipedia ward point, corroborated by the OpenStreetMap place 'Engosengiu, Sokon I', listed under 'Sokon I' 1.4 km away.	Kijenge	4.3	0-5 km	Arusha City	6.3	6-10 km	Arusha (Sakina, Kijenge, Ilboru)	yes	52.5	P1	3	2 of 5	"{""population_2022_relative"": 30.0, ""transport_band"": 22.5, ""access_readiness"": 0, ""convening_opportunity"": 0, ""observed_yield"": 0}"
AU_ward_arusha-city-council_sombetini	ward	Sombetini	Arusha City Council	Arusha	Arusha	True	28111	13333	14778	9032	3.1	Table 2.7, PDF page 62 (printed page 36), row 17	-3.38665	36.6674	estimated	wikipedia	Sombetini	Wikipedia ward point, corroborated by the OpenStreetMap place 'Simajiro, Sombetini', listed under 'Sombetini' 1.3 km away.	Arusha City	3.8	0-5 km	Arusha City	3.8	0-5 km	Arusha (Sakina, Kijenge, Ilboru)	yes	52.6	P1	2	2 of 5	"{""population_2022_relative"": 27.6, ""transport_band"": 25.0, ""access_readiness"": 0, ""convening_opportunity"": 0, ""observed_yield"": 0}"
AU_ward_arusha-city-council_engutoto	ward	Engutoto	Arusha City Council	Arusha	Arusha	True	12759	6619	6140	3160	4.0	Table 2.7, PDF page 62 (printed page 36), row 18	-3.44361111	36.70972222	estimated	wikipedia	Engutoto	Wikipedia ward point; no OpenStreetMap evidence to corroborate it.	Kijenge	6.7	6-10 km	Arusha City	11.4	11-15 km	Arusha (Sakina, Kijenge, Ilboru)	yes	32.8	P2	31	2 of 5	"{""population_2022_relative"": 15.3, ""transport_band"": 17.5, ""access_readiness"": 0, ""convening_opportunity"": 0, ""observed_yield"": 0}"
AU_ward_arusha-city-council_elerai	ward	Elerai	Arusha City Council	Arusha	Arusha	True	19502	9372	10130	6170	3.2	Table 2.7, PDF page 62 (printed page 36), row 19	-3.3683	36.6593	estimated	wikipedia	Elerai	Wikipedia ward point; no OpenStreetMap evidence to corroborate it.	Arusha City	1.7	0-5 km	Arusha City	1.7	0-5 km	Arusha (Sakina, Kijenge, Ilboru)	yes	49.5	P1	8	2 of 5	"{""population_2022_relative"": 24.5, ""transport_band"": 25.0, ""access_readiness"": 0, ""convening_opportunity"": 0, ""observed_yield"": 0}"
AU_ward_arusha-city-council_olasiti	ward	Olasiti	Arusha City Council	Arusha	Arusha	True	53557	24950	28607	14522	3.7	Table 2.7, PDF page 62 (printed page 36), row 20	-3.4085	36.6439	estimated	wikipedia	Olasiti	Wikipedia ward point, corroborated by the OpenStreetMap neighbourhood 'Olasiti, Olasiti' 1.0 km away.	Arusha City	6.5	6-10 km	Arusha City	6.5	6-10 km	Arusha (Sakina, Kijenge, Ilboru)	yes	49.5	P1	7	2 of 5	"{""population_2022_relative"": 29.5, ""transport_band"": 20.0, ""access_readiness"": 0, ""convening_opportunity"": 0, ""observed_yield"": 0}"
AU_ward_arusha-city-council_muriet	ward	Muriet	Arusha City Council	Arusha	Arusha	True	60209	28001	32208	15633	3.9	Table 2.7, PDF page 62 (printed page 36), row 21	-3.41	36.73	estimated	gazetteer	collect_partner_leads.js GAZ	Repository gazetteer (collect_partner_leads.js GAZ); no Wikipedia or OpenStreetMap point.	Kijenge	3.7	0-5 km	Arusha City	9.9	6-10 km	Arusha (Sakina, Kijenge, Ilboru)	yes	52.2	P1	4	2 of 5	"{""population_2022_relative"": 29.7, ""transport_band"": 22.5, ""access_readiness"": 0, ""convening_opportunity"": 0, ""observed_yield"": 0}"
AU_ward_arusha-city-council_olmoti	ward	Olmoti	Arusha City Council	Arusha	Arusha	True	14132	6749	7383	4162	3.4	Table 2.7, PDF page 62 (printed page 36), row 22				none		No reference point found in Wikipedia, OpenStreetMap or the gazetteer.			unknown			unknown		unknown					
AU_ward_arusha-city-council_sakina	ward	Sakina	Arusha City Council	Arusha	Arusha	True	19172	9171	10001	6138	3.1	Table 2.7, PDF page 62 (printed page 36), row 23	-3.3527984	36.6612609	estimated	gazetteer	lead-gazetteer.txt	Repository gazetteer (lead-gazetteer.txt); no Wikipedia or OpenStreetMap point.	Arusha City	0.0	0-5 km	Arusha City	0.0	0-5 km	Arusha (Sakina, Kijenge, Ilboru)	yes	48.9	P1	9	2 of 5	"{""population_2022_relative"": 23.9, ""transport_band"": 25.0, ""access_readiness"": 0, ""convening_opportunity"": 0, ""observed_yield"": 0}"
AU_ward_arusha-city-council_osunyai-jr	ward	Osunyai Jr	Arusha City Council	Arusha	Arusha	True	29507	13769	15738	8923	3.3	Table 2.7, PDF page 62 (printed page 36), row 24				none		No reference point found in Wikipedia, OpenStreetMap or the gazetteer.			unknown			unknown		unknown					
AU_ward_arusha-city-council_sinoni	ward	Sinoni	Arusha City Council	Arusha	Arusha	True	58542	27966	30576	17059	3.4	Table 2.7, PDF page 62 (printed page 36), row 25				none		No reference point found in Wikipedia, OpenStreetMap or the gazetteer.			unknown			unknown		unknown					
AU_ward_arusha-district-council_oldonyosambu	ward	Oldonyosambu	Arusha District Council	Arusha	Arumeru	True	13003	5986	7017	3022	4.3	Table 2.3, PDF page 58 (printed page 32), row 1	-3.11694444	36.73666667	estimated	wikipedia	Oldonyosambu	Wikipedia ward point, corroborated by the centre of 2 OpenStreetMap places listed under 'Oldonyosambu' (spread 1.8 km) 4.3 km away.	Ilboru	26.0	>25 km (outside catchment)	Arusha City	27.5	>25 km (outside catchment)	Arusha (Sakina, Kijenge, Ilboru)	no					
AU_ward_arusha-district-council_lengijave	ward	Lengijave	Arusha District Council	Arusha	Arumeru	True	15027	6547	8480	3402	4.4	Table 2.3, PDF page 58 (printed page 32), row 2	-3.2333249	36.6079251	estimated	osm_place	node/7508603838	OpenStreetMap hamlet 'Lengijave'; no Wikipedia ward point.	Arusha City	14.5	11-15 km	Arusha City	14.5	11-15 km	Arusha (Sakina, Kijenge, Ilboru)	yes	33.9	P2	28	2 of 5	"{""population_2022_relative"": 18.9, ""transport_band"": 15.0, ""access_readiness"": 0, ""convening_opportunity"": 0, ""observed_yield"": 0}"
AU_ward_arusha-district-council_olturumet	ward	Olturumet	Arusha District Council	Arusha	Arumeru	True	13869	6510	7359	3457	4.0	Table 2.3, PDF page 58 (printed page 32), row 3	-3.30222222	36.61388889	estimated	wikipedia	Oltrumet	Wikipedia ward point, corroborated by the centre of 2 OpenStreetMap places listed under 'Oltrumet' (spread 2.2 km) 0.7 km away.	Arusha City	7.7	6-10 km	Arusha City	7.7	6-10 km	Arusha (Sakina, Kijenge, Ilboru)	yes	36.8	P2	25	2 of 5	"{""population_2022_relative"": 16.8, ""transport_band"": 20.0, ""access_readiness"": 0, ""convening_opportunity"": 0, ""observed_yield"": 0}"
AU_ward_arusha-district-council_mwandet	ward	Mwandet	Arusha District Council	Arusha	Arumeru	True	22650	10107	12543	5152	4.4	Table 2.3, PDF page 58 (printed page 32), row 4	-3.268271	36.562657	estimated	osm_places_listed_under_ward_name	node/7508570366; node/7508570367; node/7798403856	Centre of 3 OpenStreetMap places listed under 'Mwandeti' (spread 4.0 km); no Wikipedia ward point.	Arusha City	14.4	11-15 km	Arusha City	14.4	11-15 km	Arusha (Sakina, Kijenge, Ilboru)	yes	41.1	P1	21	2 of 5	"{""population_2022_relative"": 26.1, ""transport_band"": 15.0, ""access_readiness"": 0, ""convening_opportunity"": 0, ""observed_yield"": 0}"
AU_ward_arusha-district-council_musa	ward	Musa	Arusha District Council	Arusha	Arumeru	True	13481	6239	7242	3139	4.3	Table 2.3, PDF page 58 (printed page 32), row 5	-3.3307	36.5139	estimated	wikipedia	Mussa, Tanzania	Wikipedia ward point, corroborated by the centre of 3 OpenStreetMap places listed under 'Mussa' (spread 2.7 km) 2.6 km away.	Arusha City	16.5	16-20 km	Arusha City	16.5	16-20 km	Arusha (Sakina, Kijenge, Ilboru)	yes	26.3	P3	42	2 of 5	"{""population_2022_relative"": 16.3, ""transport_band"": 10.0, ""access_readiness"": 0, ""convening_opportunity"": 0, ""observed_yield"": 0}"
AU_ward_arusha-district-council_kisongo	ward	Kisongo	Arusha District Council	Arusha	Arumeru	True	12519	5896	6623	2939	4.3	Table 2.3, PDF page 58 (printed page 32), row 6	-3.3718982	36.5719498	estimated	osm_place	node/554180385	OpenStreetMap village 'Kisongo'; no Wikipedia ward point.	Arusha City	10.1	11-15 km	Arusha City	10.1	11-15 km	Arusha (Sakina, Kijenge, Ilboru)	yes	29.2	P3	37	2 of 5	"{""population_2022_relative"": 14.2, ""transport_band"": 15.0, ""access_readiness"": 0, ""convening_opportunity"": 0, ""observed_yield"": 0}"
AU_ward_arusha-district-council_mateves	ward	Mateves	Arusha District Council	Arusha	Arumeru	True	23287	11089	12198	7556	3.1	Table 2.3, PDF page 58 (printed page 32), row 7	-3.3738	36.5723	estimated	wikipedia	Mateves	Wikipedia ward point, corroborated by the OpenStreetMap neighbourhood 'Mateves, Olasiti' 3.1 km away.	Arusha City	10.2	11-15 km	Arusha City	10.2	11-15 km	Arusha (Sakina, Kijenge, Ilboru)	yes	41.6	P1	19	2 of 5	"{""population_2022_relative"": 26.6, ""transport_band"": 15.0, ""access_readiness"": 0, ""convening_opportunity"": 0, ""observed_yield"": 0}"
AU_ward_arusha-district-council_oldonyowass	ward	Oldonyowass	Arusha District Council	Arusha	Arumeru	True	11905	5476	6429	2889	4.1	Table 2.3, PDF page 58 (printed page 32), row 8	-3.156522	36.6991591	estimated	osm_place	node/7508603380	OpenStreetMap hamlet 'Oldonyowas, Oldonyosambu'; no Wikipedia ward point.	Ilboru	21.1	21-25 km	Arusha City	22.2	21-25 km	Arusha (Sakina, Kijenge, Ilboru)	yes	18.4	P4	47	2 of 5	"{""population_2022_relative"": 13.4, ""transport_band"": 5.0, ""access_readiness"": 0, ""convening_opportunity"": 0, ""observed_yield"": 0}"
AU_ward_arusha-district-council_lemanyata	ward	Lemanyata	Arusha District Council	Arusha	Arumeru	True	14672	6465	8207	3399	4.3	Table 2.3, PDF page 58 (printed page 32), row 9	-3.2626649	36.6180325	estimated	osm_place	node/7508603839	OpenStreetMap hamlet 'Lemanyata, Olkokola'; no Wikipedia ward point.	Arusha City	11.1	11-15 km	Arusha City	11.1	11-15 km	Arusha (Sakina, Kijenge, Ilboru)	yes	33.7	P2	30	2 of 5	"{""population_2022_relative"": 18.7, ""transport_band"": 15.0, ""access_readiness"": 0, ""convening_opportunity"": 0, ""observed_yield"": 0}"
AU_ward_arusha-district-council_laroi	ward	Laroi	Arusha District Council	Arusha	Arumeru	True	7096	3322	3774	1743	4.1	Table 2.3, PDF page 58 (printed page 32), row 10	-3.4909366	36.6283518	estimated	osm_place	node/7508505510	OpenStreetMap village 'Laroi'; no Wikipedia ward point.	Kijenge	15.0	11-15 km	Arusha City	15.8	16-20 km	Arusha (Sakina, Kijenge, Ilboru)	yes	15.9	P4	48	2 of 5	"{""population_2022_relative"": 3.4, ""transport_band"": 12.5, ""access_readiness"": 0, ""convening_opportunity"": 0, ""observed_yield"": 0}"
AU_ward_arusha-district-council_ilkidinga	ward	Ilkiding'a	Arusha District Council	Arusha	Arumeru	True	15218	7265	7953	3679	4.1	Table 2.3, PDF page 58 (printed page 32), row 11	-3.317172	36.6854726	estimated	osm_place	node/7502936369	Reviewed override (links.json): Agent decision 23 September 2026, for review: keeps the OpenStreetMap village 'Ilkiding'a'. 'Ilkidinga Secondary School' (node/534360378, data/raw/government-research/osm_named_facilities_2026-09-23.json) lies 0.7 km from it, while the Wikipedia point is 7.8 km away.	Ilboru	3.3	0-5 km	Arusha City	4.8	0-5 km	Arusha (Sakina, Kijenge, Ilboru)	yes	44.5	P1	16	2 of 5	"{""population_2022_relative"": 19.5, ""transport_band"": 25.0, ""access_readiness"": 0, ""convening_opportunity"": 0, ""observed_yield"": 0}"
AU_ward_arusha-district-council_olturoto	ward	Olturoto	Arusha District Council	Arusha	Arumeru	True	18899	9146	9753	4971	3.8	Table 2.3, PDF page 58 (printed page 32), row 12	-3.342	36.7089	estimated	wikipedia	Oltroto	Wikipedia ward point, corroborated by the OpenStreetMap village 'Oltoroto' 1.0 km away.	Ilboru	1.9	0-5 km	Arusha City	5.4	6-10 km	Arusha (Sakina, Kijenge, Ilboru)	yes	45.9	P1	14	2 of 5	"{""population_2022_relative"": 23.4, ""transport_band"": 22.5, ""access_readiness"": 0, ""convening_opportunity"": 0, ""observed_yield"": 0}"
AU_ward_arusha-district-council_moivo	ward	Moivo	Arusha District Council	Arusha	Arumeru	True	25110	12067	13043	8293	3.0	Table 2.3, PDF page 58 (printed page 32), row 13				none		No reference point found in Wikipedia, OpenStreetMap or the gazetteer.			unknown			unknown		unknown					
AU_ward_arusha-district-council_kiranyi	ward	Kiranyi	Arusha District Council	Arusha	Arumeru	True	40158	19048	21110	12315	3.3	Table 2.3, PDF page 58 (printed page 32), row 14	-3.35555556	36.6825	estimated	wikipedia	Kiranyi	Wikipedia ward point; no OpenStreetMap evidence to corroborate it.	Ilboru	1.5	0-5 km	Arusha City	2.4	0-5 km	Arusha (Sakina, Kijenge, Ilboru)	yes	54.2	P1	1	2 of 5	"{""population_2022_relative"": 29.2, ""transport_band"": 25.0, ""access_readiness"": 0, ""convening_opportunity"": 0, ""observed_yield"": 0}"
AU_ward_arusha-district-council_kimnyak	ward	Kimnyak	Arusha District Council	Arusha	Arumeru	True	16332	7637	8695	3758	4.3	Table 2.3, PDF page 58 (printed page 32), row 15	-3.30944444	36.64916667	estimated	wikipedia	Kimnyaki	Wikipedia ward point, corroborated by the OpenStreetMap neighbourhood 'Kimnyaki, Olmotonyi' 1.2 km away.	Arusha City	5.0	6-10 km	Arusha City	5.0	6-10 km	Arusha (Sakina, Kijenge, Ilboru)	yes	40.5	P1	23	2 of 5	"{""population_2022_relative"": 20.5, ""transport_band"": 20.0, ""access_readiness"": 0, ""convening_opportunity"": 0, ""observed_yield"": 0}"
AU_ward_arusha-district-council_oljoro	ward	Oljoro	Arusha District Council	Arusha	Arumeru	True	9100	4178	4922	2372	3.8	Table 2.3, PDF page 58 (printed page 32), row 16	-3.57111111	36.66	estimated	wikipedia	Oljoro	Wikipedia ward point, corroborated by the OpenStreetMap hamlet 'Oljoro, Oljoro' 3.7 km away.	Kijenge	21.6	21-25 km	Arusha City	24.3	21-25 km	Arusha (Sakina, Kijenge, Ilboru)	yes	11.6	P4	51	2 of 5	"{""population_2022_relative"": 6.6, ""transport_band"": 5.0, ""access_readiness"": 0, ""convening_opportunity"": 0, ""observed_yield"": 0}"
AU_ward_arusha-district-council_sambasha	ward	Sambasha	Arusha District Council	Arusha	Arumeru	True	12739	5457	7282	3117	4.1	Table 2.3, PDF page 58 (printed page 32), row 17	-3.29327778	36.67341667	estimated	wikipedia	Sambasha	Wikipedia ward point, corroborated by the OpenStreetMap neighbourhood 'Sambasha, Sambasha' 0.0 km away.	Ilboru	6.3	6-10 km	Arusha City	6.8	6-10 km	Arusha (Sakina, Kijenge, Ilboru)	yes	35.0	P2	27	2 of 5	"{""population_2022_relative"": 15.0, ""transport_band"": 20.0, ""access_readiness"": 0, ""convening_opportunity"": 0, ""observed_yield"": 0}"
AU_ward_arusha-district-council_oloirien	ward	Oloirien	Arusha District Council	Arusha	Arumeru	True	29477	13736	15741	8690	3.4	Table 2.3, PDF page 58 (printed page 32), row 18				none		No reference point found in Wikipedia, OpenStreetMap or the gazetteer.			unknown			unknown		unknown					
AU_ward_arusha-district-council_olmotonyi	ward	Olmotonyi	Arusha District Council	Arusha	Arumeru	True	13345	6201	7144	3758	3.6	Table 2.3, PDF page 58 (printed page 32), row 19	-3.3138	36.6399	estimated	wikipedia	Olmotonyi	Wikipedia ward point, corroborated by the OpenStreetMap neighbourhood 'Olmotonyi, Kimnyaki' 3.2 km away.	Arusha City	4.9	0-5 km	Arusha City	4.9	0-5 km	Arusha (Sakina, Kijenge, Ilboru)	yes	41.1	P1	22	2 of 5	"{""population_2022_relative"": 16.1, ""transport_band"": 25.0, ""access_readiness"": 0, ""convening_opportunity"": 0, ""observed_yield"": 0}"
AU_ward_arusha-district-council_tarakwa	ward	Tarakwa	Arusha District Council	Arusha	Arumeru	True	11205	5334	5871	2689	4.2	Table 2.3, PDF page 58 (printed page 32), row 20	-3.3267011	36.6642004	estimated	osm_place	node/7798403846	OpenStreetMap neighbourhood 'Tarakwa, Olorieni'; no Wikipedia ward point.	Arusha City	2.9	0-5 km	Arusha City	2.9	0-5 km	Arusha (Sakina, Kijenge, Ilboru)	yes	36.6	P2	26	2 of 5	"{""population_2022_relative"": 11.6, ""transport_band"": 25.0, ""access_readiness"": 0, ""convening_opportunity"": 0, ""observed_yield"": 0}"
AU_ward_arusha-district-council_ilboru	ward	Ilboru	Arusha District Council	Arusha	Arumeru	True	9367	4639	4728	3229	2.9	Table 2.3, PDF page 58 (printed page 32), row 21	-3.346521	36.692204	estimated	gazetteer	lead-gazetteer.txt	Repository gazetteer (lead-gazetteer.txt); no Wikipedia or OpenStreetMap point.	Ilboru	0.0	0-5 km	Arusha City	3.5	0-5 km	Arusha (Sakina, Kijenge, Ilboru)	yes	32.1	P2	32	2 of 5	"{""population_2022_relative"": 7.1, ""transport_band"": 25.0, ""access_readiness"": 0, ""convening_opportunity"": 0, ""observed_yield"": 0}"
AU_ward_arusha-district-council_bangata	ward	Bangata	Arusha District Council	Arusha	Arumeru	True	10166	5013	5153	2678	3.8	Table 2.3, PDF page 58 (printed page 32), row 22	-3.33333333	36.75	estimated	wikipedia	Bangata	Wikipedia ward point, corroborated by the centre of 2 OpenStreetMap places listed under 'Bangata' (spread 1.7 km) 1.6 km away.	Ilboru	6.6	6-10 km	Arusha City	10.1	11-15 km	Arusha (Sakina, Kijenge, Ilboru)	yes	27.0	P3	41	2 of 5	"{""population_2022_relative"": 9.5, ""transport_band"": 17.5, ""access_readiness"": 0, ""convening_opportunity"": 0, ""observed_yield"": 0}"
AU_ward_arusha-district-council_sokon-2	ward	Sokon II	Arusha District Council	Arusha	Arumeru	True	20213	9833	10380	5414	3.7	Table 2.3, PDF page 58 (printed page 32), row 23	-3.33972222	36.73588889	estimated	wikipedia	Sokon II, Arusha District	Wikipedia ward point, corroborated by the centre of 3 OpenStreetMap places listed under 'Sokon II' (spread 1.7 km) 1.4 km away.	Ilboru	4.9	0-5 km	Arusha City	8.4	6-10 km	Arusha (Sakina, Kijenge, Ilboru)	yes	47.5	P1	11	2 of 5	"{""population_2022_relative"": 25.0, ""transport_band"": 22.5, ""access_readiness"": 0, ""convening_opportunity"": 0, ""observed_yield"": 0}"
AU_ward_arusha-district-council_bwawani	ward	Bwawani	Arusha District Council	Arusha	Arumeru	True	14025	7001	7024	3505	4.0	Table 2.3, PDF page 58 (printed page 32), row 24	-3.5687545	36.8360544	estimated	osm_place	node/7798403843	OpenStreetMap hamlet 'Bwawani, Bwawani'; no Wikipedia ward point.	Usa River	22.9	21-25 km	Usa River	22.9	21-25 km	Usa River	yes	22.6	P3	12	2 of 5	"{""population_2022_relative"": 17.6, ""transport_band"": 5.0, ""access_readiness"": 0, ""convening_opportunity"": 0, ""observed_yield"": 0}"
AU_ward_arusha-district-council_nduruma	ward	Nduruma	Arusha District Council	Arusha	Arumeru	True	14490	7207	7283	3698	3.9	Table 2.3, PDF page 58 (printed page 32), row 25	-3.4806143	36.7927055	address	osm_ward_office	node/10827624377	The ward office as mapped in OpenStreetMap ('Ofisi Ya Kata Nduruma'; office name matches the ward inside the council's district).	Kijenge	14.2	11-15 km	Usa River	15.1	16-20 km	Arusha (Sakina, Kijenge, Ilboru)	yes	30.7	P2	34	2 of 5	"{""population_2022_relative"": 18.2, ""transport_band"": 12.5, ""access_readiness"": 0, ""convening_opportunity"": 0, ""observed_yield"": 0}"
AU_ward_arusha-district-council_mlangarini	ward	Mlangarini	Arusha District Council	Arusha	Arumeru	True	19291	9401	9890	5152	3.7	Table 2.3, PDF page 58 (printed page 32), row 26	-3.43361111	36.76833333	estimated	wikipedia	Mlangarini	Wikipedia ward point, corroborated by the centre of 3 OpenStreetMap places listed under 'Mlangarini' (spread 4.2 km) 1.9 km away.	Kijenge	8.5	6-10 km	Usa River	13.0	11-15 km	Arusha (Sakina, Kijenge, Ilboru)	yes	41.7	P1	18	2 of 5	"{""population_2022_relative"": 24.2, ""transport_band"": 17.5, ""access_readiness"": 0, ""convening_opportunity"": 0, ""observed_yield"": 0}"
AU_ward_arusha-district-council_kiutu	ward	Kiutu	Arusha District Council	Arusha	Arumeru	True	22874	10850	12024	6981	3.3	Table 2.3, PDF page 58 (printed page 32), row 27				none		No reference point found in Wikipedia, OpenStreetMap or the gazetteer.			unknown			unknown		unknown					
AU_ward_hai-district-council_machame-uroki	ward	Machame Uroki	Hai District Council	Kilimanjaro	Hai	True	9761	4856	4905	2646	3.7	Table 3.6, PDF page 70 (printed page 44), row 1	-3.2307	37.2049	estimated	wikipedia	Machame Uroki	Wikipedia ward point, corroborated by the centre of 3 OpenStreetMap places listed under 'Machame Uroki' (spread 2.7 km) 0.6 km away.	Boma Ngombe	13.7	11-15 km	Usa River	40.7	>25 km (outside catchment)	Boma Ng'ombe	yes	15.9	P4	28	2 of 5	"{""population_2022_relative"": 8.4, ""transport_band"": 7.5, ""access_readiness"": 0, ""convening_opportunity"": 0, ""observed_yield"": 0}"
AU_ward_hai-district-council_machame-magharibi	ward	Machame Magharibi	Hai District Council	Kilimanjaro	Hai	True	4827	2329	2498	1454	3.3	Table 3.6, PDF page 70 (printed page 44), row 2	-3.0525	37.2622	estimated	wikipedia	Machame Magharibi	Wikipedia ward point; no OpenStreetMap evidence to corroborate it.	Boma Ngombe	34.2	>25 km (outside catchment)	Usa River	56.3	>25 km (outside catchment)	Boma Ng'ombe	no					
AU_ward_hai-district-council_machame-kaskazini	ward	Machame Kaskazini	Hai District Council	Kilimanjaro	Hai	True	24151	11969	12182	6344	3.8	Table 3.6, PDF page 70 (printed page 44), row 3	-3.2	37.23305556	estimated	wikipedia	Machame Kaskazini	Wikipedia ward point; no OpenStreetMap evidence to corroborate it.	Boma Ngombe	18.3	16-20 km	Usa River	44.9	>25 km (outside catchment)	Boma Ng'ombe	yes	31.8	P2	4	2 of 5	"{""population_2022_relative"": 26.8, ""transport_band"": 5.0, ""access_readiness"": 0, ""convening_opportunity"": 0, ""observed_yield"": 0}"
AU_ward_hai-district-council_machame-mashariki	ward	Machame Mashariki	Hai District Council	Kilimanjaro	Hai	True	11985	5852	6133	3452	3.5	Table 3.6, PDF page 70 (printed page 44), row 4	-3.2082	37.2636	estimated	wikipedia	Machame Mashariki	Wikipedia ward point; no OpenStreetMap evidence to corroborate it.	Boma Ngombe	19.7	16-20 km	Usa River	47.7	>25 km (outside catchment)	Boma Ng'ombe	yes	18.7	P4	24	2 of 5	"{""population_2022_relative"": 13.7, ""transport_band"": 5.0, ""access_readiness"": 0, ""convening_opportunity"": 0, ""observed_yield"": 0}"
AU_ward_hai-district-council_machame-narumu	ward	Machame Narumu	Hai District Council	Kilimanjaro	Hai	True	11031	5331	5700	2846	3.9	Table 3.6, PDF page 70 (printed page 44), row 5	-3.267878	37.2425859	address	osm_ward_office	node/9392131139	The ward office as mapped in OpenStreetMap ('Narumu Ward Office'; reviewed link (links.json): Mapped as 'Narumu Ward Office' inside Hai District; Hai's census and official councillor list have one Narumu ward, 'Machame Narumu'.).	Boma Ngombe	13.7	11-15 km	Usa River	43.5	>25 km (outside catchment)	Boma Ng'ombe	yes	18.8	P4	23	2 of 5	"{""population_2022_relative"": 11.3, ""transport_band"": 7.5, ""access_readiness"": 0, ""convening_opportunity"": 0, ""observed_yield"": 0}"
AU_ward_hai-district-council_mnadani	ward	Mnadani	Hai District Council	Kilimanjaro	Hai	True	20327	10051	10276	5516	3.7	Table 3.6, PDF page 70 (printed page 44), row 6				none		No reference point found in Wikipedia, OpenStreetMap or the gazetteer.			unknown			unknown		unknown					
AU_ward_hai-district-council_weruweru	ward	Weruweru	Hai District Council	Kilimanjaro	Hai	True	9426	4817	4609	2531	3.7	Table 3.6, PDF page 70 (printed page 44), row 7	-3.4300875	37.2922588	estimated	osm_place	node/3867000602	OpenStreetMap village 'Weru Weru'; no Wikipedia ward point.	Boma Ngombe	20.1	21-25 km	Usa River	48.2	>25 km (outside catchment)	Boma Ng'ombe	yes	9.9	P4	35	2 of 5	"{""population_2022_relative"": 7.4, ""transport_band"": 2.5, ""access_readiness"": 0, ""convening_opportunity"": 0, ""observed_yield"": 0}"
AU_ward_hai-district-council_masama-magharibi	ward	Masama Magharibi	Hai District Council	Kilimanjaro	Hai	True	9646	4679	4967	2643	3.6	Table 3.6, PDF page 70 (printed page 44), row 8	-3.2167	37.1421	estimated	wikipedia	Masama Magharibi	Wikipedia ward point, corroborated by the centre of 3 OpenStreetMap places listed under 'Masama Magharibi' (spread 3.2 km) 0.5 km away.	Boma Ngombe	13.1	11-15 km	Usa River	35.1	>25 km (outside catchment)	Boma Ng'ombe	yes	15.7	P4	30	2 of 5	"{""population_2022_relative"": 8.2, ""transport_band"": 7.5, ""access_readiness"": 0, ""convening_opportunity"": 0, ""observed_yield"": 0}"
AU_ward_hai-district-council_masama-kati	ward	Masama Kati	Hai District Council	Kilimanjaro	Hai	True	10298	5033	5265	2857	3.6	Table 3.6, PDF page 70 (printed page 44), row 9	-3.212951	37.164316	estimated	osm_places_listed_under_ward_name	node/7579791016; node/7579791027	Centre of 2 OpenStreetMap places listed under 'Masama Kati' (spread 1.6 km); no Wikipedia ward point.	Boma Ngombe	13.8	11-15 km	Usa River	37.4	>25 km (outside catchment)	Boma Ng'ombe	yes	17.8	P4	25	2 of 5	"{""population_2022_relative"": 10.3, ""transport_band"": 7.5, ""access_readiness"": 0, ""convening_opportunity"": 0, ""observed_yield"": 0}"
AU_ward_hai-district-council_masama-mashariki	ward	Masama Mashariki	Hai District Council	Kilimanjaro	Hai	True	12904	6321	6583	3606	3.6	Table 3.6, PDF page 70 (printed page 44), row 10	-3.23305556	37.18305556	estimated	wikipedia	Masama Mashariki	Wikipedia ward point, corroborated by the centre of 7 OpenStreetMap places listed under 'Masama Mashariki' (spread 6.8 km) 1.2 km away.	Boma Ngombe	12.3	11-15 km	Usa River	38.4	>25 km (outside catchment)	Boma Ng'ombe	yes	23.0	P3	15	2 of 5	"{""population_2022_relative"": 15.5, ""transport_band"": 7.5, ""access_readiness"": 0, ""convening_opportunity"": 0, ""observed_yield"": 0}"
AU_ward_hai-district-council_masama-rundugai	ward	Masama Rundugai	Hai District Council	Kilimanjaro	Hai	True	16475	8339	8136	4125	4.0	Table 3.6, PDF page 70 (printed page 44), row 11	-3.4386	37.23111111	estimated	wikipedia	Masama Rundugai	Wikipedia ward point; no OpenStreetMap evidence to corroborate it.	Boma Ngombe	15.5	16-20 km	Usa River	41.7	>25 km (outside catchment)	Boma Ng'ombe	yes	25.8	P3	10	2 of 5	"{""population_2022_relative"": 20.8, ""transport_band"": 5.0, ""access_readiness"": 0, ""convening_opportunity"": 0, ""observed_yield"": 0}"
AU_ward_hai-district-council_kia	ward	KIA	Hai District Council	Kilimanjaro	Hai	True	12732	6096	6636	2968	4.3	Table 3.6, PDF page 70 (printed page 44), row 12	-3.453155	37.101793	estimated	osm_places_listed_under_ward_name	node/6321413391; node/7579808759	Centre of 2 OpenStreetMap places listed under 'Kia' (spread 3.7 km); no Wikipedia ward point.	Boma Ngombe	13.8	11-15 km	Usa River	28.3	>25 km (outside catchment)	Boma Ng'ombe	yes	22.2	P3	19	2 of 5	"{""population_2022_relative"": 14.7, ""transport_band"": 7.5, ""access_readiness"": 0, ""convening_opportunity"": 0, ""observed_yield"": 0}"
AU_ward_hai-district-council_muungano	ward	Muungano	Hai District Council	Kilimanjaro	Hai	True	19655	9127	10528	5080	3.9	Table 3.6, PDF page 70 (printed page 44), row 13				none		No reference point found in Wikipedia, OpenStreetMap or the gazetteer.			unknown			unknown		unknown					
AU_ward_hai-district-council_bondeni	ward	Bondeni	Hai District Council	Kilimanjaro	Hai	True	16182	7683	8499	4338	3.7	Table 3.6, PDF page 70 (printed page 44), row 14				none		No reference point found in Wikipedia, OpenStreetMap or the gazetteer.			unknown			unknown		unknown					
AU_ward_hai-district-council_bomangombe	ward	Bomang'ombe	Hai District Council	Kilimanjaro	Hai	True	17883	8305	9578	5511	3.2	Table 3.6, PDF page 70 (printed page 44), row 15	-3.3342091	37.1382785	estimated	osm_place	node/282588606	OpenStreetMap neighbourhood 'Boma Ng'ombe'; no Wikipedia ward point.	Boma Ngombe	0.0	0-5 km	Usa River	30.7	>25 km (outside catchment)	Boma Ng'ombe	yes	34.3	P2	1	2 of 5	"{""population_2022_relative"": 21.8, ""transport_band"": 12.5, ""access_readiness"": 0, ""convening_opportunity"": 0, ""observed_yield"": 0}"
AU_ward_hai-district-council_masama-kusini	ward	Masama Kusini	Hai District Council	Kilimanjaro	Hai	True	18524	9063	9461	4899	3.8	Table 3.6, PDF page 70 (printed page 44), row 16	-3.3137	37.1936	estimated	wikipedia	Masama Kusini	Wikipedia ward point; the weaker OpenStreetMap place 'Mungushi, Masama Kusini', listed under 'Masama Kusini' is 8.0 km away (see Review Queue).	Boma Ngombe	6.5	6-10 km	Usa River	37.1	>25 km (outside catchment)	Boma Ng'ombe	yes	32.9	P2	3	2 of 5	"{""population_2022_relative"": 22.9, ""transport_band"": 10.0, ""access_readiness"": 0, ""convening_opportunity"": 0, ""observed_yield"": 0}"
AU_ward_hai-district-council_romu	ward	Romu	Hai District Council	Kilimanjaro	Hai	True	15192	7372	7820	3938	3.9	Table 3.6, PDF page 70 (printed page 44), row 17				none		No reference point found in Wikipedia, OpenStreetMap or the gazetteer.			unknown			unknown		unknown					
AU_ward_longido-district-council_matale-a	ward	Matale A	Longido District Council	Arusha	Longido	False	8340	4189	4151	1796	4.6	Table 2.4, PDF page 59 (printed page 33), row 1				none		No reference point found in Wikipedia, OpenStreetMap or the gazetteer.			unknown			unknown		unknown					
AU_ward_longido-district-council_engarenaibor	ward	Engarenaibor	Longido District Council	Arusha	Longido	False	15227	7298	7929	3322	4.6	Table 2.4, PDF page 59 (printed page 33), row 2	-2.50527778	36.54555556	estimated	wikipedia	Engarenaibor	Wikipedia ward point; no OpenStreetMap evidence to corroborate it.	Ilboru	94.9	>25 km (outside catchment)	Arusha City	95.1	>25 km (outside catchment)	Arusha (Sakina, Kijenge, Ilboru)	no					
AU_ward_longido-district-council_mundarara	ward	Mundarara	Longido District Council	Arusha	Longido	False	11442	5757	5685	2852	4.0	Table 2.4, PDF page 59 (printed page 33), row 3	-2.64413889	36.41190833	estimated	wikipedia	Mundarara	Wikipedia ward point; no OpenStreetMap evidence to corroborate it.	Arusha City	83.5	>25 km (outside catchment)	Arusha City	83.5	>25 km (outside catchment)	Arusha (Sakina, Kijenge, Ilboru)	no					
AU_ward_longido-district-council_ketumbeine	ward	Ketumbeine	Longido District Council	Arusha	Longido	False	10203	5024	5179	2230	4.6	Table 2.4, PDF page 59 (printed page 33), row 4				none		No reference point found in Wikipedia, OpenStreetMap or the gazetteer.			unknown			unknown		unknown					
AU_ward_longido-district-council_elangatadapash	ward	Elang'atadapash	Longido District Council	Arusha	Longido	False	6528	2987	3541	1468	4.4	Table 2.4, PDF page 59 (printed page 33), row 5	-2.93375	36.2329	estimated	wikipedia	Elang'ata Dapash	Wikipedia ward point; no OpenStreetMap evidence to corroborate it.	Arusha City	66.6	>25 km (outside catchment)	Arusha City	66.6	>25 km (outside catchment)	Arusha (Sakina, Kijenge, Ilboru)	no					
AU_ward_longido-district-council_ilorienito	ward	Ilorienito	Longido District Council	Arusha	Longido	False	6932	3031	3901	1615	4.3	Table 2.4, PDF page 59 (printed page 33), row 6				none		No reference point found in Wikipedia, OpenStreetMap or the gazetteer.			unknown			unknown		unknown					
AU_ward_longido-district-council_gelai-meirugoi	ward	Gelai Meirugoi	Longido District Council	Arusha	Longido	False	12474	5720	6754	3051	4.1	Table 2.4, PDF page 59 (printed page 33), row 7	-2.71583333	36.04194444	estimated	wikipedia	Gelai Meirugoi	Wikipedia ward point; no OpenStreetMap evidence to corroborate it.	Arusha City	98.7	>25 km (outside catchment)	Arusha City	98.7	>25 km (outside catchment)	Arusha (Sakina, Kijenge, Ilboru)	no					
AU_ward_longido-district-council_gelai-lumbwa	ward	Gelai Lumbwa	Longido District Council	Arusha	Longido	False	9932	4621	5311	2190	4.5	Table 2.4, PDF page 59 (printed page 33), row 8	-2.53777778	36.18861111	estimated	wikipedia	Gelai Lumbwa	Wikipedia ward point; no OpenStreetMap evidence to corroborate it.	Arusha City	104.7	>25 km (outside catchment)	Arusha City	104.7	>25 km (outside catchment)	Arusha (Sakina, Kijenge, Ilboru)	no					
AU_ward_longido-district-council_noondoto	ward	Noondoto	Longido District Council	Arusha	Longido	False	5808	2738	3070	1342	4.3	Table 2.4, PDF page 59 (printed page 33), row 9				none		No reference point found in Wikipedia, OpenStreetMap or the gazetteer.			unknown			unknown		unknown					
AU_ward_longido-district-council_engikaret	ward	Engikaret	Longido District Council	Arusha	Longido	False	8298	3722	4576	1958	4.2	Table 2.4, PDF page 59 (printed page 33), row 10	-3.0078	36.6937	estimated	wikipedia	Engikaret	Wikipedia ward point; no OpenStreetMap evidence to corroborate it.	Ilboru	37.7	>25 km (outside catchment)	Arusha City	38.5	>25 km (outside catchment)	Arusha (Sakina, Kijenge, Ilboru)	no					
AU_ward_longido-district-council_kimokouwa	ward	Kimokouwa	Longido District Council	Arusha	Longido	False	14435	6933	7502	3548	4.1	Table 2.4, PDF page 59 (printed page 33), row 11	-2.6271	36.7256	estimated	wikipedia	Kimokouwa	Wikipedia ward point; no OpenStreetMap evidence to corroborate it.	Ilboru	80.1	>25 km (outside catchment)	Arusha City	81.0	>25 km (outside catchment)	Arusha (Sakina, Kijenge, Ilboru)	no					
AU_ward_longido-district-council_namanga	ward	Namanga	Longido District Council	Arusha	Longido	False	12340	5922	6418	4299	2.9	Table 2.4, PDF page 59 (printed page 33), row 12	-2.55	36.76666667	estimated	wikipedia	Namanga (Tanzanian ward)	Wikipedia ward point; no OpenStreetMap evidence to corroborate it.	Ilboru	89.0	>25 km (outside catchment)	Arusha City	90.0	>25 km (outside catchment)	Arusha (Sakina, Kijenge, Ilboru)	no					
AU_ward_longido-district-council_orbomba	ward	Orbomba	Longido District Council	Arusha	Longido	False	11060	5202	5858	2523	4.4	Table 2.4, PDF page 59 (printed page 33), row 13	-2.729	36.6912	estimated	wikipedia	Orbomba	Wikipedia ward point; no OpenStreetMap evidence to corroborate it.	Ilboru	68.7	>25 km (outside catchment)	Arusha City	69.4	>25 km (outside catchment)	Arusha (Sakina, Kijenge, Ilboru)	no					
AU_ward_longido-district-council_longido	ward	Longido	Longido District Council	Arusha	Longido	False	3948	1836	2112	1181	3.3	Table 2.4, PDF page 59 (printed page 33), row 14	-2.7325	36.69833333	estimated	wikipedia	Longido, Longido District	Wikipedia ward point; no OpenStreetMap evidence to corroborate it.	Ilboru	68.3	>25 km (outside catchment)	Arusha City	69.1	>25 km (outside catchment)	Arusha (Sakina, Kijenge, Ilboru)	no					
AU_ward_longido-district-council_tingatinga	ward	Tingatinga	Longido District Council	Arusha	Longido	False	8262	3629	4633	1946	4.2	Table 2.4, PDF page 59 (printed page 33), row 15				none		No reference point found in Wikipedia, OpenStreetMap or the gazetteer.			unknown			unknown		unknown					
AU_ward_longido-district-council_olmolog	ward	Olmolog	Longido District Council	Arusha	Longido	False	12536	5913	6623	2906	4.3	Table 2.4, PDF page 59 (printed page 33), row 16	-2.83256944	37.08568889	estimated	wikipedia	Olmolog	Wikipedia ward point; no OpenStreetMap evidence to corroborate it.	Boma Ngombe	56.1	>25 km (outside catchment)	Usa River	64.1	>25 km (outside catchment)	Boma Ng'ombe	no					
AU_ward_longido-district-council_kamwanga	ward	Kamwanga	Longido District Council	Arusha	Longido	False	13053	6190	6863	3060	4.3	Table 2.4, PDF page 59 (printed page 33), row 17	-2.8787	36.3658	estimated	wikipedia	Kamwanga	Wikipedia ward point; no OpenStreetMap evidence to corroborate it.	Arusha City	62.1	>25 km (outside catchment)	Arusha City	62.1	>25 km (outside catchment)	Arusha (Sakina, Kijenge, Ilboru)	no					
AU_ward_longido-district-council_sinya	ward	Sinya	Longido District Council	Arusha	Longido	False	5097	2175	2922	1190	4.3	Table 2.4, PDF page 59 (printed page 33), row 18				none		No reference point found in Wikipedia, OpenStreetMap or the gazetteer.			unknown			unknown		unknown					
AU_ward_meru-district-council_ngarenanyuki	ward	Ngarenanyuki	Meru District Council	Arusha	Arumeru	True	10078	4924	5154	2662	3.8	Table 2.2, PDF page 57 (printed page 31), row 1	-3.18762	36.836161	estimated	osm_places_listed_under_ward_name	node/3320906332; node/3320914258; node/7815949060; node/9107682566	Centre of 4 OpenStreetMap places listed under 'Ngarenanyuki' (spread 7.2 km); no Wikipedia ward point.	Usa River	19.9	16-20 km	Usa River	19.9	16-20 km	Usa River	yes	19.2	P4	15	2 of 5	"{""population_2022_relative"": 9.2, ""transport_band"": 10.0, ""access_readiness"": 0, ""convening_opportunity"": 0, ""observed_yield"": 0}"
AU_ward_meru-district-council_leguruki	ward	Leguruki	Meru District Council	Arusha	Arumeru	True	9528	4588	4940	2319	4.1	Table 2.2, PDF page 57 (printed page 31), row 2	-3.254101	36.9354463	estimated	osm_place	node/7815949057	OpenStreetMap village 'Leguruki'; no Wikipedia ward point.	Usa River	14.7	11-15 km	Usa River	14.7	11-15 km	Usa River	yes	22.6	P3	13	2 of 5	"{""population_2022_relative"": 7.6, ""transport_band"": 15.0, ""access_readiness"": 0, ""convening_opportunity"": 0, ""observed_yield"": 0}"
AU_ward_meru-district-council_kingori	ward	King'ori	Meru District Council	Arusha	Arumeru	True	13034	6246	6788	3343	3.9	Table 2.2, PDF page 57 (printed page 31), row 3	-3.3791975	37.0213818	estimated	osm_place	node/282573272	OpenStreetMap village 'Kingori'; no Wikipedia ward point.	Boma Ngombe	13.9	11-15 km	Usa River	17.6	16-20 km	Boma Ng'ombe	yes	28.3	P3	6	2 of 5	"{""population_2022_relative"": 15.8, ""transport_band"": 12.5, ""access_readiness"": 0, ""convening_opportunity"": 0, ""observed_yield"": 0}"
AU_ward_meru-district-council_maji-ya-chai	ward	Maji ya Chai	Meru District Council	Arusha	Arumeru	True	19779	9389	10390	5222	3.8	Table 2.2, PDF page 57 (printed page 31), row 4	-3.3455	36.89794444	estimated	wikipedia	Maji ya Chai	Wikipedia ward point, corroborated by the OpenStreetMap neighbourhood 'Maji ya  Chai, Maji ya Chai' 2.9 km away.	Usa River	4.4	0-5 km	Usa River	4.4	0-5 km	Usa River	yes	49.7	P1	3	2 of 5	"{""population_2022_relative"": 24.7, ""transport_band"": 25.0, ""access_readiness"": 0, ""convening_opportunity"": 0, ""observed_yield"": 0}"
AU_ward_meru-district-council_kikatiti	ward	Kikatiti	Meru District Council	Arusha	Arumeru	True	21611	10458	11153	5840	3.7	Table 2.2, PDF page 57 (printed page 31), row 5	-3.38918056	36.94512222	estimated	wikipedia	Kikatiti	Wikipedia ward point, corroborated by the OpenStreetMap village 'Kikatiti' 0.0 km away.	Usa River	9.5	6-10 km	Usa River	9.5	6-10 km	Usa River	yes	45.8	P1	4	2 of 5	"{""population_2022_relative"": 25.8, ""transport_band"": 20.0, ""access_readiness"": 0, ""convening_opportunity"": 0, ""observed_yield"": 0}"
AU_ward_meru-district-council_ngabobo	ward	Ngabobo	Meru District Council	Arusha	Arumeru	True	4184	2019	2165	983	4.3	Table 2.2, PDF page 57 (printed page 31), row 6	-3.1101884	36.9010014	estimated	osm_place	node/7815949063	OpenStreetMap village 'Ngabobo'; no Wikipedia ward point.	Usa River	28.6	>25 km (outside catchment)	Usa River	28.6	>25 km (outside catchment)	Usa River	no					
AU_ward_meru-district-council_uwiro	ward	Uwiro	Meru District Council	Arusha	Arumeru	True	11762	5792	5970	2947	4.0	Table 2.2, PDF page 57 (printed page 31), row 7				none		No reference point found in Wikipedia, OpenStreetMap or the gazetteer.			unknown			unknown		unknown					
AU_ward_meru-district-council_maruvango	ward	Maruvango	Meru District Council	Arusha	Arumeru	True	9796	4795	5001	2385	4.1	Table 2.2, PDF page 57 (printed page 31), row 8	-3.2554507	36.9860005	estimated	osm_place	node/7815949051	OpenStreetMap neighbourhood 'Maruvango, Leguruki'; no Wikipedia ward point.	Usa River	18.2	16-20 km	Usa River	18.2	16-20 km	Usa River	yes	18.7	P4	16	2 of 5	"{""population_2022_relative"": 8.7, ""transport_band"": 10.0, ""access_readiness"": 0, ""convening_opportunity"": 0, ""observed_yield"": 0}"
AU_ward_meru-district-council_malula	ward	Malula	Meru District Council	Arusha	Arumeru	True	12526	5979	6547	3422	3.7	Table 2.2, PDF page 57 (printed page 31), row 9	-3.3908749	37.0458552	estimated	osm_place	node/7237321671	OpenStreetMap village 'Malula'; no Wikipedia ward point.	Boma Ngombe	12.0	11-15 km	Usa River	20.5	21-25 km	Boma Ng'ombe	yes	24.5	P3	13	2 of 5	"{""population_2022_relative"": 14.5, ""transport_band"": 10.0, ""access_readiness"": 0, ""convening_opportunity"": 0, ""observed_yield"": 0}"
AU_ward_meru-district-council_imbaseni	ward	Imbaseni	Meru District Council	Arusha	Arumeru	True	29770	13938	15832	8777	3.4	Table 2.2, PDF page 57 (printed page 31), row 10	-3.3713475	36.8885441	estimated	osm_place	node/7815949035	OpenStreetMap neighbourhood 'Imbaseny, Maji ya Chai'; no Wikipedia ward point.	Usa River	2.9	0-5 km	Usa River	2.9	0-5 km	Usa River	yes	53.2	P1	2	2 of 5	"{""population_2022_relative"": 28.2, ""transport_band"": 25.0, ""access_readiness"": 0, ""convening_opportunity"": 0, ""observed_yield"": 0}"
AU_ward_meru-district-council_usariver	ward	Usariver	Meru District Council	Arusha	Arumeru	True	29938	14374	15564	9203	3.3	Table 2.2, PDF page 57 (printed page 31), row 11	-3.3713	36.8583	estimated	wikipedia	Usa River, Meru District, Arusha	Wikipedia ward point, corroborated by the OpenStreetMap town 'Usa River' 0.0 km away.	Usa River	0.9	0-5 km	Usa River	0.9	0-5 km	Usa River	yes	53.4	P1	1	2 of 5	"{""population_2022_relative"": 28.4, ""transport_band"": 25.0, ""access_readiness"": 0, ""convening_opportunity"": 0, ""observed_yield"": 0}"
AU_ward_meru-district-council_nkoaranga	ward	Nkoaranga	Meru District Council	Arusha	Arumeru	True	10229	5013	5216	2818	3.6	Table 2.2, PDF page 57 (printed page 31), row 12	-3.346253	36.83849	estimated	osm_places_listed_under_ward_name	node/7815949026; node/7815949032	Centre of 2 OpenStreetMap places listed under 'Nkoaranga' (spread 2.1 km); no Wikipedia ward point.	Usa River	3.4	0-5 km	Usa River	3.4	0-5 km	Usa River	yes	34.7	P2	6	2 of 5	"{""population_2022_relative"": 9.7, ""transport_band"": 25.0, ""access_readiness"": 0, ""convening_opportunity"": 0, ""observed_yield"": 0}"
AU_ward_meru-district-council_poli	ward	Poli	Meru District Council	Arusha	Arumeru	True	11399	5530	5869	3378	3.4	Table 2.2, PDF page 57 (printed page 31), row 13	-3.3494181	36.7976951	estimated	osm_facility	way/665952183	Reviewed override (links.json): Agent decision 23 September 2026, for review: 'Poli Health Centre' (OpenStreetMap way/665952183, data/raw/government-research/osm_named_facilities_2026-09-23.json) lies inside the Meru district boundary, and no other council has a ward named Poli. No place node, ward office or Wikipedia article gives the ward a point.	Usa River	7.5	6-10 km	Usa River	7.5	6-10 km	Usa River	yes	31.8	P2	8	2 of 5	"{""population_2022_relative"": 11.8, ""transport_band"": 20.0, ""access_readiness"": 0, ""convening_opportunity"": 0, ""observed_yield"": 0}"
AU_ward_meru-district-council_seela-singisi	ward	Seela Sing'isi	Meru District Council	Arusha	Arumeru	True	11756	5746	6010	3485	3.4	Table 2.2, PDF page 57 (printed page 31), row 14	-3.3732	36.8062	estimated	wikipedia	Seela Sing'isi	Wikipedia ward point, corroborated by the OpenStreetMap place 'Singisi, Seela Sing Isi', listed under 'Seela Sing Isi' 1.4 km away.	Usa River	6.4	6-10 km	Usa River	6.4	6-10 km	Usa River	yes	32.9	P2	7	2 of 5	"{""population_2022_relative"": 12.9, ""transport_band"": 20.0, ""access_readiness"": 0, ""convening_opportunity"": 0, ""observed_yield"": 0}"
AU_ward_meru-district-council_akheri	ward	Akheri	Meru District Council	Arusha	Arumeru	True	17236	8241	8995	5291	3.3	Table 2.2, PDF page 57 (printed page 31), row 15	-3.363202	36.7762	estimated	osm_places_listed_under_ward_name	node/7495227352	OpenStreetMap place 'Patandi, AKheri', listed under 'AKheri'; no Wikipedia ward point.	Kijenge	7.7	6-10 km	Usa River	9.7	6-10 km	Arusha (Sakina, Kijenge, Ilboru)	yes	41.6	P1	20	2 of 5	"{""population_2022_relative"": 21.6, ""transport_band"": 20.0, ""access_readiness"": 0, ""convening_opportunity"": 0, ""observed_yield"": 0}"
AU_ward_meru-district-council_nkoanrua	ward	Nkoanrua	Meru District Council	Arusha	Arumeru	True	8679	4297	4382	2446	3.5	Table 2.2, PDF page 57 (printed page 31), row 16	-3.35	36.76666667	estimated	wikipedia	Nkoanrua	Wikipedia ward point, corroborated by the OpenStreetMap place 'Ndoombo Nkoarisambu, Nkoanrua', listed under 'Nkoanrua' 2.0 km away.	Kijenge	7.3	6-10 km	Usa River	10.8	11-15 km	Arusha (Sakina, Kijenge, Ilboru)	yes	23.3	P3	45	2 of 5	"{""population_2022_relative"": 5.8, ""transport_band"": 17.5, ""access_readiness"": 0, ""convening_opportunity"": 0, ""observed_yield"": 0}"
AU_ward_meru-district-council_songoro	ward	Songoro	Meru District Council	Arusha	Arumeru	True	10813	5462	5351	2849	3.8	Table 2.2, PDF page 57 (printed page 31), row 17	-3.3256	36.8283	estimated	wikipedia	Songoro, Meru	Wikipedia ward point; no OpenStreetMap evidence to corroborate it.	Usa River	5.8	6-10 km	Usa River	5.8	6-10 km	Usa River	yes	30.8	P2	9	2 of 5	"{""population_2022_relative"": 10.8, ""transport_band"": 20.0, ""access_readiness"": 0, ""convening_opportunity"": 0, ""observed_yield"": 0}"
AU_ward_meru-district-council_nkoarisambu	ward	Nkoarisambu	Meru District Council	Arusha	Arumeru	True	6892	3328	3564	1944	3.5	Table 2.2, PDF page 57 (printed page 31), row 18	-3.3370905	36.7777156	estimated	osm_facility	way/666172884	Reviewed override (links.json): Agent decision 23 September 2026, for review: 'Nkoarisambu Dispensary' (OpenStreetMap way/666172884, data/raw/government-research/osm_named_facilities_2026-09-23.json) lies inside the Meru district boundary, and no other council has a ward named Nkoarisambu. No place node, ward office or Wikipedia article gives the ward a point.	Kijenge	9.1	6-10 km	Usa River	10.0	6-10 km	Arusha (Sakina, Kijenge, Ilboru)	yes	22.9	P3	46	2 of 5	"{""population_2022_relative"": 2.9, ""transport_band"": 20.0, ""access_readiness"": 0, ""convening_opportunity"": 0, ""observed_yield"": 0}"
AU_ward_meru-district-council_nkoanekoli	ward	Nkoanekoli	Meru District Council	Arusha	Arumeru	True	4623	2294	2329	1295	3.6	Table 2.2, PDF page 57 (printed page 31), row 19	-3.3398742	36.8517695	estimated	osm_place	node/7815949023	OpenStreetMap neighbourhood 'Nkoanekoli'; no Wikipedia ward point.	Usa River	3.0	0-5 km	Usa River	3.0	0-5 km	Usa River	yes	26.3	P3	10	2 of 5	"{""population_2022_relative"": 1.3, ""transport_band"": 25.0, ""access_readiness"": 0, ""convening_opportunity"": 0, ""observed_yield"": 0}"
AU_ward_meru-district-council_ambureni	ward	Ambureni	Meru District Council	Arusha	Arumeru	True	16971	7859	9112	4944	3.4	Table 2.2, PDF page 57 (printed page 31), row 20				none		No reference point found in Wikipedia, OpenStreetMap or the gazetteer.			unknown			unknown		unknown					
AU_ward_meru-district-council_maroroni	ward	Maroroni	Meru District Council	Arusha	Arumeru	True	16113	8114	7999	4162	3.9	Table 2.2, PDF page 57 (printed page 31), row 21	-3.4375087	36.9120128	estimated	osm_place	node/846797787	OpenStreetMap neighbourhood 'Maroroni, Maroroni'; no Wikipedia ward point.	Usa River	9.8	6-10 km	Usa River	9.8	6-10 km	Usa River	yes	40.3	P1	5	2 of 5	"{""population_2022_relative"": 20.3, ""transport_band"": 20.0, ""access_readiness"": 0, ""convening_opportunity"": 0, ""observed_yield"": 0}"
AU_ward_meru-district-council_makiba	ward	Makiba	Meru District Council	Arusha	Arumeru	True	10294	5012	5282	2684	3.8	Table 2.2, PDF page 57 (printed page 31), row 22	-3.5130284	36.9423463	address	osm_ward_office	node/9392133492	The ward office as mapped in OpenStreetMap ('Makiba Ward Building'; office name matches the ward inside the council's district).	Usa River	18.7	16-20 km	Usa River	18.7	16-20 km	Usa River	yes	20.0	P3	14	2 of 5	"{""population_2022_relative"": 10.0, ""transport_band"": 10.0, ""access_readiness"": 0, ""convening_opportunity"": 0, ""observed_yield"": 0}"
AU_ward_meru-district-council_mbuguni	ward	Mbuguni	Meru District Council	Arusha	Arumeru	True	10026	5041	4985	2665	3.8	Table 2.2, PDF page 57 (printed page 31), row 23	-3.56666667	36.95	estimated	wikipedia	Mbuguni	Wikipedia ward point, corroborated by the OpenStreetMap village 'Mbuguni' 4.1 km away.	Usa River	24.5	21-25 km	Usa River	24.5	21-25 km	Usa River	yes	13.9	P4	17	2 of 5	"{""population_2022_relative"": 8.9, ""transport_band"": 5.0, ""access_readiness"": 0, ""convening_opportunity"": 0, ""observed_yield"": 0}"
AU_ward_meru-district-council_kikwe	ward	Kikwe	Meru District Council	Arusha	Arumeru	True	10965	5689	5276	3030	3.6	Table 2.2, PDF page 57 (printed page 31), row 24	-3.483384	36.877657	estimated	osm_places_listed_under_ward_name	node/846797430; node/846798756; node/7815949042	Centre of 3 OpenStreetMap places listed under 'Kikwe' (spread 5.8 km); no Wikipedia ward point.	Usa River	13.3	11-15 km	Usa River	13.3	11-15 km	Usa River	yes	26.1	P3	11	2 of 5	"{""population_2022_relative"": 11.1, ""transport_band"": 15.0, ""access_readiness"": 0, ""convening_opportunity"": 0, ""observed_yield"": 0}"
AU_ward_meru-district-council_majengo	ward	Majengo	Meru District Council	Arusha	Arumeru	True	6570	3195	3375	1536	4.3	Table 2.2, PDF page 57 (printed page 31), row 25				none		No reference point found in Wikipedia, OpenStreetMap or the gazetteer.			unknown			unknown		unknown					
AU_ward_meru-district-council_shambarai-burka	ward	Shambarai Burka	Meru District Council	Arusha	Arumeru	True	7031	3474	3557	1881	3.7	Table 2.2, PDF page 57 (printed page 31), row 26	-3.5666559	36.8992687	estimated	osm_place	node/7815949040	OpenStreetMap hamlet 'Shambarai Burka, Mbuguni'; no Wikipedia ward point.	Usa River	22.8	21-25 km	Usa River	22.8	21-25 km	Usa River	yes	8.2	P4	18	2 of 5	"{""population_2022_relative"": 3.2, ""transport_band"": 5.0, ""access_readiness"": 0, ""convening_opportunity"": 0, ""observed_yield"": 0}"
AU_ward_monduli-district-council_monduli-juu	ward	Monduli Juu	Monduli District Council	Arusha	Monduli	False	15051	6863	8188	3234	4.7	Table 2.1, PDF page 56 (printed page 30), row 1	-3.2991222	36.445283	estimated	wikipedia	Monduli Juu, Monduli District	Wikipedia ward point; no OpenStreetMap evidence to corroborate it.	Arusha City	24.7	21-25 km	Arusha City	24.7	21-25 km	Arusha (Sakina, Kijenge, Ilboru)	yes	24.2	P3	44	2 of 5	"{""population_2022_relative"": 19.2, ""transport_band"": 5.0, ""access_readiness"": 0, ""convening_opportunity"": 0, ""observed_yield"": 0}"
AU_ward_monduli-district-council_engutoto	ward	Engutoto	Monduli District Council	Arusha	Monduli	False	9643	4468	5175	2336	4.1	Table 2.1, PDF page 56 (printed page 30), row 2	-3.3128	36.4485	estimated	wikipedia	Engutoto, Monduli	Wikipedia ward point; no OpenStreetMap evidence to corroborate it.	Arusha City	24.0	21-25 km	Arusha City	24.0	21-25 km	Arusha (Sakina, Kijenge, Ilboru)	yes	12.9	P4	50	2 of 5	"{""population_2022_relative"": 7.9, ""transport_band"": 5.0, ""access_readiness"": 0, ""convening_opportunity"": 0, ""observed_yield"": 0}"
AU_ward_monduli-district-council_monduli-mjini	ward	Monduli Mjini	Monduli District Council	Arusha	Monduli	False	7608	3678	3930	2410	3.2	Table 2.1, PDF page 56 (printed page 30), row 3	-3.3029	36.4454	estimated	wikipedia	Monduli Mjini, Monduli District	Wikipedia ward point; no OpenStreetMap evidence to corroborate it.	Arusha City	24.6	21-25 km	Arusha City	24.6	21-25 km	Arusha (Sakina, Kijenge, Ilboru)	yes	9.5	P4	52	2 of 5	"{""population_2022_relative"": 4.5, ""transport_band"": 5.0, ""access_readiness"": 0, ""convening_opportunity"": 0, ""observed_yield"": 0}"
AU_ward_monduli-district-council_moita	ward	Moita	Monduli District Council	Arusha	Monduli	False	14666	6661	8005	3146	4.7	Table 2.1, PDF page 56 (printed page 30), row 4	-3.4864407	36.5650896	estimated	wikipedia	Moita (Tanzanian ward)	Wikipedia ward point; the weaker OpenStreetMap hamlet 'Moita, Moita' is 14.4 km away (see Review Queue).	Arusha City	18.3	16-20 km	Arusha City	18.3	16-20 km	Arusha (Sakina, Kijenge, Ilboru)	yes	28.4	P3	39	2 of 5	"{""population_2022_relative"": 18.4, ""transport_band"": 10.0, ""access_readiness"": 0, ""convening_opportunity"": 0, ""observed_yield"": 0}"
AU_ward_monduli-district-council_sepeko	ward	Sepeko	Monduli District Council	Arusha	Monduli	False	13633	6205	7428	2911	4.7	Table 2.1, PDF page 56 (printed page 30), row 5	-3.3916905	36.328802	estimated	wikipedia	Sepeko	Wikipedia ward point; no OpenStreetMap evidence to corroborate it.	Arusha City	37.2	>25 km (outside catchment)	Arusha City	37.2	>25 km (outside catchment)	Arusha (Sakina, Kijenge, Ilboru)	no					
AU_ward_monduli-district-council_lolkisale	ward	Lolkisale	Monduli District Council	Arusha	Monduli	False	9466	4665	4801	2190	4.3	Table 2.1, PDF page 56 (printed page 30), row 6	-3.76666667	36.41666667	estimated	wikipedia	Lolkisale	Wikipedia ward point; no OpenStreetMap evidence to corroborate it.	Arusha City	53.4	>25 km (outside catchment)	Arusha City	53.4	>25 km (outside catchment)	Arusha (Sakina, Kijenge, Ilboru)	no					
AU_ward_monduli-district-council_lepurko	ward	Lepurko	Monduli District Council	Arusha	Monduli	False	12988	5694	7294	3009	4.3	Table 2.1, PDF page 56 (printed page 30), row 7	-3.4118	36.2171	estimated	wikipedia	Lepurko	Wikipedia ward point; no OpenStreetMap evidence to corroborate it.	Arusha City	49.7	>25 km (outside catchment)	Arusha City	49.7	>25 km (outside catchment)	Arusha (Sakina, Kijenge, Ilboru)	no					
AU_ward_monduli-district-council_meserani	ward	Meserani	Monduli District Council	Arusha	Monduli	False	10771	4670	6101	2685	4.0	Table 2.1, PDF page 56 (printed page 30), row 8	-3.4098	36.4857	estimated	wikipedia	Meserani, Monduli	Wikipedia ward point; no OpenStreetMap evidence to corroborate it.	Arusha City	20.5	21-25 km	Arusha City	20.5	21-25 km	Arusha (Sakina, Kijenge, Ilboru)	yes	15.5	P4	49	2 of 5	"{""population_2022_relative"": 10.5, ""transport_band"": 5.0, ""access_readiness"": 0, ""convening_opportunity"": 0, ""observed_yield"": 0}"
AU_ward_monduli-district-council_mfereji	ward	Mfereji	Monduli District Council	Arusha	Monduli	False	8221	3629	4592	1997	4.1	Table 2.1, PDF page 56 (printed page 30), row 9	-3.123992	36.4672011	estimated	osm_place	node/8038398155	OpenStreetMap village 'Mfereji'; no Wikipedia ward point.	Arusha City	33.3	>25 km (outside catchment)	Arusha City	33.3	>25 km (outside catchment)	Arusha (Sakina, Kijenge, Ilboru)	no					
AU_ward_monduli-district-council_lashaine	ward	Lashaine	Monduli District Council	Arusha	Monduli	False	5132	2298	2834	1104	4.6	Table 2.1, PDF page 56 (printed page 30), row 10				none		No reference point found in Wikipedia, OpenStreetMap or the gazetteer.			unknown			unknown		unknown					
AU_ward_monduli-district-council_naalarami	ward	Naalarami	Monduli District Council	Arusha	Monduli	False	4550	2057	2493	1020	4.5	Table 2.1, PDF page 56 (printed page 30), row 11				none		No reference point found in Wikipedia, OpenStreetMap or the gazetteer.			unknown			unknown		unknown					
AU_ward_monduli-district-council_lemooti	ward	Lemooti	Monduli District Council	Arusha	Monduli	False	7474	3776	3698	1582	4.7	Table 2.1, PDF page 56 (printed page 30), row 12				none		No reference point found in Wikipedia, OpenStreetMap or the gazetteer.			unknown			unknown		unknown					
AU_ward_monduli-district-council_makuyuni	ward	Makuyuni	Monduli District Council	Arusha	Monduli	False	14803	6955	7848	3555	4.2	Table 2.1, PDF page 56 (printed page 30), row 13	-3.546553	36.1045503	estimated	wikipedia	Makuyuni, Monduli	Wikipedia ward point; no OpenStreetMap evidence to corroborate it.	Arusha City	65.4	>25 km (outside catchment)	Arusha City	65.4	>25 km (outside catchment)	Arusha (Sakina, Kijenge, Ilboru)	no					
AU_ward_monduli-district-council_esilalei	ward	Esilalei	Monduli District Council	Arusha	Monduli	False	29020	13021	15999	7392	3.9	Table 2.1, PDF page 56 (printed page 30), row 14	-3.48672	35.9342	estimated	wikipedia	Esilalei	Wikipedia ward point; no OpenStreetMap evidence to corroborate it.	Arusha City	82.1	>25 km (outside catchment)	Arusha City	82.1	>25 km (outside catchment)	Arusha (Sakina, Kijenge, Ilboru)	no					
AU_ward_monduli-district-council_mswakini	ward	Mswakini	Monduli District Council	Arusha	Monduli	False	7803	3626	4177	1636	4.8	Table 2.1, PDF page 56 (printed page 30), row 15				none		No reference point found in Wikipedia, OpenStreetMap or the gazetteer.			unknown			unknown		unknown					
AU_ward_monduli-district-council_engaruka	ward	Engaruka	Monduli District Council	Arusha	Monduli	False	17187	7608	9579	4016	4.3	Table 2.1, PDF page 56 (printed page 30), row 16	-2.98333333	35.95	estimated	wikipedia	Engaruka, Monduli	Wikipedia ward point; no OpenStreetMap evidence to corroborate it.	Arusha City	89.0	>25 km (outside catchment)	Arusha City	89.0	>25 km (outside catchment)	Arusha (Sakina, Kijenge, Ilboru)	no					
AU_ward_monduli-district-council_selela	ward	Selela	Monduli District Council	Arusha	Monduli	False	14275	6474	7801	3307	4.3	Table 2.1, PDF page 56 (printed page 30), row 17	-3.205	35.944	estimated	wikipedia	Selela	Wikipedia ward point; no OpenStreetMap evidence to corroborate it.	Arusha City	81.3	>25 km (outside catchment)	Arusha City	81.3	>25 km (outside catchment)	Arusha (Sakina, Kijenge, Ilboru)	no					
AU_ward_monduli-district-council_mto-wa-mbu	ward	Mto wa Mbu	Monduli District Council	Arusha	Monduli	False	7995	3885	4110	2480	3.2	Table 2.1, PDF page 56 (printed page 30), row 18	-3.35	35.85	estimated	wikipedia	Mto wa Mbu	Wikipedia ward point; no OpenStreetMap evidence to corroborate it.	Arusha City	90.1	>25 km (outside catchment)	Arusha City	90.1	>25 km (outside catchment)	Arusha (Sakina, Kijenge, Ilboru)	no					
AU_ward_monduli-district-council_majengo	ward	Majengo	Monduli District Council	Arusha	Monduli	False	9568	4756	4812	2766	3.5	Table 2.1, PDF page 56 (printed page 30), row 19				none		No reference point found in Wikipedia, OpenStreetMap or the gazetteer.			unknown			unknown		unknown					
AU_ward_monduli-district-council_migungani	ward	Migungani	Monduli District Council	Arusha	Monduli	False	7731	3753	3978	2277	3.4	Table 2.1, PDF page 56 (printed page 30), row 20				none		No reference point found in Wikipedia, OpenStreetMap or the gazetteer.			unknown			unknown		unknown					
AU_ward_moshi-district-council_kindi	ward	Kindi	Moshi District Council	Kilimanjaro	Moshi	False	34045	16413	17632	8721	3.9	Table 3.5, PDF page 69 (printed page 43), row 1	-3.2830093	37.2783842	estimated	osm_place	node/8019687301	Reviewed override (links.json): Agent decision 23 September 2026, for review: keeps the OpenStreetMap village 'Kindi'. 'Kindi Dispensary' (way/681492564, data/raw/government-research/osm_named_facilities_2026-09-23.json) lies 1.0 km from it, while the Wikipedia point is 13.5 km away.	Boma Ngombe	16.6	16-20 km	Usa River	47.0	>25 km (outside catchment)	Boma Ng'ombe	yes	33.9	P2	2	2 of 5	"{""population_2022_relative"": 28.9, ""transport_band"": 5.0, ""access_readiness"": 0, ""convening_opportunity"": 0, ""observed_yield"": 0}"
AU_ward_moshi-district-council_kibosho-magharibi	ward	Kibosho Magharibi	Moshi District Council	Kilimanjaro	Moshi	False	19129	9161	9968	5049	3.8	Table 3.5, PDF page 69 (printed page 43), row 2	-3.2509211	37.316152	estimated	wikipedia	Kibosho Magharibi	Wikipedia ward point; no OpenStreetMap evidence to corroborate it.	Boma Ngombe	21.8	21-25 km	Usa River	51.8	>25 km (outside catchment)	Boma Ng'ombe	yes	26.2	P3	9	2 of 5	"{""population_2022_relative"": 23.7, ""transport_band"": 2.5, ""access_readiness"": 0, ""convening_opportunity"": 0, ""observed_yield"": 0}"
AU_ward_moshi-district-council_kibosho-okaoni	ward	Kibosho Okaoni	Moshi District Council	Kilimanjaro	Moshi	False	9772	4601	5171	2746	3.6	Table 3.5, PDF page 69 (printed page 43), row 3				none		No reference point found in Wikipedia, OpenStreetMap or the gazetteer.			unknown			unknown		unknown					
AU_ward_moshi-district-council_kibosho-kati	ward	Kibosho Kati	Moshi District Council	Kilimanjaro	Moshi	False	9539	4466	5073	2582	3.7	Table 3.5, PDF page 69 (printed page 43), row 4	-3.17944444	37.32166667	estimated	wikipedia	Kibosho Kati	Wikipedia ward point; no OpenStreetMap evidence to corroborate it.	Boma Ngombe	26.7	>25 km (outside catchment)	Usa River	54.9	>25 km (outside catchment)	Boma Ng'ombe	no					
AU_ward_moshi-district-council_kibosho-kirima	ward	Kibosho Kirima	Moshi District Council	Kilimanjaro	Moshi	False	11192	5298	5894	2834	3.9	Table 3.5, PDF page 69 (printed page 43), row 5				none		No reference point found in Wikipedia, OpenStreetMap or the gazetteer.			unknown			unknown		unknown					
AU_ward_moshi-district-council_kibosho-mashariki	ward	Kibosho Mashariki	Moshi District Council	Kilimanjaro	Moshi	False	13996	7634	6362	3264	4.3	Table 3.5, PDF page 69 (printed page 43), row 6	-3.2489064	37.322037	estimated	wikipedia	Kibosho Mashariki	Wikipedia ward point; no OpenStreetMap evidence to corroborate it.	Boma Ngombe	22.5	21-25 km	Usa River	52.5	>25 km (outside catchment)	Boma Ng'ombe	yes	19.6	P4	21	2 of 5	"{""population_2022_relative"": 17.1, ""transport_band"": 2.5, ""access_readiness"": 0, ""convening_opportunity"": 0, ""observed_yield"": 0}"
AU_ward_moshi-district-council_uru-kusini	ward	Uru Kusini	Moshi District Council	Kilimanjaro	Moshi	False	31557	15467	16090	9511	3.3	Table 3.5, PDF page 69 (printed page 43), row 7	-3.29809104	37.3276561	estimated	wikipedia	Uru Kusini	Wikipedia ward point; no OpenStreetMap evidence to corroborate it.	Boma Ngombe	21.4	21-25 km	Usa River	52.1	>25 km (outside catchment)	Boma Ng'ombe	yes	31.2	P2	5	2 of 5	"{""population_2022_relative"": 28.7, ""transport_band"": 2.5, ""access_readiness"": 0, ""convening_opportunity"": 0, ""observed_yield"": 0}"
AU_ward_moshi-district-council_uru-kaskazini	ward	Uru Kaskazini	Moshi District Council	Kilimanjaro	Moshi	False	10817	5269	5548	2768	3.9	Table 3.5, PDF page 69 (printed page 43), row 8	-3.24652502	37.3554337	estimated	wikipedia	Uru Kaskazini	Wikipedia ward point; no OpenStreetMap evidence to corroborate it.	Boma Ngombe	26.0	>25 km (outside catchment)	Usa River	56.2	>25 km (outside catchment)	Boma Ng'ombe	no					
AU_ward_moshi-district-council_uru-shimbwe	ward	Uru Shimbwe	Moshi District Council	Kilimanjaro	Moshi	False	5218	2513	2705	1415	3.7	Table 3.5, PDF page 69 (printed page 43), row 9	-3.2598395	37.377217	estimated	wikipedia	Uru Shimbwe	Wikipedia ward point; no OpenStreetMap evidence to corroborate it.	Boma Ngombe	27.8	>25 km (outside catchment)	Usa River	58.2	>25 km (outside catchment)	Boma Ng'ombe	no					
AU_ward_moshi-district-council_uru-mashariki	ward	Uru Mashariki	Moshi District Council	Kilimanjaro	Moshi	False	14179	6806	7373	3857	3.7	Table 3.5, PDF page 69 (printed page 43), row 10	-3.2912787	37.3657159	estimated	wikipedia	Uru Mashariki	Wikipedia ward point; no OpenStreetMap evidence to corroborate it.	Boma Ngombe	25.7	>25 km (outside catchment)	Usa River	56.4	>25 km (outside catchment)	Boma Ng'ombe	no					
AU_ward_moshi-district-council_mbokomu	ward	Mbokomu	Moshi District Council	Kilimanjaro	Moshi	False	15899	7656	8243	4520	3.5	Table 3.5, PDF page 69 (printed page 43), row 11	-3.27916667	37.40222222	estimated	wikipedia	Mbokomu	Wikipedia ward point; no OpenStreetMap evidence to corroborate it.	Boma Ngombe	29.9	>25 km (outside catchment)	Usa River	60.6	>25 km (outside catchment)	Boma Ng'ombe	no					
AU_ward_moshi-district-council_old-moshi-magharibi	ward	Old Moshi Magharibi	Moshi District Council	Kilimanjaro	Moshi	False	8431	4107	4324	2309	3.7	Table 3.5, PDF page 69 (printed page 43), row 12	-3.3895	37.3898	estimated	wikipedia	Old Moshi Magharibi	Wikipedia ward point; no OpenStreetMap evidence to corroborate it.	Boma Ngombe	28.6	>25 km (outside catchment)	Usa River	58.5	>25 km (outside catchment)	Boma Ng'ombe	no					
AU_ward_moshi-district-council_old-moshi-mashariki	ward	Old Moshi Mashariki	Moshi District Council	Kilimanjaro	Moshi	False	10502	5110	5392	2865	3.7	Table 3.5, PDF page 69 (printed page 43), row 13	-3.30779928	37.4054276	estimated	wikipedia	Old Moshi Mashariki	Wikipedia ward point; no OpenStreetMap evidence to corroborate it.	Boma Ngombe	29.8	>25 km (outside catchment)	Usa River	60.5	>25 km (outside catchment)	Boma Ng'ombe	no					
AU_ward_moshi-district-council_kimochi	ward	Kimochi	Moshi District Council	Kilimanjaro	Moshi	False	16046	7592	8454	4392	3.7	Table 3.5, PDF page 69 (printed page 43), row 14				none		No reference point found in Wikipedia, OpenStreetMap or the gazetteer.			unknown			unknown		unknown					
AU_ward_moshi-district-council_arusha-chini	ward	Arusha Chini	Moshi District Council	Kilimanjaro	Moshi	False	13977	7115	6862	3735	3.7	Table 3.5, PDF page 69 (printed page 43), row 15	-3.532506	37.332043	estimated	osm_place	node/4025898210	OpenStreetMap village 'Arusha Chini'; the Wikipedia point is 5.7 km away (see Review Queue).	Boma Ngombe	30.8	>25 km (outside catchment)	Usa River	55.3	>25 km (outside catchment)	Boma Ng'ombe	no					
AU_ward_moshi-district-council_mabogini	ward	Mabogini	Moshi District Council	Kilimanjaro	Moshi	False	57231	28038	29193	15288	3.7	Table 3.5, PDF page 69 (printed page 43), row 16	-3.43246059	37.36092792	estimated	wikipedia	Mabogini	Wikipedia ward point, corroborated by the OpenStreetMap village 'Mabogini' 2.3 km away.	Boma Ngombe	27.0	>25 km (outside catchment)	Usa River	55.8	>25 km (outside catchment)	Boma Ng'ombe	no					
AU_ward_moshi-district-council_kirua-vunjo-magharibi	ward	Kirua Vunjo Magharibi	Moshi District Council	Kilimanjaro	Moshi	False	11785	5729	6056	3130	3.8	Table 3.5, PDF page 69 (printed page 43), row 17	-3.325259	37.432119	estimated	wikipedia	Kirua Vunjo Magharibi	Wikipedia ward point; no OpenStreetMap evidence to corroborate it.	Boma Ngombe	32.6	>25 km (outside catchment)	Usa River	63.3	>25 km (outside catchment)	Boma Ng'ombe	no					
AU_ward_moshi-district-council_kilema-kaskazini	ward	Kilema Kaskazini	Moshi District Council	Kilimanjaro	Moshi	False	7785	3771	4014	2035	3.8	Table 3.5, PDF page 69 (printed page 43), row 18	-3.2591847	37.4675116	estimated	wikipedia	Kilema Kaskazini	Wikipedia ward point; no OpenStreetMap evidence to corroborate it.	Boma Ngombe	37.5	>25 km (outside catchment)	Usa River	68.1	>25 km (outside catchment)	Boma Ng'ombe	no					
AU_ward_moshi-district-council_kilema-kati	ward	Kilema Kati	Moshi District Council	Kilimanjaro	Moshi	False	5019	2456	2563	1349	3.7	Table 3.5, PDF page 69 (printed page 43), row 19	-3.29491696	37.4942337	estimated	wikipedia	Kilema Kati	Wikipedia ward point; no OpenStreetMap evidence to corroborate it.	Boma Ngombe	39.8	>25 km (outside catchment)	Usa River	70.5	>25 km (outside catchment)	Boma Ng'ombe	no					
AU_ward_moshi-district-council_kahe-mashariki	ward	Kahe Mashariki	Moshi District Council	Kilimanjaro	Moshi	False	16286	8367	7919	4553	3.6	Table 3.5, PDF page 69 (printed page 43), row 20	-3.4719123	37.516016	estimated	wikipedia	Kahe Mashariki	Wikipedia ward point; no OpenStreetMap evidence to corroborate it.	Boma Ngombe	44.6	>25 km (outside catchment)	Usa River	73.4	>25 km (outside catchment)	Boma Ng'ombe	no					
AU_ward_moshi-district-council_kahe-magharibi	ward	Kahe Magharibi	Moshi District Council	Kilimanjaro	Moshi	False	24466	12436	12030	6568	3.7	Table 3.5, PDF page 69 (printed page 43), row 21				none		No reference point found in Wikipedia, OpenStreetMap or the gazetteer.			unknown			unknown		unknown					
AU_ward_moshi-district-council_kirua-vunjo-kusini	ward	Kirua Vunjo Kusini	Moshi District Council	Kilimanjaro	Moshi	False	27495	13135	14360	7130	3.9	Table 3.5, PDF page 69 (printed page 43), row 22	-3.39205723	37.4635979	estimated	wikipedia	Kirua Vunjo Kusini	Wikipedia ward point; no OpenStreetMap evidence to corroborate it.	Boma Ngombe	36.7	>25 km (outside catchment)	Usa River	66.7	>25 km (outside catchment)	Boma Ng'ombe	no					
AU_ward_moshi-district-council_kirua-vunjo-mashariki	ward	Kirua Vunjo Mashariki	Moshi District Council	Kilimanjaro	Moshi	False	7722	3821	3901	2134	3.6	Table 3.5, PDF page 69 (printed page 43), row 23	-3.34751017	37.4891024	estimated	wikipedia	Kirua Vunjo Mashariki	Wikipedia ward point; no OpenStreetMap evidence to corroborate it.	Boma Ngombe	39.0	>25 km (outside catchment)	Usa River	69.5	>25 km (outside catchment)	Boma Ng'ombe	no					
AU_ward_moshi-district-council_kilema-kusini	ward	Kilema Kusini	Moshi District Council	Kilimanjaro	Moshi	False	7815	3834	3981	2132	3.7	Table 3.5, PDF page 69 (printed page 43), row 24	-3.393159	37.52444	estimated	wikipedia	Kilema Kusini	Wikipedia ward point; no OpenStreetMap evidence to corroborate it.	Boma Ngombe	43.4	>25 km (outside catchment)	Usa River	73.5	>25 km (outside catchment)	Boma Ng'ombe	no					
AU_ward_moshi-district-council_njia-panda	ward	Njia Panda	Moshi District Council	Kilimanjaro	Moshi	False	24778	11800	12978	6840	3.6	Table 3.5, PDF page 69 (printed page 43), row 25				none		No reference point found in Wikipedia, OpenStreetMap or the gazetteer.			unknown			unknown		unknown					
AU_ward_moshi-district-council_marangu-magharibi	ward	Marangu Magharibi	Moshi District Council	Kilimanjaro	Moshi	False	16775	8047	8728	4456	3.8	Table 3.5, PDF page 69 (printed page 43), row 26	-3.27946219	37.49952512	estimated	wikipedia	Marangu Magharibi	Wikipedia ward point; no OpenStreetMap evidence to corroborate it.	Boma Ngombe	40.6	>25 km (outside catchment)	Usa River	71.3	>25 km (outside catchment)	Boma Ng'ombe	no					
AU_ward_moshi-district-council_marangu-mashariki	ward	Marangu Mashariki	Moshi District Council	Kilimanjaro	Moshi	False	22981	11415	11566	6235	3.7	Table 3.5, PDF page 69 (printed page 43), row 27	-3.28334742	37.521572	estimated	wikipedia	Marangu Mashariki	Wikipedia ward point; no OpenStreetMap evidence to corroborate it.	Boma Ngombe	42.9	>25 km (outside catchment)	Usa River	73.6	>25 km (outside catchment)	Boma Ng'ombe	no					
AU_ward_moshi-district-council_mamba-kusini	ward	Mamba Kusini	Moshi District Council	Kilimanjaro	Moshi	False	9271	4586	4685	2705	3.4	Table 3.5, PDF page 69 (printed page 43), row 28	-3.30451526	37.54531654	estimated	wikipedia	Mamba Kusini	Wikipedia ward point; no OpenStreetMap evidence to corroborate it.	Boma Ngombe	45.3	>25 km (outside catchment)	Usa River	76.0	>25 km (outside catchment)	Boma Ng'ombe	no					
AU_ward_moshi-district-council_mamba-kaskazini	ward	Mamba Kaskazini	Moshi District Council	Kilimanjaro	Moshi	False	8231	3976	4255	2325	3.5	Table 3.5, PDF page 69 (printed page 43), row 29	-3.26452684	37.5419785	estimated	wikipedia	Mamba Kaskazini	Wikipedia ward point; no OpenStreetMap evidence to corroborate it.	Boma Ngombe	45.5	>25 km (outside catchment)	Usa River	76.2	>25 km (outside catchment)	Boma Ng'ombe	no					
AU_ward_moshi-district-council_mwika-kaskazini	ward	Mwika Kaskazini	Moshi District Council	Kilimanjaro	Moshi	False	19934	9916	10018	5550	3.6	Table 3.5, PDF page 69 (printed page 43), row 30	-3.3227435	37.5802505	estimated	wikipedia	Mwika Kaskazini	Wikipedia ward point; no OpenStreetMap evidence to corroborate it.	Boma Ngombe	49.1	>25 km (outside catchment)	Usa River	79.7	>25 km (outside catchment)	Boma Ng'ombe	no					
AU_ward_moshi-district-council_mwika-kusini	ward	Mwika Kusini	Moshi District Council	Kilimanjaro	Moshi	False	19509	9529	9980	5525	3.5	Table 3.5, PDF page 69 (printed page 43), row 31	-3.3489637	37.5705515	estimated	wikipedia	Mwika Kusini	Wikipedia ward point; no OpenStreetMap evidence to corroborate it.	Boma Ngombe	48.0	>25 km (outside catchment)	Usa River	78.5	>25 km (outside catchment)	Boma Ng'ombe	no					
AU_ward_moshi-district-council_makuyuni	ward	Makuyuni	Moshi District Council	Kilimanjaro	Moshi	False	24421	11886	12535	7146	3.4	Table 3.5, PDF page 69 (printed page 43), row 32				none		No reference point found in Wikipedia, OpenStreetMap or the gazetteer.			unknown			unknown		unknown					
AU_ward_moshi-municipal-council_kilimanjaro	ward	Kilimanjaro	Moshi Municipal Council	Kilimanjaro	Moshi	False	8752	5202	3550	1394	6.3	Table 3.4, PDF page 68 (printed page 42), row 1	-3.34125	37.33	estimated	wikipedia	Kilimanjaro (ward)	Wikipedia ward point, corroborated by the OpenStreetMap village 'Kilimanjaro' 0.5 km away.	Boma Ngombe	21.3	21-25 km	Usa River	51.9	>25 km (outside catchment)	Boma Ng'ombe	yes	8.6	P4	37	2 of 5	"{""population_2022_relative"": 6.1, ""transport_band"": 2.5, ""access_readiness"": 0, ""convening_opportunity"": 0, ""observed_yield"": 0}"
AU_ward_moshi-municipal-council_mfumuni	ward	Mfumuni	Moshi Municipal Council	Kilimanjaro	Moshi	False	4029	1944	2085	1134	3.6	Table 3.4, PDF page 68 (printed page 42), row 2	-3.3357	37.3462	estimated	wikipedia	Mfumuni	Wikipedia ward point; no OpenStreetMap evidence to corroborate it.	Boma Ngombe	23.1	21-25 km	Usa River	53.7	>25 km (outside catchment)	Boma Ng'ombe	yes	3.6	P4	42	2 of 5	"{""population_2022_relative"": 1.1, ""transport_band"": 2.5, ""access_readiness"": 0, ""convening_opportunity"": 0, ""observed_yield"": 0}"
AU_ward_moshi-municipal-council_kiusa	ward	Kiusa	Moshi Municipal Council	Kilimanjaro	Moshi	False	2998	1514	1484	1021	2.9	Table 3.4, PDF page 68 (printed page 42), row 3	-3.3532	37.3358	estimated	wikipedia	Kiusa	Wikipedia ward point, corroborated by the OpenStreetMap village 'Kiusa' 0.3 km away.	Boma Ngombe	22.0	21-25 km	Usa River	52.5	>25 km (outside catchment)	Boma Ng'ombe	yes	3.3	P4	43	2 of 5	"{""population_2022_relative"": 0.8, ""transport_band"": 2.5, ""access_readiness"": 0, ""convening_opportunity"": 0, ""observed_yield"": 0}"
AU_ward_moshi-municipal-council_korongoni	ward	Korongoni	Moshi Municipal Council	Kilimanjaro	Moshi	False	5671	2803	2868	1891	3.0	Table 3.4, PDF page 68 (printed page 42), row 4	-3.37322222	37.32688889	estimated	wikipedia	Korongoni	Wikipedia ward point, corroborated by the OpenStreetMap village 'Korongoni' 0.5 km away.	Boma Ngombe	21.4	21-25 km	Usa River	51.5	>25 km (outside catchment)	Boma Ng'ombe	yes	4.9	P4	41	2 of 5	"{""population_2022_relative"": 2.4, ""transport_band"": 2.5, ""access_readiness"": 0, ""convening_opportunity"": 0, ""observed_yield"": 0}"
AU_ward_moshi-municipal-council_soweto	ward	Soweto	Moshi Municipal Council	Kilimanjaro	Moshi	False	15219	6866	8353	4537	3.4	Table 3.4, PDF page 68 (printed page 42), row 5	-3.3593	37.3186	estimated	wikipedia	Soweto, Moshi Mjini	Wikipedia ward point, corroborated by the OpenStreetMap village 'Soweto' 0.7 km away.	Boma Ngombe	20.2	21-25 km	Usa River	50.6	>25 km (outside catchment)	Boma Ng'ombe	yes	22.2	P3	18	2 of 5	"{""population_2022_relative"": 19.7, ""transport_band"": 2.5, ""access_readiness"": 0, ""convening_opportunity"": 0, ""observed_yield"": 0}"
AU_ward_moshi-municipal-council_shirimatunda	ward	Shirimatunda	Moshi Municipal Council	Kilimanjaro	Moshi	False	8165	3953	4212	2233	3.7	Table 3.4, PDF page 68 (printed page 42), row 6	-3.3613	37.3083	estimated	wikipedia	Shirimatunda	Wikipedia ward point, corroborated by the OpenStreetMap village 'Shirimatunda' 1.0 km away.	Boma Ngombe	19.1	16-20 km	Usa River	49.4	>25 km (outside catchment)	Boma Ng'ombe	yes	10.0	P4	34	2 of 5	"{""population_2022_relative"": 5.0, ""transport_band"": 5.0, ""access_readiness"": 0, ""convening_opportunity"": 0, ""observed_yield"": 0}"
AU_ward_moshi-municipal-council_karanga	ward	Karanga	Moshi Municipal Council	Kilimanjaro	Moshi	False	11709	6628	5081	2770	4.2	Table 3.4, PDF page 68 (printed page 42), row 7	-3.3436995	37.3032857	estimated	osm_place	node/9260293171	OpenStreetMap village 'Karanga'; no Wikipedia ward point.	Boma Ngombe	18.3	16-20 km	Usa River	48.9	>25 km (outside catchment)	Boma Ng'ombe	yes	17.4	P4	26	2 of 5	"{""population_2022_relative"": 12.4, ""transport_band"": 5.0, ""access_readiness"": 0, ""convening_opportunity"": 0, ""observed_yield"": 0}"
AU_ward_moshi-municipal-council_longuo-b	ward	Longuo B	Moshi Municipal Council	Kilimanjaro	Moshi	False	8944	4231	4713	2618	3.4	Table 3.4, PDF page 68 (printed page 42), row 8				none		No reference point found in Wikipedia, OpenStreetMap or the gazetteer.			unknown			unknown		unknown					
AU_ward_moshi-municipal-council_rau	ward	Rau	Moshi Municipal Council	Kilimanjaro	Moshi	False	11745	5657	6088	3989	2.9	Table 3.4, PDF page 68 (printed page 42), row 9	-3.30905556	37.34544444	estimated	wikipedia	Rau (Tanzanian ward)	Wikipedia ward point, corroborated by the OpenStreetMap village 'Rau' 0.0 km away.	Boma Ngombe	23.2	21-25 km	Usa River	53.9	>25 km (outside catchment)	Boma Ng'ombe	yes	15.1	P4	31	2 of 5	"{""population_2022_relative"": 12.6, ""transport_band"": 2.5, ""access_readiness"": 0, ""convening_opportunity"": 0, ""observed_yield"": 0}"
AU_ward_moshi-municipal-council_bomambuzi	ward	Bomambuzi	Moshi Municipal Council	Kilimanjaro	Moshi	False	20326	9710	10616	5994	3.4	Table 3.4, PDF page 68 (printed page 42), row 10	-3.3722417	37.3405765	estimated	osm_place	node/9260157187	OpenStreetMap village 'Boma Mbuzi'; no Wikipedia ward point.	Boma Ngombe	22.8	21-25 km	Usa River	53.0	>25 km (outside catchment)	Boma Ng'ombe	yes	27.8	P3	7	2 of 5	"{""population_2022_relative"": 25.3, ""transport_band"": 2.5, ""access_readiness"": 0, ""convening_opportunity"": 0, ""observed_yield"": 0}"
AU_ward_moshi-municipal-council_majengo	ward	Majengo	Moshi Municipal Council	Kilimanjaro	Moshi	False	7385	3529	3856	2664	2.8	Table 3.4, PDF page 68 (printed page 42), row 11	-3.3401	37.3394	estimated	wikipedia	Majengo, Moshi Municipal Council, Kilimanjaro	Wikipedia ward point, corroborated by the OpenStreetMap village 'Majengo' 1.6 km away.	Boma Ngombe	22.3	21-25 km	Usa River	52.9	>25 km (outside catchment)	Boma Ng'ombe	yes	6.4	P4	40	2 of 5	"{""population_2022_relative"": 3.9, ""transport_band"": 2.5, ""access_readiness"": 0, ""convening_opportunity"": 0, ""observed_yield"": 0}"
AU_ward_moshi-municipal-council_mawenzi	ward	Mawenzi	Moshi Municipal Council	Kilimanjaro	Moshi	False	1540	803	737	395	3.9	Table 3.4, PDF page 68 (printed page 42), row 12	-3.3489229	37.3427344	estimated	osm_place	node/9260293176	OpenStreetMap village 'Mawenzi'; no Wikipedia ward point.	Boma Ngombe	22.8	21-25 km	Usa River	53.3	>25 km (outside catchment)	Boma Ng'ombe	yes	2.5	P4	45	2 of 5	"{""population_2022_relative"": 0.0, ""transport_band"": 2.5, ""access_readiness"": 0, ""convening_opportunity"": 0, ""observed_yield"": 0}"
AU_ward_moshi-municipal-council_bondeni	ward	Bondeni	Moshi Municipal Council	Kilimanjaro	Moshi	False	2712	1514	1198	811	3.3	Table 3.4, PDF page 68 (printed page 42), row 13	-3.3568	37.3394	estimated	wikipedia	Bondeni, Moshi Municipal Council, Kilimanjaro	Wikipedia ward point, corroborated by the OpenStreetMap village 'Bondeni' 0.1 km away.	Boma Ngombe	22.5	21-25 km	Usa River	52.9	>25 km (outside catchment)	Boma Ng'ombe	yes	3.0	P4	44	2 of 5	"{""population_2022_relative"": 0.5, ""transport_band"": 2.5, ""access_readiness"": 0, ""convening_opportunity"": 0, ""observed_yield"": 0}"
AU_ward_moshi-municipal-council_kiborloni	ward	Kiborloni	Moshi Municipal Council	Kilimanjaro	Moshi	False	9202	4237	4965	2910	3.2	Table 3.4, PDF page 68 (printed page 42), row 14				none		No reference point found in Wikipedia, OpenStreetMap or the gazetteer.			unknown			unknown		unknown					
AU_ward_moshi-municipal-council_ngambo	ward	Ng'ambo	Moshi Municipal Council	Kilimanjaro	Moshi	False	12482	5754	6728	3706	3.4	Table 3.4, PDF page 68 (printed page 42), row 15	-3.3478	37.381	estimated	wikipedia	Ng'ambo, Moshi Mjini	Wikipedia ward point; no OpenStreetMap evidence to corroborate it.	Boma Ngombe	27.0	>25 km (outside catchment)	Usa River	57.5	>25 km (outside catchment)	Boma Ng'ombe	no					
AU_ward_moshi-municipal-council_msaranga	ward	Msaranga	Moshi Municipal Council	Kilimanjaro	Moshi	False	13138	6272	6866	3611	3.6	Table 3.4, PDF page 68 (printed page 42), row 16	-3.33333333	37.36666667	estimated	wikipedia	Msaranga	Wikipedia ward point; no OpenStreetMap evidence to corroborate it.	Boma Ngombe	25.4	>25 km (outside catchment)	Usa River	56.0	>25 km (outside catchment)	Boma Ng'ombe	no					
AU_ward_moshi-municipal-council_mji-mpya	ward	Mji Mpya	Moshi Municipal Council	Kilimanjaro	Moshi	False	16582	7951	8631	5082	3.3	Table 3.4, PDF page 68 (printed page 42), row 17	-3.3499321	37.3614808	estimated	osm_place	node/9260293178	OpenStreetMap village 'Mji Mpya'; no Wikipedia ward point.	Boma Ngombe	24.8	21-25 km	Usa River	55.3	>25 km (outside catchment)	Boma Ng'ombe	yes	23.8	P3	14	2 of 5	"{""population_2022_relative"": 21.3, ""transport_band"": 2.5, ""access_readiness"": 0, ""convening_opportunity"": 0, ""observed_yield"": 0}"
AU_ward_moshi-municipal-council_miembeni	ward	Miembeni	Moshi Municipal Council	Kilimanjaro	Moshi	False	18508	8804	9704	5635	3.3	Table 3.4, PDF page 68 (printed page 42), row 18	-3.35633333	37.35386111	estimated	wikipedia	Miembeni, Moshi Mjini	Wikipedia ward point, corroborated by the OpenStreetMap village 'Miembeni' 0.7 km away.	Boma Ngombe	24.1	21-25 km	Usa River	54.5	>25 km (outside catchment)	Boma Ng'ombe	yes	25.1	P3	12	2 of 5	"{""population_2022_relative"": 22.6, ""transport_band"": 2.5, ""access_readiness"": 0, ""convening_opportunity"": 0, ""observed_yield"": 0}"
AU_ward_moshi-municipal-council_njoro	ward	Njoro	Moshi Municipal Council	Kilimanjaro	Moshi	False	15511	7739	7772	4766	3.3	Table 3.4, PDF page 68 (printed page 42), row 19	-3.3557	37.3499	estimated	wikipedia	Njoro (Tanzanian ward)	Wikipedia ward point, corroborated by the OpenStreetMap village 'Njoro' 0.3 km away.	Boma Ngombe	23.6	21-25 km	Usa River	54.0	>25 km (outside catchment)	Boma Ng'ombe	yes	22.5	P3	17	2 of 5	"{""population_2022_relative"": 20.0, ""transport_band"": 2.5, ""access_readiness"": 0, ""convening_opportunity"": 0, ""observed_yield"": 0}"
AU_ward_moshi-municipal-council_kaloleni	ward	Kaloleni	Moshi Municipal Council	Kilimanjaro	Moshi	False	8264	4094	4170	2422	3.4	Table 3.4, PDF page 68 (printed page 42), row 20	-3.3712	37.3458	estimated	wikipedia	Kaloleni (Moshi Urban ward)	Wikipedia ward point, corroborated by the OpenStreetMap village 'Kaloleni' 0.3 km away.	Boma Ngombe	23.4	21-25 km	Usa River	53.6	>25 km (outside catchment)	Boma Ng'ombe	yes	7.8	P4	38	2 of 5	"{""population_2022_relative"": 5.3, ""transport_band"": 2.5, ""access_readiness"": 0, ""convening_opportunity"": 0, ""observed_yield"": 0}"
AU_ward_moshi-municipal-council_pasua	ward	Pasua	Moshi Municipal Council	Kilimanjaro	Moshi	False	18851	9257	9594	5630	3.3	Table 3.4, PDF page 68 (printed page 42), row 21	-3.3753474	37.3378824	estimated	osm_place	node/3783082537	OpenStreetMap village 'Pasua'; no Wikipedia ward point.	Boma Ngombe	22.6	21-25 km	Usa River	52.7	>25 km (outside catchment)	Boma Ng'ombe	yes	25.7	P3	11	2 of 5	"{""population_2022_relative"": 23.2, ""transport_band"": 2.5, ""access_readiness"": 0, ""convening_opportunity"": 0, ""observed_yield"": 0}"
AU_ward_siha-district-council_miti-mirefu	ward	Miti Mirefu	Siha District Council	Kilimanjaro	Siha	False	1989	982	1007	574	3.5	Table 3.7, PDF page 71 (printed page 45), row 1				none		No reference point found in Wikipedia, OpenStreetMap or the gazetteer.			unknown			unknown		unknown					
AU_ward_siha-district-council_ndumeti	ward	Ndumeti	Siha District Council	Kilimanjaro	Siha	False	12345	6171	6174	3359	3.7	Table 3.7, PDF page 71 (printed page 45), row 2	-2.9981	37.0699	estimated	wikipedia	Ndumeti	Wikipedia ward point; no OpenStreetMap evidence to corroborate it.	Boma Ngombe	38.1	>25 km (outside catchment)	Usa River	46.8	>25 km (outside catchment)	Boma Ng'ombe	no					
AU_ward_siha-district-council_ngarenairobi	ward	Ngarenairobi	Siha District Council	Kilimanjaro	Siha	False	13794	6810	6984	3782	3.6	Table 3.7, PDF page 71 (printed page 45), row 3	-3.0428	37.0504	estimated	wikipedia	Ngarenairobi	Wikipedia ward point; no OpenStreetMap evidence to corroborate it.	Boma Ngombe	33.8	>25 km (outside catchment)	Usa River	41.4	>25 km (outside catchment)	Boma Ng'ombe	no					
AU_ward_siha-district-council_karansi	ward	Karansi	Siha District Council	Kilimanjaro	Siha	False	13816	6593	7223	3196	4.3	Table 3.7, PDF page 71 (printed page 45), row 4	-3.1896	36.9879	estimated	wikipedia	Karansi	Wikipedia ward point, corroborated by the OpenStreetMap village 'Karansi' 0.3 km away.	Boma Ngombe	23.2	21-25 km	Usa River	23.9	21-25 km	Boma Ng'ombe	yes	21.6	P3	20	2 of 5	"{""population_2022_relative"": 16.6, ""transport_band"": 5.0, ""access_readiness"": 0, ""convening_opportunity"": 0, ""observed_yield"": 0}"
AU_ward_siha-district-council_gararagua	ward	Gararagua	Siha District Council	Kilimanjaro	Siha	False	11815	5629	6186	2748	4.3	Table 3.7, PDF page 71 (printed page 45), row 5	-3.1628	37.0034	estimated	wikipedia	Gararagua	Wikipedia ward point, corroborated by the OpenStreetMap place 'Wiri, Garararua', listed under 'Garararua' 2.4 km away.	Boma Ngombe	24.2	21-25 km	Usa River	27.3	>25 km (outside catchment)	Boma Ng'ombe	yes	15.7	P4	29	2 of 5	"{""population_2022_relative"": 13.2, ""transport_band"": 2.5, ""access_readiness"": 0, ""convening_opportunity"": 0, ""observed_yield"": 0}"
AU_ward_siha-district-council_sanya-juu	ward	Sanya Juu	Siha District Council	Kilimanjaro	Siha	False	14293	6819	7474	3828	3.7	Table 3.7, PDF page 71 (printed page 45), row 6	-3.1868	37.0709	estimated	wikipedia	Sanya Juu	Wikipedia ward point, corroborated by the OpenStreetMap town 'Sanya Juu' 0.4 km away.	Boma Ngombe	18.0	16-20 km	Usa River	30.4	>25 km (outside catchment)	Boma Ng'ombe	yes	22.9	P3	16	2 of 5	"{""population_2022_relative"": 17.9, ""transport_band"": 5.0, ""access_readiness"": 0, ""convening_opportunity"": 0, ""observed_yield"": 0}"
AU_ward_siha-district-council_livishi	ward	Livishi	Siha District Council	Kilimanjaro	Siha	False	5198	2561	2637	1475	3.5	Table 3.7, PDF page 71 (printed page 45), row 7	-3.1614	37.0911	estimated	wikipedia	Livishi	Wikipedia ward point, corroborated by the centre of 6 OpenStreetMap places listed under 'Livishi' (spread 2.7 km) 1.3 km away.	Boma Ngombe	19.9	16-20 km	Usa River	33.9	>25 km (outside catchment)	Boma Ng'ombe	yes	6.8	P4	39	2 of 5	"{""population_2022_relative"": 1.8, ""transport_band"": 5.0, ""access_readiness"": 0, ""convening_opportunity"": 0, ""observed_yield"": 0}"
AU_ward_siha-district-council_nasai	ward	Nasai	Siha District Council	Kilimanjaro	Siha	False	8594	4096	4498	2571	3.3	Table 3.7, PDF page 71 (printed page 45), row 8	-3.1895	37.0799	estimated	wikipedia	Nasai (ward)	Wikipedia ward point, corroborated by the centre of 3 OpenStreetMap places listed under 'Nasai' (spread 1.2 km) 1.1 km away.	Boma Ngombe	17.3	16-20 km	Usa River	30.9	>25 km (outside catchment)	Boma Ng'ombe	yes	10.5	P4	33	2 of 5	"{""population_2022_relative"": 5.5, ""transport_band"": 5.0, ""access_readiness"": 0, ""convening_opportunity"": 0, ""observed_yield"": 0}"
AU_ward_siha-district-council_kirua	ward	Kirua	Siha District Council	Kilimanjaro	Siha	False	6626	3169	3457	1845	3.6	Table 3.7, PDF page 71 (printed page 45), row 9				none		No reference point found in Wikipedia, OpenStreetMap or the gazetteer.			unknown			unknown		unknown					
AU_ward_siha-district-council_ivaeny	ward	Ivaeny	Siha District Council	Kilimanjaro	Siha	False	3611	1781	1830	1024	3.5	Table 3.7, PDF page 71 (printed page 45), row 10				none		No reference point found in Wikipedia, OpenStreetMap or the gazetteer.			unknown			unknown		unknown					
AU_ward_siha-district-council_kashashi	ward	Kashashi	Siha District Council	Kilimanjaro	Siha	False	5573	2762	2811	1565	3.6	Table 3.7, PDF page 71 (printed page 45), row 11	-3.2096	37.1223	estimated	wikipedia	Kashashi	Wikipedia ward point, corroborated by the OpenStreetMap neighbourhood 'Kashashi, Kashashi' 1.4 km away.	Boma Ngombe	14.0	11-15 km	Usa River	33.5	>25 km (outside catchment)	Boma Ng'ombe	yes	9.6	P4	36	2 of 5	"{""population_2022_relative"": 2.1, ""transport_band"": 7.5, ""access_readiness"": 0, ""convening_opportunity"": 0, ""observed_yield"": 0}"
AU_ward_siha-district-council_ormelili	ward	Ormelili	Siha District Council	Kilimanjaro	Siha	False	7174	3393	3781	1768	4.1	Table 3.7, PDF page 71 (printed page 45), row 12	-3.3472003	37.0662979	estimated	osm_place	node/7556583771	OpenStreetMap neighbourhood 'Ormelili, Olkolili'; no Wikipedia ward point.	Boma Ngombe	8.1	6-10 km	Usa River	22.6	21-25 km	Boma Ng'ombe	yes	16.2	P4	27	2 of 5	"{""population_2022_relative"": 3.7, ""transport_band"": 12.5, ""access_readiness"": 0, ""convening_opportunity"": 0, ""observed_yield"": 0}"
AU_ward_siha-district-council_olkolili	ward	Olkolili	Siha District Council	Kilimanjaro	Siha	False	5100	2377	2723	1101	4.6	Table 3.7, PDF page 71 (printed page 45), row 13	-3.3063	37.0868	estimated	wikipedia	Olkolili	Wikipedia ward point, corroborated by the OpenStreetMap neighbourhood 'Olkolili, Olkolili' 3.8 km away.	Boma Ngombe	6.5	6-10 km	Usa River	25.7	>25 km (outside catchment)	Boma Ng'ombe	yes	11.6	P4	32	2 of 5	"{""population_2022_relative"": 1.6, ""transport_band"": 10.0, ""access_readiness"": 0, ""convening_opportunity"": 0, ""observed_yield"": 0}"
AU_ward_siha-district-council_donyomurwak	ward	Donyomurwak	Siha District Council	Kilimanjaro	Siha	False	9840	4724	5116	2180	4.5	Table 3.7, PDF page 71 (printed page 45), row 14				none		No reference point found in Wikipedia, OpenStreetMap or the gazetteer.			unknown			unknown		unknown					
AU_ward_siha-district-council_songu	ward	Songu	Siha District Council	Kilimanjaro	Siha	False	2644	1371	1273	652	4.1	Table 3.7, PDF page 71 (printed page 45), row 15				none		No reference point found in Wikipedia, OpenStreetMap or the gazetteer.			unknown			unknown		unknown					
AU_ward_siha-district-council_biriri	ward	Biriri	Siha District Council	Kilimanjaro	Siha	False	5179	2542	2637	1287	4.0	Table 3.7, PDF page 71 (printed page 45), row 16				none		No reference point found in Wikipedia, OpenStreetMap or the gazetteer.			unknown			unknown		unknown					
AU_ward_siha-district-council_makiwaru	ward	Makiwaru	Siha District Council	Kilimanjaro	Siha	False	11428	5513	5915	2586	4.4	Table 3.7, PDF page 71 (printed page 45), row 17	-3.2331	37.037	estimated	wikipedia	Makiwaru	Wikipedia ward point, corroborated by the OpenStreetMap neighbourhood 'Makiwaru' 1.4 km away.	Boma Ngombe	15.9	16-20 km	Usa River	24.2	21-25 km	Boma Ng'ombe	yes	19.6	P4	22	2 of 5	"{""population_2022_relative"": 12.1, ""transport_band"": 7.5, ""access_readiness"": 0, ""convening_opportunity"": 0, ""observed_yield"": 0}"
AU_ward_simanjiro-district-council_loiborsiret	ward	Loiborsiret	Simanjiro District Council	Manyara	Simanjiro	False	25332	12186	13146	5561	4.6	Table 21.6, PDF page 227 (printed page 201), row 1				none		No reference point found in Wikipedia, OpenStreetMap or the gazetteer.			unknown			unknown		unknown					
AU_ward_simanjiro-district-council_emboreet	ward	Emboreet	Simanjiro District Council	Manyara	Simanjiro	False	20996	10277	10719	4364	4.8	Table 21.6, PDF page 227 (printed page 201), row 2				none		No reference point found in Wikipedia, OpenStreetMap or the gazetteer.			unknown			unknown		unknown					
AU_ward_simanjiro-district-council_terrat	ward	Terrat	Simanjiro District Council	Manyara	Simanjiro	False	14290	6807	7483	3075	4.6	Table 21.6, PDF page 227 (printed page 201), row 3				none		No reference point found in Wikipedia, OpenStreetMap or the gazetteer.			unknown			unknown		unknown					
AU_ward_simanjiro-district-council_oljoro-no-5	ward	Oljoro No.5	Simanjiro District Council	Manyara	Simanjiro	False	20360	9411	10949	4390	4.6	Table 21.6, PDF page 227 (printed page 201), row 4				none		No reference point found in Wikipedia, OpenStreetMap or the gazetteer.			unknown			unknown		unknown					
AU_ward_simanjiro-district-council_komolo	ward	Komolo	Simanjiro District Council	Manyara	Simanjiro	False	23665	11847	11818	5265	4.5	Table 21.6, PDF page 227 (printed page 201), row 5				none		No reference point found in Wikipedia, OpenStreetMap or the gazetteer.			unknown			unknown		unknown					
AU_ward_simanjiro-district-council_shambarai	ward	Shambarai	Simanjiro District Council	Manyara	Simanjiro	False	15113	7871	7242	3546	4.3	Table 21.6, PDF page 227 (printed page 201), row 6	-3.5794198	36.9348884	estimated	osm_place	node/7661187863	OpenStreetMap hamlet 'Shambarai, Shambarai'; no Wikipedia ward point.	Usa River	25.2	>25 km (outside catchment)	Usa River	25.2	>25 km (outside catchment)	Usa River	no					
AU_ward_simanjiro-district-council_mirerani	ward	Mirerani	Simanjiro District Council	Manyara	Simanjiro	False	21250	10579	10671	6064	3.5	Table 21.6, PDF page 227 (printed page 201), row 7	-3.5589907	36.9835742	estimated	osm_place	node/262017801	OpenStreetMap town 'Mirerani'; no Wikipedia ward point.	Usa River	25.4	>25 km (outside catchment)	Usa River	25.4	>25 km (outside catchment)	Usa River	no					
AU_ward_simanjiro-district-council_naisinyai	ward	Naisinyai	Simanjiro District Council	Manyara	Simanjiro	False	18177	11119	7058	3091	5.9	Table 21.6, PDF page 227 (printed page 201), row 8	-3.5179425	37.0277223	estimated	osm_place	node/7048768883	OpenStreetMap village 'Naisinyai'; no Wikipedia ward point.	Boma Ngombe	23.8	21-25 km	Usa River	25.0	21-25 km	Boma Ng'ombe	yes	27.1	P3	8	2 of 5	"{""population_2022_relative"": 22.1, ""transport_band"": 5.0, ""access_readiness"": 0, ""convening_opportunity"": 0, ""observed_yield"": 0}"
AU_ward_simanjiro-district-council_endiamutu	ward	Endiamutu	Simanjiro District Council	Manyara	Simanjiro	False	15979	7895	8084	4408	3.6	Table 21.6, PDF page 227 (printed page 201), row 9				none		No reference point found in Wikipedia, OpenStreetMap or the gazetteer.			unknown			unknown		unknown					
AU_ward_simanjiro-district-council_msitu-wa-tembo	ward	Msitu wa Tembo	Simanjiro District Council	Manyara	Simanjiro	False	15383	7472	7911	3769	4.1	Table 21.6, PDF page 227 (printed page 201), row 10	-3.6173775	37.3239605	estimated	osm_place	node/7064590689	OpenStreetMap village 'Msitu wa tembo'; no Wikipedia ward point.	Boma Ngombe	37.6	>25 km (outside catchment)	Usa River	58.4	>25 km (outside catchment)	Boma Ng'ombe	no					
AU_ward_simanjiro-district-council_ngorika	ward	Ngorika	Simanjiro District Council	Manyara	Simanjiro	False	8936	4475	4461	2258	4.0	Table 21.6, PDF page 227 (printed page 201), row 11				none		No reference point found in Wikipedia, OpenStreetMap or the gazetteer.			unknown			unknown		unknown					
AU_ward_simanjiro-district-council_loiborsoit	ward	Loiborsoit	Simanjiro District Council	Manyara	Simanjiro	False	12713	6570	6143	3243	3.9	Table 21.6, PDF page 227 (printed page 201), row 12				none		No reference point found in Wikipedia, OpenStreetMap or the gazetteer.			unknown			unknown		unknown					
AU_ward_simanjiro-district-council_ruvu-remit	ward	Ruvu Remit	Simanjiro District Council	Manyara	Simanjiro	False	8285	3930	4355	1854	4.5	Table 21.6, PDF page 227 (printed page 201), row 13				none		No reference point found in Wikipedia, OpenStreetMap or the gazetteer.			unknown			unknown		unknown					
AU_ward_simanjiro-district-council_orkesumet	ward	Orkesumet	Simanjiro District Council	Manyara	Simanjiro	False	9437	4648	4789	2504	3.8	Table 21.6, PDF page 227 (printed page 201), row 14				none		No reference point found in Wikipedia, OpenStreetMap or the gazetteer.			unknown			unknown		unknown					
AU_ward_simanjiro-district-council_naberera	ward	Naberera	Simanjiro District Council	Manyara	Simanjiro	False	33344	16366	16978	7703	4.3	Table 21.6, PDF page 227 (printed page 201), row 15				none		No reference point found in Wikipedia, OpenStreetMap or the gazetteer.			unknown			unknown		unknown					
AU_ward_simanjiro-district-council_kitwai	ward	Kitwai	Simanjiro District Council	Manyara	Simanjiro	False	10082	4543	5539	2232	4.5	Table 21.6, PDF page 227 (printed page 201), row 16				none		No reference point found in Wikipedia, OpenStreetMap or the gazetteer.			unknown			unknown		unknown					
AU_ward_simanjiro-district-council_endonyongijape	ward	Endonyongijape	Simanjiro District Council	Manyara	Simanjiro	False	7133	3409	3724	1393	5.1	Table 21.6, PDF page 227 (printed page 201), row 17				none		No reference point found in Wikipedia, OpenStreetMap or the gazetteer.			unknown			unknown		unknown					
AU_ward_simanjiro-district-council_langai	ward	Langai	Simanjiro District Council	Manyara	Simanjiro	False	10694	5249	5445	2303	4.6	Table 21.6, PDF page 227 (printed page 201), row 18				none		No reference point found in Wikipedia, OpenStreetMap or the gazetteer.			unknown			unknown		unknown					
AU_council_arusha-city-council	council	Arusha City Council	Arusha City Council	Arusha	Arusha	True	617631	292771	324860	180576	3.4	Table 2.7, PDF page 62: council total (wards reconcile: True)									unknown			unknown							
AU_council_arusha-district-council	council	Arusha District Council	Arusha District Council	Arusha	Arumeru	True	449518	211650	237868	120997	3.7	Table 2.3, PDF page 58: council total (wards reconcile: True)									unknown			unknown							
AU_council_hai-district-council	council	Hai District Council	Hai District Council	Kilimanjaro	Hai	True	240999	117223	123776	64754	3.7	Table 3.6, PDF page 70: council total (wards reconcile: True)									unknown			unknown							
AU_council_longido-district-council	council	Longido District Council	Longido District Council	Arusha	Longido	False	175915	82887	93028	42477	4.1	Table 2.4, PDF page 59: council total (wards reconcile: True)									unknown			unknown							
AU_council_meru-district-council	council	Meru District Council	Meru District Council	Arusha	Arumeru	True	331603	160797	170806	91511	3.6	Table 2.2, PDF page 57: council total (wards reconcile: True)									unknown			unknown							
AU_council_monduli-district-council	council	Monduli District Council	Monduli District Council	Arusha	Monduli	False	227585	104742	122843	55053	4.1	Table 2.1, PDF page 56: council total (wards reconcile: True)									unknown			unknown							
AU_council_moshi-district-council	council	Moshi District Council	Moshi District Council	Kilimanjaro	Moshi	False	535803	261950	273853	145669	3.7	Table 3.5, PDF page 69: council total (wards reconcile: True)									unknown			unknown							
AU_council_moshi-municipal-council	council	Moshi Municipal Council	Moshi Municipal Council	Kilimanjaro	Moshi	False	221733	108462	113271	65213	3.4	Table 3.4, PDF page 68: council total (wards reconcile: True)									unknown			unknown							
AU_council_siha-district-council	council	Siha District Council	Siha District Council	Kilimanjaro	Siha	False	139019	67293	71726	35541	3.9	Table 3.7, PDF page 71: council total (wards reconcile: True)									unknown			unknown							
AU_council_simanjiro-district-council	council	Simanjiro District Council	Simanjiro District Council	Manyara	Simanjiro	False	291169	144654	146515	67023	4.3	Table 21.6, PDF page 227: council total (wards reconcile: True)									unknown			unknown							
