record_key	office_key	organisation_name	post_key	office_title	office_title_sw	appointment_type	holder_name	holder_verified_on	tenure_source_url	role_phone	published_role_email	b2g_check_required	pdpa_risk	verification_status	source_url
GPOST_region-arusha_regional_commissioner	GOFF_region_arusha	Sekretarieti ya Mkoa wa Arusha (Arusha Regional Secretariat)	regional_commissioner	Regional Commissioner	Mkuu wa Mkoa	political_appointee	Mhe. CPA AMOS GABRIEL MAKALLA	2026-09-23	https://arusha.go.tz/api/profiles			no	medium	verified	https://arusha.go.tz/api/profiles
GPOST_region-arusha_regional_administrative_secretary	GOFF_region_arusha	Sekretarieti ya Mkoa wa Arusha (Arusha Regional Secretariat)	regional_administrative_secretary	Regional Administrative Secretary	Katibu Tawala wa Mkoa	civil_service	Dkt Toba Alnason Nguvila	2026-09-23	https://arusha.go.tz/api/profiles			no	medium	verified	https://arusha.go.tz/api/profiles
GPOST_region-arusha_regional_community_development	GOFF_region_arusha	Sekretarieti ya Mkoa wa Arusha (Arusha Regional Secretariat)	regional_community_development	Community Development Unit, Regional Secretariat	Kitengo cha Maendeleo ya Jamii, Sekretarieti ya Mkoa	civil_service						no	low	needs_review	https://arusha.go.tz/api/pages/slug/community-development-unit
GPOST_region-arusha_regional_education	GOFF_region_arusha	Sekretarieti ya Mkoa wa Arusha (Arusha Regional Secretariat)	regional_education	Education and Vocational Training Section, Regional Secretariat	Sehemu ya Elimu, Sekretarieti ya Mkoa	civil_service						yes	low	needs_review	https://tanzlii.org/akn/tz/act/1982/7/eng@2002-07-31/source
GPOST_region-kilimanjaro_regional_commissioner	GOFF_region_kilimanjaro	Sekretarieti ya Mkoa wa Kilimanjaro (Kilimanjaro Regional Secretariat)	regional_commissioner	Regional Commissioner	Mkuu wa Mkoa	political_appointee	Mhe. Nurdin Hassan Babu	2026-09-23	https://kilimanjaro.go.tz/api/profiles			no	medium	verified	https://kilimanjaro.go.tz/api/profiles
GPOST_region-kilimanjaro_regional_administrative_secretary	GOFF_region_kilimanjaro	Sekretarieti ya Mkoa wa Kilimanjaro (Kilimanjaro Regional Secretariat)	regional_administrative_secretary	Regional Administrative Secretary	Katibu Tawala wa Mkoa	civil_service	Ndg. Kiseo Yusuf Nzowa	2026-09-23	https://kilimanjaro.go.tz/api/profiles			no	medium	verified	https://kilimanjaro.go.tz/api/profiles
GPOST_region-kilimanjaro_regional_community_development	GOFF_region_kilimanjaro	Sekretarieti ya Mkoa wa Kilimanjaro (Kilimanjaro Regional Secretariat)	regional_community_development	Community Development Unit, Regional Secretariat	Kitengo cha Maendeleo ya Jamii, Sekretarieti ya Mkoa	civil_service						no	low	needs_review	https://kilimanjaro.go.tz/api/pages/slug/community-development-unit
GPOST_region-kilimanjaro_regional_education	GOFF_region_kilimanjaro	Sekretarieti ya Mkoa wa Kilimanjaro (Kilimanjaro Regional Secretariat)	regional_education	Education and Vocational Training Section, Regional Secretariat	Sehemu ya Elimu, Sekretarieti ya Mkoa	civil_service						yes	low	needs_review	https://tanzlii.org/akn/tz/act/1982/7/eng@2002-07-31/source
GPOST_region-manyara_regional_commissioner	GOFF_region_manyara	Sekretarieti ya Mkoa wa Manyara (Manyara Regional Secretariat)	regional_commissioner	Regional Commissioner	Mkuu wa Mkoa	political_appointee	Mhe. Queen Cuthbert Sendiga	2026-09-23	https://manyara.go.tz/api/profiles			no	medium	verified	https://manyara.go.tz/api/profiles
GPOST_region-manyara_regional_administrative_secretary	GOFF_region_manyara	Sekretarieti ya Mkoa wa Manyara (Manyara Regional Secretariat)	regional_administrative_secretary	Regional Administrative Secretary	Katibu Tawala wa Mkoa	civil_service	Bi. Maryam Ahmed Muhaji	2026-09-23	https://manyara.go.tz/api/profiles			no	medium	verified	https://manyara.go.tz/api/profiles
GPOST_region-manyara_regional_community_development	GOFF_region_manyara	Sekretarieti ya Mkoa wa Manyara (Manyara Regional Secretariat)	regional_community_development	Community Development Unit, Regional Secretariat	Kitengo cha Maendeleo ya Jamii, Sekretarieti ya Mkoa	civil_service						no	low	needs_review	https://manyara.go.tz/api/pages/slug/community-development-unit
GPOST_region-manyara_regional_education	GOFF_region_manyara	Sekretarieti ya Mkoa wa Manyara (Manyara Regional Secretariat)	regional_education	Education and Vocational Training Section, Regional Secretariat	Sehemu ya Elimu, Sekretarieti ya Mkoa	civil_service						yes	low	needs_review	https://manyara.go.tz/api/pages/slug/education-and-vocational-training
GPOST_district-arumeru_district_commissioner	GOFF_district_arumeru	Ofisi ya Mkuu wa Wilaya ya Arumeru (Arumeru District Commissioner's Office)	district_commissioner	District Commissioner	Mkuu wa Wilaya	political_appointee						no	low	needs_review	https://tanzlii.org/akn/tz/act/1982/7/eng@2002-07-31/source
GPOST_district-arumeru_district_administrative_secretary	GOFF_district_arumeru	Ofisi ya Mkuu wa Wilaya ya Arumeru (Arumeru District Commissioner's Office)	district_administrative_secretary	District Administrative Secretary	Katibu Tawala wa Wilaya	civil_service						no	low	needs_review	https://tanzlii.org/akn/tz/act/1982/7/eng@2002-07-31/source
GPOST_district-arusha_district_commissioner	GOFF_district_arusha	Ofisi ya Mkuu wa Wilaya ya Arusha (Arusha District Commissioner's Office)	district_commissioner	District Commissioner	Mkuu wa Wilaya	political_appointee						no	low	needs_review	https://tanzlii.org/akn/tz/act/1982/7/eng@2002-07-31/source
GPOST_district-arusha_district_administrative_secretary	GOFF_district_arusha	Ofisi ya Mkuu wa Wilaya ya Arusha (Arusha District Commissioner's Office)	district_administrative_secretary	District Administrative Secretary	Katibu Tawala wa Wilaya	civil_service						no	low	needs_review	https://tanzlii.org/akn/tz/act/1982/7/eng@2002-07-31/source
GPOST_district-monduli_district_commissioner	GOFF_district_monduli	Ofisi ya Mkuu wa Wilaya ya Monduli (Monduli District Commissioner's Office)	district_commissioner	District Commissioner	Mkuu wa Wilaya	political_appointee						no	low	needs_review	https://tanzlii.org/akn/tz/act/1982/7/eng@2002-07-31/source
GPOST_district-monduli_district_administrative_secretary	GOFF_district_monduli	Ofisi ya Mkuu wa Wilaya ya Monduli (Monduli District Commissioner's Office)	district_administrative_secretary	District Administrative Secretary	Katibu Tawala wa Wilaya	civil_service						no	low	needs_review	https://tanzlii.org/akn/tz/act/1982/7/eng@2002-07-31/source
GPOST_district-hai_district_commissioner	GOFF_district_hai	Ofisi ya Mkuu wa Wilaya ya Hai (Hai District Commissioner's Office)	district_commissioner	District Commissioner	Mkuu wa Wilaya	political_appointee						no	low	needs_review	https://tanzlii.org/akn/tz/act/1982/7/eng@2002-07-31/source
GPOST_district-hai_district_administrative_secretary	GOFF_district_hai	Ofisi ya Mkuu wa Wilaya ya Hai (Hai District Commissioner's Office)	district_administrative_secretary	District Administrative Secretary	Katibu Tawala wa Wilaya	civil_service						no	low	needs_review	https://tanzlii.org/akn/tz/act/1982/7/eng@2002-07-31/source
GPOST_district-moshi_district_commissioner	GOFF_district_moshi	Ofisi ya Mkuu wa Wilaya ya Moshi (Moshi District Commissioner's Office)	district_commissioner	District Commissioner	Mkuu wa Wilaya	political_appointee						no	low	needs_review	https://tanzlii.org/akn/tz/act/1982/7/eng@2002-07-31/source
GPOST_district-moshi_district_administrative_secretary	GOFF_district_moshi	Ofisi ya Mkuu wa Wilaya ya Moshi (Moshi District Commissioner's Office)	district_administrative_secretary	District Administrative Secretary	Katibu Tawala wa Wilaya	civil_service						no	low	needs_review	https://tanzlii.org/akn/tz/act/1982/7/eng@2002-07-31/source
GPOST_district-siha_district_commissioner	GOFF_district_siha	Ofisi ya Mkuu wa Wilaya ya Siha (Siha District Commissioner's Office)	district_commissioner	District Commissioner	Mkuu wa Wilaya	political_appointee						no	low	needs_review	https://tanzlii.org/akn/tz/act/1982/7/eng@2002-07-31/source
GPOST_district-siha_district_administrative_secretary	GOFF_district_siha	Ofisi ya Mkuu wa Wilaya ya Siha (Siha District Commissioner's Office)	district_administrative_secretary	District Administrative Secretary	Katibu Tawala wa Wilaya	civil_service						no	low	needs_review	https://tanzlii.org/akn/tz/act/1982/7/eng@2002-07-31/source
GPOST_district-simanjiro_district_commissioner	GOFF_district_simanjiro	Ofisi ya Mkuu wa Wilaya ya Simanjiro (Simanjiro District Commissioner's Office)	district_commissioner	District Commissioner	Mkuu wa Wilaya	political_appointee						no	low	needs_review	https://tanzlii.org/akn/tz/act/1982/7/eng@2002-07-31/source
GPOST_district-simanjiro_district_administrative_secretary	GOFF_district_simanjiro	Ofisi ya Mkuu wa Wilaya ya Simanjiro (Simanjiro District Commissioner's Office)	district_administrative_secretary	District Administrative Secretary	Katibu Tawala wa Wilaya	civil_service						no	low	needs_review	https://tanzlii.org/akn/tz/act/1982/7/eng@2002-07-31/source
GPOST_council-arusha-city-council_council_director	GOFF_council_arusha-city-council	Halmashauri ya Jiji la Arusha (Arusha City Council)	council_director	Council Director	Mkurugenzi wa Halmashauri	civil_service	Ndg.John L Kayombo	2026-09-23	https://arushacc.go.tz/api/profiles		cd@arushacc.go.tz	no	medium	verified	https://arushacc.go.tz/api/profiles
GPOST_council-arusha-city-council_council_chair	GOFF_council_arusha-city-council	Halmashauri ya Jiji la Arusha (Arusha City Council)	council_chair	Council Chairperson or Mayor	Mwenyekiti wa Halmashauri / Meya	elected	Hon.Maxmillian Iranqe	2026-09-23	https://arushacc.go.tz/api/profiles			no	medium	verified	https://arushacc.go.tz/api/profiles
GPOST_council-arusha-city-council_community_development_head	GOFF_council_arusha-city-council	Halmashauri ya Jiji la Arusha (Arusha City Council)	community_development_head	Head of Community Development Division	Mkuu wa Divisheni ya Maendeleo ya Jamii	civil_service						no	low	needs_review	https://arushacc.go.tz/api/pages/slug/community-development-divison
GPOST_council-arusha-city-council_social_welfare_officer	GOFF_council_arusha-city-council	Halmashauri ya Jiji la Arusha (Arusha City Council)	social_welfare_officer	Council Social Welfare Officer	Afisa Ustawi wa Jamii wa Halmashauri	civil_service						no	low	needs_review	https://arushacc.go.tz/api/pages/slug/health-social-welfare-and-nutrition
GPOST_council-arusha-city-council_primary_education_head	GOFF_council_arusha-city-council	Halmashauri ya Jiji la Arusha (Arusha City Council)	primary_education_head	Head of Pre-Primary and Primary Education Division	Mkuu wa Divisheni ya Elimu ya Awali na Msingi	civil_service						yes	low	needs_review	https://arushacc.go.tz/api/pages/slug/pre-primary-and-primary-education
GPOST_council-arusha-district-council_council_director	GOFF_council_arusha-district-council	Halmashauri ya Wilaya ya Arusha (Arusha District Council)	council_director	Council Director	Mkurugenzi wa Halmashauri	civil_service	Ndg. Seleman Msumi	2026-09-23	https://arushadc.go.tz/api/profiles		ded@arushadc.go.tz	no	medium	verified	https://arushadc.go.tz/api/profiles
GPOST_council-arusha-district-council_council_chair	GOFF_council_arusha-district-council	Halmashauri ya Wilaya ya Arusha (Arusha District Council)	council_chair	Council Chairperson or Mayor	Mwenyekiti wa Halmashauri / Meya	elected	Mh. Baraka Mesiaki	2026-09-23	https://arushadc.go.tz/api/profiles			no	medium	verified	https://arushadc.go.tz/api/profiles
GPOST_council-arusha-district-council_community_development_head	GOFF_council_arusha-district-council	Halmashauri ya Wilaya ya Arusha (Arusha District Council)	community_development_head	Head of Community Development Division	Mkuu wa Divisheni ya Maendeleo ya Jamii	civil_service						no	low	needs_review	https://arushadc.go.tz/api/pages/slug/community-development
GPOST_council-arusha-district-council_social_welfare_officer	GOFF_council_arusha-district-council	Halmashauri ya Wilaya ya Arusha (Arusha District Council)	social_welfare_officer	Council Social Welfare Officer	Afisa Ustawi wa Jamii wa Halmashauri	civil_service						no	low	needs_review	https://arushadc.go.tz/api/pages/slug/health-social-welfare-and-nutrition-services
GPOST_council-arusha-district-council_primary_education_head	GOFF_council_arusha-district-council	Halmashauri ya Wilaya ya Arusha (Arusha District Council)	primary_education_head	Head of Pre-Primary and Primary Education Division	Mkuu wa Divisheni ya Elimu ya Awali na Msingi	civil_service						yes	low	needs_review	https://arushadc.go.tz/api/pages/slug/pre-and-primary-education
GPOST_council-meru-district-council_council_director	GOFF_council_meru-district-council	Halmashauri ya Wilaya ya Meru (Meru District Council)	council_director	Council Director	Mkurugenzi wa Halmashauri	civil_service	Mwl. Zainabu Juma Makwinya	2026-09-23	https://merudc.go.tz/api/profiles		ded@merudc.go.tz	no	medium	verified	https://merudc.go.tz/api/profiles
GPOST_council-meru-district-council_council_chair	GOFF_council_meru-district-council	Halmashauri ya Wilaya ya Meru (Meru District Council)	council_chair	Council Chairperson or Mayor	Mwenyekiti wa Halmashauri / Meya	elected	Mh. Lucas Kaaya	2026-09-23	https://merudc.go.tz/api/profiles			no	medium	verified	https://merudc.go.tz/api/profiles
GPOST_council-meru-district-council_community_development_head	GOFF_council_meru-district-council	Halmashauri ya Wilaya ya Meru (Meru District Council)	community_development_head	Head of Community Development Division	Mkuu wa Divisheni ya Maendeleo ya Jamii	civil_service						no	low	needs_review	https://merudc.go.tz/api/pages/slug/department-of-community-development
GPOST_council-meru-district-council_social_welfare_officer	GOFF_council_meru-district-council	Halmashauri ya Wilaya ya Meru (Meru District Council)	social_welfare_officer	Council Social Welfare Officer	Afisa Ustawi wa Jamii wa Halmashauri	civil_service						no	low	needs_review	https://tanzlii.org/akn/tz/act/1982/7/eng@2002-07-31/source
GPOST_council-meru-district-council_primary_education_head	GOFF_council_meru-district-council	Halmashauri ya Wilaya ya Meru (Meru District Council)	primary_education_head	Head of Pre-Primary and Primary Education Division	Mkuu wa Divisheni ya Elimu ya Awali na Msingi	civil_service						yes	low	needs_review	https://merudc.go.tz/api/pages/slug/pre-primary-and-primary-education
GPOST_council-hai-district-council_council_director	GOFF_council_hai-district-council	Halmashauri ya Wilaya ya Hai (Hai District Council)	council_director	Council Director	Mkurugenzi wa Halmashauri	civil_service	Dionis Myinga	2026-09-23	https://haidc.go.tz/api/profiles		ded@haidc.go.tz	no	medium	verified	https://haidc.go.tz/api/profiles
GPOST_council-hai-district-council_council_chair	GOFF_council_hai-district-council	Halmashauri ya Wilaya ya Hai (Hai District Council)	council_chair	Council Chairperson or Mayor	Mwenyekiti wa Halmashauri / Meya	elected	Mhe. Edmund Rutaraka	2026-09-23	https://haidc.go.tz/api/profiles			no	medium	verified	https://haidc.go.tz/api/profiles
GPOST_council-hai-district-council_community_development_head	GOFF_council_hai-district-council	Halmashauri ya Wilaya ya Hai (Hai District Council)	community_development_head	Head of Community Development Division	Mkuu wa Divisheni ya Maendeleo ya Jamii	civil_service						no	low	needs_review	https://haidc.go.tz/api/pages/slug/community-development
GPOST_council-hai-district-council_social_welfare_officer	GOFF_council_hai-district-council	Halmashauri ya Wilaya ya Hai (Hai District Council)	social_welfare_officer	Council Social Welfare Officer	Afisa Ustawi wa Jamii wa Halmashauri	civil_service						no	low	needs_review	https://haidc.go.tz/api/pages/slug/health-social-welfare-and-nutrition
GPOST_council-hai-district-council_primary_education_head	GOFF_council_hai-district-council	Halmashauri ya Wilaya ya Hai (Hai District Council)	primary_education_head	Head of Pre-Primary and Primary Education Division	Mkuu wa Divisheni ya Elimu ya Awali na Msingi	civil_service						yes	low	needs_review	https://haidc.go.tz/api/pages/slug/pre-primary-and-primary-education
GPOST_council-siha-district-council_council_director	GOFF_council_siha-district-council	Halmashauri ya Wilaya ya Siha (Siha District Council)	council_director	Council Director	Mkurugenzi wa Halmashauri	civil_service	Bi. Hellen E. Mwambeta	2026-09-23	https://sihadc.go.tz/api/profiles		ded@sihadc.go.tz	no	medium	verified	https://sihadc.go.tz/api/profiles
GPOST_council-siha-district-council_council_chair	GOFF_council_siha-district-council	Halmashauri ya Wilaya ya Siha (Siha District Council)	council_chair	Council Chairperson or Mayor	Mwenyekiti wa Halmashauri / Meya	elected	Mhe. Duncan Urassa	2026-09-23	https://sihadc.go.tz/api/profiles			no	medium	verified	https://sihadc.go.tz/api/profiles
GPOST_council-siha-district-council_community_development_head	GOFF_council_siha-district-council	Halmashauri ya Wilaya ya Siha (Siha District Council)	community_development_head	Head of Community Development Division	Mkuu wa Divisheni ya Maendeleo ya Jamii	civil_service						no	low	needs_review	https://sihadc.go.tz/api/pages/slug/community
GPOST_council-siha-district-council_social_welfare_officer	GOFF_council_siha-district-council	Halmashauri ya Wilaya ya Siha (Siha District Council)	social_welfare_officer	Council Social Welfare Officer	Afisa Ustawi wa Jamii wa Halmashauri	civil_service						no	low	needs_review	https://tanzlii.org/akn/tz/act/1982/7/eng@2002-07-31/source
GPOST_council-siha-district-council_primary_education_head	GOFF_council_siha-district-council	Halmashauri ya Wilaya ya Siha (Siha District Council)	primary_education_head	Head of Pre-Primary and Primary Education Division	Mkuu wa Divisheni ya Elimu ya Awali na Msingi	civil_service						yes	low	needs_review	https://sihadc.go.tz/api/pages/slug/pre-primary-and-primary-education
GPOST_council-moshi-district-council_council_director	GOFF_council_moshi-district-council	Halmashauri ya Wilaya ya Moshi (Moshi District Council)	council_director	Council Director	Mkurugenzi wa Halmashauri	civil_service	Ndg. Shadrack Mohamed Mhagama	2026-09-23	https://moshidc.go.tz/api/profiles		ded@moshidc.go.tz	no	medium	verified	https://moshidc.go.tz/api/profiles
GPOST_council-moshi-district-council_council_chair	GOFF_council_moshi-district-council	Halmashauri ya Wilaya ya Moshi (Moshi District Council)	council_chair	Council Chairperson or Mayor	Mwenyekiti wa Halmashauri / Meya	elected	Hon. John Mapato Meela	2026-09-23	https://moshidc.go.tz/api/profiles			no	medium	verified	https://moshidc.go.tz/api/profiles
GPOST_council-moshi-district-council_community_development_head	GOFF_council_moshi-district-council	Halmashauri ya Wilaya ya Moshi (Moshi District Council)	community_development_head	Head of Community Development Division	Mkuu wa Divisheni ya Maendeleo ya Jamii	civil_service						no	low	needs_review	https://moshidc.go.tz/api/pages/slug/community-development-division
GPOST_council-moshi-district-council_social_welfare_officer	GOFF_council_moshi-district-council	Halmashauri ya Wilaya ya Moshi (Moshi District Council)	social_welfare_officer	Council Social Welfare Officer	Afisa Ustawi wa Jamii wa Halmashauri	civil_service						no	low	needs_review	https://moshidc.go.tz/api/pages/slug/health-social-welfare-and-nutrition-services-division
GPOST_council-moshi-district-council_primary_education_head	GOFF_council_moshi-district-council	Halmashauri ya Wilaya ya Moshi (Moshi District Council)	primary_education_head	Head of Pre-Primary and Primary Education Division	Mkuu wa Divisheni ya Elimu ya Awali na Msingi	civil_service						yes	low	needs_review	https://moshidc.go.tz/api/pages/slug/pre-primary-and-primary-education-division
GPOST_council-moshi-municipal-council_council_director	GOFF_council_moshi-municipal-council	Halmashauri ya Manispaa ya Moshi (Moshi Municipal Council)	council_director	Council Director	Mkurugenzi wa Halmashauri	civil_service	Bi.Mwajuma Nasombe	2026-09-23	https://moshimc.go.tz/api/profiles		md@moshimc.go.tz	no	medium	verified	https://moshimc.go.tz/api/profiles
GPOST_council-moshi-municipal-council_council_chair	GOFF_council_moshi-municipal-council	Halmashauri ya Manispaa ya Moshi (Moshi Municipal Council)	council_chair	Council Chairperson or Mayor	Mwenyekiti wa Halmashauri / Meya	elected	HON..ZUBERI KIDUMO	2026-09-23	https://moshimc.go.tz/api/profiles			no	medium	verified	https://moshimc.go.tz/api/profiles
GPOST_council-moshi-municipal-council_community_development_head	GOFF_council_moshi-municipal-council	Halmashauri ya Manispaa ya Moshi (Moshi Municipal Council)	community_development_head	Head of Community Development Division	Mkuu wa Divisheni ya Maendeleo ya Jamii	civil_service						no	low	needs_review	https://moshimc.go.tz/api/pages/slug/community-development
GPOST_council-moshi-municipal-council_social_welfare_officer	GOFF_council_moshi-municipal-council	Halmashauri ya Manispaa ya Moshi (Moshi Municipal Council)	social_welfare_officer	Council Social Welfare Officer	Afisa Ustawi wa Jamii wa Halmashauri	civil_service						no	low	needs_review	https://moshimc.go.tz/api/pages/slug/health-social-welfare-and-nutrition-services
GPOST_council-moshi-municipal-council_primary_education_head	GOFF_council_moshi-municipal-council	Halmashauri ya Manispaa ya Moshi (Moshi Municipal Council)	primary_education_head	Head of Pre-Primary and Primary Education Division	Mkuu wa Divisheni ya Elimu ya Awali na Msingi	civil_service						yes	low	needs_review	https://moshimc.go.tz/api/pages/slug/pre-primary-and-primary-education
GPOST_council-monduli-district-council_council_director	GOFF_council_monduli-district-council	Halmashauri ya Wilaya ya Monduli (Monduli District Council)	council_director	Council Director	Mkurugenzi wa Halmashauri	civil_service	Bi. happiness R Laizer	2026-09-23	https://mondulidc.go.tz/api/profiles		ded@mondulidc.go.tz	no	medium	verified	https://mondulidc.go.tz/api/profiles
GPOST_council-monduli-district-council_council_chair	GOFF_council_monduli-district-council	Halmashauri ya Wilaya ya Monduli (Monduli District Council)	council_chair	Council Chairperson or Mayor	Mwenyekiti wa Halmashauri / Meya	elected	Hon. Kisioki Lengoije Moitiko	2026-09-23	https://mondulidc.go.tz/api/profiles			no	medium	verified	https://mondulidc.go.tz/api/profiles
GPOST_council-monduli-district-council_community_development_head	GOFF_council_monduli-district-council	Halmashauri ya Wilaya ya Monduli (Monduli District Council)	community_development_head	Head of Community Development Division	Mkuu wa Divisheni ya Maendeleo ya Jamii	civil_service						no	low	needs_review	https://mondulidc.go.tz/api/pages/slug/community-development-division
GPOST_council-monduli-district-council_social_welfare_officer	GOFF_council_monduli-district-council	Halmashauri ya Wilaya ya Monduli (Monduli District Council)	social_welfare_officer	Council Social Welfare Officer	Afisa Ustawi wa Jamii wa Halmashauri	civil_service						no	low	needs_review	https://mondulidc.go.tz/api/pages/slug/health-social-welfare-and-nutrition-services-division
GPOST_council-monduli-district-council_primary_education_head	GOFF_council_monduli-district-council	Halmashauri ya Wilaya ya Monduli (Monduli District Council)	primary_education_head	Head of Pre-Primary and Primary Education Division	Mkuu wa Divisheni ya Elimu ya Awali na Msingi	civil_service						yes	low	needs_review	https://mondulidc.go.tz/api/pages/slug/pre-primary-and-primary-education-division
GPOST_council-simanjiro-district-council_council_director	GOFF_council_simanjiro-district-council	Halmashauri ya Wilaya ya Simanjiro (Simanjiro District Council)	council_director	Council Director	Mkurugenzi wa Halmashauri	civil_service	Bw.Gracian Makota	2026-09-23	https://simanjirodc.go.tz/api/profiles		ded@simanjirodc.go.tz	no	medium	verified	https://simanjirodc.go.tz/api/profiles
GPOST_council-simanjiro-district-council_council_chair	GOFF_council_simanjiro-district-council	Halmashauri ya Wilaya ya Simanjiro (Simanjiro District Council)	council_chair	Council Chairperson or Mayor	Mwenyekiti wa Halmashauri / Meya	elected	Mh. KALEYA MELITA MOLLEL	2026-09-23	https://simanjirodc.go.tz/api/profiles			no	medium	verified	https://simanjirodc.go.tz/api/profiles
GPOST_council-simanjiro-district-council_community_development_head	GOFF_council_simanjiro-district-council	Halmashauri ya Wilaya ya Simanjiro (Simanjiro District Council)	community_development_head	Head of Community Development Division	Mkuu wa Divisheni ya Maendeleo ya Jamii	civil_service						no	low	needs_review	https://tanzlii.org/akn/tz/act/1982/7/eng@2002-07-31/source
GPOST_council-simanjiro-district-council_social_welfare_officer	GOFF_council_simanjiro-district-council	Halmashauri ya Wilaya ya Simanjiro (Simanjiro District Council)	social_welfare_officer	Council Social Welfare Officer	Afisa Ustawi wa Jamii wa Halmashauri	civil_service						no	low	needs_review	https://tanzlii.org/akn/tz/act/1982/7/eng@2002-07-31/source
GPOST_council-simanjiro-district-council_primary_education_head	GOFF_council_simanjiro-district-council	Halmashauri ya Wilaya ya Simanjiro (Simanjiro District Council)	primary_education_head	Head of Pre-Primary and Primary Education Division	Mkuu wa Divisheni ya Elimu ya Awali na Msingi	civil_service						yes	low	needs_review	https://tanzlii.org/akn/tz/act/1982/7/eng@2002-07-31/source
GPOST_ward-arusha-city-council-kati_ward_executive_officer	GOFF_ward_arusha-city-council_kati	Ofisi ya Kata ya Kati (Arusha City Council)	ward_executive_officer	Ward Executive Officer (WEO)	Afisa Mtendaji wa Kata	civil_service						no	low	needs_review	https://media.tanzlii.org/media/legislation/316204/source_file/77e1e9a6b6ecb9fb/1982-8.pdf
GPOST_ward-arusha-city-council-kati_ward_councillor	GOFF_ward_arusha-city-council_kati	Ofisi ya Kata ya Kati (Arusha City Council)	ward_councillor	Ward Councillor	Diwani wa Kata	elected						no	low	needs_review	https://media.tanzlii.org/media/legislation/316204/source_file/77e1e9a6b6ecb9fb/1982-8.pdf
GPOST_ward-arusha-city-council-kati_ward_community_development_officer	GOFF_ward_arusha-city-council_kati	Ofisi ya Kata ya Kati (Arusha City Council)	ward_community_development_officer	Ward Community Development Officer	Afisa Maendeleo ya Jamii wa Kata	civil_service						no	low	needs_review	https://media.tanzlii.org/media/legislation/316204/source_file/77e1e9a6b6ecb9fb/1982-8.pdf
GPOST_ward-arusha-city-council-kaloleni_ward_executive_officer	GOFF_ward_arusha-city-council_kaloleni	Ofisi ya Kata ya Kaloleni (Arusha City Council)	ward_executive_officer	Ward Executive Officer (WEO)	Afisa Mtendaji wa Kata	civil_service						no	low	needs_review	https://media.tanzlii.org/media/legislation/316204/source_file/77e1e9a6b6ecb9fb/1982-8.pdf
GPOST_ward-arusha-city-council-kaloleni_ward_councillor	GOFF_ward_arusha-city-council_kaloleni	Ofisi ya Kata ya Kaloleni (Arusha City Council)	ward_councillor	Ward Councillor	Diwani wa Kata	elected						no	low	needs_review	https://media.tanzlii.org/media/legislation/316204/source_file/77e1e9a6b6ecb9fb/1982-8.pdf
GPOST_ward-arusha-city-council-kaloleni_ward_community_development_officer	GOFF_ward_arusha-city-council_kaloleni	Ofisi ya Kata ya Kaloleni (Arusha City Council)	ward_community_development_officer	Ward Community Development Officer	Afisa Maendeleo ya Jamii wa Kata	civil_service						no	low	needs_review	https://media.tanzlii.org/media/legislation/316204/source_file/77e1e9a6b6ecb9fb/1982-8.pdf
GPOST_ward-arusha-city-council-sekei_ward_executive_officer	GOFF_ward_arusha-city-council_sekei	Ofisi ya Kata ya Sekei (Arusha City Council)	ward_executive_officer	Ward Executive Officer (WEO)	Afisa Mtendaji wa Kata	civil_service						no	low	needs_review	https://media.tanzlii.org/media/legislation/316204/source_file/77e1e9a6b6ecb9fb/1982-8.pdf
GPOST_ward-arusha-city-council-sekei_ward_councillor	GOFF_ward_arusha-city-council_sekei	Ofisi ya Kata ya Sekei (Arusha City Council)	ward_councillor	Ward Councillor	Diwani wa Kata	elected						no	low	needs_review	https://media.tanzlii.org/media/legislation/316204/source_file/77e1e9a6b6ecb9fb/1982-8.pdf
GPOST_ward-arusha-city-council-sekei_ward_community_development_officer	GOFF_ward_arusha-city-council_sekei	Ofisi ya Kata ya Sekei (Arusha City Council)	ward_community_development_officer	Ward Community Development Officer	Afisa Maendeleo ya Jamii wa Kata	civil_service						no	low	needs_review	https://media.tanzlii.org/media/legislation/316204/source_file/77e1e9a6b6ecb9fb/1982-8.pdf
GPOST_ward-arusha-city-council-themi_ward_executive_officer	GOFF_ward_arusha-city-council_themi	Ofisi ya Kata ya Themi (Arusha City Council)	ward_executive_officer	Ward Executive Officer (WEO)	Afisa Mtendaji wa Kata	civil_service						no	low	needs_review	https://media.tanzlii.org/media/legislation/316204/source_file/77e1e9a6b6ecb9fb/1982-8.pdf
GPOST_ward-arusha-city-council-themi_ward_councillor	GOFF_ward_arusha-city-council_themi	Ofisi ya Kata ya Themi (Arusha City Council)	ward_councillor	Ward Councillor	Diwani wa Kata	elected						no	low	needs_review	https://media.tanzlii.org/media/legislation/316204/source_file/77e1e9a6b6ecb9fb/1982-8.pdf
GPOST_ward-arusha-city-council-themi_ward_community_development_officer	GOFF_ward_arusha-city-council_themi	Ofisi ya Kata ya Themi (Arusha City Council)	ward_community_development_officer	Ward Community Development Officer	Afisa Maendeleo ya Jamii wa Kata	civil_service						no	low	needs_review	https://media.tanzlii.org/media/legislation/316204/source_file/77e1e9a6b6ecb9fb/1982-8.pdf
GPOST_ward-arusha-city-council-daraja-2_ward_executive_officer	GOFF_ward_arusha-city-council_daraja-2	Ofisi ya Kata ya Daraja II (Arusha City Council)	ward_executive_officer	Ward Executive Officer (WEO)	Afisa Mtendaji wa Kata	civil_service						no	low	needs_review	https://media.tanzlii.org/media/legislation/316204/source_file/77e1e9a6b6ecb9fb/1982-8.pdf
GPOST_ward-arusha-city-council-daraja-2_ward_councillor	GOFF_ward_arusha-city-council_daraja-2	Ofisi ya Kata ya Daraja II (Arusha City Council)	ward_councillor	Ward Councillor	Diwani wa Kata	elected						no	low	needs_review	https://media.tanzlii.org/media/legislation/316204/source_file/77e1e9a6b6ecb9fb/1982-8.pdf
GPOST_ward-arusha-city-council-daraja-2_ward_community_development_officer	GOFF_ward_arusha-city-council_daraja-2	Ofisi ya Kata ya Daraja II (Arusha City Council)	ward_community_development_officer	Ward Community Development Officer	Afisa Maendeleo ya Jamii wa Kata	civil_service						no	low	needs_review	https://media.tanzlii.org/media/legislation/316204/source_file/77e1e9a6b6ecb9fb/1982-8.pdf
GPOST_ward-arusha-city-council-unga-limited_ward_executive_officer	GOFF_ward_arusha-city-council_unga-limited	Ofisi ya Kata ya Unga Ltd (Arusha City Council)	ward_executive_officer	Ward Executive Officer (WEO)	Afisa Mtendaji wa Kata	civil_service						no	low	needs_review	https://media.tanzlii.org/media/legislation/316204/source_file/77e1e9a6b6ecb9fb/1982-8.pdf
GPOST_ward-arusha-city-council-unga-limited_ward_councillor	GOFF_ward_arusha-city-council_unga-limited	Ofisi ya Kata ya Unga Ltd (Arusha City Council)	ward_councillor	Ward Councillor	Diwani wa Kata	elected						no	low	needs_review	https://media.tanzlii.org/media/legislation/316204/source_file/77e1e9a6b6ecb9fb/1982-8.pdf
GPOST_ward-arusha-city-council-unga-limited_ward_community_development_officer	GOFF_ward_arusha-city-council_unga-limited	Ofisi ya Kata ya Unga Ltd (Arusha City Council)	ward_community_development_officer	Ward Community Development Officer	Afisa Maendeleo ya Jamii wa Kata	civil_service						no	low	needs_review	https://media.tanzlii.org/media/legislation/316204/source_file/77e1e9a6b6ecb9fb/1982-8.pdf
GPOST_ward-arusha-city-council-ngarenaro_ward_executive_officer	GOFF_ward_arusha-city-council_ngarenaro	Ofisi ya Kata ya Ngarenaro (Arusha City Council)	ward_executive_officer	Ward Executive Officer (WEO)	Afisa Mtendaji wa Kata	civil_service						no	low	needs_review	https://media.tanzlii.org/media/legislation/316204/source_file/77e1e9a6b6ecb9fb/1982-8.pdf
GPOST_ward-arusha-city-council-ngarenaro_ward_councillor	GOFF_ward_arusha-city-council_ngarenaro	Ofisi ya Kata ya Ngarenaro (Arusha City Council)	ward_councillor	Ward Councillor	Diwani wa Kata	elected						no	low	needs_review	https://media.tanzlii.org/media/legislation/316204/source_file/77e1e9a6b6ecb9fb/1982-8.pdf
GPOST_ward-arusha-city-council-ngarenaro_ward_community_development_officer	GOFF_ward_arusha-city-council_ngarenaro	Ofisi ya Kata ya Ngarenaro (Arusha City Council)	ward_community_development_officer	Ward Community Development Officer	Afisa Maendeleo ya Jamii wa Kata	civil_service						no	low	needs_review	https://media.tanzlii.org/media/legislation/316204/source_file/77e1e9a6b6ecb9fb/1982-8.pdf
GPOST_ward-arusha-city-council-levolosi_ward_executive_officer	GOFF_ward_arusha-city-council_levolosi	Ofisi ya Kata ya Levolosi (Arusha City Council)	ward_executive_officer	Ward Executive Officer (WEO)	Afisa Mtendaji wa Kata	civil_service						no	low	needs_review	https://media.tanzlii.org/media/legislation/316204/source_file/77e1e9a6b6ecb9fb/1982-8.pdf
GPOST_ward-arusha-city-council-levolosi_ward_councillor	GOFF_ward_arusha-city-council_levolosi	Ofisi ya Kata ya Levolosi (Arusha City Council)	ward_councillor	Ward Councillor	Diwani wa Kata	elected						no	low	needs_review	https://media.tanzlii.org/media/legislation/316204/source_file/77e1e9a6b6ecb9fb/1982-8.pdf
GPOST_ward-arusha-city-council-levolosi_ward_community_development_officer	GOFF_ward_arusha-city-council_levolosi	Ofisi ya Kata ya Levolosi (Arusha City Council)	ward_community_development_officer	Ward Community Development Officer	Afisa Maendeleo ya Jamii wa Kata	civil_service						no	low	needs_review	https://media.tanzlii.org/media/legislation/316204/source_file/77e1e9a6b6ecb9fb/1982-8.pdf
GPOST_ward-arusha-city-council-kimandolu_ward_executive_officer	GOFF_ward_arusha-city-council_kimandolu	Ofisi ya Kata ya Kimandolu (Arusha City Council)	ward_executive_officer	Ward Executive Officer (WEO)	Afisa Mtendaji wa Kata	civil_service						no	low	needs_review	https://media.tanzlii.org/media/legislation/316204/source_file/77e1e9a6b6ecb9fb/1982-8.pdf
GPOST_ward-arusha-city-council-kimandolu_ward_councillor	GOFF_ward_arusha-city-council_kimandolu	Ofisi ya Kata ya Kimandolu (Arusha City Council)	ward_councillor	Ward Councillor	Diwani wa Kata	elected						no	low	needs_review	https://media.tanzlii.org/media/legislation/316204/source_file/77e1e9a6b6ecb9fb/1982-8.pdf
GPOST_ward-arusha-city-council-kimandolu_ward_community_development_officer	GOFF_ward_arusha-city-council_kimandolu	Ofisi ya Kata ya Kimandolu (Arusha City Council)	ward_community_development_officer	Ward Community Development Officer	Afisa Maendeleo ya Jamii wa Kata	civil_service						no	low	needs_review	https://media.tanzlii.org/media/legislation/316204/source_file/77e1e9a6b6ecb9fb/1982-8.pdf
GPOST_ward-arusha-city-council-baraa_ward_executive_officer	GOFF_ward_arusha-city-council_baraa	Ofisi ya Kata ya Baraa (Arusha City Council)	ward_executive_officer	Ward Executive Officer (WEO)	Afisa Mtendaji wa Kata	civil_service						no	low	needs_review	https://media.tanzlii.org/media/legislation/316204/source_file/77e1e9a6b6ecb9fb/1982-8.pdf
GPOST_ward-arusha-city-council-baraa_ward_councillor	GOFF_ward_arusha-city-council_baraa	Ofisi ya Kata ya Baraa (Arusha City Council)	ward_councillor	Ward Councillor	Diwani wa Kata	elected						no	low	needs_review	https://media.tanzlii.org/media/legislation/316204/source_file/77e1e9a6b6ecb9fb/1982-8.pdf
GPOST_ward-arusha-city-council-baraa_ward_community_development_officer	GOFF_ward_arusha-city-council_baraa	Ofisi ya Kata ya Baraa (Arusha City Council)	ward_community_development_officer	Ward Community Development Officer	Afisa Maendeleo ya Jamii wa Kata	civil_service						no	low	needs_review	https://media.tanzlii.org/media/legislation/316204/source_file/77e1e9a6b6ecb9fb/1982-8.pdf
GPOST_ward-arusha-city-council-oloirien_ward_executive_officer	GOFF_ward_arusha-city-council_oloirien	Ofisi ya Kata ya Oloirien (Arusha City Council)	ward_executive_officer	Ward Executive Officer (WEO)	Afisa Mtendaji wa Kata	civil_service						no	low	needs_review	https://media.tanzlii.org/media/legislation/316204/source_file/77e1e9a6b6ecb9fb/1982-8.pdf
GPOST_ward-arusha-city-council-oloirien_ward_councillor	GOFF_ward_arusha-city-council_oloirien	Ofisi ya Kata ya Oloirien (Arusha City Council)	ward_councillor	Ward Councillor	Diwani wa Kata	elected						no	low	needs_review	https://media.tanzlii.org/media/legislation/316204/source_file/77e1e9a6b6ecb9fb/1982-8.pdf
GPOST_ward-arusha-city-council-oloirien_ward_community_development_officer	GOFF_ward_arusha-city-council_oloirien	Ofisi ya Kata ya Oloirien (Arusha City Council)	ward_community_development_officer	Ward Community Development Officer	Afisa Maendeleo ya Jamii wa Kata	civil_service						no	low	needs_review	https://media.tanzlii.org/media/legislation/316204/source_file/77e1e9a6b6ecb9fb/1982-8.pdf
GPOST_ward-arusha-city-council-moshono_ward_executive_officer	GOFF_ward_arusha-city-council_moshono	Ofisi ya Kata ya Moshono (Arusha City Council)	ward_executive_officer	Ward Executive Officer (WEO)	Afisa Mtendaji wa Kata	civil_service						no	low	needs_review	https://media.tanzlii.org/media/legislation/316204/source_file/77e1e9a6b6ecb9fb/1982-8.pdf
GPOST_ward-arusha-city-council-moshono_ward_councillor	GOFF_ward_arusha-city-council_moshono	Ofisi ya Kata ya Moshono (Arusha City Council)	ward_councillor	Ward Councillor	Diwani wa Kata	elected						no	low	needs_review	https://media.tanzlii.org/media/legislation/316204/source_file/77e1e9a6b6ecb9fb/1982-8.pdf
GPOST_ward-arusha-city-council-moshono_ward_community_development_officer	GOFF_ward_arusha-city-council_moshono	Ofisi ya Kata ya Moshono (Arusha City Council)	ward_community_development_officer	Ward Community Development Officer	Afisa Maendeleo ya Jamii wa Kata	civil_service						no	low	needs_review	https://media.tanzlii.org/media/legislation/316204/source_file/77e1e9a6b6ecb9fb/1982-8.pdf
GPOST_ward-arusha-city-council-moivaro_ward_executive_officer	GOFF_ward_arusha-city-council_moivaro	Ofisi ya Kata ya Moivaro (Arusha City Council)	ward_executive_officer	Ward Executive Officer (WEO)	Afisa Mtendaji wa Kata	civil_service						no	low	needs_review	https://media.tanzlii.org/media/legislation/316204/source_file/77e1e9a6b6ecb9fb/1982-8.pdf
GPOST_ward-arusha-city-council-moivaro_ward_councillor	GOFF_ward_arusha-city-council_moivaro	Ofisi ya Kata ya Moivaro (Arusha City Council)	ward_councillor	Ward Councillor	Diwani wa Kata	elected						no	low	needs_review	https://media.tanzlii.org/media/legislation/316204/source_file/77e1e9a6b6ecb9fb/1982-8.pdf
GPOST_ward-arusha-city-council-moivaro_ward_community_development_officer	GOFF_ward_arusha-city-council_moivaro	Ofisi ya Kata ya Moivaro (Arusha City Council)	ward_community_development_officer	Ward Community Development Officer	Afisa Maendeleo ya Jamii wa Kata	civil_service						no	low	needs_review	https://media.tanzlii.org/media/legislation/316204/source_file/77e1e9a6b6ecb9fb/1982-8.pdf
GPOST_ward-arusha-city-council-lemara_ward_executive_officer	GOFF_ward_arusha-city-council_lemara	Ofisi ya Kata ya Lemara (Arusha City Council)	ward_executive_officer	Ward Executive Officer (WEO)	Afisa Mtendaji wa Kata	civil_service						no	low	needs_review	https://media.tanzlii.org/media/legislation/316204/source_file/77e1e9a6b6ecb9fb/1982-8.pdf
GPOST_ward-arusha-city-council-lemara_ward_councillor	GOFF_ward_arusha-city-council_lemara	Ofisi ya Kata ya Lemara (Arusha City Council)	ward_councillor	Ward Councillor	Diwani wa Kata	elected						no	low	needs_review	https://media.tanzlii.org/media/legislation/316204/source_file/77e1e9a6b6ecb9fb/1982-8.pdf
GPOST_ward-arusha-city-council-lemara_ward_community_development_officer	GOFF_ward_arusha-city-council_lemara	Ofisi ya Kata ya Lemara (Arusha City Council)	ward_community_development_officer	Ward Community Development Officer	Afisa Maendeleo ya Jamii wa Kata	civil_service						no	low	needs_review	https://media.tanzlii.org/media/legislation/316204/source_file/77e1e9a6b6ecb9fb/1982-8.pdf
GPOST_ward-arusha-city-council-terrat_ward_executive_officer	GOFF_ward_arusha-city-council_terrat	Ofisi ya Kata ya Terrat (Arusha City Council)	ward_executive_officer	Ward Executive Officer (WEO)	Afisa Mtendaji wa Kata	civil_service						no	low	needs_review	https://media.tanzlii.org/media/legislation/316204/source_file/77e1e9a6b6ecb9fb/1982-8.pdf
GPOST_ward-arusha-city-council-terrat_ward_councillor	GOFF_ward_arusha-city-council_terrat	Ofisi ya Kata ya Terrat (Arusha City Council)	ward_councillor	Ward Councillor	Diwani wa Kata	elected						no	low	needs_review	https://media.tanzlii.org/media/legislation/316204/source_file/77e1e9a6b6ecb9fb/1982-8.pdf
GPOST_ward-arusha-city-council-terrat_ward_community_development_officer	GOFF_ward_arusha-city-council_terrat	Ofisi ya Kata ya Terrat (Arusha City Council)	ward_community_development_officer	Ward Community Development Officer	Afisa Maendeleo ya Jamii wa Kata	civil_service						no	low	needs_review	https://media.tanzlii.org/media/legislation/316204/source_file/77e1e9a6b6ecb9fb/1982-8.pdf
GPOST_ward-arusha-city-council-sokon-1_ward_executive_officer	GOFF_ward_arusha-city-council_sokon-1	Ofisi ya Kata ya Sokon I (Arusha City Council)	ward_executive_officer	Ward Executive Officer (WEO)	Afisa Mtendaji wa Kata	civil_service						no	low	needs_review	https://media.tanzlii.org/media/legislation/316204/source_file/77e1e9a6b6ecb9fb/1982-8.pdf
GPOST_ward-arusha-city-council-sokon-1_ward_councillor	GOFF_ward_arusha-city-council_sokon-1	Ofisi ya Kata ya Sokon I (Arusha City Council)	ward_councillor	Ward Councillor	Diwani wa Kata	elected						no	low	needs_review	https://media.tanzlii.org/media/legislation/316204/source_file/77e1e9a6b6ecb9fb/1982-8.pdf
GPOST_ward-arusha-city-council-sokon-1_ward_community_development_officer	GOFF_ward_arusha-city-council_sokon-1	Ofisi ya Kata ya Sokon I (Arusha City Council)	ward_community_development_officer	Ward Community Development Officer	Afisa Maendeleo ya Jamii wa Kata	civil_service						no	low	needs_review	https://media.tanzlii.org/media/legislation/316204/source_file/77e1e9a6b6ecb9fb/1982-8.pdf
GPOST_ward-arusha-city-council-sombetini_ward_executive_officer	GOFF_ward_arusha-city-council_sombetini	Ofisi ya Kata ya Sombetini (Arusha City Council)	ward_executive_officer	Ward Executive Officer (WEO)	Afisa Mtendaji wa Kata	civil_service						no	low	needs_review	https://media.tanzlii.org/media/legislation/316204/source_file/77e1e9a6b6ecb9fb/1982-8.pdf
GPOST_ward-arusha-city-council-sombetini_ward_councillor	GOFF_ward_arusha-city-council_sombetini	Ofisi ya Kata ya Sombetini (Arusha City Council)	ward_councillor	Ward Councillor	Diwani wa Kata	elected						no	low	needs_review	https://media.tanzlii.org/media/legislation/316204/source_file/77e1e9a6b6ecb9fb/1982-8.pdf
GPOST_ward-arusha-city-council-sombetini_ward_community_development_officer	GOFF_ward_arusha-city-council_sombetini	Ofisi ya Kata ya Sombetini (Arusha City Council)	ward_community_development_officer	Ward Community Development Officer	Afisa Maendeleo ya Jamii wa Kata	civil_service						no	low	needs_review	https://media.tanzlii.org/media/legislation/316204/source_file/77e1e9a6b6ecb9fb/1982-8.pdf
GPOST_ward-arusha-city-council-engutoto_ward_executive_officer	GOFF_ward_arusha-city-council_engutoto	Ofisi ya Kata ya Engutoto (Arusha City Council)	ward_executive_officer	Ward Executive Officer (WEO)	Afisa Mtendaji wa Kata	civil_service						no	low	needs_review	https://media.tanzlii.org/media/legislation/316204/source_file/77e1e9a6b6ecb9fb/1982-8.pdf
GPOST_ward-arusha-city-council-engutoto_ward_councillor	GOFF_ward_arusha-city-council_engutoto	Ofisi ya Kata ya Engutoto (Arusha City Council)	ward_councillor	Ward Councillor	Diwani wa Kata	elected						no	low	needs_review	https://media.tanzlii.org/media/legislation/316204/source_file/77e1e9a6b6ecb9fb/1982-8.pdf
GPOST_ward-arusha-city-council-engutoto_ward_community_development_officer	GOFF_ward_arusha-city-council_engutoto	Ofisi ya Kata ya Engutoto (Arusha City Council)	ward_community_development_officer	Ward Community Development Officer	Afisa Maendeleo ya Jamii wa Kata	civil_service						no	low	needs_review	https://media.tanzlii.org/media/legislation/316204/source_file/77e1e9a6b6ecb9fb/1982-8.pdf
GPOST_ward-arusha-city-council-elerai_ward_executive_officer	GOFF_ward_arusha-city-council_elerai	Ofisi ya Kata ya Elerai (Arusha City Council)	ward_executive_officer	Ward Executive Officer (WEO)	Afisa Mtendaji wa Kata	civil_service						no	low	needs_review	https://media.tanzlii.org/media/legislation/316204/source_file/77e1e9a6b6ecb9fb/1982-8.pdf
GPOST_ward-arusha-city-council-elerai_ward_councillor	GOFF_ward_arusha-city-council_elerai	Ofisi ya Kata ya Elerai (Arusha City Council)	ward_councillor	Ward Councillor	Diwani wa Kata	elected						no	low	needs_review	https://media.tanzlii.org/media/legislation/316204/source_file/77e1e9a6b6ecb9fb/1982-8.pdf
GPOST_ward-arusha-city-council-elerai_ward_community_development_officer	GOFF_ward_arusha-city-council_elerai	Ofisi ya Kata ya Elerai (Arusha City Council)	ward_community_development_officer	Ward Community Development Officer	Afisa Maendeleo ya Jamii wa Kata	civil_service						no	low	needs_review	https://media.tanzlii.org/media/legislation/316204/source_file/77e1e9a6b6ecb9fb/1982-8.pdf
GPOST_ward-arusha-city-council-olasiti_ward_executive_officer	GOFF_ward_arusha-city-council_olasiti	Ofisi ya Kata ya Olasiti (Arusha City Council)	ward_executive_officer	Ward Executive Officer (WEO)	Afisa Mtendaji wa Kata	civil_service						no	low	needs_review	https://media.tanzlii.org/media/legislation/316204/source_file/77e1e9a6b6ecb9fb/1982-8.pdf
GPOST_ward-arusha-city-council-olasiti_ward_councillor	GOFF_ward_arusha-city-council_olasiti	Ofisi ya Kata ya Olasiti (Arusha City Council)	ward_councillor	Ward Councillor	Diwani wa Kata	elected						no	low	needs_review	https://media.tanzlii.org/media/legislation/316204/source_file/77e1e9a6b6ecb9fb/1982-8.pdf
GPOST_ward-arusha-city-council-olasiti_ward_community_development_officer	GOFF_ward_arusha-city-council_olasiti	Ofisi ya Kata ya Olasiti (Arusha City Council)	ward_community_development_officer	Ward Community Development Officer	Afisa Maendeleo ya Jamii wa Kata	civil_service						no	low	needs_review	https://media.tanzlii.org/media/legislation/316204/source_file/77e1e9a6b6ecb9fb/1982-8.pdf
GPOST_ward-arusha-city-council-muriet_ward_executive_officer	GOFF_ward_arusha-city-council_muriet	Ofisi ya Kata ya Muriet (Arusha City Council)	ward_executive_officer	Ward Executive Officer (WEO)	Afisa Mtendaji wa Kata	civil_service						no	low	needs_review	https://media.tanzlii.org/media/legislation/316204/source_file/77e1e9a6b6ecb9fb/1982-8.pdf
GPOST_ward-arusha-city-council-muriet_ward_councillor	GOFF_ward_arusha-city-council_muriet	Ofisi ya Kata ya Muriet (Arusha City Council)	ward_councillor	Ward Councillor	Diwani wa Kata	elected						no	low	needs_review	https://media.tanzlii.org/media/legislation/316204/source_file/77e1e9a6b6ecb9fb/1982-8.pdf
GPOST_ward-arusha-city-council-muriet_ward_community_development_officer	GOFF_ward_arusha-city-council_muriet	Ofisi ya Kata ya Muriet (Arusha City Council)	ward_community_development_officer	Ward Community Development Officer	Afisa Maendeleo ya Jamii wa Kata	civil_service						no	low	needs_review	https://media.tanzlii.org/media/legislation/316204/source_file/77e1e9a6b6ecb9fb/1982-8.pdf
GPOST_ward-arusha-city-council-olmoti_ward_executive_officer	GOFF_ward_arusha-city-council_olmoti	Ofisi ya Kata ya Olmoti (Arusha City Council)	ward_executive_officer	Ward Executive Officer (WEO)	Afisa Mtendaji wa Kata	civil_service						no	low	needs_review	https://media.tanzlii.org/media/legislation/316204/source_file/77e1e9a6b6ecb9fb/1982-8.pdf
GPOST_ward-arusha-city-council-olmoti_ward_councillor	GOFF_ward_arusha-city-council_olmoti	Ofisi ya Kata ya Olmoti (Arusha City Council)	ward_councillor	Ward Councillor	Diwani wa Kata	elected						no	low	needs_review	https://media.tanzlii.org/media/legislation/316204/source_file/77e1e9a6b6ecb9fb/1982-8.pdf
GPOST_ward-arusha-city-council-olmoti_ward_community_development_officer	GOFF_ward_arusha-city-council_olmoti	Ofisi ya Kata ya Olmoti (Arusha City Council)	ward_community_development_officer	Ward Community Development Officer	Afisa Maendeleo ya Jamii wa Kata	civil_service						no	low	needs_review	https://media.tanzlii.org/media/legislation/316204/source_file/77e1e9a6b6ecb9fb/1982-8.pdf
GPOST_ward-arusha-city-council-sakina_ward_executive_officer	GOFF_ward_arusha-city-council_sakina	Ofisi ya Kata ya Sakina (Arusha City Council)	ward_executive_officer	Ward Executive Officer (WEO)	Afisa Mtendaji wa Kata	civil_service						no	low	needs_review	https://media.tanzlii.org/media/legislation/316204/source_file/77e1e9a6b6ecb9fb/1982-8.pdf
GPOST_ward-arusha-city-council-sakina_ward_councillor	GOFF_ward_arusha-city-council_sakina	Ofisi ya Kata ya Sakina (Arusha City Council)	ward_councillor	Ward Councillor	Diwani wa Kata	elected						no	low	needs_review	https://media.tanzlii.org/media/legislation/316204/source_file/77e1e9a6b6ecb9fb/1982-8.pdf
GPOST_ward-arusha-city-council-sakina_ward_community_development_officer	GOFF_ward_arusha-city-council_sakina	Ofisi ya Kata ya Sakina (Arusha City Council)	ward_community_development_officer	Ward Community Development Officer	Afisa Maendeleo ya Jamii wa Kata	civil_service						no	low	needs_review	https://media.tanzlii.org/media/legislation/316204/source_file/77e1e9a6b6ecb9fb/1982-8.pdf
GPOST_ward-arusha-city-council-osunyai-jr_ward_executive_officer	GOFF_ward_arusha-city-council_osunyai-jr	Ofisi ya Kata ya Osunyai Jr (Arusha City Council)	ward_executive_officer	Ward Executive Officer (WEO)	Afisa Mtendaji wa Kata	civil_service						no	low	needs_review	https://media.tanzlii.org/media/legislation/316204/source_file/77e1e9a6b6ecb9fb/1982-8.pdf
GPOST_ward-arusha-city-council-osunyai-jr_ward_councillor	GOFF_ward_arusha-city-council_osunyai-jr	Ofisi ya Kata ya Osunyai Jr (Arusha City Council)	ward_councillor	Ward Councillor	Diwani wa Kata	elected						no	low	needs_review	https://media.tanzlii.org/media/legislation/316204/source_file/77e1e9a6b6ecb9fb/1982-8.pdf
GPOST_ward-arusha-city-council-osunyai-jr_ward_community_development_officer	GOFF_ward_arusha-city-council_osunyai-jr	Ofisi ya Kata ya Osunyai Jr (Arusha City Council)	ward_community_development_officer	Ward Community Development Officer	Afisa Maendeleo ya Jamii wa Kata	civil_service						no	low	needs_review	https://media.tanzlii.org/media/legislation/316204/source_file/77e1e9a6b6ecb9fb/1982-8.pdf
GPOST_ward-arusha-city-council-sinoni_ward_executive_officer	GOFF_ward_arusha-city-council_sinoni	Ofisi ya Kata ya Sinoni (Arusha City Council)	ward_executive_officer	Ward Executive Officer (WEO)	Afisa Mtendaji wa Kata	civil_service						no	low	needs_review	https://media.tanzlii.org/media/legislation/316204/source_file/77e1e9a6b6ecb9fb/1982-8.pdf
GPOST_ward-arusha-city-council-sinoni_ward_councillor	GOFF_ward_arusha-city-council_sinoni	Ofisi ya Kata ya Sinoni (Arusha City Council)	ward_councillor	Ward Councillor	Diwani wa Kata	elected						no	low	needs_review	https://media.tanzlii.org/media/legislation/316204/source_file/77e1e9a6b6ecb9fb/1982-8.pdf
GPOST_ward-arusha-city-council-sinoni_ward_community_development_officer	GOFF_ward_arusha-city-council_sinoni	Ofisi ya Kata ya Sinoni (Arusha City Council)	ward_community_development_officer	Ward Community Development Officer	Afisa Maendeleo ya Jamii wa Kata	civil_service						no	low	needs_review	https://media.tanzlii.org/media/legislation/316204/source_file/77e1e9a6b6ecb9fb/1982-8.pdf
GPOST_ward-arusha-district-council-lengijave_ward_executive_officer	GOFF_ward_arusha-district-council_lengijave	Ofisi ya Kata ya Lengijave (Arusha District Council)	ward_executive_officer	Ward Executive Officer (WEO)	Afisa Mtendaji wa Kata	civil_service						no	low	needs_review	https://tanzlii.org/akn/tz/act/1982/7/eng@2002-07-31/source
GPOST_ward-arusha-district-council-lengijave_ward_councillor	GOFF_ward_arusha-district-council_lengijave	Ofisi ya Kata ya Lengijave (Arusha District Council)	ward_councillor	Ward Councillor	Diwani wa Kata	elected	ISMAIL LOIBANGUTI MOLLEL	2026-09-23	http://arushadc.go.tz/minio/arushadc.go.tz/attachments/1773295393392-Madiwani%20HW%20Arusha%202025-30.pdf	+255763783750		no	medium	needs_review	http://arushadc.go.tz/minio/arushadc.go.tz/attachments/1773295393392-Madiwani%20HW%20Arusha%202025-30.pdf
GPOST_ward-arusha-district-council-lengijave_ward_community_development_officer	GOFF_ward_arusha-district-council_lengijave	Ofisi ya Kata ya Lengijave (Arusha District Council)	ward_community_development_officer	Ward Community Development Officer	Afisa Maendeleo ya Jamii wa Kata	civil_service						no	low	needs_review	https://tanzlii.org/akn/tz/act/1982/7/eng@2002-07-31/source
GPOST_ward-arusha-district-council-olturumet_ward_executive_officer	GOFF_ward_arusha-district-council_olturumet	Ofisi ya Kata ya Olturumet (Arusha District Council)	ward_executive_officer	Ward Executive Officer (WEO)	Afisa Mtendaji wa Kata	civil_service						no	low	needs_review	https://tanzlii.org/akn/tz/act/1982/7/eng@2002-07-31/source
GPOST_ward-arusha-district-council-olturumet_ward_councillor	GOFF_ward_arusha-district-council_olturumet	Ofisi ya Kata ya Olturumet (Arusha District Council)	ward_councillor	Ward Councillor	Diwani wa Kata	elected	JOSEPH TINAYO MENDASA	2026-09-23	http://arushadc.go.tz/minio/arushadc.go.tz/attachments/1773295393392-Madiwani%20HW%20Arusha%202025-30.pdf	+255756971997		no	medium	needs_review	http://arushadc.go.tz/minio/arushadc.go.tz/attachments/1773295393392-Madiwani%20HW%20Arusha%202025-30.pdf
GPOST_ward-arusha-district-council-olturumet_ward_community_development_officer	GOFF_ward_arusha-district-council_olturumet	Ofisi ya Kata ya Olturumet (Arusha District Council)	ward_community_development_officer	Ward Community Development Officer	Afisa Maendeleo ya Jamii wa Kata	civil_service						no	low	needs_review	https://tanzlii.org/akn/tz/act/1982/7/eng@2002-07-31/source
GPOST_ward-arusha-district-council-mwandet_ward_executive_officer	GOFF_ward_arusha-district-council_mwandet	Ofisi ya Kata ya Mwandet (Arusha District Council)	ward_executive_officer	Ward Executive Officer (WEO)	Afisa Mtendaji wa Kata	civil_service						no	low	needs_review	https://tanzlii.org/akn/tz/act/1982/7/eng@2002-07-31/source
GPOST_ward-arusha-district-council-mwandet_ward_councillor	GOFF_ward_arusha-district-council_mwandet	Ofisi ya Kata ya Mwandet (Arusha District Council)	ward_councillor	Ward Councillor	Diwani wa Kata	elected	LOGOLIE MASAADAWA LUKUMAY	2026-09-23	http://arushadc.go.tz/minio/arushadc.go.tz/attachments/1773295393392-Madiwani%20HW%20Arusha%202025-30.pdf	+255755577413		no	medium	needs_review	http://arushadc.go.tz/minio/arushadc.go.tz/attachments/1773295393392-Madiwani%20HW%20Arusha%202025-30.pdf
GPOST_ward-arusha-district-council-mwandet_ward_community_development_officer	GOFF_ward_arusha-district-council_mwandet	Ofisi ya Kata ya Mwandet (Arusha District Council)	ward_community_development_officer	Ward Community Development Officer	Afisa Maendeleo ya Jamii wa Kata	civil_service						no	low	needs_review	https://tanzlii.org/akn/tz/act/1982/7/eng@2002-07-31/source
GPOST_ward-arusha-district-council-musa_ward_executive_officer	GOFF_ward_arusha-district-council_musa	Ofisi ya Kata ya Musa (Arusha District Council)	ward_executive_officer	Ward Executive Officer (WEO)	Afisa Mtendaji wa Kata	civil_service						no	low	needs_review	https://tanzlii.org/akn/tz/act/1982/7/eng@2002-07-31/source
GPOST_ward-arusha-district-council-musa_ward_councillor	GOFF_ward_arusha-district-council_musa	Ofisi ya Kata ya Musa (Arusha District Council)	ward_councillor	Ward Councillor	Diwani wa Kata	elected	WILSON PELLO KIVUYO	2026-09-23	http://arushadc.go.tz/minio/arushadc.go.tz/attachments/1773295393392-Madiwani%20HW%20Arusha%202025-30.pdf	+255767958033		no	medium	needs_review	http://arushadc.go.tz/minio/arushadc.go.tz/attachments/1773295393392-Madiwani%20HW%20Arusha%202025-30.pdf
GPOST_ward-arusha-district-council-musa_ward_community_development_officer	GOFF_ward_arusha-district-council_musa	Ofisi ya Kata ya Musa (Arusha District Council)	ward_community_development_officer	Ward Community Development Officer	Afisa Maendeleo ya Jamii wa Kata	civil_service						no	low	needs_review	https://tanzlii.org/akn/tz/act/1982/7/eng@2002-07-31/source
GPOST_ward-arusha-district-council-kisongo_ward_executive_officer	GOFF_ward_arusha-district-council_kisongo	Ofisi ya Kata ya Kisongo (Arusha District Council)	ward_executive_officer	Ward Executive Officer (WEO)	Afisa Mtendaji wa Kata	civil_service						no	low	needs_review	https://tanzlii.org/akn/tz/act/1982/7/eng@2002-07-31/source
GPOST_ward-arusha-district-council-kisongo_ward_councillor	GOFF_ward_arusha-district-council_kisongo	Ofisi ya Kata ya Kisongo (Arusha District Council)	ward_councillor	Ward Councillor	Diwani wa Kata	elected	VAILETH ELIAS NGOWO	2026-09-23	http://arushadc.go.tz/minio/arushadc.go.tz/attachments/1773295393392-Madiwani%20HW%20Arusha%202025-30.pdf	+255783169346		no	medium	needs_review	http://arushadc.go.tz/minio/arushadc.go.tz/attachments/1773295393392-Madiwani%20HW%20Arusha%202025-30.pdf
GPOST_ward-arusha-district-council-kisongo_ward_community_development_officer	GOFF_ward_arusha-district-council_kisongo	Ofisi ya Kata ya Kisongo (Arusha District Council)	ward_community_development_officer	Ward Community Development Officer	Afisa Maendeleo ya Jamii wa Kata	civil_service						no	low	needs_review	https://tanzlii.org/akn/tz/act/1982/7/eng@2002-07-31/source
GPOST_ward-arusha-district-council-mateves_ward_executive_officer	GOFF_ward_arusha-district-council_mateves	Ofisi ya Kata ya Mateves (Arusha District Council)	ward_executive_officer	Ward Executive Officer (WEO)	Afisa Mtendaji wa Kata	civil_service						no	low	needs_review	https://tanzlii.org/akn/tz/act/1982/7/eng@2002-07-31/source
GPOST_ward-arusha-district-council-mateves_ward_councillor	GOFF_ward_arusha-district-council_mateves	Ofisi ya Kata ya Mateves (Arusha District Council)	ward_councillor	Ward Councillor	Diwani wa Kata	elected	FRED EZEKIEL LUKUMAY	2026-09-23	http://arushadc.go.tz/minio/arushadc.go.tz/attachments/1773295393392-Madiwani%20HW%20Arusha%202025-30.pdf	+255754847786		no	medium	needs_review	http://arushadc.go.tz/minio/arushadc.go.tz/attachments/1773295393392-Madiwani%20HW%20Arusha%202025-30.pdf
GPOST_ward-arusha-district-council-mateves_ward_community_development_officer	GOFF_ward_arusha-district-council_mateves	Ofisi ya Kata ya Mateves (Arusha District Council)	ward_community_development_officer	Ward Community Development Officer	Afisa Maendeleo ya Jamii wa Kata	civil_service						no	low	needs_review	https://tanzlii.org/akn/tz/act/1982/7/eng@2002-07-31/source
GPOST_ward-arusha-district-council-oldonyowass_ward_executive_officer	GOFF_ward_arusha-district-council_oldonyowass	Ofisi ya Kata ya Oldonyowass (Arusha District Council)	ward_executive_officer	Ward Executive Officer (WEO)	Afisa Mtendaji wa Kata	civil_service						no	low	needs_review	https://tanzlii.org/akn/tz/act/1982/7/eng@2002-07-31/source
GPOST_ward-arusha-district-council-oldonyowass_ward_councillor	GOFF_ward_arusha-district-council_oldonyowass	Ofisi ya Kata ya Oldonyowass (Arusha District Council)	ward_councillor	Ward Councillor	Diwani wa Kata	elected	KIJANA SARUNI MOLLEL	2026-09-23	http://arushadc.go.tz/minio/arushadc.go.tz/attachments/1773295393392-Madiwani%20HW%20Arusha%202025-30.pdf	+255673906972		no	medium	needs_review	http://arushadc.go.tz/minio/arushadc.go.tz/attachments/1773295393392-Madiwani%20HW%20Arusha%202025-30.pdf
GPOST_ward-arusha-district-council-oldonyowass_ward_community_development_officer	GOFF_ward_arusha-district-council_oldonyowass	Ofisi ya Kata ya Oldonyowass (Arusha District Council)	ward_community_development_officer	Ward Community Development Officer	Afisa Maendeleo ya Jamii wa Kata	civil_service						no	low	needs_review	https://tanzlii.org/akn/tz/act/1982/7/eng@2002-07-31/source
GPOST_ward-arusha-district-council-lemanyata_ward_executive_officer	GOFF_ward_arusha-district-council_lemanyata	Ofisi ya Kata ya Lemanyata (Arusha District Council)	ward_executive_officer	Ward Executive Officer (WEO)	Afisa Mtendaji wa Kata	civil_service						no	low	needs_review	https://tanzlii.org/akn/tz/act/1982/7/eng@2002-07-31/source
GPOST_ward-arusha-district-council-lemanyata_ward_councillor	GOFF_ward_arusha-district-council_lemanyata	Ofisi ya Kata ya Lemanyata (Arusha District Council)	ward_councillor	Ward Councillor	Diwani wa Kata	elected	EZEKIEL NELSON LAZIER	2026-09-23	http://arushadc.go.tz/minio/arushadc.go.tz/attachments/1773295393392-Madiwani%20HW%20Arusha%202025-30.pdf	+255755568603		no	medium	needs_review	http://arushadc.go.tz/minio/arushadc.go.tz/attachments/1773295393392-Madiwani%20HW%20Arusha%202025-30.pdf
GPOST_ward-arusha-district-council-lemanyata_ward_community_development_officer	GOFF_ward_arusha-district-council_lemanyata	Ofisi ya Kata ya Lemanyata (Arusha District Council)	ward_community_development_officer	Ward Community Development Officer	Afisa Maendeleo ya Jamii wa Kata	civil_service						no	low	needs_review	https://tanzlii.org/akn/tz/act/1982/7/eng@2002-07-31/source
GPOST_ward-arusha-district-council-laroi_ward_executive_officer	GOFF_ward_arusha-district-council_laroi	Ofisi ya Kata ya Laroi (Arusha District Council)	ward_executive_officer	Ward Executive Officer (WEO)	Afisa Mtendaji wa Kata	civil_service						no	low	needs_review	https://tanzlii.org/akn/tz/act/1982/7/eng@2002-07-31/source
GPOST_ward-arusha-district-council-laroi_ward_councillor	GOFF_ward_arusha-district-council_laroi	Ofisi ya Kata ya Laroi (Arusha District Council)	ward_councillor	Ward Councillor	Diwani wa Kata	elected	OJUNG'U PINIEL SALEKWA	2026-09-23	http://arushadc.go.tz/minio/arushadc.go.tz/attachments/1773295393392-Madiwani%20HW%20Arusha%202025-30.pdf	+255752780000		no	medium	needs_review	http://arushadc.go.tz/minio/arushadc.go.tz/attachments/1773295393392-Madiwani%20HW%20Arusha%202025-30.pdf
GPOST_ward-arusha-district-council-laroi_ward_community_development_officer	GOFF_ward_arusha-district-council_laroi	Ofisi ya Kata ya Laroi (Arusha District Council)	ward_community_development_officer	Ward Community Development Officer	Afisa Maendeleo ya Jamii wa Kata	civil_service						no	low	needs_review	https://tanzlii.org/akn/tz/act/1982/7/eng@2002-07-31/source
GPOST_ward-arusha-district-council-ilkidinga_ward_executive_officer	GOFF_ward_arusha-district-council_ilkidinga	Ofisi ya Kata ya Ilkiding'a (Arusha District Council)	ward_executive_officer	Ward Executive Officer (WEO)	Afisa Mtendaji wa Kata	civil_service						no	low	needs_review	https://tanzlii.org/akn/tz/act/1982/7/eng@2002-07-31/source
GPOST_ward-arusha-district-council-ilkidinga_ward_councillor	GOFF_ward_arusha-district-council_ilkidinga	Ofisi ya Kata ya Ilkiding'a (Arusha District Council)	ward_councillor	Ward Councillor	Diwani wa Kata	elected	NJECHE ELIAKIMU LAIZER	2026-09-23	http://arushadc.go.tz/minio/arushadc.go.tz/attachments/1773295393392-Madiwani%20HW%20Arusha%202025-30.pdf	+255757520264		no	medium	needs_review	http://arushadc.go.tz/minio/arushadc.go.tz/attachments/1773295393392-Madiwani%20HW%20Arusha%202025-30.pdf
GPOST_ward-arusha-district-council-ilkidinga_ward_community_development_officer	GOFF_ward_arusha-district-council_ilkidinga	Ofisi ya Kata ya Ilkiding'a (Arusha District Council)	ward_community_development_officer	Ward Community Development Officer	Afisa Maendeleo ya Jamii wa Kata	civil_service						no	low	needs_review	https://tanzlii.org/akn/tz/act/1982/7/eng@2002-07-31/source
GPOST_ward-arusha-district-council-olturoto_ward_executive_officer	GOFF_ward_arusha-district-council_olturoto	Ofisi ya Kata ya Olturoto (Arusha District Council)	ward_executive_officer	Ward Executive Officer (WEO)	Afisa Mtendaji wa Kata	civil_service						no	low	needs_review	https://tanzlii.org/akn/tz/act/1982/7/eng@2002-07-31/source
GPOST_ward-arusha-district-council-olturoto_ward_councillor	GOFF_ward_arusha-district-council_olturoto	Ofisi ya Kata ya Olturoto (Arusha District Council)	ward_councillor	Ward Councillor	Diwani wa Kata	elected	BARAKA SIMON MESIAKI	2026-09-23	http://arushadc.go.tz/minio/arushadc.go.tz/attachments/1773295393392-Madiwani%20HW%20Arusha%202025-30.pdf	+255766494549		no	medium	needs_review	http://arushadc.go.tz/minio/arushadc.go.tz/attachments/1773295393392-Madiwani%20HW%20Arusha%202025-30.pdf
GPOST_ward-arusha-district-council-olturoto_ward_community_development_officer	GOFF_ward_arusha-district-council_olturoto	Ofisi ya Kata ya Olturoto (Arusha District Council)	ward_community_development_officer	Ward Community Development Officer	Afisa Maendeleo ya Jamii wa Kata	civil_service						no	low	needs_review	https://tanzlii.org/akn/tz/act/1982/7/eng@2002-07-31/source
GPOST_ward-arusha-district-council-moivo_ward_executive_officer	GOFF_ward_arusha-district-council_moivo	Ofisi ya Kata ya Moivo (Arusha District Council)	ward_executive_officer	Ward Executive Officer (WEO)	Afisa Mtendaji wa Kata	civil_service						no	low	needs_review	https://tanzlii.org/akn/tz/act/1982/7/eng@2002-07-31/source
GPOST_ward-arusha-district-council-moivo_ward_councillor	GOFF_ward_arusha-district-council_moivo	Ofisi ya Kata ya Moivo (Arusha District Council)	ward_councillor	Ward Councillor	Diwani wa Kata	elected	SELINA JAMES MOLLEL	2026-09-23	http://arushadc.go.tz/minio/arushadc.go.tz/attachments/1773295393392-Madiwani%20HW%20Arusha%202025-30.pdf	+255714911013		no	medium	needs_review	http://arushadc.go.tz/minio/arushadc.go.tz/attachments/1773295393392-Madiwani%20HW%20Arusha%202025-30.pdf
GPOST_ward-arusha-district-council-moivo_ward_community_development_officer	GOFF_ward_arusha-district-council_moivo	Ofisi ya Kata ya Moivo (Arusha District Council)	ward_community_development_officer	Ward Community Development Officer	Afisa Maendeleo ya Jamii wa Kata	civil_service						no	low	needs_review	https://tanzlii.org/akn/tz/act/1982/7/eng@2002-07-31/source
GPOST_ward-arusha-district-council-kiranyi_ward_executive_officer	GOFF_ward_arusha-district-council_kiranyi	Ofisi ya Kata ya Kiranyi (Arusha District Council)	ward_executive_officer	Ward Executive Officer (WEO)	Afisa Mtendaji wa Kata	civil_service						no	low	needs_review	https://tanzlii.org/akn/tz/act/1982/7/eng@2002-07-31/source
GPOST_ward-arusha-district-council-kiranyi_ward_councillor	GOFF_ward_arusha-district-council_kiranyi	Ofisi ya Kata ya Kiranyi (Arusha District Council)	ward_councillor	Ward Councillor	Diwani wa Kata	elected	ELIAS LOTH LUKUMAY	2026-09-23	http://arushadc.go.tz/minio/arushadc.go.tz/attachments/1773295393392-Madiwani%20HW%20Arusha%202025-30.pdf	+255676100306		no	medium	needs_review	http://arushadc.go.tz/minio/arushadc.go.tz/attachments/1773295393392-Madiwani%20HW%20Arusha%202025-30.pdf
GPOST_ward-arusha-district-council-kiranyi_ward_community_development_officer	GOFF_ward_arusha-district-council_kiranyi	Ofisi ya Kata ya Kiranyi (Arusha District Council)	ward_community_development_officer	Ward Community Development Officer	Afisa Maendeleo ya Jamii wa Kata	civil_service						no	low	needs_review	https://tanzlii.org/akn/tz/act/1982/7/eng@2002-07-31/source
GPOST_ward-arusha-district-council-kimnyak_ward_executive_officer	GOFF_ward_arusha-district-council_kimnyak	Ofisi ya Kata ya Kimnyak (Arusha District Council)	ward_executive_officer	Ward Executive Officer (WEO)	Afisa Mtendaji wa Kata	civil_service						no	low	needs_review	https://tanzlii.org/akn/tz/act/1982/7/eng@2002-07-31/source
GPOST_ward-arusha-district-council-kimnyak_ward_councillor	GOFF_ward_arusha-district-council_kimnyak	Ofisi ya Kata ya Kimnyak (Arusha District Council)	ward_councillor	Ward Councillor	Diwani wa Kata	elected	ELIAKIMU RUNDA MARIVEY	2026-09-23	http://arushadc.go.tz/minio/arushadc.go.tz/attachments/1773295393392-Madiwani%20HW%20Arusha%202025-30.pdf	+255755267013		no	medium	needs_review	http://arushadc.go.tz/minio/arushadc.go.tz/attachments/1773295393392-Madiwani%20HW%20Arusha%202025-30.pdf
GPOST_ward-arusha-district-council-kimnyak_ward_community_development_officer	GOFF_ward_arusha-district-council_kimnyak	Ofisi ya Kata ya Kimnyak (Arusha District Council)	ward_community_development_officer	Ward Community Development Officer	Afisa Maendeleo ya Jamii wa Kata	civil_service						no	low	needs_review	https://tanzlii.org/akn/tz/act/1982/7/eng@2002-07-31/source
GPOST_ward-arusha-district-council-oljoro_ward_executive_officer	GOFF_ward_arusha-district-council_oljoro	Ofisi ya Kata ya Oljoro (Arusha District Council)	ward_executive_officer	Ward Executive Officer (WEO)	Afisa Mtendaji wa Kata	civil_service						no	low	needs_review	https://tanzlii.org/akn/tz/act/1982/7/eng@2002-07-31/source
GPOST_ward-arusha-district-council-oljoro_ward_councillor	GOFF_ward_arusha-district-council_oljoro	Ofisi ya Kata ya Oljoro (Arusha District Council)	ward_councillor	Ward Councillor	Diwani wa Kata	elected	CHARLES MESEYEKI MOLLEL	2026-09-23	http://arushadc.go.tz/minio/arushadc.go.tz/attachments/1773295393392-Madiwani%20HW%20Arusha%202025-30.pdf	+255788277326		no	medium	needs_review	http://arushadc.go.tz/minio/arushadc.go.tz/attachments/1773295393392-Madiwani%20HW%20Arusha%202025-30.pdf
GPOST_ward-arusha-district-council-oljoro_ward_community_development_officer	GOFF_ward_arusha-district-council_oljoro	Ofisi ya Kata ya Oljoro (Arusha District Council)	ward_community_development_officer	Ward Community Development Officer	Afisa Maendeleo ya Jamii wa Kata	civil_service						no	low	needs_review	https://tanzlii.org/akn/tz/act/1982/7/eng@2002-07-31/source
GPOST_ward-arusha-district-council-sambasha_ward_executive_officer	GOFF_ward_arusha-district-council_sambasha	Ofisi ya Kata ya Sambasha (Arusha District Council)	ward_executive_officer	Ward Executive Officer (WEO)	Afisa Mtendaji wa Kata	civil_service						no	low	needs_review	https://tanzlii.org/akn/tz/act/1982/7/eng@2002-07-31/source
GPOST_ward-arusha-district-council-sambasha_ward_councillor	GOFF_ward_arusha-district-council_sambasha	Ofisi ya Kata ya Sambasha (Arusha District Council)	ward_councillor	Ward Councillor	Diwani wa Kata	elected	MOSSES J. ATAULWA	2026-09-23	http://arushadc.go.tz/minio/arushadc.go.tz/attachments/1773295393392-Madiwani%20HW%20Arusha%202025-30.pdf	+255754746180		no	medium	needs_review	http://arushadc.go.tz/minio/arushadc.go.tz/attachments/1773295393392-Madiwani%20HW%20Arusha%202025-30.pdf
GPOST_ward-arusha-district-council-sambasha_ward_community_development_officer	GOFF_ward_arusha-district-council_sambasha	Ofisi ya Kata ya Sambasha (Arusha District Council)	ward_community_development_officer	Ward Community Development Officer	Afisa Maendeleo ya Jamii wa Kata	civil_service						no	low	needs_review	https://tanzlii.org/akn/tz/act/1982/7/eng@2002-07-31/source
GPOST_ward-arusha-district-council-oloirien_ward_executive_officer	GOFF_ward_arusha-district-council_oloirien	Ofisi ya Kata ya Oloirien (Arusha District Council)	ward_executive_officer	Ward Executive Officer (WEO)	Afisa Mtendaji wa Kata	civil_service						no	low	needs_review	https://tanzlii.org/akn/tz/act/1982/7/eng@2002-07-31/source
GPOST_ward-arusha-district-council-oloirien_ward_councillor	GOFF_ward_arusha-district-council_oloirien	Ofisi ya Kata ya Oloirien (Arusha District Council)	ward_councillor	Ward Councillor	Diwani wa Kata	elected	HENRY NANTIRE SIKOI	2026-09-23	http://arushadc.go.tz/minio/arushadc.go.tz/attachments/1773295393392-Madiwani%20HW%20Arusha%202025-30.pdf	+255784731854		no	medium	needs_review	http://arushadc.go.tz/minio/arushadc.go.tz/attachments/1773295393392-Madiwani%20HW%20Arusha%202025-30.pdf
GPOST_ward-arusha-district-council-oloirien_ward_community_development_officer	GOFF_ward_arusha-district-council_oloirien	Ofisi ya Kata ya Oloirien (Arusha District Council)	ward_community_development_officer	Ward Community Development Officer	Afisa Maendeleo ya Jamii wa Kata	civil_service						no	low	needs_review	https://tanzlii.org/akn/tz/act/1982/7/eng@2002-07-31/source
GPOST_ward-arusha-district-council-olmotonyi_ward_executive_officer	GOFF_ward_arusha-district-council_olmotonyi	Ofisi ya Kata ya Olmotonyi (Arusha District Council)	ward_executive_officer	Ward Executive Officer (WEO)	Afisa Mtendaji wa Kata	civil_service						no	low	needs_review	https://tanzlii.org/akn/tz/act/1982/7/eng@2002-07-31/source
GPOST_ward-arusha-district-council-olmotonyi_ward_councillor	GOFF_ward_arusha-district-council_olmotonyi	Ofisi ya Kata ya Olmotonyi (Arusha District Council)	ward_councillor	Ward Councillor	Diwani wa Kata	elected	MUNA ABDALLAH TALIB	2026-09-23	http://arushadc.go.tz/minio/arushadc.go.tz/attachments/1773295393392-Madiwani%20HW%20Arusha%202025-30.pdf	+255655644772		no	medium	needs_review	http://arushadc.go.tz/minio/arushadc.go.tz/attachments/1773295393392-Madiwani%20HW%20Arusha%202025-30.pdf
GPOST_ward-arusha-district-council-olmotonyi_ward_community_development_officer	GOFF_ward_arusha-district-council_olmotonyi	Ofisi ya Kata ya Olmotonyi (Arusha District Council)	ward_community_development_officer	Ward Community Development Officer	Afisa Maendeleo ya Jamii wa Kata	civil_service						no	low	needs_review	https://tanzlii.org/akn/tz/act/1982/7/eng@2002-07-31/source
GPOST_ward-arusha-district-council-tarakwa_ward_executive_officer	GOFF_ward_arusha-district-council_tarakwa	Ofisi ya Kata ya Tarakwa (Arusha District Council)	ward_executive_officer	Ward Executive Officer (WEO)	Afisa Mtendaji wa Kata	civil_service						no	low	needs_review	https://tanzlii.org/akn/tz/act/1982/7/eng@2002-07-31/source
GPOST_ward-arusha-district-council-tarakwa_ward_councillor	GOFF_ward_arusha-district-council_tarakwa	Ofisi ya Kata ya Tarakwa (Arusha District Council)	ward_councillor	Ward Councillor	Diwani wa Kata	elected	ABRAHAM LESINETI LUKUMAY	2026-09-23	http://arushadc.go.tz/minio/arushadc.go.tz/attachments/1773295393392-Madiwani%20HW%20Arusha%202025-30.pdf	+255786811673		no	medium	needs_review	http://arushadc.go.tz/minio/arushadc.go.tz/attachments/1773295393392-Madiwani%20HW%20Arusha%202025-30.pdf
GPOST_ward-arusha-district-council-tarakwa_ward_community_development_officer	GOFF_ward_arusha-district-council_tarakwa	Ofisi ya Kata ya Tarakwa (Arusha District Council)	ward_community_development_officer	Ward Community Development Officer	Afisa Maendeleo ya Jamii wa Kata	civil_service						no	low	needs_review	https://tanzlii.org/akn/tz/act/1982/7/eng@2002-07-31/source
GPOST_ward-arusha-district-council-ilboru_ward_executive_officer	GOFF_ward_arusha-district-council_ilboru	Ofisi ya Kata ya Ilboru (Arusha District Council)	ward_executive_officer	Ward Executive Officer (WEO)	Afisa Mtendaji wa Kata	civil_service						no	low	needs_review	https://tanzlii.org/akn/tz/act/1982/7/eng@2002-07-31/source
GPOST_ward-arusha-district-council-ilboru_ward_councillor	GOFF_ward_arusha-district-council_ilboru	Ofisi ya Kata ya Ilboru (Arusha District Council)	ward_councillor	Ward Councillor	Diwani wa Kata	elected	WILSON SUMAYAN MOLLEL	2026-09-23	http://arushadc.go.tz/minio/arushadc.go.tz/attachments/1773295393392-Madiwani%20HW%20Arusha%202025-30.pdf	+255754628772		no	medium	needs_review	http://arushadc.go.tz/minio/arushadc.go.tz/attachments/1773295393392-Madiwani%20HW%20Arusha%202025-30.pdf
GPOST_ward-arusha-district-council-ilboru_ward_community_development_officer	GOFF_ward_arusha-district-council_ilboru	Ofisi ya Kata ya Ilboru (Arusha District Council)	ward_community_development_officer	Ward Community Development Officer	Afisa Maendeleo ya Jamii wa Kata	civil_service						no	low	needs_review	https://tanzlii.org/akn/tz/act/1982/7/eng@2002-07-31/source
GPOST_ward-arusha-district-council-bangata_ward_executive_officer	GOFF_ward_arusha-district-council_bangata	Ofisi ya Kata ya Bangata (Arusha District Council)	ward_executive_officer	Ward Executive Officer (WEO)	Afisa Mtendaji wa Kata	civil_service						no	low	needs_review	https://tanzlii.org/akn/tz/act/1982/7/eng@2002-07-31/source
GPOST_ward-arusha-district-council-bangata_ward_councillor	GOFF_ward_arusha-district-council_bangata	Ofisi ya Kata ya Bangata (Arusha District Council)	ward_councillor	Ward Councillor	Diwani wa Kata	elected	JOEL EDWIN YALANDA	2026-09-23	http://arushadc.go.tz/minio/arushadc.go.tz/attachments/1773295393392-Madiwani%20HW%20Arusha%202025-30.pdf	+255768025848		no	medium	needs_review	http://arushadc.go.tz/minio/arushadc.go.tz/attachments/1773295393392-Madiwani%20HW%20Arusha%202025-30.pdf
GPOST_ward-arusha-district-council-bangata_ward_community_development_officer	GOFF_ward_arusha-district-council_bangata	Ofisi ya Kata ya Bangata (Arusha District Council)	ward_community_development_officer	Ward Community Development Officer	Afisa Maendeleo ya Jamii wa Kata	civil_service						no	low	needs_review	https://tanzlii.org/akn/tz/act/1982/7/eng@2002-07-31/source
GPOST_ward-arusha-district-council-sokon-2_ward_executive_officer	GOFF_ward_arusha-district-council_sokon-2	Ofisi ya Kata ya Sokon II (Arusha District Council)	ward_executive_officer	Ward Executive Officer (WEO)	Afisa Mtendaji wa Kata	civil_service						no	low	needs_review	https://tanzlii.org/akn/tz/act/1982/7/eng@2002-07-31/source
GPOST_ward-arusha-district-council-sokon-2_ward_councillor	GOFF_ward_arusha-district-council_sokon-2	Ofisi ya Kata ya Sokon II (Arusha District Council)	ward_councillor	Ward Councillor	Diwani wa Kata	elected	OBEDI MELAMI MOLLEL	2026-09-23	http://arushadc.go.tz/minio/arushadc.go.tz/attachments/1773295393392-Madiwani%20HW%20Arusha%202025-30.pdf	+255621797436		no	medium	needs_review	http://arushadc.go.tz/minio/arushadc.go.tz/attachments/1773295393392-Madiwani%20HW%20Arusha%202025-30.pdf
GPOST_ward-arusha-district-council-sokon-2_ward_community_development_officer	GOFF_ward_arusha-district-council_sokon-2	Ofisi ya Kata ya Sokon II (Arusha District Council)	ward_community_development_officer	Ward Community Development Officer	Afisa Maendeleo ya Jamii wa Kata	civil_service						no	low	needs_review	https://tanzlii.org/akn/tz/act/1982/7/eng@2002-07-31/source
GPOST_ward-arusha-district-council-bwawani_ward_executive_officer	GOFF_ward_arusha-district-council_bwawani	Ofisi ya Kata ya Bwawani (Arusha District Council)	ward_executive_officer	Ward Executive Officer (WEO)	Afisa Mtendaji wa Kata	civil_service						no	low	needs_review	https://tanzlii.org/akn/tz/act/1982/7/eng@2002-07-31/source
GPOST_ward-arusha-district-council-bwawani_ward_councillor	GOFF_ward_arusha-district-council_bwawani	Ofisi ya Kata ya Bwawani (Arusha District Council)	ward_councillor	Ward Councillor	Diwani wa Kata	elected	LORAMATU JACOB TORONGEI	2026-09-23	http://arushadc.go.tz/minio/arushadc.go.tz/attachments/1773295393392-Madiwani%20HW%20Arusha%202025-30.pdf	+255783333715		no	medium	needs_review	http://arushadc.go.tz/minio/arushadc.go.tz/attachments/1773295393392-Madiwani%20HW%20Arusha%202025-30.pdf
GPOST_ward-arusha-district-council-bwawani_ward_community_development_officer	GOFF_ward_arusha-district-council_bwawani	Ofisi ya Kata ya Bwawani (Arusha District Council)	ward_community_development_officer	Ward Community Development Officer	Afisa Maendeleo ya Jamii wa Kata	civil_service						no	low	needs_review	https://tanzlii.org/akn/tz/act/1982/7/eng@2002-07-31/source
GPOST_ward-arusha-district-council-nduruma_ward_executive_officer	GOFF_ward_arusha-district-council_nduruma	Ofisi ya Kata ya Nduruma (Arusha District Council)	ward_executive_officer	Ward Executive Officer (WEO)	Afisa Mtendaji wa Kata	civil_service						no	low	needs_review	https://tanzlii.org/akn/tz/act/1982/7/eng@2002-07-31/source
GPOST_ward-arusha-district-council-nduruma_ward_councillor	GOFF_ward_arusha-district-council_nduruma	Ofisi ya Kata ya Nduruma (Arusha District Council)	ward_councillor	Ward Councillor	Diwani wa Kata	elected	SAMWEL LANGIDARE MENAVI	2026-09-23	http://arushadc.go.tz/minio/arushadc.go.tz/attachments/1773295393392-Madiwani%20HW%20Arusha%202025-30.pdf	+255695151617		no	medium	needs_review	http://arushadc.go.tz/minio/arushadc.go.tz/attachments/1773295393392-Madiwani%20HW%20Arusha%202025-30.pdf
GPOST_ward-arusha-district-council-nduruma_ward_community_development_officer	GOFF_ward_arusha-district-council_nduruma	Ofisi ya Kata ya Nduruma (Arusha District Council)	ward_community_development_officer	Ward Community Development Officer	Afisa Maendeleo ya Jamii wa Kata	civil_service						no	low	needs_review	https://tanzlii.org/akn/tz/act/1982/7/eng@2002-07-31/source
GPOST_ward-arusha-district-council-mlangarini_ward_executive_officer	GOFF_ward_arusha-district-council_mlangarini	Ofisi ya Kata ya Mlangarini (Arusha District Council)	ward_executive_officer	Ward Executive Officer (WEO)	Afisa Mtendaji wa Kata	civil_service						no	low	needs_review	https://tanzlii.org/akn/tz/act/1982/7/eng@2002-07-31/source
GPOST_ward-arusha-district-council-mlangarini_ward_councillor	GOFF_ward_arusha-district-council_mlangarini	Ofisi ya Kata ya Mlangarini (Arusha District Council)	ward_councillor	Ward Councillor	Diwani wa Kata	elected	EMMANUEL FRANCIS MREMA	2026-09-23	http://arushadc.go.tz/minio/arushadc.go.tz/attachments/1773295393392-Madiwani%20HW%20Arusha%202025-30.pdf	+255755989225		no	medium	needs_review	http://arushadc.go.tz/minio/arushadc.go.tz/attachments/1773295393392-Madiwani%20HW%20Arusha%202025-30.pdf
GPOST_ward-arusha-district-council-mlangarini_ward_community_development_officer	GOFF_ward_arusha-district-council_mlangarini	Ofisi ya Kata ya Mlangarini (Arusha District Council)	ward_community_development_officer	Ward Community Development Officer	Afisa Maendeleo ya Jamii wa Kata	civil_service						no	low	needs_review	https://tanzlii.org/akn/tz/act/1982/7/eng@2002-07-31/source
GPOST_ward-arusha-district-council-kiutu_ward_executive_officer	GOFF_ward_arusha-district-council_kiutu	Ofisi ya Kata ya Kiutu (Arusha District Council)	ward_executive_officer	Ward Executive Officer (WEO)	Afisa Mtendaji wa Kata	civil_service						no	low	needs_review	https://tanzlii.org/akn/tz/act/1982/7/eng@2002-07-31/source
GPOST_ward-arusha-district-council-kiutu_ward_councillor	GOFF_ward_arusha-district-council_kiutu	Ofisi ya Kata ya Kiutu (Arusha District Council)	ward_councillor	Ward Councillor	Diwani wa Kata	elected	MALAKI MARAMBO MOLLEL	2026-09-23	http://arushadc.go.tz/minio/arushadc.go.tz/attachments/1773295393392-Madiwani%20HW%20Arusha%202025-30.pdf	+255768000007		no	medium	needs_review	http://arushadc.go.tz/minio/arushadc.go.tz/attachments/1773295393392-Madiwani%20HW%20Arusha%202025-30.pdf
GPOST_ward-arusha-district-council-kiutu_ward_community_development_officer	GOFF_ward_arusha-district-council_kiutu	Ofisi ya Kata ya Kiutu (Arusha District Council)	ward_community_development_officer	Ward Community Development Officer	Afisa Maendeleo ya Jamii wa Kata	civil_service						no	low	needs_review	https://tanzlii.org/akn/tz/act/1982/7/eng@2002-07-31/source
GPOST_ward-hai-district-council-machame-uroki_ward_executive_officer	GOFF_ward_hai-district-council_machame-uroki	Ofisi ya Kata ya Machame Uroki (Hai District Council)	ward_executive_officer	Ward Executive Officer (WEO)	Afisa Mtendaji wa Kata	civil_service						no	low	needs_review	https://tanzlii.org/akn/tz/act/1982/7/eng@2002-07-31/source
GPOST_ward-hai-district-council-machame-uroki_ward_councillor	GOFF_ward_hai-district-council_machame-uroki	Ofisi ya Kata ya Machame Uroki (Hai District Council)	ward_councillor	Ward Councillor	Diwani wa Kata	elected	Hon. Zakina Mushi	2026-09-23	https://haidc.go.tz/api/pages/slug/list-of-concilors			no	medium	verified	https://haidc.go.tz/api/pages/slug/list-of-concilors
GPOST_ward-hai-district-council-machame-uroki_ward_community_development_officer	GOFF_ward_hai-district-council_machame-uroki	Ofisi ya Kata ya Machame Uroki (Hai District Council)	ward_community_development_officer	Ward Community Development Officer	Afisa Maendeleo ya Jamii wa Kata	civil_service						no	low	needs_review	https://tanzlii.org/akn/tz/act/1982/7/eng@2002-07-31/source
GPOST_ward-hai-district-council-machame-kaskazini_ward_executive_officer	GOFF_ward_hai-district-council_machame-kaskazini	Ofisi ya Kata ya Machame Kaskazini (Hai District Council)	ward_executive_officer	Ward Executive Officer (WEO)	Afisa Mtendaji wa Kata	civil_service						no	low	needs_review	https://tanzlii.org/akn/tz/act/1982/7/eng@2002-07-31/source
GPOST_ward-hai-district-council-machame-kaskazini_ward_councillor	GOFF_ward_hai-district-council_machame-kaskazini	Ofisi ya Kata ya Machame Kaskazini (Hai District Council)	ward_councillor	Ward Councillor	Diwani wa Kata	elected	Hon. Trael B. Mboya	2026-09-23	https://haidc.go.tz/api/pages/slug/list-of-concilors			no	medium	verified	https://haidc.go.tz/api/pages/slug/list-of-concilors
GPOST_ward-hai-district-council-machame-kaskazini_ward_community_development_officer	GOFF_ward_hai-district-council_machame-kaskazini	Ofisi ya Kata ya Machame Kaskazini (Hai District Council)	ward_community_development_officer	Ward Community Development Officer	Afisa Maendeleo ya Jamii wa Kata	civil_service						no	low	needs_review	https://tanzlii.org/akn/tz/act/1982/7/eng@2002-07-31/source
GPOST_ward-hai-district-council-machame-mashariki_ward_executive_officer	GOFF_ward_hai-district-council_machame-mashariki	Ofisi ya Kata ya Machame Mashariki (Hai District Council)	ward_executive_officer	Ward Executive Officer (WEO)	Afisa Mtendaji wa Kata	civil_service						no	low	needs_review	https://tanzlii.org/akn/tz/act/1982/7/eng@2002-07-31/source
GPOST_ward-hai-district-council-machame-mashariki_ward_councillor	GOFF_ward_hai-district-council_machame-mashariki	Ofisi ya Kata ya Machame Mashariki (Hai District Council)	ward_councillor	Ward Councillor	Diwani wa Kata	elected	Hon. Jordan C. Ngowi	2026-09-23	https://haidc.go.tz/api/pages/slug/list-of-concilors			no	medium	verified	https://haidc.go.tz/api/pages/slug/list-of-concilors
GPOST_ward-hai-district-council-machame-mashariki_ward_community_development_officer	GOFF_ward_hai-district-council_machame-mashariki	Ofisi ya Kata ya Machame Mashariki (Hai District Council)	ward_community_development_officer	Ward Community Development Officer	Afisa Maendeleo ya Jamii wa Kata	civil_service						no	low	needs_review	https://tanzlii.org/akn/tz/act/1982/7/eng@2002-07-31/source
GPOST_ward-hai-district-council-machame-narumu_ward_executive_officer	GOFF_ward_hai-district-council_machame-narumu	Ofisi ya Kata ya Machame Narumu (Hai District Council)	ward_executive_officer	Ward Executive Officer (WEO)	Afisa Mtendaji wa Kata	civil_service						no	low	needs_review	https://tanzlii.org/akn/tz/act/1982/7/eng@2002-07-31/source
GPOST_ward-hai-district-council-machame-narumu_ward_councillor	GOFF_ward_hai-district-council_machame-narumu	Ofisi ya Kata ya Machame Narumu (Hai District Council)	ward_councillor	Ward Councillor	Diwani wa Kata	elected	Hon. Patrick P. Munishi	2026-09-23	https://haidc.go.tz/api/pages/slug/list-of-concilors			no	medium	verified	https://haidc.go.tz/api/pages/slug/list-of-concilors
GPOST_ward-hai-district-council-machame-narumu_ward_community_development_officer	GOFF_ward_hai-district-council_machame-narumu	Ofisi ya Kata ya Machame Narumu (Hai District Council)	ward_community_development_officer	Ward Community Development Officer	Afisa Maendeleo ya Jamii wa Kata	civil_service						no	low	needs_review	https://tanzlii.org/akn/tz/act/1982/7/eng@2002-07-31/source
GPOST_ward-hai-district-council-mnadani_ward_executive_officer	GOFF_ward_hai-district-council_mnadani	Ofisi ya Kata ya Mnadani (Hai District Council)	ward_executive_officer	Ward Executive Officer (WEO)	Afisa Mtendaji wa Kata	civil_service						no	low	needs_review	https://tanzlii.org/akn/tz/act/1982/7/eng@2002-07-31/source
GPOST_ward-hai-district-council-mnadani_ward_councillor	GOFF_ward_hai-district-council_mnadani	Ofisi ya Kata ya Mnadani (Hai District Council)	ward_councillor	Ward Councillor	Diwani wa Kata	elected	Hon. Emmanuel M. Mgonja	2026-09-23	https://haidc.go.tz/api/pages/slug/list-of-concilors			no	medium	verified	https://haidc.go.tz/api/pages/slug/list-of-concilors
GPOST_ward-hai-district-council-mnadani_ward_community_development_officer	GOFF_ward_hai-district-council_mnadani	Ofisi ya Kata ya Mnadani (Hai District Council)	ward_community_development_officer	Ward Community Development Officer	Afisa Maendeleo ya Jamii wa Kata	civil_service						no	low	needs_review	https://tanzlii.org/akn/tz/act/1982/7/eng@2002-07-31/source
GPOST_ward-hai-district-council-weruweru_ward_executive_officer	GOFF_ward_hai-district-council_weruweru	Ofisi ya Kata ya Weruweru (Hai District Council)	ward_executive_officer	Ward Executive Officer (WEO)	Afisa Mtendaji wa Kata	civil_service						no	low	needs_review	https://tanzlii.org/akn/tz/act/1982/7/eng@2002-07-31/source
GPOST_ward-hai-district-council-weruweru_ward_councillor	GOFF_ward_hai-district-council_weruweru	Ofisi ya Kata ya Weruweru (Hai District Council)	ward_councillor	Ward Councillor	Diwani wa Kata	elected	Hon. Saimon M. Tarimo	2026-09-23	https://haidc.go.tz/api/pages/slug/list-of-concilors			no	medium	verified	https://haidc.go.tz/api/pages/slug/list-of-concilors
GPOST_ward-hai-district-council-weruweru_ward_community_development_officer	GOFF_ward_hai-district-council_weruweru	Ofisi ya Kata ya Weruweru (Hai District Council)	ward_community_development_officer	Ward Community Development Officer	Afisa Maendeleo ya Jamii wa Kata	civil_service						no	low	needs_review	https://tanzlii.org/akn/tz/act/1982/7/eng@2002-07-31/source
GPOST_ward-hai-district-council-masama-magharibi_ward_executive_officer	GOFF_ward_hai-district-council_masama-magharibi	Ofisi ya Kata ya Masama Magharibi (Hai District Council)	ward_executive_officer	Ward Executive Officer (WEO)	Afisa Mtendaji wa Kata	civil_service						no	low	needs_review	https://tanzlii.org/akn/tz/act/1982/7/eng@2002-07-31/source
GPOST_ward-hai-district-council-masama-magharibi_ward_councillor	GOFF_ward_hai-district-council_masama-magharibi	Ofisi ya Kata ya Masama Magharibi (Hai District Council)	ward_councillor	Ward Councillor	Diwani wa Kata	elected	Hon. Eliufoo H. Christopher	2026-09-23	https://haidc.go.tz/api/pages/slug/list-of-concilors			no	medium	verified	https://haidc.go.tz/api/pages/slug/list-of-concilors
GPOST_ward-hai-district-council-masama-magharibi_ward_community_development_officer	GOFF_ward_hai-district-council_masama-magharibi	Ofisi ya Kata ya Masama Magharibi (Hai District Council)	ward_community_development_officer	Ward Community Development Officer	Afisa Maendeleo ya Jamii wa Kata	civil_service						no	low	needs_review	https://tanzlii.org/akn/tz/act/1982/7/eng@2002-07-31/source
GPOST_ward-hai-district-council-masama-kati_ward_executive_officer	GOFF_ward_hai-district-council_masama-kati	Ofisi ya Kata ya Masama Kati (Hai District Council)	ward_executive_officer	Ward Executive Officer (WEO)	Afisa Mtendaji wa Kata	civil_service						no	low	needs_review	https://tanzlii.org/akn/tz/act/1982/7/eng@2002-07-31/source
GPOST_ward-hai-district-council-masama-kati_ward_councillor	GOFF_ward_hai-district-council_masama-kati	Ofisi ya Kata ya Masama Kati (Hai District Council)	ward_councillor	Ward Councillor	Diwani wa Kata	elected	Hon. Kandata A. Kimaro	2026-09-23	https://haidc.go.tz/api/pages/slug/list-of-concilors			no	medium	verified	https://haidc.go.tz/api/pages/slug/list-of-concilors
GPOST_ward-hai-district-council-masama-kati_ward_community_development_officer	GOFF_ward_hai-district-council_masama-kati	Ofisi ya Kata ya Masama Kati (Hai District Council)	ward_community_development_officer	Ward Community Development Officer	Afisa Maendeleo ya Jamii wa Kata	civil_service						no	low	needs_review	https://tanzlii.org/akn/tz/act/1982/7/eng@2002-07-31/source
GPOST_ward-hai-district-council-masama-mashariki_ward_executive_officer	GOFF_ward_hai-district-council_masama-mashariki	Ofisi ya Kata ya Masama Mashariki (Hai District Council)	ward_executive_officer	Ward Executive Officer (WEO)	Afisa Mtendaji wa Kata	civil_service						no	low	needs_review	https://tanzlii.org/akn/tz/act/1982/7/eng@2002-07-31/source
GPOST_ward-hai-district-council-masama-mashariki_ward_councillor	GOFF_ward_hai-district-council_masama-mashariki	Ofisi ya Kata ya Masama Mashariki (Hai District Council)	ward_councillor	Ward Councillor	Diwani wa Kata	elected	Hon. Jublathe A. Ndosi	2026-09-23	https://haidc.go.tz/api/pages/slug/list-of-concilors			no	medium	verified	https://haidc.go.tz/api/pages/slug/list-of-concilors
GPOST_ward-hai-district-council-masama-mashariki_ward_community_development_officer	GOFF_ward_hai-district-council_masama-mashariki	Ofisi ya Kata ya Masama Mashariki (Hai District Council)	ward_community_development_officer	Ward Community Development Officer	Afisa Maendeleo ya Jamii wa Kata	civil_service						no	low	needs_review	https://tanzlii.org/akn/tz/act/1982/7/eng@2002-07-31/source
GPOST_ward-hai-district-council-masama-rundugai_ward_executive_officer	GOFF_ward_hai-district-council_masama-rundugai	Ofisi ya Kata ya Masama Rundugai (Hai District Council)	ward_executive_officer	Ward Executive Officer (WEO)	Afisa Mtendaji wa Kata	civil_service						no	low	needs_review	https://tanzlii.org/akn/tz/act/1982/7/eng@2002-07-31/source
GPOST_ward-hai-district-council-masama-rundugai_ward_councillor	GOFF_ward_hai-district-council_masama-rundugai	Ofisi ya Kata ya Masama Rundugai (Hai District Council)	ward_councillor	Ward Councillor	Diwani wa Kata	elected	Hon. Simbano A. Waziri	2026-09-23	https://haidc.go.tz/api/pages/slug/list-of-concilors			no	medium	verified	https://haidc.go.tz/api/pages/slug/list-of-concilors
GPOST_ward-hai-district-council-masama-rundugai_ward_community_development_officer	GOFF_ward_hai-district-council_masama-rundugai	Ofisi ya Kata ya Masama Rundugai (Hai District Council)	ward_community_development_officer	Ward Community Development Officer	Afisa Maendeleo ya Jamii wa Kata	civil_service						no	low	needs_review	https://tanzlii.org/akn/tz/act/1982/7/eng@2002-07-31/source
GPOST_ward-hai-district-council-kia_ward_executive_officer	GOFF_ward_hai-district-council_kia	Ofisi ya Kata ya KIA (Hai District Council)	ward_executive_officer	Ward Executive Officer (WEO)	Afisa Mtendaji wa Kata	civil_service						no	low	needs_review	https://tanzlii.org/akn/tz/act/1982/7/eng@2002-07-31/source
GPOST_ward-hai-district-council-kia_ward_councillor	GOFF_ward_hai-district-council_kia	Ofisi ya Kata ya KIA (Hai District Council)	ward_councillor	Ward Councillor	Diwani wa Kata	elected	Hon. Tehera K. Mollel	2026-09-23	https://haidc.go.tz/api/pages/slug/list-of-concilors			no	medium	verified	https://haidc.go.tz/api/pages/slug/list-of-concilors
GPOST_ward-hai-district-council-kia_ward_community_development_officer	GOFF_ward_hai-district-council_kia	Ofisi ya Kata ya KIA (Hai District Council)	ward_community_development_officer	Ward Community Development Officer	Afisa Maendeleo ya Jamii wa Kata	civil_service						no	low	needs_review	https://tanzlii.org/akn/tz/act/1982/7/eng@2002-07-31/source
GPOST_ward-hai-district-council-muungano_ward_executive_officer	GOFF_ward_hai-district-council_muungano	Ofisi ya Kata ya Muungano (Hai District Council)	ward_executive_officer	Ward Executive Officer (WEO)	Afisa Mtendaji wa Kata	civil_service						no	low	needs_review	https://tanzlii.org/akn/tz/act/1982/7/eng@2002-07-31/source
GPOST_ward-hai-district-council-muungano_ward_councillor	GOFF_ward_hai-district-council_muungano	Ofisi ya Kata ya Muungano (Hai District Council)	ward_councillor	Ward Councillor	Diwani wa Kata	elected	Hon. Edmund Rutaraka	2026-09-23	https://haidc.go.tz/api/pages/slug/list-of-concilors			no	medium	verified	https://haidc.go.tz/api/pages/slug/list-of-concilors
GPOST_ward-hai-district-council-muungano_ward_community_development_officer	GOFF_ward_hai-district-council_muungano	Ofisi ya Kata ya Muungano (Hai District Council)	ward_community_development_officer	Ward Community Development Officer	Afisa Maendeleo ya Jamii wa Kata	civil_service						no	low	needs_review	https://tanzlii.org/akn/tz/act/1982/7/eng@2002-07-31/source
GPOST_ward-hai-district-council-bondeni_ward_executive_officer	GOFF_ward_hai-district-council_bondeni	Ofisi ya Kata ya Bondeni (Hai District Council)	ward_executive_officer	Ward Executive Officer (WEO)	Afisa Mtendaji wa Kata	civil_service						no	low	needs_review	https://tanzlii.org/akn/tz/act/1982/7/eng@2002-07-31/source
GPOST_ward-hai-district-council-bondeni_ward_councillor	GOFF_ward_hai-district-council_bondeni	Ofisi ya Kata ya Bondeni (Hai District Council)	ward_councillor	Ward Councillor	Diwani wa Kata	elected	Hon. Vicent S. Mamasita	2026-09-23	https://haidc.go.tz/api/pages/slug/list-of-concilors			no	medium	verified	https://haidc.go.tz/api/pages/slug/list-of-concilors
GPOST_ward-hai-district-council-bondeni_ward_community_development_officer	GOFF_ward_hai-district-council_bondeni	Ofisi ya Kata ya Bondeni (Hai District Council)	ward_community_development_officer	Ward Community Development Officer	Afisa Maendeleo ya Jamii wa Kata	civil_service						no	low	needs_review	https://tanzlii.org/akn/tz/act/1982/7/eng@2002-07-31/source
GPOST_ward-hai-district-council-bomangombe_ward_executive_officer	GOFF_ward_hai-district-council_bomangombe	Ofisi ya Kata ya Bomang'ombe (Hai District Council)	ward_executive_officer	Ward Executive Officer (WEO)	Afisa Mtendaji wa Kata	civil_service						no	low	needs_review	https://tanzlii.org/akn/tz/act/1982/7/eng@2002-07-31/source
GPOST_ward-hai-district-council-bomangombe_ward_councillor	GOFF_ward_hai-district-council_bomangombe	Ofisi ya Kata ya Bomang'ombe (Hai District Council)	ward_councillor	Ward Councillor	Diwani wa Kata	elected	Hon. Evod Njau	2026-09-23	https://haidc.go.tz/api/pages/slug/list-of-concilors			no	medium	verified	https://haidc.go.tz/api/pages/slug/list-of-concilors
GPOST_ward-hai-district-council-bomangombe_ward_community_development_officer	GOFF_ward_hai-district-council_bomangombe	Ofisi ya Kata ya Bomang'ombe (Hai District Council)	ward_community_development_officer	Ward Community Development Officer	Afisa Maendeleo ya Jamii wa Kata	civil_service						no	low	needs_review	https://tanzlii.org/akn/tz/act/1982/7/eng@2002-07-31/source
GPOST_ward-hai-district-council-masama-kusini_ward_executive_officer	GOFF_ward_hai-district-council_masama-kusini	Ofisi ya Kata ya Masama Kusini (Hai District Council)	ward_executive_officer	Ward Executive Officer (WEO)	Afisa Mtendaji wa Kata	civil_service						no	low	needs_review	https://tanzlii.org/akn/tz/act/1982/7/eng@2002-07-31/source
GPOST_ward-hai-district-council-masama-kusini_ward_councillor	GOFF_ward_hai-district-council_masama-kusini	Ofisi ya Kata ya Masama Kusini (Hai District Council)	ward_councillor	Ward Councillor	Diwani wa Kata	elected	Hon. Cedrick B. Pangani	2026-09-23	https://haidc.go.tz/api/pages/slug/list-of-concilors			no	medium	verified	https://haidc.go.tz/api/pages/slug/list-of-concilors
GPOST_ward-hai-district-council-masama-kusini_ward_community_development_officer	GOFF_ward_hai-district-council_masama-kusini	Ofisi ya Kata ya Masama Kusini (Hai District Council)	ward_community_development_officer	Ward Community Development Officer	Afisa Maendeleo ya Jamii wa Kata	civil_service						no	low	needs_review	https://tanzlii.org/akn/tz/act/1982/7/eng@2002-07-31/source
GPOST_ward-hai-district-council-romu_ward_executive_officer	GOFF_ward_hai-district-council_romu	Ofisi ya Kata ya Romu (Hai District Council)	ward_executive_officer	Ward Executive Officer (WEO)	Afisa Mtendaji wa Kata	civil_service						no	low	needs_review	https://tanzlii.org/akn/tz/act/1982/7/eng@2002-07-31/source
GPOST_ward-hai-district-council-romu_ward_councillor	GOFF_ward_hai-district-council_romu	Ofisi ya Kata ya Romu (Hai District Council)	ward_councillor	Ward Councillor	Diwani wa Kata	elected	Hon. Salim Mfoy	2026-09-23	https://haidc.go.tz/api/pages/slug/list-of-concilors			no	medium	verified	https://haidc.go.tz/api/pages/slug/list-of-concilors
GPOST_ward-hai-district-council-romu_ward_community_development_officer	GOFF_ward_hai-district-council_romu	Ofisi ya Kata ya Romu (Hai District Council)	ward_community_development_officer	Ward Community Development Officer	Afisa Maendeleo ya Jamii wa Kata	civil_service						no	low	needs_review	https://tanzlii.org/akn/tz/act/1982/7/eng@2002-07-31/source
GPOST_ward-meru-district-council-ngarenanyuki_ward_executive_officer	GOFF_ward_meru-district-council_ngarenanyuki	Ofisi ya Kata ya Ngarenanyuki (Meru District Council)	ward_executive_officer	Ward Executive Officer (WEO)	Afisa Mtendaji wa Kata	civil_service						no	low	needs_review	https://tanzlii.org/akn/tz/act/1982/7/eng@2002-07-31/source
GPOST_ward-meru-district-council-ngarenanyuki_ward_councillor	GOFF_ward_meru-district-council_ngarenanyuki	Ofisi ya Kata ya Ngarenanyuki (Meru District Council)	ward_councillor	Ward Councillor	Diwani wa Kata	elected						no	low	needs_review	https://tanzlii.org/akn/tz/act/1982/7/eng@2002-07-31/source
GPOST_ward-meru-district-council-ngarenanyuki_ward_community_development_officer	GOFF_ward_meru-district-council_ngarenanyuki	Ofisi ya Kata ya Ngarenanyuki (Meru District Council)	ward_community_development_officer	Ward Community Development Officer	Afisa Maendeleo ya Jamii wa Kata	civil_service						no	low	needs_review	https://tanzlii.org/akn/tz/act/1982/7/eng@2002-07-31/source
GPOST_ward-meru-district-council-leguruki_ward_executive_officer	GOFF_ward_meru-district-council_leguruki	Ofisi ya Kata ya Leguruki (Meru District Council)	ward_executive_officer	Ward Executive Officer (WEO)	Afisa Mtendaji wa Kata	civil_service						no	low	needs_review	https://tanzlii.org/akn/tz/act/1982/7/eng@2002-07-31/source
GPOST_ward-meru-district-council-leguruki_ward_councillor	GOFF_ward_meru-district-council_leguruki	Ofisi ya Kata ya Leguruki (Meru District Council)	ward_councillor	Ward Councillor	Diwani wa Kata	elected						no	low	needs_review	https://tanzlii.org/akn/tz/act/1982/7/eng@2002-07-31/source
GPOST_ward-meru-district-council-leguruki_ward_community_development_officer	GOFF_ward_meru-district-council_leguruki	Ofisi ya Kata ya Leguruki (Meru District Council)	ward_community_development_officer	Ward Community Development Officer	Afisa Maendeleo ya Jamii wa Kata	civil_service						no	low	needs_review	https://tanzlii.org/akn/tz/act/1982/7/eng@2002-07-31/source
GPOST_ward-meru-district-council-kingori_ward_executive_officer	GOFF_ward_meru-district-council_kingori	Ofisi ya Kata ya King'ori (Meru District Council)	ward_executive_officer	Ward Executive Officer (WEO)	Afisa Mtendaji wa Kata	civil_service						no	low	needs_review	https://tanzlii.org/akn/tz/act/1982/7/eng@2002-07-31/source
GPOST_ward-meru-district-council-kingori_ward_councillor	GOFF_ward_meru-district-council_kingori	Ofisi ya Kata ya King'ori (Meru District Council)	ward_councillor	Ward Councillor	Diwani wa Kata	elected						no	low	needs_review	https://tanzlii.org/akn/tz/act/1982/7/eng@2002-07-31/source
GPOST_ward-meru-district-council-kingori_ward_community_development_officer	GOFF_ward_meru-district-council_kingori	Ofisi ya Kata ya King'ori (Meru District Council)	ward_community_development_officer	Ward Community Development Officer	Afisa Maendeleo ya Jamii wa Kata	civil_service						no	low	needs_review	https://tanzlii.org/akn/tz/act/1982/7/eng@2002-07-31/source
GPOST_ward-meru-district-council-maji-ya-chai_ward_executive_officer	GOFF_ward_meru-district-council_maji-ya-chai	Ofisi ya Kata ya Maji ya Chai (Meru District Council)	ward_executive_officer	Ward Executive Officer (WEO)	Afisa Mtendaji wa Kata	civil_service						no	low	needs_review	https://tanzlii.org/akn/tz/act/1982/7/eng@2002-07-31/source
GPOST_ward-meru-district-council-maji-ya-chai_ward_councillor	GOFF_ward_meru-district-council_maji-ya-chai	Ofisi ya Kata ya Maji ya Chai (Meru District Council)	ward_councillor	Ward Councillor	Diwani wa Kata	elected						no	low	needs_review	https://tanzlii.org/akn/tz/act/1982/7/eng@2002-07-31/source
GPOST_ward-meru-district-council-maji-ya-chai_ward_community_development_officer	GOFF_ward_meru-district-council_maji-ya-chai	Ofisi ya Kata ya Maji ya Chai (Meru District Council)	ward_community_development_officer	Ward Community Development Officer	Afisa Maendeleo ya Jamii wa Kata	civil_service						no	low	needs_review	https://tanzlii.org/akn/tz/act/1982/7/eng@2002-07-31/source
GPOST_ward-meru-district-council-kikatiti_ward_executive_officer	GOFF_ward_meru-district-council_kikatiti	Ofisi ya Kata ya Kikatiti (Meru District Council)	ward_executive_officer	Ward Executive Officer (WEO)	Afisa Mtendaji wa Kata	civil_service						no	low	needs_review	https://tanzlii.org/akn/tz/act/1982/7/eng@2002-07-31/source
GPOST_ward-meru-district-council-kikatiti_ward_councillor	GOFF_ward_meru-district-council_kikatiti	Ofisi ya Kata ya Kikatiti (Meru District Council)	ward_councillor	Ward Councillor	Diwani wa Kata	elected						no	low	needs_review	https://tanzlii.org/akn/tz/act/1982/7/eng@2002-07-31/source
GPOST_ward-meru-district-council-kikatiti_ward_community_development_officer	GOFF_ward_meru-district-council_kikatiti	Ofisi ya Kata ya Kikatiti (Meru District Council)	ward_community_development_officer	Ward Community Development Officer	Afisa Maendeleo ya Jamii wa Kata	civil_service						no	low	needs_review	https://tanzlii.org/akn/tz/act/1982/7/eng@2002-07-31/source
GPOST_ward-meru-district-council-uwiro_ward_executive_officer	GOFF_ward_meru-district-council_uwiro	Ofisi ya Kata ya Uwiro (Meru District Council)	ward_executive_officer	Ward Executive Officer (WEO)	Afisa Mtendaji wa Kata	civil_service						no	low	needs_review	https://tanzlii.org/akn/tz/act/1982/7/eng@2002-07-31/source
GPOST_ward-meru-district-council-uwiro_ward_councillor	GOFF_ward_meru-district-council_uwiro	Ofisi ya Kata ya Uwiro (Meru District Council)	ward_councillor	Ward Councillor	Diwani wa Kata	elected						no	low	needs_review	https://tanzlii.org/akn/tz/act/1982/7/eng@2002-07-31/source
GPOST_ward-meru-district-council-uwiro_ward_community_development_officer	GOFF_ward_meru-district-council_uwiro	Ofisi ya Kata ya Uwiro (Meru District Council)	ward_community_development_officer	Ward Community Development Officer	Afisa Maendeleo ya Jamii wa Kata	civil_service						no	low	needs_review	https://tanzlii.org/akn/tz/act/1982/7/eng@2002-07-31/source
GPOST_ward-meru-district-council-maruvango_ward_executive_officer	GOFF_ward_meru-district-council_maruvango	Ofisi ya Kata ya Maruvango (Meru District Council)	ward_executive_officer	Ward Executive Officer (WEO)	Afisa Mtendaji wa Kata	civil_service						no	low	needs_review	https://tanzlii.org/akn/tz/act/1982/7/eng@2002-07-31/source
GPOST_ward-meru-district-council-maruvango_ward_councillor	GOFF_ward_meru-district-council_maruvango	Ofisi ya Kata ya Maruvango (Meru District Council)	ward_councillor	Ward Councillor	Diwani wa Kata	elected						no	low	needs_review	https://tanzlii.org/akn/tz/act/1982/7/eng@2002-07-31/source
GPOST_ward-meru-district-council-maruvango_ward_community_development_officer	GOFF_ward_meru-district-council_maruvango	Ofisi ya Kata ya Maruvango (Meru District Council)	ward_community_development_officer	Ward Community Development Officer	Afisa Maendeleo ya Jamii wa Kata	civil_service						no	low	needs_review	https://tanzlii.org/akn/tz/act/1982/7/eng@2002-07-31/source
GPOST_ward-meru-district-council-malula_ward_executive_officer	GOFF_ward_meru-district-council_malula	Ofisi ya Kata ya Malula (Meru District Council)	ward_executive_officer	Ward Executive Officer (WEO)	Afisa Mtendaji wa Kata	civil_service						no	low	needs_review	https://tanzlii.org/akn/tz/act/1982/7/eng@2002-07-31/source
GPOST_ward-meru-district-council-malula_ward_councillor	GOFF_ward_meru-district-council_malula	Ofisi ya Kata ya Malula (Meru District Council)	ward_councillor	Ward Councillor	Diwani wa Kata	elected						no	low	needs_review	https://tanzlii.org/akn/tz/act/1982/7/eng@2002-07-31/source
GPOST_ward-meru-district-council-malula_ward_community_development_officer	GOFF_ward_meru-district-council_malula	Ofisi ya Kata ya Malula (Meru District Council)	ward_community_development_officer	Ward Community Development Officer	Afisa Maendeleo ya Jamii wa Kata	civil_service						no	low	needs_review	https://tanzlii.org/akn/tz/act/1982/7/eng@2002-07-31/source
GPOST_ward-meru-district-council-imbaseni_ward_executive_officer	GOFF_ward_meru-district-council_imbaseni	Ofisi ya Kata ya Imbaseni (Meru District Council)	ward_executive_officer	Ward Executive Officer (WEO)	Afisa Mtendaji wa Kata	civil_service						no	low	needs_review	https://tanzlii.org/akn/tz/act/1982/7/eng@2002-07-31/source
GPOST_ward-meru-district-council-imbaseni_ward_councillor	GOFF_ward_meru-district-council_imbaseni	Ofisi ya Kata ya Imbaseni (Meru District Council)	ward_councillor	Ward Councillor	Diwani wa Kata	elected						no	low	needs_review	https://tanzlii.org/akn/tz/act/1982/7/eng@2002-07-31/source
GPOST_ward-meru-district-council-imbaseni_ward_community_development_officer	GOFF_ward_meru-district-council_imbaseni	Ofisi ya Kata ya Imbaseni (Meru District Council)	ward_community_development_officer	Ward Community Development Officer	Afisa Maendeleo ya Jamii wa Kata	civil_service						no	low	needs_review	https://tanzlii.org/akn/tz/act/1982/7/eng@2002-07-31/source
GPOST_ward-meru-district-council-usariver_ward_executive_officer	GOFF_ward_meru-district-council_usariver	Ofisi ya Kata ya Usariver (Meru District Council)	ward_executive_officer	Ward Executive Officer (WEO)	Afisa Mtendaji wa Kata	civil_service						no	low	needs_review	https://tanzlii.org/akn/tz/act/1982/7/eng@2002-07-31/source
GPOST_ward-meru-district-council-usariver_ward_councillor	GOFF_ward_meru-district-council_usariver	Ofisi ya Kata ya Usariver (Meru District Council)	ward_councillor	Ward Councillor	Diwani wa Kata	elected						no	low	needs_review	https://tanzlii.org/akn/tz/act/1982/7/eng@2002-07-31/source
GPOST_ward-meru-district-council-usariver_ward_community_development_officer	GOFF_ward_meru-district-council_usariver	Ofisi ya Kata ya Usariver (Meru District Council)	ward_community_development_officer	Ward Community Development Officer	Afisa Maendeleo ya Jamii wa Kata	civil_service						no	low	needs_review	https://tanzlii.org/akn/tz/act/1982/7/eng@2002-07-31/source
GPOST_ward-meru-district-council-nkoaranga_ward_executive_officer	GOFF_ward_meru-district-council_nkoaranga	Ofisi ya Kata ya Nkoaranga (Meru District Council)	ward_executive_officer	Ward Executive Officer (WEO)	Afisa Mtendaji wa Kata	civil_service						no	low	needs_review	https://tanzlii.org/akn/tz/act/1982/7/eng@2002-07-31/source
GPOST_ward-meru-district-council-nkoaranga_ward_councillor	GOFF_ward_meru-district-council_nkoaranga	Ofisi ya Kata ya Nkoaranga (Meru District Council)	ward_councillor	Ward Councillor	Diwani wa Kata	elected						no	low	needs_review	https://tanzlii.org/akn/tz/act/1982/7/eng@2002-07-31/source
GPOST_ward-meru-district-council-nkoaranga_ward_community_development_officer	GOFF_ward_meru-district-council_nkoaranga	Ofisi ya Kata ya Nkoaranga (Meru District Council)	ward_community_development_officer	Ward Community Development Officer	Afisa Maendeleo ya Jamii wa Kata	civil_service						no	low	needs_review	https://tanzlii.org/akn/tz/act/1982/7/eng@2002-07-31/source
GPOST_ward-meru-district-council-poli_ward_executive_officer	GOFF_ward_meru-district-council_poli	Ofisi ya Kata ya Poli (Meru District Council)	ward_executive_officer	Ward Executive Officer (WEO)	Afisa Mtendaji wa Kata	civil_service						no	low	needs_review	https://tanzlii.org/akn/tz/act/1982/7/eng@2002-07-31/source
GPOST_ward-meru-district-council-poli_ward_councillor	GOFF_ward_meru-district-council_poli	Ofisi ya Kata ya Poli (Meru District Council)	ward_councillor	Ward Councillor	Diwani wa Kata	elected						no	low	needs_review	https://tanzlii.org/akn/tz/act/1982/7/eng@2002-07-31/source
GPOST_ward-meru-district-council-poli_ward_community_development_officer	GOFF_ward_meru-district-council_poli	Ofisi ya Kata ya Poli (Meru District Council)	ward_community_development_officer	Ward Community Development Officer	Afisa Maendeleo ya Jamii wa Kata	civil_service						no	low	needs_review	https://tanzlii.org/akn/tz/act/1982/7/eng@2002-07-31/source
GPOST_ward-meru-district-council-seela-singisi_ward_executive_officer	GOFF_ward_meru-district-council_seela-singisi	Ofisi ya Kata ya Seela Sing'isi (Meru District Council)	ward_executive_officer	Ward Executive Officer (WEO)	Afisa Mtendaji wa Kata	civil_service						no	low	needs_review	https://tanzlii.org/akn/tz/act/1982/7/eng@2002-07-31/source
GPOST_ward-meru-district-council-seela-singisi_ward_councillor	GOFF_ward_meru-district-council_seela-singisi	Ofisi ya Kata ya Seela Sing'isi (Meru District Council)	ward_councillor	Ward Councillor	Diwani wa Kata	elected						no	low	needs_review	https://tanzlii.org/akn/tz/act/1982/7/eng@2002-07-31/source
GPOST_ward-meru-district-council-seela-singisi_ward_community_development_officer	GOFF_ward_meru-district-council_seela-singisi	Ofisi ya Kata ya Seela Sing'isi (Meru District Council)	ward_community_development_officer	Ward Community Development Officer	Afisa Maendeleo ya Jamii wa Kata	civil_service						no	low	needs_review	https://tanzlii.org/akn/tz/act/1982/7/eng@2002-07-31/source
GPOST_ward-meru-district-council-akheri_ward_executive_officer	GOFF_ward_meru-district-council_akheri	Ofisi ya Kata ya Akheri (Meru District Council)	ward_executive_officer	Ward Executive Officer (WEO)	Afisa Mtendaji wa Kata	civil_service						no	low	needs_review	https://tanzlii.org/akn/tz/act/1982/7/eng@2002-07-31/source
GPOST_ward-meru-district-council-akheri_ward_councillor	GOFF_ward_meru-district-council_akheri	Ofisi ya Kata ya Akheri (Meru District Council)	ward_councillor	Ward Councillor	Diwani wa Kata	elected						no	low	needs_review	https://tanzlii.org/akn/tz/act/1982/7/eng@2002-07-31/source
GPOST_ward-meru-district-council-akheri_ward_community_development_officer	GOFF_ward_meru-district-council_akheri	Ofisi ya Kata ya Akheri (Meru District Council)	ward_community_development_officer	Ward Community Development Officer	Afisa Maendeleo ya Jamii wa Kata	civil_service						no	low	needs_review	https://tanzlii.org/akn/tz/act/1982/7/eng@2002-07-31/source
GPOST_ward-meru-district-council-nkoanrua_ward_executive_officer	GOFF_ward_meru-district-council_nkoanrua	Ofisi ya Kata ya Nkoanrua (Meru District Council)	ward_executive_officer	Ward Executive Officer (WEO)	Afisa Mtendaji wa Kata	civil_service						no	low	needs_review	https://tanzlii.org/akn/tz/act/1982/7/eng@2002-07-31/source
GPOST_ward-meru-district-council-nkoanrua_ward_councillor	GOFF_ward_meru-district-council_nkoanrua	Ofisi ya Kata ya Nkoanrua (Meru District Council)	ward_councillor	Ward Councillor	Diwani wa Kata	elected						no	low	needs_review	https://tanzlii.org/akn/tz/act/1982/7/eng@2002-07-31/source
GPOST_ward-meru-district-council-nkoanrua_ward_community_development_officer	GOFF_ward_meru-district-council_nkoanrua	Ofisi ya Kata ya Nkoanrua (Meru District Council)	ward_community_development_officer	Ward Community Development Officer	Afisa Maendeleo ya Jamii wa Kata	civil_service						no	low	needs_review	https://tanzlii.org/akn/tz/act/1982/7/eng@2002-07-31/source
GPOST_ward-meru-district-council-songoro_ward_executive_officer	GOFF_ward_meru-district-council_songoro	Ofisi ya Kata ya Songoro (Meru District Council)	ward_executive_officer	Ward Executive Officer (WEO)	Afisa Mtendaji wa Kata	civil_service						no	low	needs_review	https://tanzlii.org/akn/tz/act/1982/7/eng@2002-07-31/source
GPOST_ward-meru-district-council-songoro_ward_councillor	GOFF_ward_meru-district-council_songoro	Ofisi ya Kata ya Songoro (Meru District Council)	ward_councillor	Ward Councillor	Diwani wa Kata	elected						no	low	needs_review	https://tanzlii.org/akn/tz/act/1982/7/eng@2002-07-31/source
GPOST_ward-meru-district-council-songoro_ward_community_development_officer	GOFF_ward_meru-district-council_songoro	Ofisi ya Kata ya Songoro (Meru District Council)	ward_community_development_officer	Ward Community Development Officer	Afisa Maendeleo ya Jamii wa Kata	civil_service						no	low	needs_review	https://tanzlii.org/akn/tz/act/1982/7/eng@2002-07-31/source
GPOST_ward-meru-district-council-nkoarisambu_ward_executive_officer	GOFF_ward_meru-district-council_nkoarisambu	Ofisi ya Kata ya Nkoarisambu (Meru District Council)	ward_executive_officer	Ward Executive Officer (WEO)	Afisa Mtendaji wa Kata	civil_service						no	low	needs_review	https://tanzlii.org/akn/tz/act/1982/7/eng@2002-07-31/source
GPOST_ward-meru-district-council-nkoarisambu_ward_councillor	GOFF_ward_meru-district-council_nkoarisambu	Ofisi ya Kata ya Nkoarisambu (Meru District Council)	ward_councillor	Ward Councillor	Diwani wa Kata	elected						no	low	needs_review	https://tanzlii.org/akn/tz/act/1982/7/eng@2002-07-31/source
GPOST_ward-meru-district-council-nkoarisambu_ward_community_development_officer	GOFF_ward_meru-district-council_nkoarisambu	Ofisi ya Kata ya Nkoarisambu (Meru District Council)	ward_community_development_officer	Ward Community Development Officer	Afisa Maendeleo ya Jamii wa Kata	civil_service						no	low	needs_review	https://tanzlii.org/akn/tz/act/1982/7/eng@2002-07-31/source
GPOST_ward-meru-district-council-nkoanekoli_ward_executive_officer	GOFF_ward_meru-district-council_nkoanekoli	Ofisi ya Kata ya Nkoanekoli (Meru District Council)	ward_executive_officer	Ward Executive Officer (WEO)	Afisa Mtendaji wa Kata	civil_service						no	low	needs_review	https://tanzlii.org/akn/tz/act/1982/7/eng@2002-07-31/source
GPOST_ward-meru-district-council-nkoanekoli_ward_councillor	GOFF_ward_meru-district-council_nkoanekoli	Ofisi ya Kata ya Nkoanekoli (Meru District Council)	ward_councillor	Ward Councillor	Diwani wa Kata	elected						no	low	needs_review	https://tanzlii.org/akn/tz/act/1982/7/eng@2002-07-31/source
GPOST_ward-meru-district-council-nkoanekoli_ward_community_development_officer	GOFF_ward_meru-district-council_nkoanekoli	Ofisi ya Kata ya Nkoanekoli (Meru District Council)	ward_community_development_officer	Ward Community Development Officer	Afisa Maendeleo ya Jamii wa Kata	civil_service						no	low	needs_review	https://tanzlii.org/akn/tz/act/1982/7/eng@2002-07-31/source
GPOST_ward-meru-district-council-ambureni_ward_executive_officer	GOFF_ward_meru-district-council_ambureni	Ofisi ya Kata ya Ambureni (Meru District Council)	ward_executive_officer	Ward Executive Officer (WEO)	Afisa Mtendaji wa Kata	civil_service						no	low	needs_review	https://tanzlii.org/akn/tz/act/1982/7/eng@2002-07-31/source
GPOST_ward-meru-district-council-ambureni_ward_councillor	GOFF_ward_meru-district-council_ambureni	Ofisi ya Kata ya Ambureni (Meru District Council)	ward_councillor	Ward Councillor	Diwani wa Kata	elected						no	low	needs_review	https://tanzlii.org/akn/tz/act/1982/7/eng@2002-07-31/source
GPOST_ward-meru-district-council-ambureni_ward_community_development_officer	GOFF_ward_meru-district-council_ambureni	Ofisi ya Kata ya Ambureni (Meru District Council)	ward_community_development_officer	Ward Community Development Officer	Afisa Maendeleo ya Jamii wa Kata	civil_service						no	low	needs_review	https://tanzlii.org/akn/tz/act/1982/7/eng@2002-07-31/source
GPOST_ward-meru-district-council-maroroni_ward_executive_officer	GOFF_ward_meru-district-council_maroroni	Ofisi ya Kata ya Maroroni (Meru District Council)	ward_executive_officer	Ward Executive Officer (WEO)	Afisa Mtendaji wa Kata	civil_service						no	low	needs_review	https://tanzlii.org/akn/tz/act/1982/7/eng@2002-07-31/source
GPOST_ward-meru-district-council-maroroni_ward_councillor	GOFF_ward_meru-district-council_maroroni	Ofisi ya Kata ya Maroroni (Meru District Council)	ward_councillor	Ward Councillor	Diwani wa Kata	elected						no	low	needs_review	https://tanzlii.org/akn/tz/act/1982/7/eng@2002-07-31/source
GPOST_ward-meru-district-council-maroroni_ward_community_development_officer	GOFF_ward_meru-district-council_maroroni	Ofisi ya Kata ya Maroroni (Meru District Council)	ward_community_development_officer	Ward Community Development Officer	Afisa Maendeleo ya Jamii wa Kata	civil_service						no	low	needs_review	https://tanzlii.org/akn/tz/act/1982/7/eng@2002-07-31/source
GPOST_ward-meru-district-council-makiba_ward_executive_officer	GOFF_ward_meru-district-council_makiba	Ofisi ya Kata ya Makiba (Meru District Council)	ward_executive_officer	Ward Executive Officer (WEO)	Afisa Mtendaji wa Kata	civil_service						no	low	needs_review	https://tanzlii.org/akn/tz/act/1982/7/eng@2002-07-31/source
GPOST_ward-meru-district-council-makiba_ward_councillor	GOFF_ward_meru-district-council_makiba	Ofisi ya Kata ya Makiba (Meru District Council)	ward_councillor	Ward Councillor	Diwani wa Kata	elected						no	low	needs_review	https://tanzlii.org/akn/tz/act/1982/7/eng@2002-07-31/source
GPOST_ward-meru-district-council-makiba_ward_community_development_officer	GOFF_ward_meru-district-council_makiba	Ofisi ya Kata ya Makiba (Meru District Council)	ward_community_development_officer	Ward Community Development Officer	Afisa Maendeleo ya Jamii wa Kata	civil_service						no	low	needs_review	https://tanzlii.org/akn/tz/act/1982/7/eng@2002-07-31/source
GPOST_ward-meru-district-council-mbuguni_ward_executive_officer	GOFF_ward_meru-district-council_mbuguni	Ofisi ya Kata ya Mbuguni (Meru District Council)	ward_executive_officer	Ward Executive Officer (WEO)	Afisa Mtendaji wa Kata	civil_service						no	low	needs_review	https://tanzlii.org/akn/tz/act/1982/7/eng@2002-07-31/source
GPOST_ward-meru-district-council-mbuguni_ward_councillor	GOFF_ward_meru-district-council_mbuguni	Ofisi ya Kata ya Mbuguni (Meru District Council)	ward_councillor	Ward Councillor	Diwani wa Kata	elected						no	low	needs_review	https://tanzlii.org/akn/tz/act/1982/7/eng@2002-07-31/source
GPOST_ward-meru-district-council-mbuguni_ward_community_development_officer	GOFF_ward_meru-district-council_mbuguni	Ofisi ya Kata ya Mbuguni (Meru District Council)	ward_community_development_officer	Ward Community Development Officer	Afisa Maendeleo ya Jamii wa Kata	civil_service						no	low	needs_review	https://tanzlii.org/akn/tz/act/1982/7/eng@2002-07-31/source
GPOST_ward-meru-district-council-kikwe_ward_executive_officer	GOFF_ward_meru-district-council_kikwe	Ofisi ya Kata ya Kikwe (Meru District Council)	ward_executive_officer	Ward Executive Officer (WEO)	Afisa Mtendaji wa Kata	civil_service						no	low	needs_review	https://tanzlii.org/akn/tz/act/1982/7/eng@2002-07-31/source
GPOST_ward-meru-district-council-kikwe_ward_councillor	GOFF_ward_meru-district-council_kikwe	Ofisi ya Kata ya Kikwe (Meru District Council)	ward_councillor	Ward Councillor	Diwani wa Kata	elected						no	low	needs_review	https://tanzlii.org/akn/tz/act/1982/7/eng@2002-07-31/source
GPOST_ward-meru-district-council-kikwe_ward_community_development_officer	GOFF_ward_meru-district-council_kikwe	Ofisi ya Kata ya Kikwe (Meru District Council)	ward_community_development_officer	Ward Community Development Officer	Afisa Maendeleo ya Jamii wa Kata	civil_service						no	low	needs_review	https://tanzlii.org/akn/tz/act/1982/7/eng@2002-07-31/source
GPOST_ward-meru-district-council-majengo_ward_executive_officer	GOFF_ward_meru-district-council_majengo	Ofisi ya Kata ya Majengo (Meru District Council)	ward_executive_officer	Ward Executive Officer (WEO)	Afisa Mtendaji wa Kata	civil_service						no	low	needs_review	https://tanzlii.org/akn/tz/act/1982/7/eng@2002-07-31/source
GPOST_ward-meru-district-council-majengo_ward_councillor	GOFF_ward_meru-district-council_majengo	Ofisi ya Kata ya Majengo (Meru District Council)	ward_councillor	Ward Councillor	Diwani wa Kata	elected						no	low	needs_review	https://tanzlii.org/akn/tz/act/1982/7/eng@2002-07-31/source
GPOST_ward-meru-district-council-majengo_ward_community_development_officer	GOFF_ward_meru-district-council_majengo	Ofisi ya Kata ya Majengo (Meru District Council)	ward_community_development_officer	Ward Community Development Officer	Afisa Maendeleo ya Jamii wa Kata	civil_service						no	low	needs_review	https://tanzlii.org/akn/tz/act/1982/7/eng@2002-07-31/source
GPOST_ward-meru-district-council-shambarai-burka_ward_executive_officer	GOFF_ward_meru-district-council_shambarai-burka	Ofisi ya Kata ya Shambarai Burka (Meru District Council)	ward_executive_officer	Ward Executive Officer (WEO)	Afisa Mtendaji wa Kata	civil_service						no	low	needs_review	https://tanzlii.org/akn/tz/act/1982/7/eng@2002-07-31/source
GPOST_ward-meru-district-council-shambarai-burka_ward_councillor	GOFF_ward_meru-district-council_shambarai-burka	Ofisi ya Kata ya Shambarai Burka (Meru District Council)	ward_councillor	Ward Councillor	Diwani wa Kata	elected						no	low	needs_review	https://tanzlii.org/akn/tz/act/1982/7/eng@2002-07-31/source
GPOST_ward-meru-district-council-shambarai-burka_ward_community_development_officer	GOFF_ward_meru-district-council_shambarai-burka	Ofisi ya Kata ya Shambarai Burka (Meru District Council)	ward_community_development_officer	Ward Community Development Officer	Afisa Maendeleo ya Jamii wa Kata	civil_service						no	low	needs_review	https://tanzlii.org/akn/tz/act/1982/7/eng@2002-07-31/source
GPOST_ward-monduli-district-council-monduli-juu_ward_executive_officer	GOFF_ward_monduli-district-council_monduli-juu	Ofisi ya Kata ya Monduli Juu (Monduli District Council)	ward_executive_officer	Ward Executive Officer (WEO)	Afisa Mtendaji wa Kata	civil_service						no	low	needs_review	https://tanzlii.org/akn/tz/act/1982/7/eng@2002-07-31/source
GPOST_ward-monduli-district-council-monduli-juu_ward_councillor	GOFF_ward_monduli-district-council_monduli-juu	Ofisi ya Kata ya Monduli Juu (Monduli District Council)	ward_councillor	Ward Councillor	Diwani wa Kata	elected						no	low	needs_review	https://tanzlii.org/akn/tz/act/1982/7/eng@2002-07-31/source
GPOST_ward-monduli-district-council-monduli-juu_ward_community_development_officer	GOFF_ward_monduli-district-council_monduli-juu	Ofisi ya Kata ya Monduli Juu (Monduli District Council)	ward_community_development_officer	Ward Community Development Officer	Afisa Maendeleo ya Jamii wa Kata	civil_service						no	low	needs_review	https://tanzlii.org/akn/tz/act/1982/7/eng@2002-07-31/source
GPOST_ward-monduli-district-council-engutoto_ward_executive_officer	GOFF_ward_monduli-district-council_engutoto	Ofisi ya Kata ya Engutoto (Monduli District Council)	ward_executive_officer	Ward Executive Officer (WEO)	Afisa Mtendaji wa Kata	civil_service						no	low	needs_review	https://tanzlii.org/akn/tz/act/1982/7/eng@2002-07-31/source
GPOST_ward-monduli-district-council-engutoto_ward_councillor	GOFF_ward_monduli-district-council_engutoto	Ofisi ya Kata ya Engutoto (Monduli District Council)	ward_councillor	Ward Councillor	Diwani wa Kata	elected						no	low	needs_review	https://tanzlii.org/akn/tz/act/1982/7/eng@2002-07-31/source
GPOST_ward-monduli-district-council-engutoto_ward_community_development_officer	GOFF_ward_monduli-district-council_engutoto	Ofisi ya Kata ya Engutoto (Monduli District Council)	ward_community_development_officer	Ward Community Development Officer	Afisa Maendeleo ya Jamii wa Kata	civil_service						no	low	needs_review	https://tanzlii.org/akn/tz/act/1982/7/eng@2002-07-31/source
GPOST_ward-monduli-district-council-monduli-mjini_ward_executive_officer	GOFF_ward_monduli-district-council_monduli-mjini	Ofisi ya Kata ya Monduli Mjini (Monduli District Council)	ward_executive_officer	Ward Executive Officer (WEO)	Afisa Mtendaji wa Kata	civil_service						no	low	needs_review	https://tanzlii.org/akn/tz/act/1982/7/eng@2002-07-31/source
GPOST_ward-monduli-district-council-monduli-mjini_ward_councillor	GOFF_ward_monduli-district-council_monduli-mjini	Ofisi ya Kata ya Monduli Mjini (Monduli District Council)	ward_councillor	Ward Councillor	Diwani wa Kata	elected						no	low	needs_review	https://tanzlii.org/akn/tz/act/1982/7/eng@2002-07-31/source
GPOST_ward-monduli-district-council-monduli-mjini_ward_community_development_officer	GOFF_ward_monduli-district-council_monduli-mjini	Ofisi ya Kata ya Monduli Mjini (Monduli District Council)	ward_community_development_officer	Ward Community Development Officer	Afisa Maendeleo ya Jamii wa Kata	civil_service						no	low	needs_review	https://tanzlii.org/akn/tz/act/1982/7/eng@2002-07-31/source
GPOST_ward-monduli-district-council-moita_ward_executive_officer	GOFF_ward_monduli-district-council_moita	Ofisi ya Kata ya Moita (Monduli District Council)	ward_executive_officer	Ward Executive Officer (WEO)	Afisa Mtendaji wa Kata	civil_service						no	low	needs_review	https://tanzlii.org/akn/tz/act/1982/7/eng@2002-07-31/source
GPOST_ward-monduli-district-council-moita_ward_councillor	GOFF_ward_monduli-district-council_moita	Ofisi ya Kata ya Moita (Monduli District Council)	ward_councillor	Ward Councillor	Diwani wa Kata	elected						no	low	needs_review	https://tanzlii.org/akn/tz/act/1982/7/eng@2002-07-31/source
GPOST_ward-monduli-district-council-moita_ward_community_development_officer	GOFF_ward_monduli-district-council_moita	Ofisi ya Kata ya Moita (Monduli District Council)	ward_community_development_officer	Ward Community Development Officer	Afisa Maendeleo ya Jamii wa Kata	civil_service						no	low	needs_review	https://tanzlii.org/akn/tz/act/1982/7/eng@2002-07-31/source
GPOST_ward-monduli-district-council-meserani_ward_executive_officer	GOFF_ward_monduli-district-council_meserani	Ofisi ya Kata ya Meserani (Monduli District Council)	ward_executive_officer	Ward Executive Officer (WEO)	Afisa Mtendaji wa Kata	civil_service						no	low	needs_review	https://tanzlii.org/akn/tz/act/1982/7/eng@2002-07-31/source
GPOST_ward-monduli-district-council-meserani_ward_councillor	GOFF_ward_monduli-district-council_meserani	Ofisi ya Kata ya Meserani (Monduli District Council)	ward_councillor	Ward Councillor	Diwani wa Kata	elected						no	low	needs_review	https://tanzlii.org/akn/tz/act/1982/7/eng@2002-07-31/source
GPOST_ward-monduli-district-council-meserani_ward_community_development_officer	GOFF_ward_monduli-district-council_meserani	Ofisi ya Kata ya Meserani (Monduli District Council)	ward_community_development_officer	Ward Community Development Officer	Afisa Maendeleo ya Jamii wa Kata	civil_service						no	low	needs_review	https://tanzlii.org/akn/tz/act/1982/7/eng@2002-07-31/source
GPOST_ward-moshi-district-council-kindi_ward_executive_officer	GOFF_ward_moshi-district-council_kindi	Ofisi ya Kata ya Kindi (Moshi District Council)	ward_executive_officer	Ward Executive Officer (WEO)	Afisa Mtendaji wa Kata	civil_service						no	low	needs_review	https://tanzlii.org/akn/tz/act/1982/7/eng@2002-07-31/source
GPOST_ward-moshi-district-council-kindi_ward_councillor	GOFF_ward_moshi-district-council_kindi	Ofisi ya Kata ya Kindi (Moshi District Council)	ward_councillor	Ward Councillor	Diwani wa Kata	elected						no	low	needs_review	https://tanzlii.org/akn/tz/act/1982/7/eng@2002-07-31/source
GPOST_ward-moshi-district-council-kindi_ward_community_development_officer	GOFF_ward_moshi-district-council_kindi	Ofisi ya Kata ya Kindi (Moshi District Council)	ward_community_development_officer	Ward Community Development Officer	Afisa Maendeleo ya Jamii wa Kata	civil_service						no	low	needs_review	https://tanzlii.org/akn/tz/act/1982/7/eng@2002-07-31/source
GPOST_ward-moshi-district-council-kibosho-magharibi_ward_executive_officer	GOFF_ward_moshi-district-council_kibosho-magharibi	Ofisi ya Kata ya Kibosho Magharibi (Moshi District Council)	ward_executive_officer	Ward Executive Officer (WEO)	Afisa Mtendaji wa Kata	civil_service						no	low	needs_review	https://tanzlii.org/akn/tz/act/1982/7/eng@2002-07-31/source
GPOST_ward-moshi-district-council-kibosho-magharibi_ward_councillor	GOFF_ward_moshi-district-council_kibosho-magharibi	Ofisi ya Kata ya Kibosho Magharibi (Moshi District Council)	ward_councillor	Ward Councillor	Diwani wa Kata	elected						no	low	needs_review	https://tanzlii.org/akn/tz/act/1982/7/eng@2002-07-31/source
GPOST_ward-moshi-district-council-kibosho-magharibi_ward_community_development_officer	GOFF_ward_moshi-district-council_kibosho-magharibi	Ofisi ya Kata ya Kibosho Magharibi (Moshi District Council)	ward_community_development_officer	Ward Community Development Officer	Afisa Maendeleo ya Jamii wa Kata	civil_service						no	low	needs_review	https://tanzlii.org/akn/tz/act/1982/7/eng@2002-07-31/source
GPOST_ward-moshi-district-council-kibosho-mashariki_ward_executive_officer	GOFF_ward_moshi-district-council_kibosho-mashariki	Ofisi ya Kata ya Kibosho Mashariki (Moshi District Council)	ward_executive_officer	Ward Executive Officer (WEO)	Afisa Mtendaji wa Kata	civil_service						no	low	needs_review	https://tanzlii.org/akn/tz/act/1982/7/eng@2002-07-31/source
GPOST_ward-moshi-district-council-kibosho-mashariki_ward_councillor	GOFF_ward_moshi-district-council_kibosho-mashariki	Ofisi ya Kata ya Kibosho Mashariki (Moshi District Council)	ward_councillor	Ward Councillor	Diwani wa Kata	elected						no	low	needs_review	https://tanzlii.org/akn/tz/act/1982/7/eng@2002-07-31/source
GPOST_ward-moshi-district-council-kibosho-mashariki_ward_community_development_officer	GOFF_ward_moshi-district-council_kibosho-mashariki	Ofisi ya Kata ya Kibosho Mashariki (Moshi District Council)	ward_community_development_officer	Ward Community Development Officer	Afisa Maendeleo ya Jamii wa Kata	civil_service						no	low	needs_review	https://tanzlii.org/akn/tz/act/1982/7/eng@2002-07-31/source
GPOST_ward-moshi-district-council-uru-kusini_ward_executive_officer	GOFF_ward_moshi-district-council_uru-kusini	Ofisi ya Kata ya Uru Kusini (Moshi District Council)	ward_executive_officer	Ward Executive Officer (WEO)	Afisa Mtendaji wa Kata	civil_service						no	low	needs_review	https://tanzlii.org/akn/tz/act/1982/7/eng@2002-07-31/source
GPOST_ward-moshi-district-council-uru-kusini_ward_councillor	GOFF_ward_moshi-district-council_uru-kusini	Ofisi ya Kata ya Uru Kusini (Moshi District Council)	ward_councillor	Ward Councillor	Diwani wa Kata	elected						no	low	needs_review	https://tanzlii.org/akn/tz/act/1982/7/eng@2002-07-31/source
GPOST_ward-moshi-district-council-uru-kusini_ward_community_development_officer	GOFF_ward_moshi-district-council_uru-kusini	Ofisi ya Kata ya Uru Kusini (Moshi District Council)	ward_community_development_officer	Ward Community Development Officer	Afisa Maendeleo ya Jamii wa Kata	civil_service						no	low	needs_review	https://tanzlii.org/akn/tz/act/1982/7/eng@2002-07-31/source
GPOST_ward-moshi-municipal-council-kilimanjaro_ward_executive_officer	GOFF_ward_moshi-municipal-council_kilimanjaro	Ofisi ya Kata ya Kilimanjaro (Moshi Municipal Council)	ward_executive_officer	Ward Executive Officer (WEO)	Afisa Mtendaji wa Kata	civil_service						no	low	needs_review	https://media.tanzlii.org/media/legislation/316204/source_file/77e1e9a6b6ecb9fb/1982-8.pdf
GPOST_ward-moshi-municipal-council-kilimanjaro_ward_councillor	GOFF_ward_moshi-municipal-council_kilimanjaro	Ofisi ya Kata ya Kilimanjaro (Moshi Municipal Council)	ward_councillor	Ward Councillor	Diwani wa Kata	elected						no	low	needs_review	https://media.tanzlii.org/media/legislation/316204/source_file/77e1e9a6b6ecb9fb/1982-8.pdf
GPOST_ward-moshi-municipal-council-kilimanjaro_ward_community_development_officer	GOFF_ward_moshi-municipal-council_kilimanjaro	Ofisi ya Kata ya Kilimanjaro (Moshi Municipal Council)	ward_community_development_officer	Ward Community Development Officer	Afisa Maendeleo ya Jamii wa Kata	civil_service						no	low	needs_review	https://media.tanzlii.org/media/legislation/316204/source_file/77e1e9a6b6ecb9fb/1982-8.pdf
GPOST_ward-moshi-municipal-council-mfumuni_ward_executive_officer	GOFF_ward_moshi-municipal-council_mfumuni	Ofisi ya Kata ya Mfumuni (Moshi Municipal Council)	ward_executive_officer	Ward Executive Officer (WEO)	Afisa Mtendaji wa Kata	civil_service						no	low	needs_review	https://media.tanzlii.org/media/legislation/316204/source_file/77e1e9a6b6ecb9fb/1982-8.pdf
GPOST_ward-moshi-municipal-council-mfumuni_ward_councillor	GOFF_ward_moshi-municipal-council_mfumuni	Ofisi ya Kata ya Mfumuni (Moshi Municipal Council)	ward_councillor	Ward Councillor	Diwani wa Kata	elected						no	low	needs_review	https://media.tanzlii.org/media/legislation/316204/source_file/77e1e9a6b6ecb9fb/1982-8.pdf
GPOST_ward-moshi-municipal-council-mfumuni_ward_community_development_officer	GOFF_ward_moshi-municipal-council_mfumuni	Ofisi ya Kata ya Mfumuni (Moshi Municipal Council)	ward_community_development_officer	Ward Community Development Officer	Afisa Maendeleo ya Jamii wa Kata	civil_service						no	low	needs_review	https://media.tanzlii.org/media/legislation/316204/source_file/77e1e9a6b6ecb9fb/1982-8.pdf
GPOST_ward-moshi-municipal-council-kiusa_ward_executive_officer	GOFF_ward_moshi-municipal-council_kiusa	Ofisi ya Kata ya Kiusa (Moshi Municipal Council)	ward_executive_officer	Ward Executive Officer (WEO)	Afisa Mtendaji wa Kata	civil_service						no	low	needs_review	https://media.tanzlii.org/media/legislation/316204/source_file/77e1e9a6b6ecb9fb/1982-8.pdf
GPOST_ward-moshi-municipal-council-kiusa_ward_councillor	GOFF_ward_moshi-municipal-council_kiusa	Ofisi ya Kata ya Kiusa (Moshi Municipal Council)	ward_councillor	Ward Councillor	Diwani wa Kata	elected						no	low	needs_review	https://media.tanzlii.org/media/legislation/316204/source_file/77e1e9a6b6ecb9fb/1982-8.pdf
GPOST_ward-moshi-municipal-council-kiusa_ward_community_development_officer	GOFF_ward_moshi-municipal-council_kiusa	Ofisi ya Kata ya Kiusa (Moshi Municipal Council)	ward_community_development_officer	Ward Community Development Officer	Afisa Maendeleo ya Jamii wa Kata	civil_service						no	low	needs_review	https://media.tanzlii.org/media/legislation/316204/source_file/77e1e9a6b6ecb9fb/1982-8.pdf
GPOST_ward-moshi-municipal-council-korongoni_ward_executive_officer	GOFF_ward_moshi-municipal-council_korongoni	Ofisi ya Kata ya Korongoni (Moshi Municipal Council)	ward_executive_officer	Ward Executive Officer (WEO)	Afisa Mtendaji wa Kata	civil_service						no	low	needs_review	https://media.tanzlii.org/media/legislation/316204/source_file/77e1e9a6b6ecb9fb/1982-8.pdf
GPOST_ward-moshi-municipal-council-korongoni_ward_councillor	GOFF_ward_moshi-municipal-council_korongoni	Ofisi ya Kata ya Korongoni (Moshi Municipal Council)	ward_councillor	Ward Councillor	Diwani wa Kata	elected						no	low	needs_review	https://media.tanzlii.org/media/legislation/316204/source_file/77e1e9a6b6ecb9fb/1982-8.pdf
GPOST_ward-moshi-municipal-council-korongoni_ward_community_development_officer	GOFF_ward_moshi-municipal-council_korongoni	Ofisi ya Kata ya Korongoni (Moshi Municipal Council)	ward_community_development_officer	Ward Community Development Officer	Afisa Maendeleo ya Jamii wa Kata	civil_service						no	low	needs_review	https://media.tanzlii.org/media/legislation/316204/source_file/77e1e9a6b6ecb9fb/1982-8.pdf
GPOST_ward-moshi-municipal-council-soweto_ward_executive_officer	GOFF_ward_moshi-municipal-council_soweto	Ofisi ya Kata ya Soweto (Moshi Municipal Council)	ward_executive_officer	Ward Executive Officer (WEO)	Afisa Mtendaji wa Kata	civil_service						no	low	needs_review	https://media.tanzlii.org/media/legislation/316204/source_file/77e1e9a6b6ecb9fb/1982-8.pdf
GPOST_ward-moshi-municipal-council-soweto_ward_councillor	GOFF_ward_moshi-municipal-council_soweto	Ofisi ya Kata ya Soweto (Moshi Municipal Council)	ward_councillor	Ward Councillor	Diwani wa Kata	elected						no	low	needs_review	https://media.tanzlii.org/media/legislation/316204/source_file/77e1e9a6b6ecb9fb/1982-8.pdf
GPOST_ward-moshi-municipal-council-soweto_ward_community_development_officer	GOFF_ward_moshi-municipal-council_soweto	Ofisi ya Kata ya Soweto (Moshi Municipal Council)	ward_community_development_officer	Ward Community Development Officer	Afisa Maendeleo ya Jamii wa Kata	civil_service						no	low	needs_review	https://media.tanzlii.org/media/legislation/316204/source_file/77e1e9a6b6ecb9fb/1982-8.pdf
GPOST_ward-moshi-municipal-council-shirimatunda_ward_executive_officer	GOFF_ward_moshi-municipal-council_shirimatunda	Ofisi ya Kata ya Shirimatunda (Moshi Municipal Council)	ward_executive_officer	Ward Executive Officer (WEO)	Afisa Mtendaji wa Kata	civil_service						no	low	needs_review	https://media.tanzlii.org/media/legislation/316204/source_file/77e1e9a6b6ecb9fb/1982-8.pdf
GPOST_ward-moshi-municipal-council-shirimatunda_ward_councillor	GOFF_ward_moshi-municipal-council_shirimatunda	Ofisi ya Kata ya Shirimatunda (Moshi Municipal Council)	ward_councillor	Ward Councillor	Diwani wa Kata	elected						no	low	needs_review	https://media.tanzlii.org/media/legislation/316204/source_file/77e1e9a6b6ecb9fb/1982-8.pdf
GPOST_ward-moshi-municipal-council-shirimatunda_ward_community_development_officer	GOFF_ward_moshi-municipal-council_shirimatunda	Ofisi ya Kata ya Shirimatunda (Moshi Municipal Council)	ward_community_development_officer	Ward Community Development Officer	Afisa Maendeleo ya Jamii wa Kata	civil_service						no	low	needs_review	https://media.tanzlii.org/media/legislation/316204/source_file/77e1e9a6b6ecb9fb/1982-8.pdf
GPOST_ward-moshi-municipal-council-karanga_ward_executive_officer	GOFF_ward_moshi-municipal-council_karanga	Ofisi ya Kata ya Karanga (Moshi Municipal Council)	ward_executive_officer	Ward Executive Officer (WEO)	Afisa Mtendaji wa Kata	civil_service						no	low	needs_review	https://media.tanzlii.org/media/legislation/316204/source_file/77e1e9a6b6ecb9fb/1982-8.pdf
GPOST_ward-moshi-municipal-council-karanga_ward_councillor	GOFF_ward_moshi-municipal-council_karanga	Ofisi ya Kata ya Karanga (Moshi Municipal Council)	ward_councillor	Ward Councillor	Diwani wa Kata	elected						no	low	needs_review	https://media.tanzlii.org/media/legislation/316204/source_file/77e1e9a6b6ecb9fb/1982-8.pdf
GPOST_ward-moshi-municipal-council-karanga_ward_community_development_officer	GOFF_ward_moshi-municipal-council_karanga	Ofisi ya Kata ya Karanga (Moshi Municipal Council)	ward_community_development_officer	Ward Community Development Officer	Afisa Maendeleo ya Jamii wa Kata	civil_service						no	low	needs_review	https://media.tanzlii.org/media/legislation/316204/source_file/77e1e9a6b6ecb9fb/1982-8.pdf
GPOST_ward-moshi-municipal-council-rau_ward_executive_officer	GOFF_ward_moshi-municipal-council_rau	Ofisi ya Kata ya Rau (Moshi Municipal Council)	ward_executive_officer	Ward Executive Officer (WEO)	Afisa Mtendaji wa Kata	civil_service						no	low	needs_review	https://media.tanzlii.org/media/legislation/316204/source_file/77e1e9a6b6ecb9fb/1982-8.pdf
GPOST_ward-moshi-municipal-council-rau_ward_councillor	GOFF_ward_moshi-municipal-council_rau	Ofisi ya Kata ya Rau (Moshi Municipal Council)	ward_councillor	Ward Councillor	Diwani wa Kata	elected						no	low	needs_review	https://media.tanzlii.org/media/legislation/316204/source_file/77e1e9a6b6ecb9fb/1982-8.pdf
GPOST_ward-moshi-municipal-council-rau_ward_community_development_officer	GOFF_ward_moshi-municipal-council_rau	Ofisi ya Kata ya Rau (Moshi Municipal Council)	ward_community_development_officer	Ward Community Development Officer	Afisa Maendeleo ya Jamii wa Kata	civil_service						no	low	needs_review	https://media.tanzlii.org/media/legislation/316204/source_file/77e1e9a6b6ecb9fb/1982-8.pdf
GPOST_ward-moshi-municipal-council-bomambuzi_ward_executive_officer	GOFF_ward_moshi-municipal-council_bomambuzi	Ofisi ya Kata ya Bomambuzi (Moshi Municipal Council)	ward_executive_officer	Ward Executive Officer (WEO)	Afisa Mtendaji wa Kata	civil_service						no	low	needs_review	https://media.tanzlii.org/media/legislation/316204/source_file/77e1e9a6b6ecb9fb/1982-8.pdf
GPOST_ward-moshi-municipal-council-bomambuzi_ward_councillor	GOFF_ward_moshi-municipal-council_bomambuzi	Ofisi ya Kata ya Bomambuzi (Moshi Municipal Council)	ward_councillor	Ward Councillor	Diwani wa Kata	elected						no	low	needs_review	https://media.tanzlii.org/media/legislation/316204/source_file/77e1e9a6b6ecb9fb/1982-8.pdf
GPOST_ward-moshi-municipal-council-bomambuzi_ward_community_development_officer	GOFF_ward_moshi-municipal-council_bomambuzi	Ofisi ya Kata ya Bomambuzi (Moshi Municipal Council)	ward_community_development_officer	Ward Community Development Officer	Afisa Maendeleo ya Jamii wa Kata	civil_service						no	low	needs_review	https://media.tanzlii.org/media/legislation/316204/source_file/77e1e9a6b6ecb9fb/1982-8.pdf
GPOST_ward-moshi-municipal-council-majengo_ward_executive_officer	GOFF_ward_moshi-municipal-council_majengo	Ofisi ya Kata ya Majengo (Moshi Municipal Council)	ward_executive_officer	Ward Executive Officer (WEO)	Afisa Mtendaji wa Kata	civil_service						no	low	needs_review	https://media.tanzlii.org/media/legislation/316204/source_file/77e1e9a6b6ecb9fb/1982-8.pdf
GPOST_ward-moshi-municipal-council-majengo_ward_councillor	GOFF_ward_moshi-municipal-council_majengo	Ofisi ya Kata ya Majengo (Moshi Municipal Council)	ward_councillor	Ward Councillor	Diwani wa Kata	elected						no	low	needs_review	https://media.tanzlii.org/media/legislation/316204/source_file/77e1e9a6b6ecb9fb/1982-8.pdf
GPOST_ward-moshi-municipal-council-majengo_ward_community_development_officer	GOFF_ward_moshi-municipal-council_majengo	Ofisi ya Kata ya Majengo (Moshi Municipal Council)	ward_community_development_officer	Ward Community Development Officer	Afisa Maendeleo ya Jamii wa Kata	civil_service						no	low	needs_review	https://media.tanzlii.org/media/legislation/316204/source_file/77e1e9a6b6ecb9fb/1982-8.pdf
GPOST_ward-moshi-municipal-council-mawenzi_ward_executive_officer	GOFF_ward_moshi-municipal-council_mawenzi	Ofisi ya Kata ya Mawenzi (Moshi Municipal Council)	ward_executive_officer	Ward Executive Officer (WEO)	Afisa Mtendaji wa Kata	civil_service						no	low	needs_review	https://media.tanzlii.org/media/legislation/316204/source_file/77e1e9a6b6ecb9fb/1982-8.pdf
GPOST_ward-moshi-municipal-council-mawenzi_ward_councillor	GOFF_ward_moshi-municipal-council_mawenzi	Ofisi ya Kata ya Mawenzi (Moshi Municipal Council)	ward_councillor	Ward Councillor	Diwani wa Kata	elected						no	low	needs_review	https://media.tanzlii.org/media/legislation/316204/source_file/77e1e9a6b6ecb9fb/1982-8.pdf
GPOST_ward-moshi-municipal-council-mawenzi_ward_community_development_officer	GOFF_ward_moshi-municipal-council_mawenzi	Ofisi ya Kata ya Mawenzi (Moshi Municipal Council)	ward_community_development_officer	Ward Community Development Officer	Afisa Maendeleo ya Jamii wa Kata	civil_service						no	low	needs_review	https://media.tanzlii.org/media/legislation/316204/source_file/77e1e9a6b6ecb9fb/1982-8.pdf
GPOST_ward-moshi-municipal-council-bondeni_ward_executive_officer	GOFF_ward_moshi-municipal-council_bondeni	Ofisi ya Kata ya Bondeni (Moshi Municipal Council)	ward_executive_officer	Ward Executive Officer (WEO)	Afisa Mtendaji wa Kata	civil_service						no	low	needs_review	https://media.tanzlii.org/media/legislation/316204/source_file/77e1e9a6b6ecb9fb/1982-8.pdf
GPOST_ward-moshi-municipal-council-bondeni_ward_councillor	GOFF_ward_moshi-municipal-council_bondeni	Ofisi ya Kata ya Bondeni (Moshi Municipal Council)	ward_councillor	Ward Councillor	Diwani wa Kata	elected						no	low	needs_review	https://media.tanzlii.org/media/legislation/316204/source_file/77e1e9a6b6ecb9fb/1982-8.pdf
GPOST_ward-moshi-municipal-council-bondeni_ward_community_development_officer	GOFF_ward_moshi-municipal-council_bondeni	Ofisi ya Kata ya Bondeni (Moshi Municipal Council)	ward_community_development_officer	Ward Community Development Officer	Afisa Maendeleo ya Jamii wa Kata	civil_service						no	low	needs_review	https://media.tanzlii.org/media/legislation/316204/source_file/77e1e9a6b6ecb9fb/1982-8.pdf
GPOST_ward-moshi-municipal-council-mji-mpya_ward_executive_officer	GOFF_ward_moshi-municipal-council_mji-mpya	Ofisi ya Kata ya Mji Mpya (Moshi Municipal Council)	ward_executive_officer	Ward Executive Officer (WEO)	Afisa Mtendaji wa Kata	civil_service						no	low	needs_review	https://media.tanzlii.org/media/legislation/316204/source_file/77e1e9a6b6ecb9fb/1982-8.pdf
GPOST_ward-moshi-municipal-council-mji-mpya_ward_councillor	GOFF_ward_moshi-municipal-council_mji-mpya	Ofisi ya Kata ya Mji Mpya (Moshi Municipal Council)	ward_councillor	Ward Councillor	Diwani wa Kata	elected						no	low	needs_review	https://media.tanzlii.org/media/legislation/316204/source_file/77e1e9a6b6ecb9fb/1982-8.pdf
GPOST_ward-moshi-municipal-council-mji-mpya_ward_community_development_officer	GOFF_ward_moshi-municipal-council_mji-mpya	Ofisi ya Kata ya Mji Mpya (Moshi Municipal Council)	ward_community_development_officer	Ward Community Development Officer	Afisa Maendeleo ya Jamii wa Kata	civil_service						no	low	needs_review	https://media.tanzlii.org/media/legislation/316204/source_file/77e1e9a6b6ecb9fb/1982-8.pdf
GPOST_ward-moshi-municipal-council-miembeni_ward_executive_officer	GOFF_ward_moshi-municipal-council_miembeni	Ofisi ya Kata ya Miembeni (Moshi Municipal Council)	ward_executive_officer	Ward Executive Officer (WEO)	Afisa Mtendaji wa Kata	civil_service						no	low	needs_review	https://media.tanzlii.org/media/legislation/316204/source_file/77e1e9a6b6ecb9fb/1982-8.pdf
GPOST_ward-moshi-municipal-council-miembeni_ward_councillor	GOFF_ward_moshi-municipal-council_miembeni	Ofisi ya Kata ya Miembeni (Moshi Municipal Council)	ward_councillor	Ward Councillor	Diwani wa Kata	elected						no	low	needs_review	https://media.tanzlii.org/media/legislation/316204/source_file/77e1e9a6b6ecb9fb/1982-8.pdf
GPOST_ward-moshi-municipal-council-miembeni_ward_community_development_officer	GOFF_ward_moshi-municipal-council_miembeni	Ofisi ya Kata ya Miembeni (Moshi Municipal Council)	ward_community_development_officer	Ward Community Development Officer	Afisa Maendeleo ya Jamii wa Kata	civil_service						no	low	needs_review	https://media.tanzlii.org/media/legislation/316204/source_file/77e1e9a6b6ecb9fb/1982-8.pdf
GPOST_ward-moshi-municipal-council-njoro_ward_executive_officer	GOFF_ward_moshi-municipal-council_njoro	Ofisi ya Kata ya Njoro (Moshi Municipal Council)	ward_executive_officer	Ward Executive Officer (WEO)	Afisa Mtendaji wa Kata	civil_service						no	low	needs_review	https://media.tanzlii.org/media/legislation/316204/source_file/77e1e9a6b6ecb9fb/1982-8.pdf
GPOST_ward-moshi-municipal-council-njoro_ward_councillor	GOFF_ward_moshi-municipal-council_njoro	Ofisi ya Kata ya Njoro (Moshi Municipal Council)	ward_councillor	Ward Councillor	Diwani wa Kata	elected						no	low	needs_review	https://media.tanzlii.org/media/legislation/316204/source_file/77e1e9a6b6ecb9fb/1982-8.pdf
GPOST_ward-moshi-municipal-council-njoro_ward_community_development_officer	GOFF_ward_moshi-municipal-council_njoro	Ofisi ya Kata ya Njoro (Moshi Municipal Council)	ward_community_development_officer	Ward Community Development Officer	Afisa Maendeleo ya Jamii wa Kata	civil_service						no	low	needs_review	https://media.tanzlii.org/media/legislation/316204/source_file/77e1e9a6b6ecb9fb/1982-8.pdf
GPOST_ward-moshi-municipal-council-kaloleni_ward_executive_officer	GOFF_ward_moshi-municipal-council_kaloleni	Ofisi ya Kata ya Kaloleni (Moshi Municipal Council)	ward_executive_officer	Ward Executive Officer (WEO)	Afisa Mtendaji wa Kata	civil_service						no	low	needs_review	https://media.tanzlii.org/media/legislation/316204/source_file/77e1e9a6b6ecb9fb/1982-8.pdf
GPOST_ward-moshi-municipal-council-kaloleni_ward_councillor	GOFF_ward_moshi-municipal-council_kaloleni	Ofisi ya Kata ya Kaloleni (Moshi Municipal Council)	ward_councillor	Ward Councillor	Diwani wa Kata	elected						no	low	needs_review	https://media.tanzlii.org/media/legislation/316204/source_file/77e1e9a6b6ecb9fb/1982-8.pdf
GPOST_ward-moshi-municipal-council-kaloleni_ward_community_development_officer	GOFF_ward_moshi-municipal-council_kaloleni	Ofisi ya Kata ya Kaloleni (Moshi Municipal Council)	ward_community_development_officer	Ward Community Development Officer	Afisa Maendeleo ya Jamii wa Kata	civil_service						no	low	needs_review	https://media.tanzlii.org/media/legislation/316204/source_file/77e1e9a6b6ecb9fb/1982-8.pdf
GPOST_ward-moshi-municipal-council-pasua_ward_executive_officer	GOFF_ward_moshi-municipal-council_pasua	Ofisi ya Kata ya Pasua (Moshi Municipal Council)	ward_executive_officer	Ward Executive Officer (WEO)	Afisa Mtendaji wa Kata	civil_service						no	low	needs_review	https://media.tanzlii.org/media/legislation/316204/source_file/77e1e9a6b6ecb9fb/1982-8.pdf
GPOST_ward-moshi-municipal-council-pasua_ward_councillor	GOFF_ward_moshi-municipal-council_pasua	Ofisi ya Kata ya Pasua (Moshi Municipal Council)	ward_councillor	Ward Councillor	Diwani wa Kata	elected						no	low	needs_review	https://media.tanzlii.org/media/legislation/316204/source_file/77e1e9a6b6ecb9fb/1982-8.pdf
GPOST_ward-moshi-municipal-council-pasua_ward_community_development_officer	GOFF_ward_moshi-municipal-council_pasua	Ofisi ya Kata ya Pasua (Moshi Municipal Council)	ward_community_development_officer	Ward Community Development Officer	Afisa Maendeleo ya Jamii wa Kata	civil_service						no	low	needs_review	https://media.tanzlii.org/media/legislation/316204/source_file/77e1e9a6b6ecb9fb/1982-8.pdf
GPOST_ward-siha-district-council-karansi_ward_executive_officer	GOFF_ward_siha-district-council_karansi	Ofisi ya Kata ya Karansi (Siha District Council)	ward_executive_officer	Ward Executive Officer (WEO)	Afisa Mtendaji wa Kata	civil_service						no	low	needs_review	https://tanzlii.org/akn/tz/act/1982/7/eng@2002-07-31/source
GPOST_ward-siha-district-council-karansi_ward_councillor	GOFF_ward_siha-district-council_karansi	Ofisi ya Kata ya Karansi (Siha District Council)	ward_councillor	Ward Councillor	Diwani wa Kata	elected						no	low	needs_review	https://tanzlii.org/akn/tz/act/1982/7/eng@2002-07-31/source
GPOST_ward-siha-district-council-karansi_ward_community_development_officer	GOFF_ward_siha-district-council_karansi	Ofisi ya Kata ya Karansi (Siha District Council)	ward_community_development_officer	Ward Community Development Officer	Afisa Maendeleo ya Jamii wa Kata	civil_service						no	low	needs_review	https://tanzlii.org/akn/tz/act/1982/7/eng@2002-07-31/source
GPOST_ward-siha-district-council-gararagua_ward_executive_officer	GOFF_ward_siha-district-council_gararagua	Ofisi ya Kata ya Gararagua (Siha District Council)	ward_executive_officer	Ward Executive Officer (WEO)	Afisa Mtendaji wa Kata	civil_service						no	low	needs_review	https://tanzlii.org/akn/tz/act/1982/7/eng@2002-07-31/source
GPOST_ward-siha-district-council-gararagua_ward_councillor	GOFF_ward_siha-district-council_gararagua	Ofisi ya Kata ya Gararagua (Siha District Council)	ward_councillor	Ward Councillor	Diwani wa Kata	elected						no	low	needs_review	https://tanzlii.org/akn/tz/act/1982/7/eng@2002-07-31/source
GPOST_ward-siha-district-council-gararagua_ward_community_development_officer	GOFF_ward_siha-district-council_gararagua	Ofisi ya Kata ya Gararagua (Siha District Council)	ward_community_development_officer	Ward Community Development Officer	Afisa Maendeleo ya Jamii wa Kata	civil_service						no	low	needs_review	https://tanzlii.org/akn/tz/act/1982/7/eng@2002-07-31/source
GPOST_ward-siha-district-council-sanya-juu_ward_executive_officer	GOFF_ward_siha-district-council_sanya-juu	Ofisi ya Kata ya Sanya Juu (Siha District Council)	ward_executive_officer	Ward Executive Officer (WEO)	Afisa Mtendaji wa Kata	civil_service						no	low	needs_review	https://tanzlii.org/akn/tz/act/1982/7/eng@2002-07-31/source
GPOST_ward-siha-district-council-sanya-juu_ward_councillor	GOFF_ward_siha-district-council_sanya-juu	Ofisi ya Kata ya Sanya Juu (Siha District Council)	ward_councillor	Ward Councillor	Diwani wa Kata	elected						no	low	needs_review	https://tanzlii.org/akn/tz/act/1982/7/eng@2002-07-31/source
GPOST_ward-siha-district-council-sanya-juu_ward_community_development_officer	GOFF_ward_siha-district-council_sanya-juu	Ofisi ya Kata ya Sanya Juu (Siha District Council)	ward_community_development_officer	Ward Community Development Officer	Afisa Maendeleo ya Jamii wa Kata	civil_service						no	low	needs_review	https://tanzlii.org/akn/tz/act/1982/7/eng@2002-07-31/source
GPOST_ward-siha-district-council-livishi_ward_executive_officer	GOFF_ward_siha-district-council_livishi	Ofisi ya Kata ya Livishi (Siha District Council)	ward_executive_officer	Ward Executive Officer (WEO)	Afisa Mtendaji wa Kata	civil_service						no	low	needs_review	https://tanzlii.org/akn/tz/act/1982/7/eng@2002-07-31/source
GPOST_ward-siha-district-council-livishi_ward_councillor	GOFF_ward_siha-district-council_livishi	Ofisi ya Kata ya Livishi (Siha District Council)	ward_councillor	Ward Councillor	Diwani wa Kata	elected						no	low	needs_review	https://tanzlii.org/akn/tz/act/1982/7/eng@2002-07-31/source
GPOST_ward-siha-district-council-livishi_ward_community_development_officer	GOFF_ward_siha-district-council_livishi	Ofisi ya Kata ya Livishi (Siha District Council)	ward_community_development_officer	Ward Community Development Officer	Afisa Maendeleo ya Jamii wa Kata	civil_service						no	low	needs_review	https://tanzlii.org/akn/tz/act/1982/7/eng@2002-07-31/source
GPOST_ward-siha-district-council-nasai_ward_executive_officer	GOFF_ward_siha-district-council_nasai	Ofisi ya Kata ya Nasai (Siha District Council)	ward_executive_officer	Ward Executive Officer (WEO)	Afisa Mtendaji wa Kata	civil_service						no	low	needs_review	https://tanzlii.org/akn/tz/act/1982/7/eng@2002-07-31/source
GPOST_ward-siha-district-council-nasai_ward_councillor	GOFF_ward_siha-district-council_nasai	Ofisi ya Kata ya Nasai (Siha District Council)	ward_councillor	Ward Councillor	Diwani wa Kata	elected						no	low	needs_review	https://tanzlii.org/akn/tz/act/1982/7/eng@2002-07-31/source
GPOST_ward-siha-district-council-nasai_ward_community_development_officer	GOFF_ward_siha-district-council_nasai	Ofisi ya Kata ya Nasai (Siha District Council)	ward_community_development_officer	Ward Community Development Officer	Afisa Maendeleo ya Jamii wa Kata	civil_service						no	low	needs_review	https://tanzlii.org/akn/tz/act/1982/7/eng@2002-07-31/source
GPOST_ward-siha-district-council-kashashi_ward_executive_officer	GOFF_ward_siha-district-council_kashashi	Ofisi ya Kata ya Kashashi (Siha District Council)	ward_executive_officer	Ward Executive Officer (WEO)	Afisa Mtendaji wa Kata	civil_service						no	low	needs_review	https://tanzlii.org/akn/tz/act/1982/7/eng@2002-07-31/source
GPOST_ward-siha-district-council-kashashi_ward_councillor	GOFF_ward_siha-district-council_kashashi	Ofisi ya Kata ya Kashashi (Siha District Council)	ward_councillor	Ward Councillor	Diwani wa Kata	elected						no	low	needs_review	https://tanzlii.org/akn/tz/act/1982/7/eng@2002-07-31/source
GPOST_ward-siha-district-council-kashashi_ward_community_development_officer	GOFF_ward_siha-district-council_kashashi	Ofisi ya Kata ya Kashashi (Siha District Council)	ward_community_development_officer	Ward Community Development Officer	Afisa Maendeleo ya Jamii wa Kata	civil_service						no	low	needs_review	https://tanzlii.org/akn/tz/act/1982/7/eng@2002-07-31/source
GPOST_ward-siha-district-council-ormelili_ward_executive_officer	GOFF_ward_siha-district-council_ormelili	Ofisi ya Kata ya Ormelili (Siha District Council)	ward_executive_officer	Ward Executive Officer (WEO)	Afisa Mtendaji wa Kata	civil_service						no	low	needs_review	https://tanzlii.org/akn/tz/act/1982/7/eng@2002-07-31/source
GPOST_ward-siha-district-council-ormelili_ward_councillor	GOFF_ward_siha-district-council_ormelili	Ofisi ya Kata ya Ormelili (Siha District Council)	ward_councillor	Ward Councillor	Diwani wa Kata	elected						no	low	needs_review	https://tanzlii.org/akn/tz/act/1982/7/eng@2002-07-31/source
GPOST_ward-siha-district-council-ormelili_ward_community_development_officer	GOFF_ward_siha-district-council_ormelili	Ofisi ya Kata ya Ormelili (Siha District Council)	ward_community_development_officer	Ward Community Development Officer	Afisa Maendeleo ya Jamii wa Kata	civil_service						no	low	needs_review	https://tanzlii.org/akn/tz/act/1982/7/eng@2002-07-31/source
GPOST_ward-siha-district-council-olkolili_ward_executive_officer	GOFF_ward_siha-district-council_olkolili	Ofisi ya Kata ya Olkolili (Siha District Council)	ward_executive_officer	Ward Executive Officer (WEO)	Afisa Mtendaji wa Kata	civil_service						no	low	needs_review	https://tanzlii.org/akn/tz/act/1982/7/eng@2002-07-31/source
GPOST_ward-siha-district-council-olkolili_ward_councillor	GOFF_ward_siha-district-council_olkolili	Ofisi ya Kata ya Olkolili (Siha District Council)	ward_councillor	Ward Councillor	Diwani wa Kata	elected						no	low	needs_review	https://tanzlii.org/akn/tz/act/1982/7/eng@2002-07-31/source
GPOST_ward-siha-district-council-olkolili_ward_community_development_officer	GOFF_ward_siha-district-council_olkolili	Ofisi ya Kata ya Olkolili (Siha District Council)	ward_community_development_officer	Ward Community Development Officer	Afisa Maendeleo ya Jamii wa Kata	civil_service						no	low	needs_review	https://tanzlii.org/akn/tz/act/1982/7/eng@2002-07-31/source
GPOST_ward-siha-district-council-makiwaru_ward_executive_officer	GOFF_ward_siha-district-council_makiwaru	Ofisi ya Kata ya Makiwaru (Siha District Council)	ward_executive_officer	Ward Executive Officer (WEO)	Afisa Mtendaji wa Kata	civil_service						no	low	needs_review	https://tanzlii.org/akn/tz/act/1982/7/eng@2002-07-31/source
GPOST_ward-siha-district-council-makiwaru_ward_councillor	GOFF_ward_siha-district-council_makiwaru	Ofisi ya Kata ya Makiwaru (Siha District Council)	ward_councillor	Ward Councillor	Diwani wa Kata	elected						no	low	needs_review	https://tanzlii.org/akn/tz/act/1982/7/eng@2002-07-31/source
GPOST_ward-siha-district-council-makiwaru_ward_community_development_officer	GOFF_ward_siha-district-council_makiwaru	Ofisi ya Kata ya Makiwaru (Siha District Council)	ward_community_development_officer	Ward Community Development Officer	Afisa Maendeleo ya Jamii wa Kata	civil_service						no	low	needs_review	https://tanzlii.org/akn/tz/act/1982/7/eng@2002-07-31/source
GPOST_ward-simanjiro-district-council-naisinyai_ward_executive_officer	GOFF_ward_simanjiro-district-council_naisinyai	Ofisi ya Kata ya Naisinyai (Simanjiro District Council)	ward_executive_officer	Ward Executive Officer (WEO)	Afisa Mtendaji wa Kata	civil_service						no	low	needs_review	https://tanzlii.org/akn/tz/act/1982/7/eng@2002-07-31/source
GPOST_ward-simanjiro-district-council-naisinyai_ward_councillor	GOFF_ward_simanjiro-district-council_naisinyai	Ofisi ya Kata ya Naisinyai (Simanjiro District Council)	ward_councillor	Ward Councillor	Diwani wa Kata	elected						no	low	needs_review	https://tanzlii.org/akn/tz/act/1982/7/eng@2002-07-31/source
GPOST_ward-simanjiro-district-council-naisinyai_ward_community_development_officer	GOFF_ward_simanjiro-district-council_naisinyai	Ofisi ya Kata ya Naisinyai (Simanjiro District Council)	ward_community_development_officer	Ward Community Development Officer	Afisa Maendeleo ya Jamii wa Kata	civil_service						no	low	needs_review	https://tanzlii.org/akn/tz/act/1982/7/eng@2002-07-31/source
GPOST_village-node-10828851090_village_executive_officer	GOFF_village_node-10828851090	Ofisi ya Kijiji cha Maji ya Chai (Meru District Council)	village_executive_officer	Village Executive Officer (VEO)	Afisa Mtendaji wa Kijiji	civil_service						no	low	needs_review	https://tanzlii.org/akn/tz/act/1982/7/eng@2002-07-31/source
GPOST_village-node-10828851090_village_chair	GOFF_village_node-10828851090	Ofisi ya Kijiji cha Maji ya Chai (Meru District Council)	village_chair	Village Chairperson	Mwenyekiti wa Kijiji	elected						no	low	needs_review	https://tanzlii.org/akn/tz/act/1982/7/eng@2002-07-31/source
GPOST_village-node-10862247616_village_executive_officer	GOFF_village_node-10862247616	Ofisi ya Kijiji cha Mwanama (Arusha City Council)	village_executive_officer	Village Executive Officer (VEO)	Afisa Mtendaji wa Kijiji	civil_service						no	low	needs_review	https://tanzlii.org/akn/tz/act/1982/7/eng@2002-07-31/source
GPOST_village-node-10862247616_village_chair	GOFF_village_node-10862247616	Ofisi ya Kijiji cha Mwanama (Arusha City Council)	village_chair	Village Chairperson	Mwenyekiti wa Kijiji	elected						no	low	needs_review	https://tanzlii.org/akn/tz/act/1982/7/eng@2002-07-31/source
