db	organisation_id	name	segment	route_before	route_after	websites	emails	phones	postal	socials	named_contacts_before	new_named_leads	methods	blocked
master	O9ffcbf6bd74a	Mount Meru Regional Referral Hospital	Hospital	True	True						2	0		
master	Ocfbf08472950	LEOPARD TOURS LTD	Safari operator	True	True						1	0		
master	Ofcb6a215ae14	University of Arusha	University	True	True						1	0		
master	Ob130f68ba9de	Nelson Mandela African Institution of Science and Technology	University	True	True						1	0		
master	O624575550ed4	Africa Dream Safaris	Safari operator	True	True						1	0		
master	O108f9c734a63	Serengeti Balloon Safaris	Safari operator	True	True						5	0		
master	O772be5f49cd4	Arusha Lutheran Medical Centre (ALMC)	Hospital	True	True						1	0		
master	O98e535c184cf	Selian Lutheran Hospital	Hospital	True	True						1	0		
master	O79dedb6329bb	Safaris-R-Us Ltd	Safari operator	True	True						1	0		
master	O35c0ce5e291d	Elewana Arusha Coffee Lodge	Hotel / lodge group	True	True						3	0		
master	Odd507e2892f9	Arusha Technical College	College	True	True						3	0		
master	O13d6874ab549	Shadows of Africa Ltd	Safari operator	True	True						3	0		
master	O1abe9227eaf0	Duma Explorer (Alika Africa)	Safari operator	True	True						1	0		
master	Of71c0f704b70	CORTO SAFARIS Ltd	Safari operator	True	True						5	0		
master	O59ec53702e66	Parks East Africa Ltd	Safari operator	True	True						1	0		
master	O8d7a8c0ff2cd	Serengeti Big Cats Safaris Ltd	Safari operator	True	True						3	0		
master	Oeacd041c2d5f	Matembezi Company Ltd	Safari operator	True	True						4	0		
master	O502fd116053c	Aga Khan Health Services - Arusha	Clinic	True	True						16	0		
master	O8e2124eb99e3	BUSHBUCK SAFARIS LIMITED	Safari operator	True	True						1	0		
master	O6b0bb1aea506	CHELI & PEACOCK SAFARIS (T) LTD	Safari operator	True	True						1	0		
master	O8c14707e75de	Easy Travel and Tours Ltd	Safari operator	True	True						1	0		
master	Oc0616ccade39	Gran Melia Arusha	Hotel	True	True						0	0		
master	O260986e0bfff	Grumeti Expeditions Ltd (Lemala Camps)	Safari operator	True	True						1	0		
master	Oc041bab2c73f	Institute of Accountancy Arusha (IAA)	College	True	True						1	0		
master	O648c07c096fa	ROY SAFARIS LTD	Safari operator	True	True	https://roysafaris.co.tz	enquiries@roysafaris.co.tz (role)	+255272970713 (office) | +255745182923 (mobile)			0	0	search	
master	Oca648bce3527	Simba Safaris Ltd	Safari operator	True	True						1	0		
master	O2aae84638d6a	SNV Tanzania	NGO	True	True						1	0		
master	O7c1f7a743d65	St. Augustine University of Tanzania - Arusha Campus	University	True	True						1	0		
master	Oae7daca781fb	St. Elizabeth Hospital Arusha	Hospital	True	True						0	0		
master	Oafdc286a337a	WILDERSUN SAFARIS & TOURS (T) LTD	Safari operator	True	True						1	0		
master	Oa2d6e2841852	Wilkinson Tours Ltd	Safari operator	True	True						5	0		
master	O4ae59fde9a4a	Earthlife Expeditions Company Limited	Safari operator	True	True						3	0		
master	O2b82864aa6da	ALLEN TANZANIA SAFARIS	Safari operator	True	True						2	0		
master	Oa94c42988eac	Serengeti Pride Safaris	Safari operator	True	True						1	0		
master	O1bfb37e37c41	NORTHLAND SAFARIS LTD	Safari operator	True	True						2	0		
master	Oe5f29492ff37	AFRICA SAFARI EXPERTS LTD	Safari operator	True	True						1	0		
master	O6923841a0f82	Africa Travel Bureau Ltd	Safari operator	True	True						1	0		
master	Od55a251feb55	Afroriginal Tours & Safaris Ltd	Safari operator	True	True						2	0		
master	Ob57f8d39dff5	ALEX WALKER SAFARIS / Serian	Safari operator	True	True						1	0		
master	Oc62b4be73d7e	Augustine's Adventure Africa ltd (AA Africa)	Safari operator	True	True						2	0		
master	O494abeb4606d	Base Camp Tanzania	Safari operator	True	True						2	0		
master	O6968a792722b	INTREPID TRAVEL TANZANIA LIMITED	Safari operator	True	True	https://www.intrepidtravel.com	elirehema.mshana@intrepidtravel.com (named) | bosco.omondi@intrepidtravel.com (general) | samuel.karani@intrepidtravel.com (general)	+255787906871 (mobile) | +255758509579 (mobile)	6101 Arusha, Tanzania		1	0	search	
master	Of48b5e9fdc05	KIBO GUIDES (T) LTD	Safari operator	True	True						1	0		
master	Ocbc0a898c461	KILI VIKINGS LIMITED	Safari operator	True	True						2	0		
master	Od74a05b7e925	Krisha African Safaris Ltd	Safari operator	True	True						1	0		
master	O7f949d75cae7	LEGENDARY EXPEDITIONS (MWIBA HOLDINGS LTD)	Safari operator	True	True						1	0		
master	Ob86dcb58b76c	MAASAI MAGIC SAFARI COMPANY LTD	Safari operator	True	True						0	0	search:not_found	
master	O846b61ccdd7b	Maasai Wanderings Limited	Safari operator	True	True						1	0		
master	O884bad8b04b8	Migada Adventures Tours and Safaris	Safari operator	True	True	https://migadadventures.com	info@migadadventures.com (role)		P O Box 2199 (city not given)		0	0	search	
master	Oe3fbf24d4ddb	Nature Discovery	Safari operator	True	True	https://naturediscovery.com	info@naturediscovery.com (role)	+255739971859 (mobile) | +255754813614 (mobile)	PO Box 10574, Arusha		0	1	search	
master	O9ec8db8e8b63	PAJOTA SAFARIS LTD	Safari operator	True	True						1	0		
master	Ofa40434a1f64	Shaw Safaris Ltd	Safari operator	True	True	https://shawsafaris.co.tz	info@shawsafaris.com (role)				0	0	search	
master	Ob2f968f00c1d	Shidolya Tours & Safaris Ltd	Safari operator	True	True	https://shidolyasafaris.com	admin@shidolya.co.tz (role)	+255754773655 (mobile) | +255769680497 (mobile) | +255783410514 (mobile)			0	0	search	
master	Ob1eafb06d91d	Swala Safaris LTD	Safari operator	True	True	https://swalasafaris.com	info@swalasafaris.com (role) | swala@habari.co.tz (general)	+255737008008 (mobile) | +255738709014 (mobile)			0	0	search	
master	Oc01d9612e3c1	Tandala Expeditions Limited	Safari operator	True	True						3	0		
master	Oe5bd1b3cf183	Anderson's African Adventures Ltd	Safari operator	True	True	https://andersons.co.za	helinah@andersons.co.za (named)	+16787541455 (international) | +255754456456 (mobile)	PO Box 2765 (city not given)		0	1	search	
master	O165bb1966844	KILAWENI LTD	Safari operator	True	True						0	0	search	
master	O5680f8038d8d	Kilimanjaro Outfitters Limited	Safari operator	True	True						0	0	search:not_found	
master	Oa9f2f6cfc8fa	Kudu Safaris ltd	Safari operator	True	True						0	1	search	
master	O49acf40de67b	Sunny Adventure Safaris Ltd	Safari operator	True	True	http://www.sunnyadventures.co.tz	info@sunnyadventures.co.tz (role) | sunnyadventures@habari.co.tz (general)	+255754600786 (mobile) | +255784600786 (mobile) | +255754471086 (mobile) | +255787559966 (mobile)	P.O.Box 972 (city not given)		0	0	search	
master	O42071d8e1589	Wildlife Explorer E.A. Ltd	Safari operator	True	True						4	0		
master	Ob72608b5c4c9	Yembi Adventure Ltd	Safari operator	True	True	http://www.yembitz.com	yembi@africanonline.co.tz (general)	+255754475924 (mobile)	P.O. Box 1990 (city not given)		0	0	search	
master	O2d34e3b7235b	Bearfoot Expeditions	Safari / tour operator	True	True						1	0		
master	O0f81299a660f	Bush 2 City Adventure	Safari / tour operator	True	True						3	0		
master	Ocd3ccb5ffe99	Dream Peak Safaris	Safari / tour operator	True	True						7	0		
master	O5de8e5bade24	EWA Safari Outfitters (Extreme Wilderness Adventure)	Safari / tour operator	True	True						1	0		
master	O400ac25b3261	Josh Dreamland Safaris	Safari / tour operator	True	True						3	0		
master	O0367110283a3	Safari Kings Tanzania Ltd	Safari / tour operator	True	True						2	0		
master	O3ef6297075e2	Safari.Africa	Safari / tour operator	True	True						6	0		
master	O06f6a9866546	Serengeti African Tours	Safari / tour operator	True	True						4	0		
master	Oed0d744628cc	JM Tours Ltd	Safari / tour operator	True	True						5	0		
master	O96691b5cc950	Eyes Of Tanzania Limited	Safari / tour operator	True	True						3	0		
master	Oe70f925d1706	I Dream of Africa Ltd	Safari / tour operator	True	True						2	0		
master	O3f6d85c3cbe1	Kotia Photographic Safaris and Tours	Safari / tour operator	True	True						2	0		
master	O68f2287b470b	Volunteers Africa Heart’s Desire Limited	Safari / tour operator	True	True						2	0		
master	Oc97677178b3b	Wildfinder Tours & Safaris Limited	Safari / tour operator	True	True						4	0		
master	O695d7410f683	Kilimanjaro Heroes Adventures	Safari / tour operator	True	True						2	0		
master	Od0023f367e33	Nihapa Tours	Safari / tour operator	True	True						3	0		
master	O1af965cf52f3	4StrokeMaasai Limited	Safari / tour operator	True	True						1	0		
master	O6d449264b4dd	Experience Safaris	Safari / tour operator	True	True						1	0		
master	O483d0fae5e8d	Golden Trips Tanzania	Safari / tour operator	True	True						3	0		
master	O691bf1115e5b	Kilimanjaro Adventure Safari Club (KASC)	Safari / tour operator	True	True						1	0		
master	O3dfafceee7e7	Samora Explorers Ltd	Safari / tour operator	True	True						1	0		
master	O015d8165a12d	Snow Africa Adventures	Safari / tour operator	True	True						2	0		
master	O626b2499c34b	Miracle Experience	Safari / tour operator	True	True						1	0		
master	O98f2a93d24da	Paradies Safaris Ltd	Safari / tour operator	True	True						4	0		
master	Ob737186864b2	Ecological Wilderness Adventure & Car Hire	Safari / tour operator	True	True						3	0		
master	Ob07802fda2b4	Everyday Safaris	Safari / tour operator	True	True						1	0		
master	O5949d6cb9379	Faune & Flore Ltd	Safari / tour operator	True	True						2	0		
master	Obf0e5263d356	Get together adventure	Safari / tour operator	True	True						10	0		
master	O50681a94d557	Sereland Africa Safaris	Safari / tour operator	True	True						2	0		
master	O63d909522c13	Kirengo Tours And Safaris Limited	Safari / tour operator	True	True						3	0		
master	O6f0d075219ea	Maape Tanzania Safaris Ltd	Safari / tour operator	True	True						1	0		
master	O151facbf1136	Make My Safari Limited	Safari / tour operator	True	True						3	0		
master	O578e11869c3b	Passionate Guides Tanzania	Safari / tour operator	True	True						1	0		
master	O37276f92b44e	Arusha Local Triips Tanzania Limited	Safari / tour operator	True	True						2	0		
master	O31664fbad51c	Joash Africa Wilderness Insight Ltd	Safari / tour operator	True	True						1	0		
master	O1e8ab08eca4f	Kilidove Tours	Safari / tour operator	True	True						1	0		
master	O472b960097c8	Wildersun Safaris Tours T Ltd	Safari / tour operator	True	True						4	0		
master	Oebc842b7212d	Active Tanzania Adventures Limited	Safari / tour operator	True	True						2	0		
master	O894cfb463c23	Wild Pride Safaris	Safari / tour operator	True	True						1	0		
master	Ob74a5ef280ed	A & N Uniques Safaris (2000) Ltd	Safari / tour operator	True	True						2	0		
master	O6ff2001b487d	Absolute Wilderness Travel and Tours	Safari / tour operator	True	True						1	0		
master	O6a6698b3c6d5	African Big Cats Safaris	Safari / tour operator	True	True						4	0		
master	O5ccd890792b9	African Environments Ltd	Safari / tour operator	True	True						8	0		
master	Ob9b86a8d8045	Ajabu Adventures Ltd.	Safari / tour operator	True	True						2	0		
master	O3d912cf40e4b	Alex Walker Ltd (Serian)	Safari / tour operator	True	True						1	0		
master	O99edb02a90e9	Alika Africa	Safari / tour operator	True	True						3	0		
master	O72c942f65589	Allengeti Adventures	Safari / tour operator	True	True						3	0		
master	O387cf2af29cf	Babji Tours & Safari Ltd	Safari / tour operator	True	True						2	0		
master	O59a1de3f78bf	Blue Lotus Travel & Tours Ltd	Safari / tour operator	True	True						2	0		
master	O7c88a7c89087	Bright African Safaris	Safari / tour operator	True	True						1	0		
master	O4d3bf5bae13d	Bushbuck Safari Limited	Safari / tour operator	True	True						1	0		
master	O7d38a52691e3	Cheli Peacock Safaris T Ltd	Safari / tour operator	True	True						8	0		
master	O438b54aab8b7	Conservation Caravan Safaris Ltd	Safari / tour operator	True	True						1	0		
master	O022c4c05ffff	DEBRE Safari Adventure	Safari / tour operator	True	True						2	0		
master	O46d07ec685eb	Destiny Explorers Limited	Safari / tour operator	True	True						1	0		
master	O89f99ae48244	ET Investments Ltd (Tanzania Experience)	Safari / tour operator	True	True						3	0		
master	O74438edb13c0	Full Package Adventures Ltd	Safari / tour operator	True	True						3	0		
master	Ofdba6fbeabf2	Go Expeditions Africa Limited	Safari / tour operator	True	True						1	0		
master	O220baf9b6782	Golos of Africa	Safari / tour operator	True	True						1	0		
master	O6b5052009b1e	Great Image Expedition Ltd	Safari / tour operator	True	True						4	0		
master	Oeea3c7c121ec	Hazzes Adventure Limited	Safari / tour operator	True	True						2	0		
master	Od8d3fcf6317f	Hoopoe Safaris T Ltd	Safari / tour operator	True	True						2	0		
master	Of97bcc50b8b4	HP Safaris (T) Limited	Safari / tour operator	True	True						2	0		
master	Oa307c5bb7ba0	Itaka Safaris	Safari / tour operator	True	True						2	0		
master	O2922dd44f45d	Jambo Masai Tours	Safari / tour operator	True	True						1	0		
master	O2f52664b9d61	Joagro Safaris Tanzania	Safari / tour operator	True	True						1	0		
master	O97e95eaae0be	K&K Safaris	Safari / tour operator	True	True						2	0		
master	Oc0530432f635	Kiliclimb Africa Safaris	Safari / tour operator	True	True						3	0		
master	O08fda96cf5d9	Kilimanjaro Unforgettable Limited	Safari / tour operator	True	True						7	0		
master	O10bb721da276	Kilipeak Adventure	Safari / tour operator	True	True						3	0		
master	Odce6122a61f4	Kingse Safaris	Safari / tour operator	True	True						3	0		
master	Oa7f24239f23e	Kiwoito Africa Safaris	Safari / tour operator	True	True						3	0		
master	Ob20dfab2e570	Kukua Tours And Safaris Limited	Safari / tour operator	True	True						2	0		
master	O07189f6a33d3	Lappet Faced Safaris	Safari / tour operator	True	True						1	0		
master	Oa902f361b321	Lazy Lion Safaris	Safari / tour operator	True	True						1	0		
master	O2cb714416e6b	Lion King Adventures (King Kidaisho)	Safari / tour operator	True	True						5	0		
master	Of5bbe1d9b42c	Livingstone's Africa Ltd	Safari / tour operator	True	True						4	0		
master	Oc0e8837d2496	Makini Tanzania	Safari / tour operator	True	True						1	0		
master	O8894420e18c9	Mind & Soul (TZ) Travel Ltd	Safari / tour operator	True	True						3	0		
master	Oafd33cfc4488	Nature Inspirit Travel	Safari / tour operator	True	True						1	0		
master	Occbd149c9ebd	Nndeeafrika	Safari / tour operator	True	True						2	0		
master	O79adb1fd4177	ONA Safari	Safari / tour operator	True	True						1	0		
master	O38b49c37f30e	Paradise and Wilderness Limited	Safari / tour operator	True	True						2	0		
master	O7ad5c517e4a6	Pure Afro Travels Tanzania	Safari / tour operator	True	True						2	0		
master	O3cb0a373600d	Rupia Adventure	Safari / tour operator	True	True						4	0		
master	O6ca0b7c8b95f	Safari Crew Tanzania	Safari / tour operator	True	True						2	0		
master	O3340b71aeb41	Safari Tanzania	Safari / tour operator	True	True						1	0		
master	Oe6f197b846aa	Safari-tz	Safari / tour operator	True	True						1	0		
master	O1f23ef9d42af	Serengeti Clarity	Safari / tour operator	True	True						1	0		
master	O87a8b6fda78a	Serengeti Pride Safaris Tour Co	Safari / tour operator	True	True						1	0		
master	Oe865230d70d0	Tanzania Choice Safaris	Safari / tour operator	True	True						2	0		
master	O10ca65abddd0	Tanzania Emotion Safari	Safari / tour operator	True	True						3	0		
master	O7b205e374ee6	Tanzania Safari Bug Ltd.	Safari / tour operator	True	True						2	0		
master	Oe31606f1b00a	Tanzania Unique Adventures	Safari / tour operator	True	True						4	0		
master	Oec7092dcf2c9	Tanzanie Authentique	Safari / tour operator	True	True						3	0		
master	O19bcb76e19dd	Transcendent Journeys Tanzania Trading name: TJT	Safari / tour operator	True	True						2	0		
master	O0dc73adc45e1	Translen Investments and Trading Ltd	Safari / tour operator	True	True						1	0		
master	Oa70de5cc67df	Udaay Safari and Tours Ltd	Safari / tour operator	True	True						2	0		
master	Od03dcea128a9	Wakali Safaris	Safari / tour operator	True	True						1	0		
master	O29a25c4b1a73	Westway Safaris Ltd	Safari / tour operator	True	True						1	0		
master	O05b1c06eaeaa	Wise Safari Tanzania Limited	Safari / tour operator	True	True						1	0		
master	O9f6f42d6af2c	Zanzi Trekking and Safaris Limited	Safari / tour operator	True	True						2	0		
master	O3cb251b24512	Jackpot Safaris (TZ) Ltd	Safari / tour operator	True	True						1	0		
master	Ob239c19c3f17	Meru Slopes Tours And Safaris Ltd	Safari / tour operator	True	True						5	0		
master	O6349e6e743df	Ozon Light Tours	Safari / tour operator	True	True						3	0		
master	O02cba8b32333	Dakik Expeditions LTD	Safari / tour operator	True	True						2	0		
master	O54cf698f4d15	Epic Luxury Safaris (Toya Limited)	Safari / tour operator	True	True						2	0		
master	O65c4c034a8f2	Topguides Africa Limited	Safari / tour operator	True	True						1	0		
master	Oe21bb26dd055	Afrika Roots Safari Company Limited	Safari / tour operator	True	True						3	0		
master	O15e107c816b3	Beyond Experience Limited	Safari / tour operator	True	True						3	0		
master	O629298a1a192	Blessed Africa Tours and Safaris Ltd	Safari / tour operator	True	True						1	0		
master	Ob473fabaf097	Good Earth Safaris & Tours Ltd	Safari / tour operator	True	True						12	0		
master	O0006f4c8d8c6	Wild Ways Tanzania Adventure	Safari / tour operator	True	True						3	0		
master	O025dc55f487e	The Smiling Zebra Limited	Safari / tour operator	True	True						1	0		
master	Oe38d002ff39f	The Wanderer Tanzania Ltd	Safari / tour operator	True	True						2	0		
master	Of685bdd4ce6b	Breathe Tanzania Safaris	Safari / tour operator	True	True						1	0		
master	Obac7c18e9b22	Top Of Africa Treks and Safaris LTD	Safari / tour operator	True	True						2	0		
master	Of6f51aa5900d	Tanger Safaris	Safari / tour operator	True	True						2	0		
master	O3e7639b222fd	Mshele Tanzania Adventures	Safari / tour operator	True	True						2	0		
master	Od92f95fd68a5	Gifted African Adventures Ltd	Safari / tour operator	True	True	https://giftedadventures.com	info@giftedadventures.com (role) | giftmollel422@gmail.com (personal_domain)	+255753900422 (mobile) | +255626752952 (mobile)	P.O. Box 10391, Arusha, Tanzania		0	0	search	
master	O2d157fdcbd6b	Lamai Africa Safaris	Safari / tour operator	True	True						1	0		
master	O6ee59b8c94fb	LeKobe Adventures & Safaris	Safari / tour operator	True	True						0	1	search	
master	Oc8c910bad429	Mountain Warriors Tour and Safaris	Safari / tour operator	True	True	https://mountain-warriors.com	info@mountain-warriors.com (role)	+255785318800 (mobile) | +255759253296 (mobile)	P.O. Box 8387, Arusha, Tanzania		0	0	search	
master	Ob925ba53148e	Safaris Africa United	Safari / tour operator	True	True	https://www.safarisafricaunited.com	info@safarisafricaunited.com (role)	+255787791940 (mobile)	P.O. Box 14274, Arusha, Tanzania		0	0	search	
master	O195ea18582fe	Siri Maasai Safaris Limited	Safari / tour operator	True	True	https://sirimaasaisafari.com	info@sirimaasaisafari.com (role) | laurent@sirimaasaisafari.com (named) | jackson@sirimaasaisafari.com (named) | carol@sirimaasaisafari.com (named)	+255789882023 (mobile) | +255679882022 (mobile) | +255784199762 (mobile)	P.O.BOX 187 Arusha, Tanzania		0	3	search	
master	O540972f13c2a	TMA Travels Tanzania Limited	Safari / tour operator	True	True						0	0	search	
master	Od19d8a210967	Africa VIP Travel	Safari / tour operator	True	True						1	0		
master	Oca1d99c7226c	Aim 2 Goal Safaris Ltd	Safari / tour operator	True	True	https://www.aim2goalsafaris.co.tz	info@aim2goalsafaris.co.tz (role) | sales@aim2goalsafaris.co.tz (role)	+255787465755 (mobile)	P.O. Box 147, Arusha, Tanzania		0	1	search	
master	Oa881d17035bb	Akshar Tours and Safaris	Safari / tour operator	True	True	https://akshartoursandsafaris.co.tz	travel@akshartoursandsafaris.co.tz (role) | parimalpatel@akshartoursandsafaris.co.tz (general)	+255782442044 (mobile)	P O BOX 1508, Mwanza, Tanzania		0	0	search	
master	Oe79db1191915	GreenHippo Travels	Safari / tour operator	True	True						0	0		
master	O0506bda0252b	Nnko & Smith Safaris Ltd	Safari / tour operator	True	True						1	0		
master	O8f339275dd81	Tropical Trails	Safari / tour operator	True	True						0	0		
master	O4c72a51e9370	The Map's Edge Limited	Safari / tour operator	True	True	https://maps-edge.co.tz	admin@maps-edge.com (role)	+255712733900 (mobile) | +255789894597 (mobile)	P.O.BOX 381, Usa River, Arumeru	facebook: https://www.facebook.com/The.Maps.Edge/	0	0	search	
master	O883af20d967d	Safari Asap	Safari / tour operator	True	True						1	0		
master	O2f6810861cd1	Nale Moru experiential travel	Safari / tour operator	True	True						1	0		
master	O2df646586642	Sundown African Adventures LTD	Safari / tour operator	True	True	https://sundownadventuressafaris.com	info@sundownadventuressafaris.com (role) | booking@sundownadventuressafaris.com (role) | sundownafricaadventures@gmail.com (personal_domain)	+255685912095 (mobile) | +255625807860 (mobile)	P.O.Box 11578, Arusha, Tanzania		0	0	search	
master	Oa103b6a80c0d	Fairtrek Jicho Tanzania	Safari / tour operator	True	True	https://www.fairtrek-jicho-tanzania.com	info@fairtrek-jicho-tanzania.com (role)	+255789980000 (mobile) | +255766222722 (mobile) | +255788222622 (mobile)	P.O.Box 8233, Arusha, Tanzania		0	1	search	
master	O4722dd9c1cd3	Kiriwe Travel And Trekking Safaris Ltd	Safari / tour operator	True	True						0	0		
master	O713c9056e058	andBeyond Travel Limited	Safari / tour operator	True	True	https://www.andbeyond.com	reservations@andbeyond.com (role) | niall.anderson@andbeyond.com (general) | trade.enquiry@andbeyond.com (general) | media@andbeyond.com (general)	+27118094300 (international) | +255787551108 (mobile)	P.O.BOX 751, Arusha, Tanzania	facebook: https://www.facebook.com/andBeyondTravel | instagram: https://www.instagram.com/andbeyondtravel/ | twitter: https://twitter.com/andBeyondTravel	0	0	search	
master	O95fdbda4ae8b	Grumeti Expeditions Ltd	Safari / tour operator	True	True						0	0	search	
master	O4a976140c66d	Leken Adventurte Ltd	Safari / tour operator	True	True	https://www.lekenadventure.com	info@lekenadventure.com (role)	+255753775849 (mobile)	P.O. Box 1596, Arusha, Tanzania		0	0	search	
master	O60cd5e6c0e9b	Mama Africa Safaris	Safari / tour operator	True	True						0	0		
master	O51bdf80138ba	Nkollo Tours & Safaris	Safari / tour operator	True	True	https://nkollotours.com	info@nkollotours.com (role)	+255718111173 (mobile)	P.O.Box 12617, Arusha, Tanzania		0	0	search	
master	O133d963b1d2f	Safarini Africa Ltd	Safari / tour operator	True	True	https://safarini.com	karibu@safarini.com (general) | lwogamarie@hotmail.com (personal_domain)	+255754420258 (mobile) | +255787963773 (mobile) | +255782171886 (mobile)	P.O.Box 6114		0	0	search	
master	O6ef8ec4bce53	Travel Booking Guide Ltd	Safari / tour operator	True	True	https://travelbookingtz.com	info@travelbookingtz.com (role) | sales@travelbookingtz.com (role)	+255783550522 (mobile) | +255713068560 (mobile)	P.O.Box 14839, Arusha, Tanzania		0	0	search	
master	O5e1c1629bb70	African Savannah Trekkers	Safari / tour operator	True	True						0	1	search	
master	Of6951631ee8a	Kipepeo	Safari / tour operator	True	True						0	0		
master	O0bcf10d5e11c	Meru Mountain Treks & Safari Ltd.	Safari / tour operator	True	True						0	0		
master	O03baa7ebbcf5	Stone Town Tours and Safari	Safari / tour operator	True	True	https://www.stonetowntoursandsafari.com	info@stonetowntoursandsafari.com (role) | marketing@stonetowntoursandsafari.com (role)	+255746566682 (mobile) | +255699009699 (mobile)	P.O.Box 105114, Arusha, Tanzania		0	0	search	
master	O3b09c3097bd9	Vianneys Untamed Expeditions Company Limited	Safari / tour operator	True	True						4	0		
master	O87bdc38f42c2	4x4 Adventures Ltd	Safari / tour operator	True	True	https://4x4safaris.com	info@4x4safaris.com (role)	+255784673433 (mobile) | +255686245786 (mobile)	P. O. Box 14356, Arusha, Tanzania		0	0	search	
master	O0843c2f745ba	Abercrombie and Kent (T) Ltd	Safari / tour operator	True	True						0	0		
master	Of266669dd470	Access 2 Tanzania	Safari / tour operator	True	True						5	0		
master	O30f99e210e4a	Africanzoom Safaris	Safari / tour operator	True	True	https://africanzoom.com	info@africanzoom.com (role)	+255739972218 (mobile) | +255754612288 (mobile)			0	0	search	
master	Of109347625ee	Bushtops Safari Camps (Orion Hotels Tanzania Ltd)	Safari / tour operator	True	True	https://bushtopscamps.com	sales@bushtops.com (role) | claudia.stuart@bushtops.com (general)	+254722412612 (international)	P.O.BOX: 14708 Arusha, Tanzania	instagram: https://www.instagram.com/bushtops | facebook: https://www.facebook.com/bushtops	0	0	search	
master	O1d3846d4867b	Colours Africa Tours and Safaris	Safari / tour operator	True	True	https://coloursafrica.com	info@coloursafrica.com (role)	+255620556753 (mobile)			0	0	search	
master	O6a6921675f19	E&H Tanzanian Adventures Limited	Safari / tour operator	True	True	https://ehtanzanianadventures.com	info@ehtanzanianadventures.com (role)	+255754674673 (mobile) | +255784674673 (mobile)	P .O BOX 12804 Arusha.		0	0	search	
master	Oa5dfc6b38efe	Ebony Tours & Safaris Ltd	Safari / tour operator	True	True	https://www.ebony-safaris.com	arkoff@ebony-safaris.com (general) | massimo@ebony-safaris.com (general)	+255783011153 (mobile) | +255715559754 (mobile)	P.O. Box 11850, Arusha Tanzania		0	0	search	
master	O61fedae16a5e	Explora V Tanzania	Safari / tour operator	True	True	https://exploravtanzania.com	info@exploravtanzania.com (role)	+255746289442 (mobile)			0	0	search	
master	Oe8e2d05d3e4d	Goldfinch Adventures	Safari / tour operator	True	True	https://goldfinch-adventures.com	info@goldfinch-adventures.com (role)	+255673337026 (mobile)	P.O.Box 14770, Arusha, Tanzania		0	1	search	
master	O3cdb7c9978e4	Meijo Safaris Limited	Safari / tour operator	True	True	https://www.meijosafaris.com	info@meijosafaris.com (role) | reservations@meijosafaris.com (role)	+255785552680 (mobile) | +255688201068 (mobile) | +255757971502 (mobile)	P.O.Box 16730, Arusha, Tanzania		0	0	search	
master	O819780b15f5b	Mobila Tours & Safaris	Safari / tour operator	True	True						1	0		
master	Oaed106fce42b	Myriad Safari Limited	Safari / tour operator	True	True	https://myriadsafaris.com	info@myriadsafaris.com (role) | flavia@myriadsafaris.com (general) | reservations@myriadsafaris.com (role) | travel@myriadsafaris.com (role)	+255754282704 (mobile)	P.O Box 12495, Arusha Tanzania		0	0	search	
master	O16c4e7a99dcb	Ronjoo Safaris	Safari / tour operator	True	True						1	0		
master	Occ16e6404a0d	RushTrek Tours	Safari / tour operator	True	True						0	0		
master	Od97f37f7ae21	See Endless Adventures Tanzania	Safari / tour operator	True	True	https://www.see-adventures.com	info@see-adventures.com (role)	+255677450003 (mobile)			0	0	search	
master	Oab06f9459a2a	Sher East Africa	Safari / tour operator	True	True	https://sher.co.tz	tanveer@sher.co.tz (general) | fleet@sher.co.tz (general)	+255683555666 (mobile) | +255783339124 (mobile) | +255781800727 (mobile)	P.O. Box 613 Arusha, Tanzania		0	0	search	
master	O01ff897723b0	Stavo Adventures	Safari / tour operator	True	True	https://stavoadventures.com	info@stavoadventures.com (role)	+255771653232 (mobile) | +255771536445 (mobile)	P.O.Box 13266 Arusha, Tanzania		0	0	search	
master	O44defa98d560	Travelling Monkey Safari	Safari / tour operator	True	True	https://www.travelling-monkey.com	contact@travelling-monkey.com (role)	+255684415288 (mobile)			0	0	search	
master	O093920d51418	Kilimanjaro Bliss Safaris	Safari / tour operator	True	True						3	0		
master	O652a75d7ee2c	Enclose Africa Safaris	Safari / tour operator	True	True	https://encloseafricasafaris.com	info@encloseafricasafaris.com (role)	+255765772906 (mobile)			0	0	search	
master	Obf522b0efe57	Kojuu Safaris Limited	Safari / tour operator	True	True						2	0		
master	Od673d402521b	Aardvark Expeditions (T) Limited	Safari / tour operator	True	True						0	0		
master	Ob088cdd4f9dd	African Polecat Safaris (Polecat Safaris)	Safari / tour operator	True	True	https://africanpolecatsafaris.com	info@africanpolecatsafaris.com (role)	+255654592688 (mobile)			0	0	search	
master	O5a92c5d15ec2	African Tours and Safaris	Safari / tour operator	True	True						0	0	search	
master	O502591e1e2dd	African Trails Ltd (Tours & Car Hire)	Safari / tour operator	True	True	https://www.africantrails.co.tz	africantrails@habari.co.tz (general)	+255784428355 (mobile)			0	0	search	
master	O83a5e8634d3b	AGLOW SAFARIS Venture into the Wild	Safari / tour operator	True	True						0	0		
master	O0454e1481515	All day in Africa	Safari / tour operator	True	True	https://www.alldayinafrica.com		+255763993399 (mobile)			0	0	search	
master	O0543f6fca307	Ang'ata Camps	Safari / tour operator	True	True	https://www.angatacamps.com		+255786025352 (mobile) | +255689888111 (mobile)	P.O. BOX 15584 Arusha - Tanzania	facebook: https://www.facebook.com/people/Angata-CAMPS-Safaris/100064211466864/ | instagram: https://www.instagram.com/angatacamps/	0	0	search	
master	O5df6bc6b95bb	Bald Eagle Safaris Limited	Safari / tour operator	True	True	https://www.baldeaglesafaris.com	info@baldeaglesafaris.com (role)	+255763462350 (mobile)			0	0	search	
master	Oe8876e3c95f6	Betheli Expeditions	Safari / tour operator	True	True						3	0		
master	Oeb9346613a2a	Big Time Adventures Ltd	Safari / tour operator	True	True	https://bigtimeadventures.co.tz	info@bigtimeadventures.co.tz (role)	+255760600746 (mobile)			0	0	search	
master	O3a9b5aafe967	Branded Africa Safaris & Trekking	Safari / tour operator	True	True	https://www.brandedafricasafaris.com		+255692202697 (mobile)			0	0	search	
master	O1e7b50864498	DaMona Tanzania Safaris	Safari / tour operator	True	True	https://www.damonasafaris.com		+255769011229 (mobile)			0	0	search	
master	O403c212baa0d	Destination Specialists Limited	Safari / tour operator	True	True	https://www.destinationspecialists.co.tz		+255754743685 (mobile)			0	0	search	
master	Oe6cb6125617f	Experiential Travel Africa	Safari / tour operator	True	True	https://www.experientialtravelafrica.com		+255713565195 (mobile)			0	1	search	
master	O192c12ca1491	Extramile International Ltd	Safari / tour operator	True	True	https://www.extramileinternational.com		+255679366095 (mobile) | +255682819855 (mobile) | +255754371650 (mobile)			0	0	search	
master	Ob0df43d2a273	Extraordinary Experience Ltd	Safari / tour operator	True	True						0	0	search:not_found	
master	O2a65c8c9c56a	Game Drive Travel Africa Safari Agency	Safari / tour operator	True	True	https://travelafricasafariagency.com					0	0	search	
master	Oce7f9d4ab49e	Habitat Adventures Travel	Safari / tour operator	True	True	https://www.thehabitatadventures.com		+255787344441 (mobile)			0	0	search	
master	O65ea97daea0a	Hadzabe Safari Adventure	Safari / tour operator	True	True						1	0		
master	Oa7bf9a758bff	Karibu Camps	Safari / tour operator	True	True	https://www.karibucamps.com		+255789193333 (mobile)			0	0	search	
master	O4d7277580fc9	Kibuyu African Safaris	Safari / tour operator	True	True	https://www.kibuyuafricansafaris.com		+255762511545 (mobile)			0	0	search	
master	O6c3ed26b698b	Kifaru Expeditions	Safari / tour operator	True	True	https://www.kifaruexpeditions.tz		+255614111111 (mobile)			0	0	search	
master	O25d8afee64db	Lapwings	Safari / tour operator	True	True	https://www.lapwings.co.tz		+255786621111 (mobile)			0	0	search	
master	Ocb8c0d83adbf	Lemuta & Khaki Safaris	Safari / tour operator	True	True						0	0		
master	Ob59e380a5d09	Let’S Discover Africa Limited	Safari / tour operator	True	True	https://www.letsdiscoverafrica.com		+255684375391 (mobile)			0	0	search	
master	O7dda68b75a3e	Lomo Tanzania Safari	Safari / tour operator	True	True						1	0		
master	O2a58e0cbc61e	Magilani Safaris	Safari / tour operator	True	True	https://www.magilani-safaris.com					0	0	search	
master	O3ace27608738	Makisala Safaris	Safari / tour operator	True	True	https://www.makisala.com		+255788323254 (mobile)			0	0	search	
master	Ob52167dff74e	Maradawa Tours Company Limited	Safari / tour operator	True	True	https://maradawa.com	info@maradawa.com (role)	+34615406737 (international)			0	0	search	
master	O1ba8cadca1de	Multichoice Safaris Ltd	Safari / tour operator	True	True	https://www.multichoicesafaris.com					0	0	search	
master	O3f8abe57d3e5	Natural Smile Expeditions	Safari / tour operator	True	True						0	0	search:not_found	
master	Oab4ecd9ac6dd	Nomad Tanzania	Safari / tour operator	True	True						0	0		
master	Ob9c6fc22d464	Off The Beaten Path Safari Ltd	Safari / tour operator	True	True	https://www.offthebeatenpathsafaris.com		+255682375975 (mobile)			0	2	search	
master	Ofa04f247ae63	PAG Tours & Safaris Limited	Safari / tour operator	True	True	https://pagsafaris.com	info@pagsafaris.com (role) | peter.post@pagsafaris.com (general)	+255714733621 (mobile) | +255782906985 (mobile)			0	0	search	
master	Oe3bb2b1fc620	Ranger Safaris	Safari / tour operator	True	True						0	0		
master	Oe32aa3371ed3	Regal African Safaris Limited	Safari / tour operator	True	True	https://www.regalafricansafaris.com		+255699496968 (mobile) | +255757767071 (mobile)			0	0	search	
master	Oc83b9b2258ff	Ro scavenger safaris ltd	Safari / tour operator	True	True	https://roscavengersafaris.co.tz	info@roscavengersafaris.co.tz (role)	+255713563563 (mobile) | +255754639340 (mobile) | +255754639356 (mobile)			0	0	search	
master	O28e5922f07dc	Safari Soles	Safari / tour operator	True	True						1	0		
master	Oc4dd18c280fd	Safari – HQ	Safari / tour operator	True	True						1	0		
master	Ocf1f889ff17e	Serengeti Wakanda Tours Safaris	Safari / tour operator	True	True						0	0		
master	O83b22a7b397c	Shilashi self-drive car hire and safaris	Safari / tour operator	True	True	https://www.shilashicarhire.com		+255679003630 (mobile) | +255746690692 (mobile) | +255755373111 (mobile)			0	0	search	
master	O12fd05b7f088	Six and Seven Tours	Safari / tour operator	True	True						0	0	search:not_found	
master	O72797d275ecf	Spazio Safari Limited	Safari / tour operator	True	True	https://spaziosafari.com	info@spaziosafari.com (role)				0	0	search	
master	Of27f79d49dee	Tales of Tanzania Safaris Ltd	Safari / tour operator	True	True	https://www.talesoftanzaniasafaris.com/	info@talesoftanzaniasafaris.com (role)	+255767441235 (mobile)			0	0	search	
master	Ofe4ce69838f9	Tanganyika Outdoor Safari Guide	Safari / tour operator	True	True	https://www.tanganyikaoutdoorsafari.com					0	0	search	
master	O44450f1c73e9	Tanzania Serengeti Adventure Limited	Safari / tour operator	True	True	https://www.abouttanzania.com	enquiries@abouttanzania.com (role)				0	2	search	
master	O33d25cd2c1bf	Telly Africa Tours and Safaris	Safari / tour operator	True	True	https://www.tellysafaris.co.tz		+255768839140 (mobile)			0	0	search	
master	Ob1ab0a43aebf	The Exclusive Portfolio	Safari / tour operator	True	True						0	0		
master	Oebe90cd85d49	Top Nature Tanzania Safari	Safari / tour operator	True	True						2	0		
master	Oc25f579eea3b	Van Mo Safaris	Safari / tour operator	True	True						1	0		
master	O690a004a7239	Viola Tours & Travel	Safari / tour operator	True	True	https://www.violatours.com		+255713295928 (mobile) | +255786271420 (mobile)			0	0	search	
master	O30580c3c4397	Vision Safari & Tours	Safari / tour operator	True	True	https://visionsafaritours.com	info@visionsafaritours.com (role)				0	0	search	
master	Oc4ddf5005af7	Whistling Travel	Safari / tour operator	True	True	https://whistlingtravel.co.tz	info@whistlingtravel.co.tz (role)	+255655777771 (mobile)			0	0	search	
master	Od863130e424f	African Spoonbill Tours and Safaris Ltd	Safari / tour operator	True	True	https://africanspoonbilltours.com	info@africanspoonbilltours.com (role)	+255713408291 (mobile) | +255782408291 (mobile) | +255681684646 (mobile)	P.O. Box 1474 ARUSHA, TANZANIA	facebook: https://www.facebook.com/spoonbillsafaris/ | instagram: https://www.instagram.com/africanspoonbill_tours/ | youtube: https://www.youtube.com/@AfricanSpoonbillToursandSafari	0	0	search	
master	Oafd0d6f73dd9	Benson and Company Ltd	Safari / tour operator	True	True						2	0		
master	Ofa5ba9fcaa2e	Jaribu Africa Adventures Co Ltd	Safari / tour operator	True	True	https://jaribuafrica.com	info@jaribuafrica.com (role)	+255753909004 (mobile) | +255714277047 (mobile)	PO Box 0586, Njiro Rd, Arusha	facebook: https://facebook.com/Jaribu-Africa-Adventures-103103424429105/ | twitter: https://twitter.com/jaribuafrica	0	0	search	
master	O9a0ec445da71	Kilimanjaro Tropical Adventures	Safari / tour operator	True	True						0	0		
master	Ob947c8e273fc	Lifetime Safaris	Safari / tour operator	True	True						1	0		
master	O05b1aa5654c7	Peacock Tours & Safaris	Safari / tour operator	True	True						0	0		
master	O83e87810f63e	Karibu Africa Safaris	Safari / tour operator	True	True	https://www.karibuafricasafaris.com	info@karibuafricasafaris.com (role)	+255754572279 (mobile)	P.O.BOX 1840, Arusha		0	0	search	
master	Od8eeaae30f56	Afrisafaris Tanzania Ltd	Safari / tour operator	True	True	https://www.afrisafaristanzania.com	info@afrisafaristanzania.com (role) | kibwana.issa@afrisafaristanzania.com (general)	+255786341998 (mobile)	P.O. Box 14570, Arusha, Tanzania	facebook: https://www.facebook.com/afrisafaristanzanialtd/	0	0	search	
master	O5cfe7f0b8dbc	Kilipath African Safaris	Safari / tour operator	True	True						0	0		
master	O2e30afe12c3e	Ndoto Kubwa Tours and Safaris Company LTD	Safari / tour operator	True	True	https://ndotokubwatours.com	info@ndotokubwatours.com (role) | sales@ndotokubwatours.com (role)	+255767100129 (mobile) | +255738803030 (mobile)	P.O. Box 1433, Arusha, Tanzania		0	1	search	
master	O9bbec562fec7	Termite Tour Travel	Safari / tour operator	True	True						3	0		
master	O69fe7b90912a	Warriors of Africa Safari	Safari / tour operator	True	True						0	0		
master	O302ba4c9926e	Firstpace African Travel Co Ltd	Safari / tour operator	True	True	https://firstpaceafrica.com	info@firstpaceafrica.com (role) | firstpace.africantravel@gmail.com (personal_domain)	+255764267806 (mobile) | +255682223882 (mobile)	P.O.Box 355, Arusha		0	0	search	
master	Oa48398f02a6a	ATA Safaris - Travel & Tour Operators in Arusha	Safari / tour operator	True	True						0	0		
master	O7d5532e11f9c	Papagei Tours and Safaris	Safari / tour operator	True	True	https://papageitours.com	info@papageitours.com (role) | papageisafari@gmail.com (personal_domain)	+255782712082 (mobile)	P.O. Box 1442, Arusha, Tanzania	facebook: https://www.facebook.com/papageisafaris/ | instagram: https://www.instagram.com/papagei_safaris_tanzania/ | twitter: https://twitter.com/papagei_tours	0	0	search	
master	O7be3615fce64	Dorobo Tours & Safaris	Safari / tour operator	True	True	https://dorobosafaris.com	dorobo@dorobosafaris.com (general) | dorobo@dorobo.co.tz (general)	+255786154648 (mobile) | +255684343342 (mobile) | +255272509683 (office)	P.O. Box 2534, Arusha, Tanzania	instagram: https://www.instagram.com/dorobosafaris | facebook: https://www.facebook.com/dorobosafaris/	0	1	search	
master	O8d12f5792f73	Duma Explorers	Safari / tour operator	True	True						3	0		
master	Oe9a6ec42dd7d	Kananga (Rumangabo International Ltd)	Safari / tour operator	True	True	https://www.kanangainternational.com	info@kananga.co.tz (role) | reservations@kananga.com (role) | operations@kananga.com (role)	+255753979478 (mobile) | +255684723426 (mobile) | +34932687795 (international) | +254700450531 (international)	P.O.BOX 7104 Arusha, Tanzania		0	0	search	
master	Ode3082ab5bb3	Tanzania Classic Tours	Safari / tour operator	True	True	https://tanzaniaclassictours.com	info@tanzaniaclassictours.com (role)	+255757899709 (mobile)	P.O.Box 3180, Arusha, Tanzania	facebook: https://www.facebook.com/TANZANIACLASSICTOURS/ | instagram: https://www.instagram.com/tanzaniaclassictours/	0	0	search	
master	Oa7e8e18aa797	Tanzania à la Carte Safaris Company	Safari / tour operator	True	True						0	0		
master	O0226b760bf73	Mrembo Safaris	Safari / tour operator	True	True	https://mrembosafaris.com	info@mrembosafaris.com (role) | destination_tanzania@mrembosafaris.com (general)	+255768266706 (mobile) | +255746477070 (mobile) | +255784142427 (mobile)	P.O.BOX 57 Duluti, Arusha	instagram: https://www.instagram.com/mrembosafaris?igsh=Y3hxb24xbHoyeTFt	0	1	search	
master	O6bda8e0e9983	Nature Responsible Safaris Ltd	Safari / tour operator	True	True						1	0		
master	O5956bcda9c1d	Triumph Travel & Film Safaris Ltd	Safari / tour operator	True	True	https://triumphsafaris.com	info@triumphsafaris.com (role)	+255740111118 (mobile) | +255767422737 (mobile)	P.O. Box 326, Arusha, Tanzania		0	0	search	
master	O248e9c1e5c38	Hike Talkstay Adventures	Safari / tour operator	True	True						2	0		
master	Of51ff16aaada	Ahsante Tours & Safaris Ltd	Safari / tour operator	True	True						4	0		
master	Od0c9401c959b	Monkey Adventures	Safari / tour operator	True	True						0	0		
master	O7136ae38625d	Boker Adventures	Safari / tour operator	True	True						1	0		
master	O8d8d88e2da80	Explore Active	Safari / tour operator	True	True						0	0		
master	O6107a7c96efd	Basecamp Afromaxx Ltd	Safari / tour operator	True	True						1	0		
master	O629d1111168f	Gladys Adventure & Safaris	Safari / tour operator	True	True						2	0		
master	O66a49150a30a	Tintintours	Safari / tour operator	True	True						1	0		
master	O281ef16a9906	trekkingandsafariadventures	Safari / tour operator	True	True						0	0		
master	Oba62dc5f713c	Gazelle Adventures	Safari / tour operator	True	True						1	0		
master	O92e0d6840692	Nyange Adventures Ltd.	Safari / tour operator	True	True						1	0		
master	O923da4a684cd	Summit 2 Sand Safaris	Safari / tour operator	True	True						1	0		
master	O5328bffd0133	African Scenic Safaris Ltd	Safari / tour operator	True	True						9	0		
master	O4059c82d75be	Afrikabisa – Ethical Tours	Safari / tour operator	True	True						2	0		
master	Of4048a3d68b7	Altezza Travel	Safari / tour operator	True	True						0	0		
master	Oa5672e5a0743	Bright Tanzania – Private Climbing & Safari Tours	Safari / tour operator	True	True						3	0		
master	O4113ed6245f9	Destiny Winners Safari and Tour	Safari / tour operator	True	True						0	0		
master	O9c15188c8f16	Eco-Africa Climbing	Safari / tour operator	True	True	https://eco-africaclimbing.com	ecoafricaclimbingsafari@gmail.com (personal_domain) | info@eco-africaclimbing.com (role)	+255712528219 (mobile) | +255658466149 (mobile)	P.O. Box 8218, Moshi-Tanzania	instagram: https://www.instagram.com/eco_africaclimbing/	0	0	search	
master	O35aefe7c0415	Exuberant Kilimanjaro Travel	Safari / tour operator	True	True						0	0		
master	O1a6d9ee7e6a9	Gypsy Tours and Safaris Limited	Safari / tour operator	True	True						0	0		
master	O66a1b820be42	Kilimandscharo Active Tours (KAT)	Safari / tour operator	True	True						0	0		
master	O7af93c912e20	Lady Tusk Safaris	Safari / tour operator	True	True						1	0		
master	O1b54035e94a4	Land Savannah and Trekking	Safari / tour operator	True	True						0	0		
master	O4a753aaa1f00	Local Moshi adventures Limited	Safari / tour operator	True	True						2	0		
master	Oe254463e095e	Luitours and Safaris	Safari / tour operator	True	True						0	0		
master	Oa4e786a347f4	Makasa Tanzania Safaris Ltd	Safari / tour operator	True	True						0	0		
master	Oa70069647745	Mauly Tours Safaris	Safari / tour operator	True	True						0	0		
master	Ob0802414d398	Mega Adventures travel	Safari / tour operator	True	True						0	0		
master	Oc2da1647a7e3	Miles To Smile Company Ltd	Safari / tour operator	True	True						2	0		
master	Oaf6f2b1c12a5	Msafiri Tanzania	Safari / tour operator	True	True						0	0		
master	O2dc0a16e551c	Pamoja Kilimanjaro & Safaris	Safari / tour operator	True	True						1	0		
master	Odef784f19a91	Popote Africa Adventures	Safari / tour operator	True	True	https://popoteafrica.com	info@popoteafrica.com (role) | booking@popoteafrica.com (role) | sabi@popoteafrica.com (general)	+255785190784 (mobile) | +255757190784 (mobile) | +255626103539 (mobile)	P.O. Box 1199, Moshi, Tanzania		0	0	search	
master	O65efab68742b	Shah Tours Travels Ltd	Safari / tour operator	True	True						1	0		
master	Oa2e1169bfe5f	Shiri Adventures and Safaris	Safari / tour operator	True	True						4	0		
master	O85ab7c9f2593	Summit Expeditions Nomadic Experience	Safari / tour operator	True	True						1	0		
master	Of48b626f2238	Tamega Adventure & Safaris Ltd	Safari / tour operator	True	True						0	0		
master	O6bb418d35f59	Taste of Kilimanjaro Adventures (T) Limited	Safari / tour operator	True	True						0	0		
master	O1d655fdb4c15	West Wild Limited	Safari / tour operator	True	True						0	0		
master	Ofee780089f90	ZAFS Tours	Safari / tour operator	True	True						1	0		
master	O398709675eda	Zara Tanzania Adventures	Safari / tour operator	True	True						1	0		
master	O17bd2f803731	Kessy Brothers	Safari / tour operator	True	True						0	0		
master	Odb7e9aa1b559	Enosa Expedition	Safari / tour operator	True	True						0	0		
master	Ode3e3ade9452	Kili Star Tours	Safari / tour operator	False	False						0	0		
master	O9d33b176c017	Tanzania Hugos Safaris	Safari / tour operator	True	True						2	0		
master	O93751be22b05	Roving Africa Safaris	Safari / tour operator	True	True						0	0		
master	O0fe6190afc0f	A Tent With A View Safaris	Safari / tour operator	True	True						0	0		
master	Od7226547af1b	Aaa Express Adventure Ltd	Safari / tour operator	True	True						0	0		
master	O6a0e76e08107	Acatree Tours and Safaris	Safari / tour operator	True	True						0	0		
master	Oe82a56d590a2	Afric'Aventure	Safari / tour operator	True	True						1	0		
master	O4aabd38757d1	African Horizons Ltd	Safari / tour operator	True	True						1	0		
master	Od5309fffd3e6	Amazing Tanzania Ltd	Safari / tour operator	True	True	https://www.amazingtanzania.com	info@amazingtanzania.com (role) | reservations@amazingtanzania.com (role)	+255784326868 (mobile) | +255784758627 (mobile)	P.O. Box 2 Karatu, Tanzania	facebook: https://web.facebook.com/amazingtanzanialtd/ | instagram: https://www.instagram.com/amazingtanzania/ | twitter: https://twitter.com/amazingtanzania	0	2	search	
master	O2e37e92b63c3	Bongoplan	Safari / tour operator	True	True						0	0		
master	O39807e8fb1e2	Car Light Tours And Safari Limited.	Safari / tour operator	True	True						2	0		
master	O97435d652dd5	Carnivores Safaris	Safari / tour operator	True	True						3	0		
master	Oeb97240d334e	Delaware Luxury Safari Limited	Safari / tour operator	True	True						0	0		
master	O7005bdcebdc4	Discover Tanzania Safaris Ltd	Safari / tour operator	True	True						0	0		
master	O209edee4a058	Dismass Kilimanjaro Experience Ltd	Safari / tour operator	True	True						1	0		
master	Ob8b3515ff9b3	Dolphin Tours & Safaris Ltd	Safari / tour operator	True	True						0	0		
master	Oeb477c665083	East African Voyage	Safari / tour operator	True	True						1	0		
master	Of2d804db7393	Endelea	Safari / tour operator	True	True						1	0		
master	O0320a82cdbde	Fantacy Adventures Limited	Safari / tour operator	True	True						0	0		
master	Occdc7da4028c	Fortes Africa Ltd	Safari / tour operator	True	True	https://fortes-africa.com	fortes@fortes-africa.com (general) | carhire@fortes-africa.com (general)	+255784520550 (mobile)	P.O Box 106, Mwanza, Tanzania		0	0	search	
master	O37fd651292b2	Gilmag Safaris	Safari / tour operator	True	True						0	0		
master	Ob19bd11caf1f	Gosheni Safaris Limited	Safari / tour operator	True	True						1	0		
master	Ocae3a59f0167	H & A Holidays ltd	Safari / tour operator	True	True						3	0		
master	O9e587abaac1f	Hola Africa Ltd	Safari / tour operator	True	True						1	0		
master	Oed72b2d44597	Horn & Horizon Safaris	Safari / tour operator	True	True	https://hornandhorizonsafaris.com	info@hornandhorizonsafaris.com (role)	+255766261648 (mobile) | +255714524007 (mobile)	Arusha, Tanzania		0	0	search	
master	Ob68c00aacb6d	Ibhanilfa Safaris & Tours Limited	Safari / tour operator	True	True						0	0		
master	O8bf9ec458318	Imara Kilele Safaris	Safari / tour operator	True	True						0	0		
master	Of7fe6b9dcaa4	Karis Expeditions Ltd	Safari / tour operator	True	True						0	0		
master	O8fb1a16f8b3b	Kearsleys Travel Tours	Safari / tour operator	True	True						0	0		
master	Of0ea38777fff	Kiboko Safaris	Safari / tour operator	True	True						1	0		
master	O39f65578b746	Kibowhy Safaris Ltd	Safari / tour operator	True	True	https://kibowhysafaris.co.tz	info@kibowhysafaris.co.tz (role)	+255763201265 (mobile)			0	2	search	
master	O97b32cbdcabe	Legacy Destinations & DMC	Safari / tour operator	True	True						1	0		
master	O9790b08e6804	Legendary Expeditions	Safari / tour operator	True	True						0	0		
master	O1d4bb8d0f2ef	Lusungulwamtwa Safaris	Safari / tour operator	True	True						1	0		
master	Of1777021666c	Macho Halisi Limited	Safari / tour operator	True	True	https://machohalisi.com	info@machohalisi.com (role)	+255789718505 (mobile) | +255754474792 (mobile)	P.O.BOX 60 Karatu	facebook: https://www.facebook.com/MACHOHALISITOUR/	0	1	search	
master	O7e37a997213a	MAGS Travel and Tours Agency Limited	Safari / tour operator	True	True						0	0		
master	Oeaa101729a06	Masumin Tours and Safaris	Safari / tour operator	True	True						0	0		
master	O522d7bded4ab	Mbali Mbali Lodges and Camps Limited	Safari / tour operator	True	True						0	0		
master	Oc62ca6c7a1c3	Memorable Sunrise To Sunset Safaris Limited	Safari / tour operator	True	True	https://memorablesafari.com	info@memorablesafari.com (role)	+255689767768 (mobile)			0	0	search	
master	Oe944d524f45f	Mount Kilimanjaro Safari Club	Safari / tour operator	True	True						0	0		
master	O7571581eaaf1	Mount Royal Safaris	Safari / tour operator	True	True						0	0		
master	Ob17df3363f76	Namiri Tours And Safaris Limited	Safari / tour operator	True	True						2	0		
master	O5d0e339d06fe	Napenda Adventures Ltd	Safari / tour operator	True	True						0	0		
master	Obbf678227d16	Nature’s Land Safaris & Rentals Limited	Safari / tour operator	True	True						5	0		
master	O0bdd5652cc98	Nuru Tours And Safaris	Safari / tour operator	True	True						0	0		
master	O63d5bc9994f6	Old Explorer Limited	Safari / tour operator	True	True						5	0		
master	O63a1533c0a94	Pooja Travel Tour	Safari / tour operator	True	True						0	0		
master	Ob5939181e661	Portfolio Kibo Slopes T Ltd	Safari / tour operator	True	True						3	0		
master	O6a9dd52553bd	Precious Moments Safaris	Safari / tour operator	True	True						0	0		
master	O94eabec4856b	Pristine Trails Adventures Safaris Co Ltd	Safari / tour operator	True	True						2	0		
master	O37dd1764d8d7	Ra Expeditions	Safari / tour operator	True	True						1	0		
master	Of9640694b325	Rafiki Tembo Tours & Safaris	Safari / tour operator	True	True						0	0		
master	O39e834aea316	Rioba Safaris	Safari / tour operator	True	True						1	0		
master	Od6d33efe4e92	Robin Hurt Safaris	Safari / tour operator	True	True						3	0		
master	Of4377426e011	Sabrahm Safaris	Safari / tour operator	True	True						1	0		
master	O65668590aa33	Safari Avventura T Ltd	Safari / tour operator	True	True						3	0		
master	O08374fabbae9	Safari Bike Africa	Safari / tour operator	True	True						0	0		
master	O19f15b52b37e	Safari Jens/Kitulano Investment Ltd	Safari / tour operator	True	True						0	0		
master	Oadcfda7b6b25	Sali Safaris	Safari / tour operator	True	True						0	0		
master	O4ecaa464f85b	Shades of Africa Ltd	Safari / tour operator	True	True						0	0		
master	O1edc1f6f3c5c	Shayona Safaris & Tours	Safari / tour operator	True	True						0	0		
master	O2fb828fa174e	Shemeji Safari	Safari / tour operator	True	True						0	0		
master	O1eaa9e8e00e1	Skylink Travel Ltd	Safari / tour operator	True	True						1	0		
master	O7bd668f3b262	Stan Tours & Safaris	Safari / tour operator	True	True						0	0		
master	O454a7ad94b78	Still Waters Safaris	Safari / tour operator	True	True						2	0		
master	O4f8d65845335	Summits Africa	Safari / tour operator	True	True						1	0		
master	O3c593c42066e	Takims Holidays Tours Safaris Ltd	Safari / tour operator	True	True						0	0		
master	Od106a5f4be93	Tanzania Roadside Expeditions	Safari / tour operator	True	True						3	0		
master	O25bf942dad6e	Tazama Africa Safari	Safari / tour operator	True	True						0	0		
master	O73505d5bea54	The African Footprint Co Ltd Bush 2 Beach	Safari / tour operator	True	True	https://www.bush2beach.com	sales@bush2beach.com (role) | info@bush2beach.com (role)	+255754096006 (mobile) | +255272503700 (office)	P.O. Box 11914, Arusha	instagram: https://www.instagram.com/bush2beachsafaris/ | facebook: https://www.facebook.com/bush2beach | twitter: https://twitter.com/bush2beach | linkedin: https://www.linkedin.com/company/bush2beach-safaris/about/	0	0	search	
master	O9b487f8905cf	The First Lady Tour Safari	Safari / tour operator	True	True						0	0		
master	O94fad37206d0	The Rickshaw Travels Ltd	Safari / tour operator	True	True						0	0		
master	O2c9888fde299	Thomson Safaris Ltd	Safari / tour operator	True	True						13	0		
master	Oc6a2b0f1379a	Tracks Of Africa Safari Adventure	Safari / tour operator	True	True	https://www.tracksofafrica.net	office@tracksofafrica.net (role)	+255766347731 (mobile) | +393356043024 (international)			0	0	search	
master	O2c5d3d22a0a1	Udare Safari	Safari / tour operator	True	True						0	0		
master	Oef977c0e06d7	Urth Expedition Limited	Safari / tour operator	True	True						1	0		
master	Oaaa0ac79cc65	Utopia Safaris Ltd	Safari / tour operator	True	True						1	0		
master	O82e49c5c029f	Vimat Safaris Ltd	Safari / tour operator	True	True						1	0		
master	Oefd499bca136	Wilderness Collection	Safari / tour operator	True	True						0	0		
master	O232680fd9f97	Wilderness Experience Tanzania Limited	Safari / tour operator	True	True						0	0		
master	O35477190112b	Williamson Adventures Limited	Safari / tour operator	True	True						4	0		
master	Oafde97df57fe	Wonders Of Creation Tours And Safaris Co Ltd	Safari / tour operator	True	True						1	0		
master	O58a6835ae86b	Hai Rural Teachers SACCOS Ltd	Savings group	False	False						0	0		
master	Oddaaaf313716	Hai Teachers SACCOS Ltd	Savings group	False	False						0	0		
master	Ocf7858a35136	Jitegemee SACCOS Ltd	Savings group	False	False						0	0		
master	Od2177efeb7b8	Kia SACCOS Ltd	Savings group	False	False						0	0		
master	O4f302718065e	Losaa-Kia Water Supply Staffs SACCOS Ltd	Savings group	False	False						0	0		
master	O5fbdce1efee2	Tai SACCOS Ltd	Savings group	False	False						0	0		
master	Oc0d5b4d0bfd2	Fides Staff SACCOS Ltd	Savings group	False	False						0	0		
master	O30910abec097	Kikatiti SACCOS Ltd	Savings group	False	False						0	0		
master	O5fb81851fb2d	Makiba SACCOS Ltd	Savings group	False	False						0	0		
master	Oe5c9def86f0b	Maleu SACCOS Ltd	Savings group	False	False						0	0		
master	Oc9a6a40272e7	Maroroni Ukombozi Rural SACCOS Ltd	Savings group	False	False						0	0		
master	Obf2b51518b90	Ngarenanyuki Farmers SACCOS Ltd	Savings group	False	False						0	0		
master	Oa6809b27b750	Shiwara SACCOS Ltd	Savings group	False	False						0	0		
master	O6d6b8c73e7a3	Uoa Amani SACCOS Ltd	Savings group	False	False						0	0		
master	Od4efe0603ae9	Kimandolu Lutheran Group SACCOS Ltd	Savings group	False	False						0	0		
master	O283ed5fda808	St. John Njiro SACCOS Ltd	Savings group	False	False						0	0		
master	O12a0f0f4b915	Aaidro SACCOS Ltd	Savings group	False	False						0	0		
master	Odf199561a757	Abagamba Kamoi SACCOS Ltd	Savings group	False	False						0	0		
master	Oc6f42fbf95ba	Acu Staff SACCOS Ltd	Savings group	False	False						0	0		
master	Oa57c574234fc	Aruma SACCOS Ltd	Savings group	False	False						0	0		
master	Oec6d74557916	Arusha City Staff SACCOS Ltd	Savings group	False	False						0	0		
master	O84a76df69192	Arusha Club SACCOS Ltd	Savings group	False	False						0	0		
master	O160a3e55089e	Arusha Cuttings SACCOS Ltd	Savings group	False	False						0	0		
master	O0935e4315f3c	Arusha Kurugenzi SACCOS Ltd	Savings group	False	False						0	0		
master	Oc91e295e4286	Arusha Lmc Staff SACCOS Ltd	Savings group	False	False						0	0		
master	O00500941573b	Arusha Soko Kuu SACCOS Ltd	Savings group	False	False						0	0		
master	O383db72622fe	Arusha Tau SACCOS Ltd	Savings group	False	False						0	0		
master	Of9acc899e2dc	Arusha Tbl SACCOS Ltd	Savings group	False	False						0	0		
master	Obcb6b309200a	Arusha Teachers SACCOS Ltd	Savings group	False	False						0	0		
master	Oace73f9dbe85	Arusha Technical College Staff SACCOS Ltd	Savings group	False	False						1	0		
master	O2021e91e5293	Arusha Urban Water Supply And Sewerage Authority SACCOS Ltd	Savings group	False	False						0	0		
master	O1d1f653f5f9f	Arusha Women In Business SACCOS Ltd	Savings group	False	False						0	0		
master	O63c5aaf0bac2	Asilia Lodges SACCOS Ltd	Savings group	False	False						0	0		
master	O2c54c5f784fd	Balimi SACCOS Ltd	Savings group	False	False						0	0		
master	Of17c1b80d481	Banana SACCOS Ltd	Savings group	False	False						0	0		
master	Oa479ddd15415	Braeburn Staff SACCOS Ltd	Savings group	False	False						0	0		
master	O90c2f826d1a7	Camartec SACCOS Ltd	Savings group	False	False						0	0		
master	O84a30ebf7771	Divine Staff SACCOS Ltd	Savings group	False	False						0	0		
master	O194e73b8465d	Elct Headquarter Staff SACCOS Ltd	Savings group	False	False						0	0		
master	O885dd9e92675	Endelevu SACCOS Ltd	Savings group	False	False						0	0		
master	Oc0c0a1905fea	Enyoito SACCOS Ltd	Savings group	False	False						0	0		
master	O2900f3ad50f9	Enza SACCOS Ltd	Savings group	False	False						0	0		
master	Ofc6d7b09dfbb	Friedkin Workers SACCOS Ltd	Savings group	False	False						0	0		
master	Oa89b21715003	Friends Corner SACCOS Ltd	Savings group	False	False						0	0		
master	O4066295fecce	Hifadhi SACCOS Ltd	Savings group	False	False						0	0		
master	O5edb0752fb72	Iaa SACCOS Ltd	Savings group	False	False						0	0		
master	O627c5ad2929a	Jam Maono SACCOS Ltd	Savings group	False	False						0	0		
master	Od16eb9ca8e63	Kanono SACCOS Ltd	Savings group	False	False						0	0		
master	Oe96f8853938a	Kk Security Staff SACCOS Ltd	Savings group	False	False						0	0		
master	O4db5a1f178db	Kusure SACCOS Ltd	Savings group	False	False						0	0		
master	Oa2d382342d72	Mount Meru Hotels SACCOS Ltd	Savings group	False	False						0	0		
master	Od4ba997ad44f	Mviwaengu SACCOS Ltd	Savings group	False	False						0	0		
master	O9188b5db79ca	Mwangaza Women SACCOS Ltd	Savings group	False	False						0	0		
master	O1062664a2cb6	Nanenane Women SACCOS Ltd	Savings group	False	False						0	0		
master	O72eaeb854ba9	Narok Friends SACCOS Ltd	Savings group	False	False						0	0		
master	O3219ba6eccbb	Navida SACCOS Ltd	Savings group	False	False						0	0		
master	Oec85ae8a86f7	New Vision (2015) SACCOS Ltd	Savings group	False	False						0	0		
master	O10db4bc6c063	Petu SACCOS Ltd	Savings group	False	False						0	0		
master	O49e6e889e633	Rijkzwaan SACCOS Ltd	Savings group	False	False						0	0		
master	O653a84163a0a	Senapa SACCOS Ltd	Savings group	False	False						0	0		
master	O648ed0f95ea6	Shalom SACCOS Ltd	Savings group	False	False						0	0		
master	O616386e66a23	Sunflag Employee SACCOS Ltd	Savings group	False	False						0	0		
master	O822e8c2fe98d	Taha SACCOS Ltd	Savings group	False	False						0	0		
master	Oac28f8f26209	Tanzania Tour Guides SACCOS Ltd	Savings group	False	False						0	0		
master	Oeb451573dc20	Tarangire Workers SACCOS Ltd	Savings group	False	False						0	0		
master	O85b4d184a954	Tawiri SACCOS Ltd	Savings group	False	False						0	0		
master	Odb1db61c821c	Tccia Arusha SACCOS Ltd	Savings group	False	False						1	0		
master	O243aec93f202	Umahaka SACCOS Ltd	Savings group	False	False						0	0		
master	O83191714e7cd	Umatama SACCOS Ltd	Savings group	False	False						0	0		
master	O821d9352d97e	Utalii SACCOS Ltd	Savings group	False	False						0	0		
master	O4acbfa9f9875	Uwapa SACCOS Ltd	Savings group	False	False						0	0		
master	Oe9b9c60e751e	Veta Oljoro Staff SACCOS Ltd	Savings group	False	False						0	0		
master	O4c4bab30adea	Warrior Security Staff SACCOS Ltd	Savings group	False	False						0	0		
master	O39e2b7e11d84	Burka Staff SACCOS Ltd	Savings group	False	False						0	0		
master	Oa2f9cec1781a	Baraa SACCOS Ltd	Savings group	False	False						0	0		
master	Of694b13a2cd6	Mbomapo Maweni SACCOS Ltd	Savings group	False	False						0	0		
master	Oe3989d6c6f7d	Ivaeny SACCOS Ltd	Savings group	False	False						0	0		
master	Ob7e0223ed267	Karansi SACCOS Ltd	Savings group	False	False						0	0		
master	O7a750cb35d8c	Kibong'Oto Hospital Workers SACCOS Ltd	Savings group	False	False						0	0		
master	O61b426c8ffc1	Ohiny-Manio Elct Nd SACCOS Ltd	Savings group	False	False						0	0		
master	O0e94c12c8580	Kkkt Usharika Karanga SACCOS Ltd	Savings group	False	False						0	0		
master	O261440687a1b	Umbwe Ndoo SACCOS Ltd	Savings group	False	False						0	0		
master	O16584f3cfa58	Kkikalora Saccos	Savings group	False	False						0	0		
master	O11cb4af5b33a	Amani SACCOS Ltd	Savings group	False	False						0	0		
master	Oc9fa9a8070ee	Bonite Bottlers SACCOS Ltd	Savings group	False	False						0	0		
master	Of1ac841209ca	Elct Northern Diocese SACCOS Ltd	Savings group	False	False						0	0		
master	Oe70afc5f8efe	Foo SACCOS Ltd	Savings group	False	False						0	0		
master	O0fe7d3c21616	International School Workers SACCOS Ltd	Savings group	False	False						0	0		
master	Off1af10db45c	Kalali SACCOS Ltd	Savings group	False	False						0	0		
master	Oeff6f4bad247	Kcmc SACCOS Ltd	Savings group	False	False						0	0		
master	O02805ad7d9e7	Kcmuco SACCOS Ltd	Savings group	False	False						0	0		
master	O721252b8b18c	Kikalora SACCOS Ltd	Savings group	False	False						0	0		
master	O375dd70714c4	Lemira SACCOS Ltd	Savings group	False	False						0	0		
master	O22e09192fb7c	Lowasi SACCOS Ltd	Savings group	False	False						0	0		
master	Oc8fc26167626	Lowiri SACCOS Ltd	Savings group	False	False						0	0		
master	Oa05c13422b5f	Manambeni SACCOS Ltd	Savings group	False	False						0	0		
master	Oa69c202bf383	Mfamasia Arms SACCOS Ltd	Savings group	False	False						0	0		
master	O629fc79a78d0	Moshi Municipal Teachers SACCOS Ltd	Savings group	False	False						0	0		
master	O14dab31122b1	Moshi Rural Teachers SACCOS Ltd	Savings group	False	False						0	0		
master	Ob51605688790	Mudio SACCOS Ltd	Savings group	False	False						0	0		
master	Oa7025a500a54	Ng'Ambo SACCOS Ltd	Savings group	False	False						0	0		
master	Ob0a4dc05e697	Nuru Ya Maendeleo SACCOS Ltd	Savings group	False	False						0	0		
master	Oc9e30e54fee7	Ras Kilimanjaro SACCOS Ltd	Savings group	False	False						0	0		
master	O427890701da3	Tpc SACCOS Ltd	Savings group	False	False						0	0		
master	Oade6f21e22a0	Tujikomboe SACCOS Ltd	Savings group	False	False						0	0		
master	Oe908e572cdd0	Umoja (2006) SACCOS Ltd	Savings group	False	False						0	0		
master	Of33c1776abe4	Vijana Manispaa Moshi SACCOS Ltd	Savings group	False	False						0	0		
master	Of7d8ca101a92	Wari SACCOS Ltd	Savings group	False	False						0	0		
master	O57999b87967c	Wazalendo SACCOS Ltd	Savings group	False	False						0	0		
master	Ocdcea4c56fe9	Mweka College SACCOS Ltd	Savings group	False	False						0	0		
master	Oe4e3503e0edf	Uru Mashariki SACCOS Ltd	Savings group	False	False						0	0		
master	Ob02ec05ee075	Tcp Saccos Ltp Milling Machine	Savings group	True	True						0	0		
master	O1ae2225bcf25	Mwangaza Kahe Mashariki SACCOS Ltd	Savings group	False	False						0	0		
master	Oe1298b92f31d	Mamba SACCOS Ltd	Savings group	False	False						0	0		
master	O8ebe60b38901	Marangu East SACCOS Ltd	Savings group	False	False						0	0		
master	O586e03151c89	Marangu Secondary SACCOS Ltd	Savings group	False	False						0	0		
master	O666d0fcd2fce	Tumaini SACCOS Ltd	Savings group	False	False						0	0		
master	O7f9e52ba429c	Exim bank	amenity:bank	True	True						0	0		
master	O242dacfc976a	Ilboru Safari Lodge	tourism:hotel	True	True						0	0		
master	O3510813ecac5	Usa RC Health Centre	amenity:hospital	False	False						0	0		
master	O88dea9320e0a	Wild Mind Travel Company	office:company	True	True						0	0		
master	Obe32eb6b6c96	Citylink Hotel	tourism:hotel	True	True						0	0		
master	O82ec48381ac1	Saruni River Lodge	tourism:hotel	False	False						0	0		
master	O51b8fd360c52	Makeseni Lodge	tourism:hotel	False	False						0	0		
master	Od163c1663ff5	Tanzanite City Park Lodge	tourism:hotel	False	False						0	0		
master	Obf2f0abb3e36	Gran Melia Arusha	tourism:hotel	True	True						1	0		
master	O75c453c1d1cb	AAR Clinic	amenity:hospital	True	True						0	0		
master	O5a7b0d20608f	Mt. Meru Game Lodge	tourism:hotel	True	True						0	0		
master	O9eb2850bec8a	Mango Bed & Breakfast	tourism:hotel	False	False						0	0		
master	O4724e35fbc8d	Maji Water & Irrigation Authority	office:government	True	True						0	0		
master	O9a7ec2dc8754	CRDB Bank	amenity:bank	True	True						0	0		
master	O9f2799d7c0f3	Njake Oil	office:government	False	False						0	0		
master	Oac4e9b66f049	NMB Bank	amenity:bank	True	True						1	0		
master	O0226a6289ee8	Rivertrees Country Inn	tourism:hotel	True	True						0	0		
master	Oc9e31c053866	Club Afriko	tourism:hotel	True	True						0	0		
master	Ob22b699ef52d	SNV (Netherlands Development Organisation)	office:ngo	True	True						2	0		
master	Of87990c8a442	Mzunguu's hotel, bar & restaurant	tourism:hotel	False	False						0	0		
master	O60c316201baf	Moon Shine Hotel	tourism:hotel	False	False						0	0		
master	O2a2360cafea1	La Bella Luna Hotel	tourism:hotel	True	True						0	0		
master	O3ee951cbb2a4	L'Oasis	tourism:hotel	False	False						0	0		
master	O2e370dea98b6	Karama Lodge & Spa	tourism:hotel	True	True						0	0		
master	O41df7a502182	Bay Leaf	tourism:hotel	False	False						0	0		
master	O9defcabdda53	Tulia Retreat Hotel	tourism:hotel	True	True						0	0		
master	O1363a9961834	Le Jacaranda	tourism:hotel	True	True						0	0		
master	Oab21dd48bcbc	The Charity Hotel	tourism:hotel	True	True						0	0		
master	O3b30310b0a95	Leopard Tours Ltd.	office:company	True	True						0	0		
master	O0edd2bb4305a	Impala Hotel Arusha	tourism:hotel	False	False						0	0		
master	Of49c12231d0a	Oikos East Africa	office:ngo	True	True						0	0		
master	O20d835876c84	Lush Garden Business Hotel	tourism:hotel	True	True						0	0		
master	Of5e66dc38d68	Kijenge RC Dispensary	amenity:hospital	False	False						0	0		
master	O4e451c44259b	Avinta Care Specialized Polyclinic	amenity:hospital	True	True						0	0		
master	Oe37196954c30	Greenside Hotel Arusha	tourism:hotel	True	True						0	0		
master	O3cc5df2905a6	Serengeti Villa	tourism:hotel	False	False						0	0		
master	Oc1e369aa62d6	Tanzanian Postal Bank	amenity:bank	True	True						24	0		
master	O0849ec1f9550	FBME Arusha	amenity:bank	False	False						0	0		
master	Oa8eb1c2d9130	New Way Hotel	tourism:hotel	True	True						0	0		
master	O91004b2af4d9	AICC Hospital	amenity:hospital	True	True						12	0		
master	Oecb07ede1efe	The East African Hotel All Suites	tourism:hotel	True	True						0	0		
master	Ob603bd16d45d	Green Mountain Hotel	tourism:hotel	True	True						0	0		
master	Od107252e8243	Gemsa Specialized Polyclinic	amenity:hospital	False	False						0	0		
master	O16adfc69e97a	Health 4 All	amenity:hospital	True	True						0	0		
master	Oa57249268450	African Tulip	tourism:hotel	True	True						0	0		
master	O61e22704f8bf	Gold Crest Hotel	tourism:hotel	True	True						0	0		
master	O592537caad8f	Barclays	amenity:bank	True	True						0	0		
master	O7e93a4bd03d6	Lush Garden Hotel	tourism:hotel	True	True						1	0		
master	O698b9f0120ae	Freedom Lodge	tourism:hotel	False	False						0	0		
master	Of4c1e3b5241c	Ahadi Lodge	tourism:hotel	False	False						0	0		
master	O615ce17408df	Mazda	office:company	False	False						0	0		
master	Oe83cbb156453	Osim Bnb	tourism:hotel	True	True						0	0		
master	Oe0295a286346	Kibo Palace Hotel	tourism:hotel	True	True						2	0		
master	Oe196c1ab5f30	Mazingira Technologies Ltd.	office:company	True	True						0	0		
master	Oebc39fbc00a7	Saleka Guest House	tourism:hotel	False	False						0	0		
master	O00168bd8da71	Usa-River Rehabilitation Centre	office:educational_institution	True	True						1	0		
master	Of524b9360eb7	Oloirien Community Dispensary	amenity:hospital	False	False						0	0		
master	O16ea10d1a790	East African Community	office:government	False	False						0	0		
master	O74359c8a5fb1	Naura Springs Hotel	tourism:hotel	False	False						0	0		
master	Of08ba5065bfd	Green leaf lodge	tourism:hotel	False	False						0	0		
master	Ofc9b426cb0b9	Ecobank	amenity:bank	True	True						1	0		
master	O0a67f86e5346	Old Arusha Health Center	amenity:hospital	True	True						0	0		
master	O146927d00511	SainCraft Technologies	office:it	True	True						3	0		
master	O6be0bd0c9352	Arusha Technical College	amenity:college	True	True						11	0		
master	O859b201bf366	Tanzania Conservation Resource Centre	office:ngo	True	True						0	0		
master	Od4203866e06b	NSSF	office:government	False	False						0	0		
master	Od9b9fad15a9c	Kituo cha Polisi Baraa	office:government	False	False						0	0		
master	Oc8e6cd303e73	Esri Eastern Africa	office:it	False	False						0	0		
master	Oc1fde769168e	Tropical Trails	office:company	True	True						0	0		
master	O0c034b73a3e2	Superdoll	office:company	True	True						0	0		
master	O1d5afbdb490e	Mwanama Village Office	office:government	False	False						0	0		
master	O6d9b7e357294	R&D Polyclinic	amenity:hospital	True	True						0	0		
master	Oa6d72b591137	Nature Tree Lodge	tourism:hotel	False	False						0	0		
master	O7b642900be9a	Lutheran Center	office:government	False	False						0	0		
master	Oa10863ef348c	New Safari Hotel	tourism:hotel	True	True						1	0		
master	Odf163a97345d	Palace Hotel	tourism:hotel	True	True						1	0		
master	Ob56be4d44933	Silver Palm	tourism:hotel	True	True						1	0		
master	O797e1cf1832d	Immigration office	office:government	False	False						0	0		
master	O32e0778689cf	VisionFund Tz MF Bank (HQ)	amenity:bank	True	True						21	0		
master	O848e641a1a5b	Ngorongoro Information Center	office:government	False	False						0	0		
master	O1da766e4b878	Commercial Bank of Africa	amenity:bank	False	False						0	0		
master	O29fb108f708a	Ngorongoro Conservation Area Authority (NCAA)	office:government	False	False						0	0		
master	O365f39095d9b	Azania Bank	amenity:bank	True	True						11	0		
master	Ob4b69891baaf	Senator Hotel	tourism:hotel	True	True						1	0		
master	O216c53fa91a0	Mount Meru Regional Hospital	amenity:hospital	True	True						1	0		
master	Oe7bb73cd7c38	Arusha District Commissioner's Office	office:government	False	False						0	0		
master	Oa38944eaef1d	ARUSHA HOTEL	tourism:hotel	True	True						1	0		
master	O832ea79cba4b	St. Elizabeth Hospital	amenity:hospital	True	True						0	0		
master	Od9c68464beee	Graceland Hotel	tourism:hotel	True	True						1	0		
master	Of4a11059eba2	Naaz Hotel & Restaurant	tourism:hotel	True	True						0	0		
master	Of7cdc2fbf4d6	Snow Crest Hotel	tourism:hotel	False	False						0	0		
master	O93c8c9fb672c	Tigo Store	office:telecommunication	True	True						1	0		
master	O8b531d7b107c	Isamilo Express booking office	office:company	True	True						0	0		
master	Odaf2beeadcd4	Adventist Development Agency	office:ngo	True	True						1	0		
master	O8ccbed8c56eb	Stereo Hotel	tourism:hotel	True	True						1	0		
master	Oe724c258de33	KCB Bank	amenity:bank	True	True						0	0		
master	Od109d0513fc6	Arusha Lutheran Medical Centre	amenity:hospital	True	True						1	0		
master	O9ed129efb433	AM Hotel	tourism:hotel	False	False						0	0		
master	Ofbbd04b8c562	Briston Hotel	tourism:hotel	True	True						0	0		
master	O89e493fce1f5	Sttlers executive Inn	tourism:hotel	False	False						0	0		
master	O7a1d0ab89a11	St. Augustine University of Tanzania - Arusha Campus	amenity:university	True	True						1	0		
master	O69933140f1a8	Dik Dik Hotel	tourism:hotel	True	True						0	0		
master	O808641c7f4dd	MS Training Centre for Development Cooperation	office:educational_institution	True	True						10	0		
master	Of5b0515ce078	Tanesco Regional Office	office:government	False	False						0	0		
master	O0cb8e38050a0	New Annex Hotel	tourism:hotel	False	False						0	0		
master	O94f7a48ede44	Cradle of Love Children's Home	office:ngo	False	False						0	0		
master	O4c8db1a3c7f6	Henkel	office:company	True	True						0	0		
master	O4d705fcd06c8	Boma Masai Garden	tourism:hotel	False	False						0	0		
master	O2d14bb8409eb	VODACOM SERVICE CENTER	office:telecommunication	True	True						0	0		
master	O42de0980eaca	GMV Lodge	tourism:hotel	False	False						0	0		
master	Oe38973bfd0d7	TRA (Tanzania Revenue Authority)	office:government	False	False						0	0		
master	O9276558ef013	Premier Palace Hotel	tourism:hotel	True	True						1	0		
master	O6838c213af49	Tanzania National Parks Authority (TANAPA)	office:government	False	False						0	0		
master	O6d705d505610	National Bank of Commerce (NBC)	amenity:bank	True	True						0	0		
master	Odd45eb7e6e63	Jevas Hotel	tourism:hotel	False	False						0	0		
master	Od183b2244b42	Davos Hotel	tourism:hotel	False	False						0	0		
master	Oa5d3469df7c8	Arumeru River Lodge	tourism:hotel	True	True						0	0		
master	Od6dcfef75b5d	Venice Hotel	tourism:hotel	True	True						0	0		
master	Ob99ddf7b0906	Tengeru Institute of Community Development	amenity:college	True	True						0	0		
master	O85460ecd5afe	Kaloleni Hospital	amenity:hospital	True	True						0	0		
master	O4952287a11ab	Arusha Crown Hotel	tourism:hotel	True	True						0	0		
master	Oddaba6dd4ee1	7 11 Hotel	tourism:hotel	False	False						0	0		
master	O7ba98a74f04e	Levolosi Health Centre	amenity:hospital	True	True						0	0		
master	Oc03f6e0d7dc1	Arusha Centre Tourist Inn	tourism:hotel	True	True						0	0		
master	O51f72d538488	Exim Bank (T) Ltd	amenity:bank	True	True						0	0		
master	O0474fed72779	Tanganyika Farmers Association	office:ngo	True	True						9	0		
master	O6873cdd7071d	National Housing Association	office:government	False	False						0	0		
master	O911659e30dbc	KCB	amenity:bank	True	True						5	0		
master	Oc4ac41312efa	Natron Palace Hotel	tourism:hotel	True	True						0	0		
master	O4f3c31b53349	The Aga Khan University Hospital	amenity:hospital	False	False						0	0		
master	O4370f34259c8	Rich Hotel	tourism:hotel	False	False						0	0		
master	O2a5c21699ae2	White House	tourism:hotel	False	False						0	0		
master	Oa5791dd7a4e4	Amana Bank	amenity:bank	True	True						1	0		
master	Offe906bf8fc8	Akiba Commercial Bank	amenity:bank	True	True						0	0		
master	O48ae5516d641	Temesa	office:government	False	False						0	0		
master	O365fe3e30598	AUWASA	office:government	False	False						0	0		
master	O78fc30589672	Tanzania Wildlife Management Authority	office:government	False	False						0	0		
master	Od25008691ad8	Aquiline Hotel	tourism:hotel	False	False						0	0		
master	Odadd47c95eee	Diamond Trust Bank	amenity:bank	True	True						21	0		
master	Oc364d0f1857a	Ithna-asheri Hospital	amenity:hospital	True	True						0	0		
master	O82b9889f302c	Ngare Sero Mountain Retreat	tourism:hotel	True	True						1	0		
master	O470bdc4ed31f	Meru House Inn	tourism:hotel	True	True						0	0		
master	Odbecbb3f6ea6	Arusha Tourist Inn	tourism:hotel	True	True						0	0		
master	Ob855e05e5898	Davis & Shirtliff	office:company	True	True						18	0		
master	O623ed17e3652	B-More Comfort Stay	tourism:hotel	True	True						0	0		
master	Obd04b9954e18	NMB Arusha Market	office:financial	True	True						0	0		
master	O350fcc0f98af	Shree Hindu Hospital	amenity:hospital	True	True						0	0		
master	Oc7ac3c76683e	Tanta Dental Clinic	amenity:hospital	False	False						0	0		
master	O02bc489ccb0c	TANZANIA POSTAL BANK	amenity:bank	True	True						0	0		
master	O686c4ff4cfaf	Hotel Pallsons	tourism:hotel	False	False						0	0		
master	O2b985f4f7285	Arusha Backpackers	tourism:hotel	True	True						0	0		
master	O581f9609b2cc	Tanzania Commercial Bank	amenity:bank	True	True						0	0		
master	Odfa7a32c7174	Arusha Meru International School	office:educational_institution	True	True						2	0		
master	Occecf08e5aca	Equity Bank	amenity:bank	True	True						6	0		
master	Of817d2d81534	Arusha Coffee Lodge (Elewana)	tourism:hotel	True	True						2	0		
master	O6fa070dd7a9c	Ndoro Lodge	tourism:hotel	True	True						0	0		
master	Odf8ea5364d02	Sunflag Tanzania Limited	office:company	True	True						1	0		
master	O4241e461a3cd	NSK Hospital Arusha	amenity:hospital	True	True						0	0		
master	O49c7e5a0f43c	Ngurdoto Mountain Lodge	tourism:hotel	True	True						0	0		
master	O2310c00d7b59	Chemical Industry Ltd	office:company	False	False						0	0		
master	Oa007fd38a288	Tumaini University Makumira Offices	office:government	False	False						0	0		
master	O1b5b75388663	Emayani vulnerable people's center	office:ngo	False	False						0	0		
master	O6103b8241514	Onsea House	tourism:hotel	True	True						1	0		
master	O9a0a3606387c	Hanspaul Group	office:company	True	True						4	0		
master	O822d982b3f46	Israel community office	office:company	False	False						0	0		
master	O3b11fff2476d	Ofisi ya CCM Tawi la Engutoto	office:government	False	False						0	0		
master	Oc57cb8efd81d	SUNOLA refined sunflower oil industry	office:company	False	False						0	0		
master	Od6618856d808	Tanzania Crop Care Limited	office:company	True	True						0	0		
master	O5c198a8be832	East Africa Travel Company	office:company	True	True						1	0		
master	O8206c6879430	Selian Lutheran Hospital Ngaramtoni	amenity:hospital	True	True						0	0		
master	O3674947531d9	Dhariwal Trading Co	office:company	False	False						0	0		
master	O4c4f1ab9c060	Economists (T) Investment Group	office:financial	False	False						0	0		
master	O8b477ba37c7a	Olasiti Lodge	tourism:hotel	False	False						0	0		
master	O0d7ada6ea970	Arusha Villa	tourism:hotel	True	True						3	0		
master	Oa8a5a32fa9fe	PAG Church Njiro	office:ngo	False	False						0	0		
master	O580760afc85a	A1 Hotel and Resort	tourism:hotel	True	True						0	0		
master	O62247d9f65ab	Tanzania Wildlife Research Institute (TAWIRI)	office:research	True	True						8	0		
master	O9a4c9b2e7af9	Kahawa House	tourism:hotel	True	True						1	0		
master	Oe3f63f14d2a6	United African American Community Center (UAACC)	office:ngo	True	True						1	0		
master	Ob7e888d5495e	Institute of Accountancy Arusha (IAA)	amenity:college	True	True						0	0		
master	O9c8b8f0aea8e	Moivaro Coffee Lodge	tourism:hotel	True	True						5	0		
master	O43b4afde91dc	Samaki Feeds and Fingerlings	office:company	True	True						0	0		
master	O2b1d23beff67	CRDB Bank branch	amenity:bank	True	True						0	0		
master	O62dfcce40238	African View Lodge	tourism:hotel	True	True						1	0		
master	O48521b8d9903	National Identification Authority (NIDA)	office:government	False	False						0	0		
master	O19c5e86741e2	Haradali Home	tourism:hotel	True	True						0	0		
master	O16cd74812530	Spiritan Missionary Seminary Institute of Philosophy	amenity:college	True	True						0	0		
master	O2f7c986453fc	University of Arusha	amenity:university	True	True						3	0		
master	O955ceed32618	Office ya Kijiji Maji ya Chai	office:government	False	False						0	0		
master	O6615e9c19ae8	African Grand Hotel	tourism:hotel	False	False						0	0		
master	O645eb563e483	Fun Retreat Resort Hotel	tourism:hotel	True	True						0	0		
master	O64e6222d64aa	Meru View Lodge	tourism:hotel	False	False						0	0		
master	Of8e94f2f1669	Tanzania Wildlife Authority (TAWA) Northern Zone HQ	office:government	True	True						0	0		
master	Ofc3f359feed7	Hotel Mr. Bodo	tourism:hotel	True	True						0	0		
master	O123063accbf7	Regional Air Head Office	office:company	True	True						0	0		
master	Of767c63d6198	Seedco Tanzania Head Office	office:company	True	True						7	0		
master	O066db5cbe4bc	Woodtech 2008 (T) Ltd Arusha	office:ngo	False	False						0	0		
master	O695dc1da52a7	Amani Villa	tourism:hotel	True	True						0	0		
master	Of98c6c86c3c8	Maternity Africa Arusha	amenity:hospital	True	True						3	0		
master	O43fa910d4300	Njiro Ebenezer Retreat Lodge	tourism:hotel	False	False						0	0		
master	O5e4ce449f69d	Olerai Lodge	tourism:hotel	True	True						0	0		
master	O534078e46725	Golden Rose	tourism:hotel	False	False						0	0		
master	O3e8dd43eff5e	CCoHAS College	amenity:college	True	True						0	0		
master	O7c467087f790	Methodist Theological College	amenity:college	False	False						0	0		
master	O0d25e8c189f4	Twiga Lodge	tourism:hotel	False	False						0	0		
master	Obee977e95ace	Meru Mbega Lodge	tourism:hotel	True	True						0	0		
master	O043d75618e79	St. Mbaaga Spiritual Formation Centre	amenity:college	False	False						0	0		
master	O5a6f1631f9dd	Nkoaranga Hospital	amenity:hospital	True	True						0	0		
master	Oee5114ac7a91	Mong'are Teachers' College	amenity:college	True	True						0	0		
master	O7fc518549456	Top Of Africa Treks and Safaris LTD	office:company	True	True						0	0		
master	O09217a36f4ff	Njiro Legacy	tourism:hotel	False	False						0	0		
master	O096c97246e8d	Kigongoni Lodge	tourism:hotel	True	True						0	0		
master	O727c9d231fc9	Rijk Zwaan Q-sem	office:company	True	True						0	0		
master	O1aca56dd801f	Arusha Farm House	tourism:hotel	True	True						0	0		
master	Od344268ca296	Mountain Village Hotel	tourism:hotel	False	False						0	0		
master	O63141c751979	Nelson Mandela African Institution of Science and Technology (NM-AIST)	amenity:university	True	True						1	0		
master	O8a3470027cc2	Lake Duluti Lodge	tourism:hotel	True	True						0	0		
master	O2ff7b069da4d	Meru Hospital	amenity:hospital	False	False						0	0		
master	Of318b17d919b	Forest Hill Hotel	tourism:hotel	False	False						0	0		
master	O5ac410b5f31f	Njiro Climax Resort Hotel	tourism:hotel	True	True						0	0		
master	O1537c0a7c818	Mrimba Palm Hotel	tourism:hotel	True	True						0	0		
master	O9fae7b7ec98e	Oltrument Hospital	amenity:hospital	False	False						0	0		
master	O8c2c1ebe3114	Korona Villa Hotel	tourism:hotel	True	True						0	0		
master	O9096afaed5e8	Moyoni Airport Lodge	tourism:hotel	True	True						0	0		
master	O3240792729a7	St. Joshua College	amenity:college	False	False						0	0		
master	Oa67d9ccdb187	CCM office Kiserian	office:government	False	False						0	0		
master	Of88cb4fe6d2d	Pazuri Inn Lodge	tourism:hotel	True	True						0	0		
master	O10a258946ee3	Canossa Spirituality Centre	office:ngo	False	False						0	0		
master	O1445f45d9699	Canossa Dispensary	amenity:hospital	True	True						0	0		
master	Oc1caf9256eba	VETA Hotel and Tourism Training Institute	office:educational_institution	True	True						0	0		
master	Oc46a61fabed2	Tanzania Atomic Energy Commission (TAEC)	office:government	False	False						0	0		
master	O14794c5b1781	KIA Lodge	tourism:hotel	True	True						0	0		
master	O045dd8c38d30	Airport Planet Lodge	tourism:hotel	True	True						0	0		
master	Of9cc10f92ac6	Royal Hotel	tourism:hotel	False	False						0	0		
master	Ob765608b4731	Aishi Machame Hotel	tourism:hotel	True	True						0	0		
master	O3669aa57f493	Narumu Ward Office	office:government	False	False						0	0		
master	Ob8d4cfb1a983	Weru Weru River Lodge	tourism:hotel	True	True						0	0		
master	O88c3d82bbc37	Mahakama Ya Mwanzo Nduruma	office:government	False	False						0	0		
master	O01ad41ed15c0	Ofisi Ya Kata Nduruma	office:government	False	False						0	0		
master	O310f453a268f	Makiba Ward Building	office:government	False	False						0	0		
master	O26afe2b96e32	Next Life Foundation	office:educational_institution	True	True						3	0		
master	O6d2e81961c0b	AARDVARK EXPEDITIONS LIMITED	Safari / tour operator	True	True	https://www.aardvark-expeditions.com	info@aardvark-expeditions.com (role)	+255784424905 (mobile) | +255624047113 (mobile) | +255272546185 (office)	P.O. Box 15306, Arusha, Tanzania		0	0	search	
master	O1305f3e2211c	Base Camp Site Ltd	Safari / tour operator	True	True	https://basecamptanzania.com	management@basecamptanzania.com (general)	+255748000026 (mobile) | +255784186422 (mobile)			0	2	search	
master	O75ac30829a25	Faune Flore Ltd	Safari / tour operator	True	True	https://faune-flore.com	info@faune-flore.com (role) | joseph@faune-flore.com (named)	+255784378153 (mobile) | +255784680068 (mobile)			0	2	search	
master	O8c6896846d17	KIBO SLOPES T LIMITED	Safari / tour operator	True	True						3	0		
master	Oc47bbedbdb18	RushTrek Tours Company LTD	Safari / tour operator	True	True	https://rushtrektours.com	sales@rushtrektours.com (role) | info@rushtrektours.com (role) | bookings@rushtrektours.com (role)	+255797290772 (mobile) | +255797446907 (mobile) | +255761010281 (mobile)	P.O.Box 2053, Arusha, Tanzania		0	1	search	
master	O4c18d932b6ed	Wakali Company Limited (Wakali Safaris)	Safari / tour operator	True	True	https://www.wakalisafaris.co.tz	info@wakalisafaris.co.tz (role)	+255738586109 (mobile)	P.O Box 16114 Arusha, Tanzania		0	0	search	
master	O9e952fbeb04a	Pure Afro Travels	Safari / tour operator	True	True	https://www.pure-afro.com	info@pure-afro.com (role)	+255784499119 (mobile)	P.O.BOX 11171 Arusha, Tanzania		0	2	search	
master	Oa59919615a61	ALEX WALKER SAFARIS LTD	Safari / tour operator	True	True	https://serian.com	safaris@serian.com (role) | marketing@serian.com (role)	+254717468049 (international) | +25575292222 (mobile)	P.O. Box 1232, Arusha, Tanzania		0	1	search	
master	O2a7e336ec68d	Babji Tours & Safaris Ltd	Safari / tour operator	True	True	https://babjisafaris.com	info@babjisafaris.com (role) | operations@babjisafaris.com (role) | reservations@babjisafaris.com (role)	+255784321185 (mobile) | +255784321186 (mobile)	P.O. Box 395		0	2	search	
master	O9cf644c89a34	GREENHIPPO TRAVELS (Askace safaris Ltd)	Safari / tour operator	True	True	https://www.greenhippotravels.com	office@greenhippotravels.com (role)	+255684681857 (mobile)			0	0	search	
master	O83eefb391915	Gupta Auto Spares and Hardware Limited	Safari / tour operator	True	True						0	0	search	
master	Oa7c6400ff33c	HANSPAUL AUTOMECHS LTD	Safari / tour operator	True	True	https://hanspaul.co.tz	satbir@hanspaul.co.tz (general)	+255756888864 (mobile)	P.O. Box 613 & 149, Arusha, Tanzania.		0	0	search	
master	Of03bb535b2e3	Sameer Parts Limited	Safari / tour operator	True	True	https://sameerpartsltd.com	info@sameer.co.tz (role)	+255717726337 (mobile) | +255775726327 (mobile)			0	0	search	
master	Oca5815df6c4f	Serengeti Balloon Safaris (Tourism and PR Services Ltd)	Safari / tour operator	True	True	https://www.balloonsafaris.com	bookings@balloonsafaris.co.tz (role) | pascal@balloonsafaris.co.tz (general)	+2550755721521 (unknown) | +2550786688806 (unknown) | +2550756055330 (unknown) | +447810571710 (international)	P.O. Box 12116		0	4	search	
master	O42038bed1d0f	SIBROS (T) LIMITED	Safari / tour operator	True	True	https://sibros.co.tz	info@sibros.co.tz (role)	+255784777337 (mobile)	P.O.BOX 16355, Arusha, Tanzania	instagram: https://www.instagram.com/sibros_t_limited	0	0	search	
master	Of37adb683762	Suniva Insurance Brokers Ltd	Safari / tour operator	True	True						1	0		
master	O26cb46d17b5b	Tanzania a la Carte Safaris Company	Safari / tour operator	True	True	https://tanzaniaalacarte.com	info@tanzaniaalacarte.com (role)	+255746327844 (mobile)		facebook: https://www.facebook.com/tanzaniaalacarte | linkedin: https://www.linkedin.com/company/tanzania-a-la-carte | twitter: https://twitter.com/EastCarte | instagram: https://www.instagram.com/tanzaniaalacarte/	0	0	search	
master	O91d927bdd2c3	United Aviation Services Company Ltd	Safari / tour operator	True	True	https://uastanzania.com	uas@uas.co.tz (general) | uas@habari.co.tz (general)	+255677009035 (mobile) | +255272547569 (office)	P.O. Box 2075, Arusha, Tanzania		0	0	search	
master	O781947e92e8a	ARUSHA LOCAL TRIPS TANZANIA LIMITED	Safari / tour operator	True	True	https://arushatrips.com	info@arushatrips.com (role) | office.arushatrips@gmail.com (personal_domain)	+31636163544 (international) | +255752243063 (mobile)			0	1	search	
master	O137e0f50cfca	Kiriwe Travel and Trekking Safari Ltd	Safari / tour operator	True	True	https://kiriwetravel.co.tz	info@kiriwetravel.co.tz (role) | kiriwetravel@gmail.com (personal_domain) | frank@kiriwetravel.co.tz (named)	+255788748494 (mobile) | +255712216488 (mobile) | +255712202229 (mobile)	P.O.Box 2126, Arusha, Tanzania		0	2	search	
master	O3af036625f00	Delight Polyclinic	Safari / tour operator	True	True	https://delightpolyclinic.com	appointments@delightpolyclinic.com (general) | info@delightpolyclinic.com (role)	+255798400603 (mobile) | +255765100630 (mobile)	P.O. Box 2640, Arusha, Tanzania		0	0	search	
master	O15fc17172ca6	The Safari Doctors	Safari / tour operator	True	True	https://thesafaridoctors.co.tz	info@thesafaridoctors.co.tz (role)	+255675677234 (mobile) | +255654722024 (mobile)	P.O. Box 1875, Arusha, Tanzania		0	0	search	
master	Oee6d28c26fed	African Safari Travel	Safari / tour operator	True	True						0	0	search	
master	O09dd623fff82	AGLOW SAFARIS	Safari / tour operator	True	True	https://aglowsafaris.com	info@aglowsafaris.com (role)	+255698125126 (mobile) | +255783560450 (mobile) | +255679494537 (mobile)	P.O Box 6262 – Arusha, Tanzania		0	0	search	
master	O4a2c06e6cf4a	LUBE JUNCTION	Safari / tour operator	True	True						0	0	search	
master	O13fac71333a1	Miles to Smile	Safari / tour operator	True	True	https://miles-to-smile.com	contact@miles-to-smile.com (role)	+255766056532 (mobile)	P.O. Box 7538 Moshi		0	0	search	
master	O9075dcc975f1	Serengeti Wakanda Tours & Safaris	Safari / tour operator	True	True	https://serengetiwakandatours.com	info@serengetiwakandatours.com (role)	+255715886678 (mobile) | +255689528201 (mobile)	P .O BOX 520 ARUSHA		0	0	search	
master	O7350992422d9	Shubhomis Adventure (Ronjoo Safaris)	Safari / tour operator	True	True	https://www.ronjoosafaris.co.tz	deepak@ronjoosafaris.co.tz (general)	+255747394631 (mobile)	P.O.Box 11800, Arusha, Tanzania		0	0	search	
master	O54920d3b3bb9	Transcendent Journeys Tanzania	Safari / tour operator	True	True	https://transcendentjourneystz.com	victor@transcendentjourneystz.com (named) | mtj.mlb@gmail.com (personal_domain) | vbubelwa@gmail.com (named)	+255754046196 (mobile) | +255782804101 (mobile) | +15416192988 (international)	P.0 Box 12179, Arusha, Tanzania		0	1	search	
master	O05cab09ad953	Aafrin Medihealth Solutions Ltd	Safari / tour operator	True	True						3	0		
master	O59219a33cb30	AFRICAN GALLERIA Ltd	Safari / tour operator	True	True	https://www.africangalleria.co.tz	info@africangalleria.co.tz (role)	+255786026461 (mobile)	P.O.BOX: 364, Karatu, arusha Tanzani		0	0	search	
master	O728546ca6bee	Air Excel Ltd.	Safari / tour operator	True	True						1	0		
master	O928c9844fedd	Gemuka Adventures Limited	Safari / tour operator	True	True	https://gemukaadventures.com	info@gemukaadventures.com (role) | sales@gemukaadventures.com (role)	+255681263044 (mobile) | +255785463870 (mobile) | +255763850133 (mobile)			0	0	search	
master	Obef3a637d51d	Hanspaul Assurance Brokers Limited	Safari / tour operator	True	True	https://hanspaulassurance.co.tz	info@hanspaulassurance.co.tz (role)	+255767103803 (mobile) | +255652225372 (mobile)	P.O Box 149, Arusha Office, Tanzania		0	0	search	
master	Oe3518649bfe6	Ignite Energy Access UK Ltd	Safari / tour operator	True	True						0	2	search	
master	O790a03b81388	MEGA TENTS (AL-ANVER OUTFITTERS LTD)	Safari / tour operator	True	True						0	0	search:not_found	
master	Oe06dbd6fbcb4	Okota Waste Management Ltd	Safari / tour operator	True	True						3	0		
master	O69b33ef5c8f2	Safari plus ltd	Safari / tour operator	True	True	https://safariplus.co.tz	reservations@safariplus.co.tz (role) | kieran@safariplus.co.tz (general)	+255696555000 (mobile) | +255687450075 (mobile) | +255687450072 (mobile) | +255783887838 (mobile)			0	0	search	
master	O2c2fe6e65ec7	Superdoll Trailer Manufacturer Co (T) Ltd	Safari / tour operator	True	True	https://superdoll.co.tz	sales@superdoll.co.tz (role) | arusha@superdoll-tz.com (general)	+255787555551 (mobile) | +255785555555 (mobile) | +255787797100 (mobile) | +255689547219 (mobile) | +255686646161 (mobile)	P.O. Box 3040 in Arusha, Tanzania		0	0	search	
master	O3d018184e9aa	Tanmanagement Insurance Brokers Ltd (JW SEAGON)	Safari / tour operator	True	True						6	0		
master	Oaa6f9199b73e	Twalan Company Ltd	Safari / tour operator	True	True						1	0		
master	O006a10d492af	Zohar African Safaris Ltd	Safari / tour operator	True	True						2	0		
master	O35c962655ba3	Abercrombie & Kent	Safari / tour operator	True	True	https://www.abercrombiekent.com	hrichard@abercrombiekent.co.tz (general) | gwood@abercrombiekent.co.tz (general)	+25573950834678 (mobile) | +255736610010 (mobile) | +255272508346 (office)	P.O. Box 427 Arusha Tanzania		0	0	search	
master	O694a46db51f5	Kilpath African Safaris	Safari / tour operator	True	True	https://kilpathafricansafaris.com	info@kilpathafricansafaris.com (role)	+255712754125 (mobile)			0	0	search	
master	O560785f0759a	Lashku Forex Bureau Limited	Safari / tour operator	True	True		forex@praxisaccounts.com (general)	+255767959016 (mobile)	P.O BOX 8357 Arusha, Tanzania		0	0	search	
master	O4693f9dbaae1	PwC Tanzania	Safari / tour operator	True	True						2	0		
master	Of4240dab377e	SIDAI DESIGNS (Safari Atelier)	Safari / tour operator	True	True	https://www.safariatelier.com	safaris@safariatelier.com (role)	+14152356802 (international) | +255766100564 (mobile)	P.O. Box 110382, Arusha, Tanzania		0	3	search	
master	O628305bfb723	Kitamu Africa LTD	Safari / tour operator	True	True						1	0		
master	O508f496d01ae	Mbasha Holdings Ltd	Safari / tour operator	True	True						0	0	search:not_found	
master	O196cb100cad1	Sabrahm Consulting Ltd	Safari / tour operator	True	True	https://sabrahmconsulting.com	sabrahm@sabrahmconsulting.com (general) | sabrahmconsulting@gmail.com (personal_domain)	+255745763923 (mobile) | +255783351170 (mobile) | +255688763923 (mobile) | +255681268640 (mobile)	P. O. Box 16200, Arusha Tanzania		0	0	search	
master	O557fde8b56a5	Safari Wholesalers and Retailers Limited	Safari / tour operator	True	True	https://safariwholesalers.com	safariwholesalers@gmail.com (personal_domain)	+255783999508 (mobile) | +255794746276 (mobile)	P.O BOX 8276 Arusha, Tanzania		0	0	search	
master	O94251d7ec2fb	Afrishare Trekking and Safaris	Safari / tour operator	True	True						2	0		
master	Oaa6856110be8	AMREF Flying Doctors	Safari / tour operator	True	True						8	0		
master	O72e67a37acc8	Ascend Tanzania	Safari / tour operator	True	True						1	0		
master	O43fbd884d754	Beautiful African Gemstones Ltd (House of Gems Tanzania)	Safari / tour operator	True	True	https://houseofgems.tz	info@houseofgemstz.co.tz (role) | sales@houseofgems.tz (role) | gemstz@yahoo.com (personal_domain)	+255758857000 (mobile) | +255752857000 (mobile) | +255747364744 (mobile)	P.O.BOX 14017, Arusha Tanzania	facebook: https://www.facebook.com/gemstz | instagram: https://www.instagram.com/houseofgemstanzania	0	0	search	
master	Ob2ac321d4799	GADGETRONIX	Safari / tour operator	True	True						1	0		
master	O13e4cbc1ed0a	Greenlink	Safari / tour operator	True	True						5	0		
master	O45c6e91a66ba	Kilele Climb Tours	Safari / tour operator	True	True						2	0		
master	O38ddc734730a	MajorityMart Suppliers	Safari / tour operator	True	True	http://majoritysuppliers.com	info@majoritysuppliers.com (role)	+255767368911 (mobile) | +255786051750 (mobile) | +255767319494 (mobile)	P.O. Box 2453, Arusha - Tanzania	facebook: https://www.facebook.com/majorityamartsuppliers/	0	0	search	
master	O7948a9942116	NSK HOSPITALS LTD	Safari / tour operator	True	True	https://nskhospitals.co.tz	ijaz.lalji@nsktz.com (general)	+255626221331 (mobile)	P.O.Box 3114 Arusha Tanzania	facebook: https://www.facebook.com/nskhospitals/ | instagram: https://www.instagram.com/nsk_hospitals/	0	0	search	
master	O6c2976e997c2	Sadio Events	Safari / tour operator	True	True	https://sadioevents.co.tz	info@sadioevents.co.tz (role)	+255767604705 (mobile) | +255759843428 (mobile)	P.O. Box 31938, Arusha, Tanzania		0	0	search	
master	Ofc2567ddcd95	Sibusiso Foundation	Safari / tour operator	True	True						4	0		
master	Od82a9ff8b85d	TANZANIA FEDERATION OF TOURISM SERVICE PROVIDERS	Safari / tour operator	True	True	https://www.tanzaniaporters.org	tfsp.tanzania@gmail.com (personal_domain) | tanzaniaporters@yahoo.com (personal_domain)	+255763040649 (mobile) | +255656171086 (mobile)	P.O.BOX 11755 ARUSHA, TANZANIA		0	0	search	
master	O7bfec9bb050a	Teamwise Tanzania Travel Limited	Safari / tour operator	True	True						2	0		
master	O64dc36d1927f	Karine & Kitanga Safaris Limited (K&K Safaris)	Safari / tour operator	True	True	https://kandksafaris.com	infos@kandksafaris.com (general)	+33698706673 (international)	Arusha, Tanzania		0	1	search	
master	Ofea64d365ec6	Marangu forex bureau	Safari / tour operator	True	True	https://mfb.co.tz	info@mfb.co.tz (role)	+255746627607 (mobile) | +255766750778 (mobile) | +255745911731 (mobile)	P.O BOX 1037 Arusha		0	0	search	
master	O3974c6961fd9	Vehicle Pharmacy	Safari / tour operator	True	True		info@vehiclepharmacy.com (role) | vehiclepharmacy23@gmail.com (personal_domain)	+255715827125 (mobile) | +255783827125 (mobile) | +255736827125 (mobile)	P.O.Box 10542 Arusha, Tanzania		0	0	search	
master	O0c8245123a74	Dashir Lodge & Safaris	Safari / tour operator	True	True						0	0		
master	Of5f69168bba3	RSA LIMITED	Safari / tour operator	True	True						0	0		
master	O4a4028b8ef73	Wildfrontiers (Chelete Adventures LTD)	Safari / tour operator	True	True						0	0		
master	Oe993b62c844c	MKIZUGHUNO COMPANY LIMITED	Safari / tour operator	True	True		williammvungi12@gmail.com (personal_domain) | josemsangi@gmail.com (personal_domain)	+255752000131 (mobile) | +255756922320 (mobile)	P.O.BOX 15452 Arusha, Tanzania		0	0	search	
master	Oe609962d6815	Twiga Craft Brewery (1001 Organic Limited)	Safari / tour operator	True	True						0	0		
master	O4a1cc6cdc040	Artisan Coffee and Patissier Restaurant	Safari / tour operator	True	True	https://artisan.co.tz	jambo@artisan.co.tz (general)	+255765489908 (mobile) | +255786238772 (mobile)	P.O.Box 702 Arusha, Tanzania		0	0	search	
master	Oa70770718818	King Mart	Safari / tour operator	True	True						2	0		
master	O46a026eb35cb	Arusha Art Ltd	Safari / tour operator	True	True						0	0		
master	Ofef3ba777108	Dropping Zone	Safari / tour operator	True	True						0	0		
master	Oc6483e087235	Kilimanjaro Responsible Trekking Organization	Safari / tour operator	True	True						0	0		
master	O430c3a3dac39	MAULY TOURS & SAFARIS	Safari / tour operator	True	True						0	0		
master	O98862e6d1351	Summit Expeditions & Nomadic Experience	Safari / tour operator	True	True						0	0		
master	Ofb9c237e71b5	TGN COMPANY LTD	Safari / tour operator	True	True						2	0		
master	O05869f93c115	OKKA House	Safari / tour operator	True	True						0	0		
master	O55618c520bc5	CRDB Bank Plc	Safari / tour operator	True	True						5	0		
master	Ob2ec027a1fb7	NBC Bank Tanzania	Safari / tour operator	True	True						1	0		
master	O0bbdb67730d3	NMB Bank Tanzania	Safari / tour operator	True	True						0	0		
master	O07e605285631	Wasim Trans Garage	Safari / tour operator	True	True						0	0		
master	Oacdd2049005a	Shah Tours & Travels Ltd	Safari / tour operator	True	True						0	0		
master	O33fe002bffd5	Easyota	Safari / tour operator	True	True						6	0		
master	O201e20990155	RiverStone Africa Safaris	Safari / tour operator	True	True						1	0		
master	Ob3805b0994c3	Rudra distributors	Safari / tour operator	True	True						0	0		
master	O39cb92a2d596	United Tansania e.V	Safari / tour operator	True	True						2	0		
master	O8b59ea27ef7f	Victory Attorneys & Consultants	Safari / tour operator	True	True						3	0		
master	Ob3b8b318c102	Pristine Trails Adventures & Safaris Co Ltd	Safari / tour operator	True	True						4	0		
master	Ob961626c2241	Nyamazela Trading Co (T) LTD	Safari / tour operator	True	True						1	0		
master	Odfc406c032a2	LAITOLYA TOURS & SAFARIS LTD	Safari / tour operator	True	True						2	0		
master	O38a5a92ef2ea	YAS Tanzania	Safari / tour operator	True	True						1	0		
master	O51865064dcca	African Queen Adventure	Safari / tour operator	True	True						0	0		
master	O156beede60a7	Tanzania Outfitter & Safaris	Safari / tour operator	True	True						0	0		
master	Oa7a1ffecec53	KARIBU KILIFAIR	Safari / tour operator	True	True						0	0		
master	O0e4a1216704e	All season bureau de change	Safari / tour operator	True	True						0	0		
master	O931c908e828b	SERENGETI SAFARI MARATHON	Safari / tour operator	True	True						0	0		
master	O95bf3aeebd03	Bongoplan events and tours	Safari / tour operator	True	True						0	0		
master	O792f3fc35ee5	Stan Safaris	Safari / tour operator	True	True						0	0		
master	O7e875f27a3fd	Feimac Travels Company Limited	Safari / tour operator	True	True						0	0		
master	Oba84841236c3	Print Plus Media Limited	Safari / tour operator	True	True						0	0		
master	O6c1cbaaaf955	Senjaro Pay Technologies Limited	Safari / tour operator	True	True						0	0		
master	O476cd7c13f6d	Takims Holidays Tours & Safaris Ltd	Safari / tour operator	True	True						0	0		
master	O2b8b894af444	Claritas International	Safari / tour operator	True	True						6	0		
master	Odf635929dbb6	Kearsleys Travel & Tours	Safari / tour operator	True	True						0	0		
master	Off70fe5042e9	EvMak Tanzania	Safari / tour operator	True	True						0	0		
master	O3591338859af	Flightlink	Safari / tour operator	True	True						1	0		
master	Of2e291a3166c	GO TANZANIA	Safari / tour operator	True	True						0	0		
master	Of6d6ff3ad93d	Imaging Smart	Safari / tour operator	True	True						1	0		
master	O5eef4635f0c7	Wilmaar Insurance Brokers Ltd	Safari / tour operator	True	True						2	0		
master	O67f1c7ee79a7	Paradise And Wilderness Tours Ltd	Safari / tour operator	True	True						0	0		
master	O8259ebf7ab64	Wildreality Safari	Safari / tour operator	True	True						5	0		
master	Of12fd3f86fd8	FANTASY ADVENTURES LIMITED	Safari / tour operator	True	True						0	0		
master	O6c0b9907c085	Pamoja Expedition Lodge	guest_house	False	False						0	0		
master	O6677eba8a8ed	Precision Air	travel_agency	True	True						1	0		
master	O8e55c124984b	Fastjet ticket office Shuttlebus	travel_agency	False	False						0	0		
master	O6c7f7cdd682b	Tintintours	travel_agency	True	True						0	0		
master	O00e287a17a2a	Kili Star Tours	travel_agency	False	False						0	0		
master	O4937b79f7118	Dar Express Booking Office	travel_agency	True	True						0	0		
master	Ob15b6a1a175e	Mtey Booking Office	travel_agency	True	True						0	0		
master	O4816d5a5693d	Lim Safaris Booking Office	travel_agency	True	True						0	0		
master	O09923d262264	JM Tours	travel_agency	True	True						0	0		
master	Oe4dd5e417342	Leopard Tours Ltd.	company	True	True						0	0		
master	O3064de71e36f	Monjes Tours & Lodges Office	guest_house	False	False						0	0		
master	O3d29fe6caef1	Zara Tours	travel_agency	True	True						1	0		
master	O519360259232	Basecamp Tanzania	travel_agency	True	True						2	0		
master	O31b73e1bb936	Access 2 Tanzania	travel_agency	True	True						0	0		
master	O3ef35929664c	Roy Safaris	travel_agency	True	True						0	0		
master	O53a36854f8df	Duma Explorers	travel_agency	True	True						0	0		
master	O3b8a3e4d2f96	trekkingandsafariadventures	travel_agency	True	True						0	0		
master	Of7f7796b326e	Nyange Adventures Ltd.	travel_agency	True	True						0	0		
master	Od907f03c37b2	Africa VIP Travel	travel_agency	True	True						0	0		
master	O23acd3f0aaf3	Ahsante Tours	travel_agency	True	True						0	0		
master	Obd0df41bdc7d	Kipepeo	travel_agency	True	True						0	0		
master	O03ba1bdd7ddd	Meru Mountain Treks & Safari Ltd.	travel_agency	True	True						0	0		
master	Odbafad48a43f	Tropical Trails	company	True	True						0	0		
master	O0d4e9bc6e4b3	Shadows of Africa Ltd	travel_agency	True	True						0	0		
master	Od47d11343986	Monkey Adventures	travel_agency	True	True						2	0		
master	Odade2f68937f	Boker Adventures	guide	True	True						0	0		
master	Of38ed0efb017	Usa River Booking Office	travel_agency	False	False						0	0		
master	Of31aaf82637c	Nale Moru experiential travel	travel_agency	True	True						0	0		
master	O9d6f9263adfd	Summit 2 Sand Safaris	travel_agency	True	True						0	0		
master	O594144d2b0b9	Gazelle Adventures	travel_agency	True	True						0	0		
master	O99340cb45985	Top Of Africa Treks and Safaris LTD	company	True	True						0	0		
master	O225198c6cffe	Kkikalora Saccos	bank	False	False						0	0		
master	O1974c2e7ffe7	Tcp Saccos Ltp Milling Machine		True	True						0	0		
master	O4dc2596861e7	ATA Safaris - Travel & Tour Operators in Arusha	travel_agency	True	True						0	0		
master	O4f3f8078260d	Kilimanjaro Bliss Safaris	travel_agency	True	True						0	0		
master	O41f5bbf0b43c	Explore Active	travel_agency	True	True						0	0		
master	O9771d97fcc71	Roving Africa Safaris	guide	True	True						0	0		
master	Oa2028deccc66	Tanzania Hugos Safaris	guide	True	True						0	0		
master	O4b73d860f1e3	Dorobo Safaris	guide	True	True						0	0		
master	O7651e0ebdffa	Arusha Tours	attraction	True	True						0	0		
master	O6fba372645bd	Tanzanian Pioneers	travel_agent;travel_agency;information	True	True						0	0		
master	O9e7e9c05bdc1	Kessy Brothers	travel_agency	True	True						0	0		
master	Of9cd266cb634	Coastal Aviation Booking Office	travel_agency	True	True						1	0		
master	O2ea7d99baa8a	Enosa Expedition	guide	True	True						0	0		
master	O56e536184648	Nihapa Tours	travel_agency	True	True						0	0		
master	O567804e1042f	Gladys Adventure & Safaris		True	True						0	0		
master	O5ab26d0cf6ac	Auric Air	travel_agency	True	True						0	0		
welfare	ORG_fe82dcee83ae30d5	House of Happiness	Welfare residential care	True	True						2	0		
welfare	ORG_3b93a2a133f07ccf	Light in Africa Children's Homes	Welfare residential care	True	True						1	0		
welfare	ORG_2347b71049d38c08	Ujamaa Children's Home	Welfare residential care	True	True						2	0		
welfare	ORG_c7ad9b28d323c467	Mesha's Village	Welfare funder	True	True						0	0		
welfare	ORG_2abe4745ba1bc106	The Foundation For Tomorrow	Welfare family-based programme	True	True						0	0		
welfare	ORG_68f4dd062cfc97e1	The Small Things	Welfare funder	True	True						1	0		
welfare	ORG_729680a693e77baf	Afroplan Foundation	Welfare family-based programme	True	True						2	0		
welfare	ORG_1f50a73c8875fbda	Tumaini Children's Foundation	Welfare residential care	True	True						2	0		
welfare	ORG_b06447d649a63ebd	Compassion International Tanzania	Welfare family-based programme	True	True						0	0		
welfare	ORG_0c6d2df66a74c368	Faraja Orphanage Children's Home	Welfare residential care	True	True						0	0		
welfare	ORG_e41e8be1b5108970	Kao La Amani Children's Village	Welfare residential care	True	True						3	0		
welfare	ORG_fc99a8c3d9d8c697	Child First Initiative (CFI)	Welfare family-based programme	True	True						1	0		
welfare	ORG_05ddb386b921117e	Tumaini For Africa Orphanage	Welfare residential care	True	True						1	0		
welfare	ORG_844eafff33788600	Canaan Children's Center	Welfare residential care	True	True						1	0		
welfare	ORG_0dd9922dc3e7e5f8	Enyorata Children's Home	Welfare residential care	True	True						1	0		
welfare	ORG_6e38e1a5bfb9dd93	Inuka	Welfare funder	True	True						1	0		
welfare	ORG_efa87f3ba9e9144a	Malaika Children's Friends	Welfare residential care	True	True						0	0		
welfare	ORG_c1a74e7aee94738a	Neema Village	Welfare residential care	True	True						0	0		
welfare	ORG_71c0e85a6b6296e0	Ngarasero Community Organization	Welfare family-based programme	False	False						1	0		
welfare	ORG_8bfa5913c73d18cd	Save Africa Orphanage	Welfare residential care	True	True						1	0		
welfare	ORG_12913609e7f94d5b	Seeway Tanzania	Welfare residential care	True	True						0	0		
welfare	ORG_4d45daa672612ec8	Amani Centre for Street Children	Welfare specialised centre	True	True						6	0		
welfare	ORG_e8b1d474ccd1d90d	Selfless Solutions	Welfare family-based programme	True	True						2	0		
welfare	ORG_c0e9b6e8623e9aad	LOHADA	Welfare residential care	True	True						1	0		
welfare	ORG_e14467cfe7acded1	Samaritan Village Orphanage	Welfare residential care	True	True						2	0		
welfare	ORG_35d77a9ce929f214	Kitaa Hope Home	Welfare residential care	True	True						1	0		
welfare	ORG_4c98a3d70ae300f9	Msamaria Centre for Street Children	Welfare specialised centre	True	True						2	0		
welfare	ORG_d7c116912019f3d4	Tuleeni Children's Home	Welfare residential care	True	True						2	0		
welfare	ORG_089a499b0a90adac	POSA - Positive Steps in Arumeru	Welfare family-based programme	False	False						0	0		
welfare	ORG_ccaba4b127b13316	Bethlehem Center for Children	Welfare residential care	True	True						0	0		
welfare	ORG_272c9d8106d584da	Kili Kids at Rainbow Ridge	Welfare residential care	True	True						0	0		
welfare	ORG_5bcecf7064e184eb	Cradle of Love Baby Home	Welfare residential care	True	True						0	0		
welfare	ORG_3bfd038fe997f2e3	Kilimanjaro Orphanage Centre	Welfare residential care	True	True						1	0		
welfare	ORG_7254f0911ca6903e	Born to Learn (BTL)	Welfare family-based programme	True	True						1	0		
welfare	ORG_16666b98505674c3	Mkombozi Centre for Street Children	Welfare specialised centre	True	True						0	0		
welfare	ORG_5528a6b369441c09	Emusoi Centre	Welfare specialised centre	True	True						0	0		
welfare	ORG_da3328db35c3c8ac	Kilimanjaro Children's Fund	Welfare residential care	True	True						0	0		
welfare	ORG_b77e34f1fcaef5aa	Giving Smiles e.V.	Welfare funder	True	True						0	0		
welfare	ORG_8c90415bbaa47c9c	Karama Kids (Karama Care orphanage), Arusha	Welfare residential care	True	True						0	0		
welfare	ORG_20eeed7cbba54e8b	Ummu Aisha Orphanage Centre	Welfare residential care	True	True						0	0		
welfare	ORG_fba60d3424dfe3e2	Arusha Kids Trust	Welfare funder	True	True						1	0		
welfare	ORG_d015b3a0176fcb44	SOS Children's Village Arusha	Welfare residential care	True	True						0	0		
welfare	ORG_0704a4bdc46aad3e	Fruitful Orphanage and Day Care Centre	Welfare residential care	True	True						1	0		
welfare	ORG_4c1ec0d652908b6f	Sibusiso Foundation	Welfare specialised centre	True	True						2	0		
welfare	ORG_a5da6bce3a3f275e	St. Mark's Children's Home and Orphanage (Usa River)	Welfare residential care	True	True						0	0		
welfare	ORG_d08f3f49fc239159	HopeCare (Arusha)	Welfare family-based programme	False	False						0	0		
welfare	ORG_8e4c681307ba662f	Upendo Children's Home	Welfare residential care	True	True						0	0		
welfare	ORG_3df4ee48b5d5096b	Under The Same Sun	Welfare funder	True	True						0	0		
welfare	ORG_45d5abb9c0a13c82	St. Joseph's Orphanage (Kiserian)	Welfare residential care	True	True						0	0		
welfare	ORG_68ab26966770a550	Moshi Kids Centre	Welfare family-based programme	True	True						2	0		
welfare	ORG_a8967f48b8afe52c	Havilah Children's Village	Welfare residential care	True	True						1	0		
welfare	ORG_0ee76ec3c9ffaae3	Nkoaranga Orphanage (Baby Home)	Welfare residential care	True	True						0	0		
welfare	ORG_067ffe23096284ac	Christ Hope Orphanage	Welfare residential care	True	True						1	0		
welfare	ORG_d771d7a3e1188eeb	Karim Children's Care Centre	Welfare residential care	True	True						0	0		
welfare	ORG_710c017c3a35fd46	Tupendane Orphanage (Arusha)	Welfare residential care	False	False						0	0		
welfare	ORG_52655fd946d6717e	Hope Orphanage Center	Welfare residential care	True	True						0	0		
welfare	ORG_9d3ee167fe391ed4	Bahath Orphanage & Children's Home	Welfare residential care	False	False						0	0		
welfare	ORG_a5c9a154ccd2f4b1	OKAT Children's Home	Welfare residential care	True	True						0	0		
welfare	ORG_aae277e315db86a3	Usa River Rehabilitation and Training Centre (URRC)	Welfare specialised centre	True	True						1	0		
welfare	ORG_97a11fa114d87340	Peace House (Arusha)	Welfare residential care	True	True						0	0		
welfare	ORG_249d9c2814e155ca	Widows Encouragement & HIV/AIDS Foundation (WEHAF)	Welfare family-based programme	True	True						1	0		
welfare	ORG_56f9ae1884e0f852	Building a Caring Community (BCC)	Welfare specialised centre	True	True						0	0		
welfare	ORG_6ee07bda0909b7d8	Rainbow Centre, Catholic Diocese of Moshi	Welfare family-based programme	True	True						0	0		
welfare	ORG_5dc2ab5415e2a3a1	TAG Kilimanjaro Revival Temple Child and Youth Development Centre	Welfare family-based programme	False	False						2	0		
welfare	ORG_dbd998c2bac924fd	Green Path for Community Success (GP-COSU)	Welfare family-based programme	True	True						0	0		
welfare	ORG_bd78876addde107b	Halima Orphanage Center	Welfare residential care	True	True						1	0		
welfare	ORG_2fe5bd5a1f542756	Sun of Hope Village/Orphanage	Welfare residential care	True	True						0	0		
welfare	ORG_56957c45db8186b9	Children of Kilimanjaro Orphanage	Welfare residential care	True	True						0	0		
welfare	ORG_f594a41fc7d2a4a6	Kilimanjaro Centre for Orphans and Street Children	Welfare residential care	True	True						0	0		
welfare	ORG_2a0848531d968530	Laketatu Orphanage	Welfare residential care	False	False						2	0		
welfare	ORG_8797eaeb13c2cf3a	Tabasamu Childcare and Orphanage Centre	Welfare residential care	True	True						1	0		
welfare	ORG_2c97feda28e41a3b	Kilimanjaro Children's Foundation (Kilimanjaro School)	Welfare family-based programme	True	True						1	0		
welfare	ORG_9f5aaa71266dda3d	Maasai Girls Rescue Center - Children's Home and Rescue Center (Karatu)	Welfare specialised centre	True	True						0	0		
welfare	ORG_eaff1bbfaaed2e6c	Eripoto Safe House	Welfare specialised centre	True	True						0	0		
welfare	ORG_93c3a1e24d8cdb12	Tanzania School Foundation, Inc.	Welfare family-based programme	True	True						0	0		
welfare	ORG_76c8dfc5ff58e063	Compassion International Tanzania	Welfare funder	True	True						3	0		
welfare	ORG_fc6bdb43c50f2440	Good Hope Orphanage, School & Clinic	Welfare residential care	True	True						0	0		
welfare	ORG_5c716b08a0d962dd	Matonyok Children's Home	Welfare residential care	True	True						0	0		
welfare	ORG_783dec34a493549d	KIWAKKUKI (Kikundi cha Wanawake Kilimanjaro Kupambana na UKIMWI)	Welfare family-based programme	True	True						1	0		
welfare	ORG_a0a04c6fece26991	Treasures of Africa KIDZ Project	Welfare family-based programme	True	True						1	0		
welfare	ORG_715f06f91f4713be	Passion Projects International Inc.	Welfare funder	True	True						0	0		
welfare	ORG_c0f11394e821014d	Maasai Girls Rescue Center	Welfare specialised centre	True	True						0	0		
welfare	ORG_6e3408808b0df46b	Standing Voice	Welfare funder	True	True						0	0		
welfare	ORG_352494f3be4cdaba	CHISWEA (Children of the Street Welfare Association)	Welfare specialised centre	False	False						0	0		
welfare	ORG_0be2a48ff947048e	Habashabi Orphanage Centre	Welfare residential care	True	True						1	0		
welfare	ORG_d5f73ed1d9110e3f	ZARA Tanzania Charity	Welfare funder	True	True						1	0		
welfare	ORG_48995d3476257145	Small Steps for Compassion	Welfare residential care	True	True						1	0		
welfare	ORG_7308c95a88cfe312	Happy Family Children's Village	Welfare residential care	True	True						0	0		
welfare	ORG_7523917df0bc1139	Kafika House	Welfare specialised centre	True	True						0	0		
welfare	ORG_858bec7a24d75253	St. Gabriel Home	Welfare residential care	True	True						0	0		
welfare	ORG_5969f42d987ec98e	Upendo Face Orphanage	Welfare residential care	True	True						2	0		
welfare	ORG_8d81ab20e6405355	WOW Tanzania (Wakefulness Orphans And Widows Tanzania)	Welfare family-based programme	True	True						2	0		
welfare	ORG_eae4446d8be96067	Huruma Vision Children's Home	Welfare residential care	False	False						1	0		
welfare	ORG_8de610ffccd320be	Little Souls of Tanzania	Welfare funder	True	True						1	0		
welfare	ORG_6cab4cfa59fba51c	Matumaini Child Care	Welfare residential care	False	False						0	0		
welfare	ORG_72068db4e995b5b6	Tanzanian Children's Fund	Welfare residential care	True	True						0	0		
welfare	ORG_ecda3e381f90c5d7	Huruma Centre Orphanage	Welfare residential care	False	False						0	0		
welfare	ORG_ac58643f0304ac81	New Paradiso Orphanage	Welfare residential care	False	False						0	0		
welfare	ORG_08b0d9a3e3caefd0	One Heart Source	Welfare residential care	True	True						0	0		
welfare	ORG_6a25d13d2cf19bc8	Olasiti Orphans Center	Welfare family-based programme	True	True						0	0		
welfare	ORG_659ef68fb79ea9fb	ROAM Humanitarian	Welfare funder	True	True						1	0		
welfare	ORG_bcd1cf9aa70de22f	Habari Foundation (Moshi)	Welfare family-based programme	False	False						0	0		
welfare	ORG_df95ed32fda83144	ADVENTIST DEVELOPMENT AND RELIEF AGENCY	Welfare (unclassified child-focused NGO)	True	True						0	0		
welfare	ORG_ea16c8df7475989e	Mosses Confort Home Foundation (CHF)	Welfare residential care	True	True						0	0		
welfare	ORG_b1603ec797c054fa	NEW STARS FOUNDATION	Welfare (unclassified child-focused NGO)	True	True						0	0		
welfare	ORG_53e477a79e319bce	TUPENDANE FOUNDATION AND INITIATIVES (TUFOI)	Welfare (unclassified child-focused NGO)	True	True						0	0		
welfare	ORG_6945625ec43ca27c	Watoto Foundation Tanzania	Welfare specialised centre	True	True						0	0		
welfare	ORG_2b93addb8e53e60d	Arusha NGO Network (ANGONET)	Welfare funder	True	True						0	0		
welfare	ORG_1d85df108f23ddaf	Evangelical Lutheran Church in Tanzania (ELCT)	Welfare funder	True	True						0	0		
welfare	ORG_70c06f36c9f7b688	Arusha Children's Effort	Welfare family-based programme	True	True						2	0		
welfare	ORG_d2446d781076ead9	Gabriella Children's Rehabilitation Centre	Welfare specialised centre	True	True						0	0		
welfare	ORG_79612bbff642214d	Upendo One Kid at a Time orphanage centre (Moshi)	Welfare residential care	True	True						0	0		
welfare	ORG_7d61a0cd337f3b57	Children Concern Foundation - Tanzania	Welfare residential care	True	True						0	0		
welfare	ORG_74ddd3504abf7fba	Kilimanjaro Mission of Hope and Outreach (KMHO)	Welfare funder	True	True						0	0		
welfare	ORG_b2bc4bc520cdd901	The Foundation for African Empowerment (FAE)	Welfare (unclassified child-focused NGO)	True	True						0	0		
welfare	ORG_27aac1a6f55d36d5	Jericho Orphanage Home	Welfare residential care	True	True						0	0		
welfare	ORG_68ac5ccf51d6175c	Ereto East Africa Foundation	Welfare family-based programme	True	True						0	0		
welfare	ORG_cdd665fb4444ba64	Mshikamano Orphanage Center	Welfare residential care	True	True						0	0		
welfare	ORG_c30210c520ccf6f2	Sandra Jones Centre	Welfare specialised centre	False	False						0	0		
welfare	ORG_30c77d609b4a8daf	Sunrise Hope for Foundation	Welfare family-based programme	True	True						0	0		
welfare	ORG_babdcb281c17a96b	Ilboru Special Needs School (Arusha)	Welfare specialised centre	False	False						0	0		
welfare	ORG_427f7963fdceab6e	Mother Kevina Feeding Program-Centre (Kijenge, Arusha)	Welfare family-based programme	False	False						0	0		
welfare	ORG_bcdec25d0dba1cb8	Living Water Children Centre	Welfare residential care	True	True						0	0		
welfare	ORG_cab5ec6fca9ec7e0	Hope Village for Orphaned and Vulnerable Children	Welfare residential care	True	True						1	0		
welfare	ORG_22f3e02347a381cb	Kalali Orphanage	Welfare residential care	False	False						0	0		
welfare	ORG_65586942a818f80a	KinderVilla Momella (Africa Amini Alama children's home)	Welfare residential care	True	True						0	0		
welfare	ORG_b5da235f988268cb	Faraja Diaconic Centre (Faraja school for children with physical disabilities), Sanya Juu	Welfare specialised centre	True	True						0	0		
welfare	ORG_6e3e81cbb0c24358	GLORY REACH AND HELP FOUNDATION	Welfare (unclassified child-focused NGO)	False	False						0	0		
welfare	ORG_6aacfec3733b96a3	Gloria foundation	Welfare specialised centre	False	False						0	0		
welfare	ORG_30f7ac4d34497159	LITTLE PROSPECTS FOUNDATION (LPF)	Welfare (unclassified child-focused NGO)	False	False						0	0		
welfare	ORG_8a9eb2eeaffcbb34	Africa Amini Alama	Welfare funder	True	True						2	0		
welfare	ORG_73358e7c9681e655	BETTER LIFE FOR DEAF FOUNDATION TANZANIA	Welfare specialised centre	False	False						0	0		
welfare	ORG_93fee2a0222a53bd	MORAVIAN NORTHERN SOCIAL DEVELOPMENT ORGANIZATION	Welfare (unclassified child-focused NGO)	False	False						0	0		
welfare	ORG_c8d87d5ae3b514cd	CENTRAL CHILDREN SUPPORT (CCS)	Welfare (unclassified child-focused NGO)	False	False						0	0		
welfare	ORG_b7bbe3204810e3ae	NIKUMBUKE LEO ORGANIZATION	Welfare (unclassified child-focused NGO)	False	False						0	0		
welfare	ORG_3a50c7bf5f32a3f1	BETTER FUTURE FOR ALL	Welfare specialised centre	False	False						0	0		
welfare	ORG_3174d52d4287c6fe	AFRICA MASTERPIECE CHILDREN ORGANIZATION	Welfare (unclassified child-focused NGO)	False	False						0	0		
welfare	ORG_918245dc05d4a0f2	BRIGHT HOPE CHILDREN DOUNDATION	Welfare family-based programme	False	False						0	0		
welfare	ORG_a5a05f99272796b6	Gladness Kanyika Home Organization	Welfare residential care	False	False						0	0		
welfare	ORG_6b33591339f638af	UGUTU COMMUNITY FOUNDATION	Welfare (unclassified child-focused NGO)	False	False						0	0		
welfare	ORG_2589d604515f25ba	Change your life Foundation	Welfare (unclassified child-focused NGO)	False	False						0	0		
welfare	ORG_e50c6340861bab4b	AFRO RURAL DEVELOPMENT CONSORTIUM	Welfare (unclassified child-focused NGO)	False	False						0	0		
welfare	ORG_4b35ae098323e1a6	SPORTS HOSTEL FOUNDATION	Welfare family-based programme	False	False						0	0		
welfare	ORG_b41a6c9f2a6ef1fd	FRIENDS OF KIDS SPEAK OUT	Welfare specialised centre	False	False						0	0		
welfare	ORG_b11c6b462059e489	HUSNA FOUNDATION	Welfare (unclassified child-focused NGO)	False	False						0	0		
welfare	ORG_f239449efeecf696	CARORYAN FOUNDATION	Welfare family-based programme	False	False						0	0		
welfare	ORG_d1a1cf9e5af50bff	SHIELD OF WOMEN AND CHILDREN FOUNDATION	Welfare specialised centre	False	False						0	0		
welfare	ORG_6d41a4cde7a540bf	The Hearts of Hope Foundation Tanzania	Welfare (unclassified child-focused NGO)	False	False						0	0		
welfare	ORG_396698e1603aced1	MOTHER AND CHILD CARE	Welfare (unclassified child-focused NGO)	False	False						0	0		
welfare	ORG_807fb6b11fb1e419	ATPEACE FOUNDATION	Welfare specialised centre	False	False						0	0		
welfare	ORG_c8437bbef1b0d2dd	ME AND ORPHANS TANZANIA	Welfare family-based programme	False	False						0	0		
welfare	ORG_4e5c8606195c68d6	VOLANTE'S EAGLES ORGANIZATION (VEO)	Welfare (unclassified child-focused NGO)	False	False						0	0		
welfare	ORG_1b434c1b00c134f7	HOPE SEED INITIATIVES	Welfare (unclassified child-focused NGO)	False	False						0	0		
welfare	ORG_370a777769b10bbf	LEADING BY FEEDING AFRICA	Welfare (unclassified child-focused NGO)	False	False						0	0		
welfare	ORG_a447c702f8f86a18	TANZANIA CHILD CARE AND TECHNICAL SUPPORT	Welfare specialised centre	False	False						0	0		
welfare	ORG_e1de47e54cb95bc9	TREE OF LOVE FOUNDATION	Welfare (unclassified child-focused NGO)	False	False						0	0		
welfare	ORG_b055fd15e9ffd6e9	EASTERN STAR CHILDREN ORGANIZATION	Welfare (unclassified child-focused NGO)	False	False						0	0		
welfare	ORG_1750013c04cfa873	I Want to Be Foundation	Welfare (unclassified child-focused NGO)	False	False						0	0		
welfare	ORG_f12f0b4c517baada	SUPPORT CHILDREN AND COMMUNITY ADVANCEMENT   (SUCARE)	Welfare (unclassified child-focused NGO)	False	False						0	0		
welfare	ORG_07ae6214b2abd98f	HANDS FOR CHILDREN AND WOMEN IN TANZANIA (HACHAWOTA)	Welfare (unclassified child-focused NGO)	False	False						0	0		
welfare	ORG_e4510f9b70b2d47d	Watoto Kicheko Orphanage	Welfare residential care	True	True						0	0		
welfare	ORG_489f4d32263b7390	DEAF AND COMMUNITY PROGRESS ORGANIZATION	Welfare specialised centre	False	False						0	0		
welfare	ORG_cb43050c99980d46	LOVING BY ACTIONS ORGANIZATION	Welfare (unclassified child-focused NGO)	False	False						0	0		
welfare	ORG_b152d3d266f623db	ANGAZIA	Welfare specialised centre	False	False						0	0		
welfare	ORG_3e503de92126f00b	Africa Dream Safaris	Welfare funder	True	True						0	0		
welfare	ORG_a39127c1c143dce0	Big Future Foundation	Welfare family-based programme	True	True						0	0		
welfare	ORG_b5b9a477a89343a3	Butterfly Africa	Welfare (unclassified child-focused NGO)	False	False						0	0		
welfare	ORG_5845c804bf81ea8a	EDUCATION FOR CHILDREN IN NEED (ECN)	Welfare (unclassified child-focused NGO)	False	False						0	0		
welfare	ORG_810ef2b9b722f620	FARAJA SUPPORT FOR NEEDY CHILDREN AND ORPHANS ORGANIZATION (FSNO)	Welfare family-based programme	False	False						0	0		
welfare	ORG_032304ca3113161b	Happy Childhood Foundation	Welfare (unclassified child-focused NGO)	False	False						0	0		
welfare	ORG_1f4af913d5a05009	Heart for Africa (UK)	Welfare funder	True	True						0	0		
welfare	ORG_f7c41ad6457cb5c8	Osiligi Orphanage Center (Arusha)	Welfare residential care	True	True						0	0		
welfare	ORG_545648d6858a4766	Safe Home for Children with Disabilities	Welfare specialised centre	False	False						1	0		
welfare	ORG_b31f8d1d8da9ad7c	Levites Children Foundation (LCF)	Welfare family-based programme	False	False						0	0		
welfare	ORG_b4e0e1685845af81	Salama Foundation Tanzania	Welfare (unclassified child-focused NGO)	False	False						0	0		
welfare	ORG_e29f6f4c66e82279	RELIEF FOR THE HOPELESS FOUNDATION (RHF)	Welfare family-based programme	False	False						0	0		
welfare	ORG_7bcc97ded7a50796	Uplifting  and Nurturing Them	Welfare (unclassified child-focused NGO)	False	False						0	0		
welfare	ORG_b4d903331e1297a7	ACHA WACHEZE	Welfare (unclassified child-focused NGO)	False	False						0	0		
welfare	ORG_57027566f8bf7234	HELP FOR THE MAASAI ORGANIZATION	Welfare (unclassified child-focused NGO)	False	False						0	0		
welfare	ORG_10c9df3e14c67cd2	LENGIJABE CHILDREN'S VOLUNTEERING RELIEF	Welfare family-based programme	False	False						0	0		
welfare	ORG_e1e86eecceccea04	OKIA TANZANIA	Welfare (unclassified child-focused NGO)	False	False						0	0		
welfare	ORG_aec28a05de4162a4	Empact Foundation	Welfare (unclassified child-focused NGO)	False	False						0	0		
welfare	ORG_45a2afa13b2b7fa3	Every Child Count	Welfare (unclassified child-focused NGO)	False	False						0	0		
welfare	ORG_f00475035064ba00	LIFE BRIDGE FOUNDATION	Welfare (unclassified child-focused NGO)	False	False						0	0		
welfare	ORG_5b282013970add06	LIGHT FOR MANY	Welfare (unclassified child-focused NGO)	False	False						0	0		
welfare	ORG_0bfdf3f68d59354b	THE BANDARI YA MAENDELEO ORGANIZATION	Welfare (unclassified child-focused NGO)	False	False						0	0		
welfare	ORG_47b33a0f82a0f2f1	Kilimanjaro Children and Youth Centre (KCYC)	Welfare specialised centre	True	True						0	0		
welfare	ORG_7094f8e6e8f02e13	Starving children	Welfare (unclassified child-focused NGO)	False	False						0	0		
welfare	ORG_950eb7fa35608312	NASHUMU VULNERABLE GIRLS RESCUE INITIATIVES (NAVUGIREI)	Welfare specialised centre	False	False						0	0		
welfare	ORG_fd4c76169339ed62	TANZANIA PEOPLE WITH DISABILITY SUPPORT ORGANISATION- (TAPDISO)	Welfare specialised centre	False	False						0	0		
welfare	ORG_5f3295fcfe399a38	EBENEZER ORPHANAGE CENTRE	Welfare residential care	False	False						0	0		
welfare	ORG_ff2772a9cc05c3ea	KALULU  CHARITABLE  FOUNDATION	Welfare (unclassified child-focused NGO)	False	False						0	0		
welfare	ORG_0cab4584375baa7a	TATA CHILDREN ORGANIZATION	Welfare family-based programme	False	False						0	0		
welfare	ORG_38651d0c777b3a05	Emayani vulnerable people's center	Welfare specialised centre	False	False						0	0		
welfare	ORG_b32c32244c501f49	Exploration Kids Organization - EKO	Welfare (unclassified child-focused NGO)	False	False						0	0		
welfare	ORG_3f8af8559eb36f05	Children Talents Identification and Development Organization	Welfare (unclassified child-focused NGO)	False	False						0	0		
welfare	ORG_25c604f4f9c0dde4	Ndovu Foundation	Welfare family-based programme	False	False						0	0		
welfare	ORG_27a331be16a7156c	TODAY'S CHILDREN  AND YOUTH LIFE ORGANIZATION (TCYLO)	Welfare (unclassified child-focused NGO)	False	False						0	0		
welfare	ORG_b9b747ec5a01e149	MERU PEAK FOUNDATION	Welfare family-based programme	False	False						0	0		
welfare	ORG_bd7807f6f651b93b	HEALTH INITIATIVE FOR KIDS AND ELDERS (HIKE)	Welfare (unclassified child-focused NGO)	False	False						0	0		
welfare	ORG_ba24ad6a611c53fd	MAMA ZETU FOUNDATION	Welfare (unclassified child-focused NGO)	False	False						0	0		
welfare	ORG_0dc0ecbd3cfcf969	The Light of Change Foundation	Welfare specialised centre	False	False						0	0		
welfare	ORG_910e37195df7227a	Hope Bearers	Welfare (unclassified child-focused NGO)	False	False						0	0		
welfare	ORG_f706ae395f81de75	Asali partner community centre, Majengo (Moshi)	Welfare family-based programme	True	True						0	0		
welfare	ORG_559a4fb511627ff0	OMAWA (Moshi)	Welfare family-based programme	True	True						0	0		
welfare	ORG_046466a048ffa573	Tanzania Women Research Foundation (Moshi)	Welfare family-based programme	True	True						0	0		
welfare	ORG_230a19b7e56984bd	Global Vessels	Welfare funder	True	True						1	0		
welfare	ORG_e739b83570d8c18d	Kili Vikings Limited	Welfare funder	True	True						1	0		
welfare	ORG_e779ead40d7a27ce	Utopia Foundation Inc	Welfare funder	True	True						0	0		
welfare	ORG_a333075740c7d402	VUKA INITIATIVE	Welfare (unclassified child-focused NGO)	False	False						0	0		
welfare	ORG_49dbdbab08b2092a	Espero Foundation	Welfare family-based programme	True	True						0	0		
welfare	ORG_317b4fb89c017278	Amazing Grace Widows and orphans Tanzania	Welfare family-based programme	True	True						0	0		
welfare	ORG_54a974bf971a2119	SINONI NGARASHI EDUCATION AND ORPHANS ORGANIZATION	Welfare family-based programme	True	True						0	0		
welfare	ORG_7b1b8d0b39c73fd1	Best Centre for the Blind	Welfare specialised centre	False	False						0	0		
welfare	ORG_3453cd3ae70d84ef	YOUTH POWER IN SOCIAL ACTION	Welfare (unclassified child-focused NGO)	False	False						0	0		
welfare	ORG_cf4dc83258feba39	Green Path Foundation (Green PF)	Welfare (unclassified child-focused NGO)	False	False						0	0		
welfare	ORG_fe9c4cb0ef911751	Shujaa wa Upendo Initiative (SUI Tanzania)	Welfare (unclassified child-focused NGO)	False	False						0	0		
welfare	ORG_9769a5d226dd529e	HOSSANA HOME CARE FOUNDATION	Welfare residential care	False	False						0	0		
welfare	ORG_8775a4ea09b47e91	LEAD  FOR HUMAN CARE AND SHARE ORGANIZATION (LEHCSO)	Welfare (unclassified child-focused NGO)	False	False						0	0		
welfare	ORG_7ca3ed1e15a3c1ad	WAMOJA FOUNDATION	Welfare (unclassified child-focused NGO)	False	False						0	0		
welfare	ORG_6bb8a4b1b7038858	Huduma ya Kijamii Tanzania (HKT)	Welfare (unclassified child-focused NGO)	False	False						0	0		
welfare	ORG_802f16986ead5931	JAMII IMARIKA FOUNDATION	Welfare (unclassified child-focused NGO)	False	False						0	0		
welfare	ORG_cf6eb889cea44481	Lomayana-Saint	Welfare (unclassified child-focused NGO)	False	False						0	0		
welfare	ORG_c51433b9ea8c5516	The Kutamani Foundation	Welfare (unclassified child-focused NGO)	False	False						0	0		
welfare	ORG_963532783309db7f	VICTORY OF WOMEN AND CHILDREN FOUNDATION	Welfare (unclassified child-focused NGO)	False	False						0	0		
welfare	ORG_86c19bd6f8efd507	WINGS OF CHANGE (WOC)	Welfare (unclassified child-focused NGO)	False	False						0	0		
welfare	ORG_dc00c30994b2c9cb	TRAINING, RESEARCH, MONITORING AND EVALUATION ON GENDER AND AIDS (TRMEGA)	Welfare (unclassified child-focused NGO)	False	False						0	0		
welfare	ORG_25b3111c79adf317	Wings Children Foundation (WCF)	Welfare (unclassified child-focused NGO)	False	False						0	0		
welfare	ORG_c86c806e634f67ec	AFRICA ACTION FOR FUNDAMENTAL CHANGE AND DEVELOPMENT	Welfare specialised centre	False	False						0	0		
welfare	ORG_856dedfa3d649047	AFRICA NDOTO ORGANIZATION	Welfare family-based programme	False	False						0	0		
welfare	ORG_ef42f4670d10ecc4	WATOTO FUTURE INITIATIVES	Welfare (unclassified child-focused NGO)	False	False						0	0		
welfare	ORG_d08289c4d588fa48	Masola Foundation	Welfare (unclassified child-focused NGO)	False	False						0	0		
welfare	ORG_4c83753ef02ad1f7	KUJALI FOUNDATION TANZANIA (KFT)	Welfare (unclassified child-focused NGO)	False	False						0	0		
welfare	ORG_c5ea81fc8175669a	Kingdom Matters Organisation	Welfare specialised centre	False	False						0	0		
welfare	ORG_5af4ec031968056e	Salama Home and Joyful Children Organization	Welfare specialised centre	False	False						0	0		
welfare	ORG_58bc92d05b7239b9	AHSANTE FOUNDATION TANZANIA (AFOTA)	Welfare (unclassified child-focused NGO)	True	True						0	0		
welfare	ORG_b89d48bb2af39ef8	Arusha Children Center	Welfare specialised centre	True	True						0	0		
welfare	ORG_9ad8684aa8e102e8	Arusha Children's Trust (ACT)	Welfare funder	True	True						0	0		
welfare	ORG_3bba7f9dda7916c4	Arusha Lutheran Medical Center	Welfare funder	True	True						0	0		
welfare	ORG_f3bd1e45046847c1	Bassari Community Empowerment and Development	Welfare (unclassified child-focused NGO)	True	True						0	0		
welfare	ORG_678178d329f3761c	CHETI NGO	Welfare family-based programme	True	True						0	0		
welfare	ORG_a701ebf6a2b9fbbd	Connects Autism Tanzania	Welfare specialised centre	True	True						0	0		
welfare	ORG_5266c1e9bf4cace5	Friends Support for Community Development (FRI-SUCODE) Organization	Welfare (unclassified child-focused NGO)	True	True						0	0		
welfare	ORG_851d2f873a11f20f	HEALTH INTEGRATED MULTISECTORAL DEVELOPMENT (HIMD)	Welfare specialised centre	True	True						0	0		
welfare	ORG_9e9b0163d6e5bc4b	Ndoto in Action (NIA)	Welfare (unclassified child-focused NGO)	True	True						0	0		
welfare	ORG_58f1eb3ed28d57a8	PEACEMAKERS FOR ALBINISM AND COMMUNITY (PAC)	Welfare specialised centre	True	True						0	0		
welfare	ORG_e0ee669d4dbfe9a5	Private Explorers	Welfare funder	True	True						0	0		
welfare	ORG_cc42ea29f997afed	RESCUE CHILDREN CHARITY ORGANIZATION	Welfare specialised centre	True	True						0	0		
welfare	ORG_b694722a0288477c	Read With Me Arusha	Welfare funder	True	True						0	0		
welfare	ORG_b6bc291bc53de13f	Tumaini House (YWAM Arusha Tumaini Children Ministry)	Welfare family-based programme	True	True						0	0		
welfare	ORG_2f79eb36c2b80e13	Ucare Family Home	Welfare residential care	True	True						0	0		
welfare	ORG_0050c8fb39706440	Catholic Diocese of Moshi	Welfare funder	True	True						0	0		
welfare	ORG_4a22f1344209f72f	Child Hope Development Organization	Welfare family-based programme	True	True						1	0		
welfare	ORG_66f4352545606001	KAHE HOME FOR MENTAL RETARTED CHILDREN	Welfare specialised centre	True	True						0	0		
welfare	ORG_d788cac25e9f03c3	Kilimanjaro Childlight Foundation	Welfare family-based programme	True	True						1	0		
welfare	ORG_9f8fd4eefcb75ab4	Kilimanjaro Foundation	Welfare family-based programme	True	True						0	0		
welfare	ORG_2b725552cb4e8836	Marangu Anza Pamoja Organization	Welfare (unclassified child-focused NGO)	True	True						0	0		
welfare	ORG_2c99c49e7035e66f	NAFGEM Tanzania	Welfare (unclassified child-focused NGO)	True	True						0	0		
welfare	ORG_495c07c01b748589	Neema International	Welfare family-based programme	True	True						0	0		
welfare	ORG_a415f12c97d000bd	SECOND CHANCE EDUCATION CENTRE	Welfare specialised centre	True	True						0	0		
welfare	ORG_912db48c5fbcdda0	ZION GATES FOUNDATION	Welfare (unclassified child-focused NGO)	True	True						0	0		
welfare	ORG_2ecaadc2bedfaa30	ASANTE AFRICA TANZANIA	Welfare (unclassified child-focused NGO)	True	True						0	0		
welfare	ORG_61b5d4ac92500587	AUTISM BEYOND BORDERS  TZ	Welfare specialised centre	True	True						0	0		
welfare	ORG_a3983a987c112c11	African Moons Tanzania	Welfare (unclassified child-focused NGO)	True	True						0	0		
welfare	ORG_40700c22aae33c5c	Afrikids (Coral Gables, FL)	Welfare funder	True	True						0	0		
welfare	ORG_bc92453110a580f5	Al-barro Foundation	Welfare funder	True	True						0	0		
welfare	ORG_9c563bd0910582a2	Arthur B Schultz Foundation	Welfare funder	True	True						0	0		
welfare	ORG_94dcf1f22b82f9c5	Asali	Welfare funder	True	True						0	0		
welfare	ORG_e381e6ebc6653775	Benjamin Runga Foundation	Welfare (unclassified child-focused NGO)	True	True						0	0		
welfare	ORG_6982e388ba3d4464	Children Of Kilimanjaro Orphanage Inc	Welfare funder	True	True						2	0		
welfare	ORG_3125559ff23979f3	Children, Youth education and Talent Empowerment Organisation (CHAYETEO)	Welfare (unclassified child-focused NGO)	True	True						0	0		
welfare	ORG_3b011f0c6867dc4a	Coffeyville Area Community Foundation Inc	Welfare funder	True	True						0	0		
welfare	ORG_b9f7cac4de078b65	Cscna Charity Corps Inc	Welfare funder	True	True						0	0		
welfare	ORG_6f5b26e68d18c402	DYSLEXIA TANZANIA	Welfare (unclassified child-focused NGO)	True	True						0	0		
welfare	ORG_403a96adba1fdb7b	ELLE PEUT NAIDIM (EPN)	Welfare (unclassified child-focused NGO)	True	True						0	0		
welfare	ORG_f761a6f2fccaa8e3	ELY EDUCATION VISION ORGANIZATION	Welfare (unclassified child-focused NGO)	True	True						0	0		
welfare	ORG_a3c5b1747a4e9c42	EdPowerment Inc	Welfare funder	True	True						0	0		
welfare	ORG_7519790c55b23975	Educating Tanzania Foundation	Welfare funder	True	True						0	0		
welfare	ORG_420f3ed9cd8e7265	FINNISH SPECIAL EDUCATION IN AFRICA ry	Welfare (unclassified child-focused NGO)	True	True						0	0		
welfare	ORG_6682c9566d1c522a	FORTUNE KIDS AND EDUCATION FOUNDATION (FKEF)	Welfare specialised centre	True	True						0	0		
welfare	ORG_5945599ec9bae328	Falcos Children Africa Inc	Welfare funder	True	True						0	0		
welfare	ORG_01870c7c3ca7aa0d	Faraja Forward Tanzania.	Welfare specialised centre	True	True						0	0		
welfare	ORG_e25102f3f49335b9	Faraja Fund Foundation	Welfare funder	True	True						0	0		
welfare	ORG_3b62df9fc58b4292	Foerderverein URRC e.V.	Welfare funder	True	True						0	0		
welfare	ORG_7b5e1cb2fbdf828f	Foundation For Hope In Africa Inc	Welfare funder	True	True						0	0		
welfare	ORG_ef463da6034a5b73	Friends Of Tanzania - Marafiki Wa Tanzania	Welfare funder	True	True						0	0		
welfare	ORG_c4c02b2c8b193dce	Friends of Amani UK	Welfare funder	True	True						0	0		
welfare	ORG_b8e667ff60877dfb	From Hearts 2 Hands	Welfare (unclassified child-focused NGO)	True	True						0	0		
welfare	ORG_17289bafe9b97ea6	Furahia Mtoto Foundation (FUMFO)	Welfare (unclassified child-focused NGO)	True	True						0	0		
welfare	ORG_a000fd7889e6b5c7	GEM LEGACY INC	Welfare (unclassified child-focused NGO)	True	True						0	0		
welfare	ORG_7c04beac2800544a	GENTECH FOUNDATION	Welfare (unclassified child-focused NGO)	True	True						0	0		
welfare	ORG_252e3853b4fb3810	GOOD HOPE KIWAWA FOUNDATION	Welfare (unclassified child-focused NGO)	False	False						0	0		
welfare	ORG_d82bfc7e8937c548	Gily's Children Foundation	Welfare (unclassified child-focused NGO)	True	True						0	0		
welfare	ORG_9e1e3fe04910f3d7	Global Development Group USA Inc	Welfare funder	True	True						0	0		
welfare	ORG_4cce5bbdba921dda	Go Campaign	Welfare funder	True	True						0	0		
welfare	ORG_62b82cc04e3b3ab9	Godparents For Tanzania	Welfare funder	True	True						0	0		
welfare	ORG_6241c101af9c24f6	HALEVAFRICA	Welfare (unclassified child-focused NGO)	True	True						0	0		
welfare	ORG_8ae2598f233d2b33	HANDICAPPED CHILDREN REHABILITATION TANZANIA (HACRET)	Welfare specialised centre	True	True						0	0		
welfare	ORG_6d7661631ef7c360	Hearts And Hands For Humanity	Welfare funder	True	True						0	0		
welfare	ORG_11fb58587f092ede	Hidden Hearts Foundation	Welfare funder	True	True						0	0		
welfare	ORG_d12b83567a6f978b	Hope Home Trust	Welfare funder	True	True						1	0		
welfare	ORG_92db36d36c15457e	Hope Without Borders-USA Inc	Welfare funder	True	True						0	0		
welfare	ORG_53e04c20bac29e5b	Innovo Benefits Group	Welfare funder	True	True						0	0		
welfare	ORG_dbdb8776edeea8a4	KIKATITI HAPPY WATOTO HOME	Welfare residential care	True	True						0	0		
welfare	ORG_5ca074b433e6b65c	Karama Connection	Welfare funder	True	True						0	0		
welfare	ORG_7e627324f0383a9d	Kesho	Welfare funder	True	True						0	0		
welfare	ORG_6e8c3a1ed9e1ff2f	Kid Care International	Welfare (unclassified child-focused NGO)	True	True						0	0		
welfare	ORG_243823c9b1a23dca	Kidcare International	Welfare funder	True	True						0	0		
welfare	ORG_7de42e9433dbc49f	LIFTED STRONG COMMUNITY ORGANIZATION (LISCO)	Welfare (unclassified child-focused NGO)	True	True						0	0		
welfare	ORG_cb7ade486eadb1a9	Liaison Group	Welfare funder	True	True						0	0		
welfare	ORG_6b58131d45339f3c	Lift-the-lid	Welfare funder	True	True						0	0		
welfare	ORG_b1a1ed4279ee86a3	Love Our Tanzania Family Inc	Welfare funder	True	True						1	0		
welfare	ORG_6ed159660d5aeb7c	MALEZI AIDS/CARE AWARENESS ORGANIZATION (MACAO)	Welfare (unclassified child-focused NGO)	False	False						0	0		
welfare	ORG_60d9320fb191af2f	Maasai Women and Children Initiative ( MWACI-Ogranization)	Welfare (unclassified child-focused NGO)	True	True						0	0		
welfare	ORG_ac50f69f1783d585	Milelo Tanzania Organization	Welfare (unclassified child-focused NGO)	True	True						0	0		
welfare	ORG_ada65e7fb7536cbd	My Daily Armor Ministries Inc	Welfare funder	True	True						0	0		
welfare	ORG_9b2b888cf76605c6	NDOTO ZETU	Welfare (unclassified child-focused NGO)	True	True						0	0		
welfare	ORG_a80b9e0c9b4c6c52	NURU YETU FOUNDATION	Welfare (unclassified child-focused NGO)	True	True						0	0		
welfare	ORG_2a5b6f7d48f1083f	Neema Village Tanzania Inc	Welfare funder	True	True						2	0		
welfare	ORG_e89297d1b9880674	New Day Foundation Inc	Welfare funder	True	True						0	0		
welfare	ORG_9b46fae3ec64077a	New Hope Initiative, Inc	Welfare specialised centre	True	True						0	0		
welfare	ORG_d2f9a35154f54032	O'BRIEN SCHOOL FOR THE MAASAI	Welfare (unclassified child-focused NGO)	True	True						0	0		
welfare	ORG_625ffe9021a73962	OSOTUWA FOUNDATION	Welfare (unclassified child-focused NGO)	True	True						0	0		
welfare	ORG_6c50fc3ed3136902	Opportunity Builds Africa (formerly Operation Bootstrap-Africa)	Welfare funder	True	True						0	0		
welfare	ORG_8ccf2f20b2fbdc38	PROJECT ZAWADI INCORPORATED	Welfare (unclassified child-focused NGO)	True	True						0	0		
welfare	ORG_519fd29630fe26f8	ProManity International	Welfare (unclassified child-focused NGO)	True	True						0	0		
welfare	ORG_dc17765764b52a61	SAFARIS WITH A HEART	Welfare (unclassified child-focused NGO)	True	True						0	0		
welfare	ORG_ee5aa6f12ec0b808	SHARE CHILDREN'S VILLAGES FOUNDATION	Welfare residential care	True	True						0	0		
welfare	ORG_30ed9789e084fc28	SIOUXLAND TANZANIA EDUCATION MEDICAL MINISTRIES	Welfare residential care	True	True						0	0		
welfare	ORG_123ace4d0cd54921	SONGAMBELE INITIATIVE ORGANIZATION	Welfare specialised centre	True	True						0	0		
welfare	ORG_39f8f6995e3d2c57	Scott Willis Legacy Foundation	Welfare funder	True	True						0	0		
welfare	ORG_f6eecc95e2801d39	Son and Oscar Foundation	Welfare (unclassified child-focused NGO)	False	False						0	0		
welfare	ORG_47fe03eccbb215f4	TABASAMU AFRICA ORGANIZATION	Welfare (unclassified child-focused NGO)	True	True						0	0		
welfare	ORG_ee895ae977532252	Tansania Laechelt Organization	Welfare family-based programme	True	True						0	0		
welfare	ORG_28c5663df342e71e	The Faraji Foundation	Welfare funder	True	True						0	0		
welfare	ORG_5b984e31fc153ea0	UPENDO FOUNDATION AUSTRALIA CHILDREN'S HOME (UFACH)	Welfare residential care	True	True						0	0		
welfare	ORG_6d67193d5776bba0	UPENDO: One Kid at a Time	Welfare funder	True	True						0	0		
welfare	ORG_a4ba2e5c771dadee	Vibrant Village Foundation	Welfare funder	True	True						0	0		
welfare	ORG_36d24c454b489603	Vrienden van Amani Nederland	Welfare funder	True	True						0	0		
welfare	ORG_daad5ea8a68e351f	WATOYO Tanzania e.V.	Welfare funder	True	True						0	0		
welfare	ORG_94763fb53c3e44c7	WOMEN INITIATIVES FOR THE STREET AND WORKING CHILDREN' WELFARE (WIWOCHI)	Welfare (unclassified child-focused NGO)	True	True						0	0		
welfare	ORG_16297186ccc76c28	YOUNG MINDS EDUCATION ORGANIZATION	Welfare (unclassified child-focused NGO)	True	True						0	0		
welfare	ORG_b2f279687e45fedd	kipepeo family foudation	Welfare (unclassified child-focused NGO)	True	True						0	0		
welfare	ORG_26db3a07f861ce0c	Maasai Girls Rescue Center Inc	Welfare funder	True	True						0	0		
welfare	ORG_9c1aaee778affe38	SOS Children's Villages International / SOS Children's Villages Tanzania	Welfare funder	True	True						0	0		
welfare	ORG_c55172f46f7162d4	The Bahati Trust for Orphans in Tanzania	Welfare funder	True	True						0	0		
welfare	ORG_c64d5120541518db	Le Bao's Kids Foundation	Welfare specialised centre	True	True						0	0		
welfare	ORG_e6035f0f9254b941	Shalom Center (Kisongo)	Welfare residential care	False	False						0	0		
welfare	ORG_a0fa2c97f15716e1	ARUSHA CHILD RIGHTS ORGANIZATION (ACRO)	Welfare family-based programme	False	False						0	0		
welfare	ORG_58202e16b5f7d12c	TARAMA WOMEN FOUNDATION	Welfare (unclassified child-focused NGO)	False	False						0	0		
welfare	ORG_5bd4e88daef3faaa	Volcano Development of Children's (VODEC)	Welfare (unclassified child-focused NGO)	False	False						0	0		
welfare	ORG_f495661315952d21	ASHE FOUNDATION	Welfare (unclassified child-focused NGO)	False	False						0	0		
welfare	ORG_ffedee7606a62921	EJUNG'O CHILD AND YOUTH FOUNDATION	Welfare (unclassified child-focused NGO)	False	False						0	0		
welfare	ORG_b44a288aa0f74068	Hope Sunshine Foundation	Welfare family-based programme	False	False						0	0		
welfare	ORG_54df456df6bebaa8	STABLE LIFE FOR TANZANIA KIDS FOUNDATION	Welfare (unclassified child-focused NGO)	False	False						0	0		
welfare	ORG_217522f0661e6cce	ZOE AFRICA (TZ)	Welfare family-based programme	False	False						0	0		
welfare	ORG_4f6e9f557f607094	EMBUAN CHILDREN AND YOUTH FOUNDATION (ECYF)	Welfare (unclassified child-focused NGO)	False	False						0	0		
welfare	ORG_ea6715489a587eae	KINGDOM CHILDCARE ORGANIZATION	Welfare (unclassified child-focused NGO)	False	False						0	0		
welfare	ORG_c05202ae2783b1aa	DEAFBLIND ASSISTANCE SERVICES (DBAS)	Welfare specialised centre	False	False						0	0		
welfare	ORG_98d96623812345d5	MOSHONO CHILDREN FOUNDATION (MCF)	Welfare family-based programme	False	False						0	0		
welfare	ORG_f7cb0d575c4e9b2e	NICE ORPHANS CENTRE (NOC)	Welfare family-based programme	False	False						0	0		
welfare	ORG_1d235a7ba61118eb	Precious Orphans Children (POCH)	Welfare family-based programme	False	False						0	0		
welfare	ORG_afa781a571839ce9	MESHACK ERETO FOUNDATION	Welfare (unclassified child-focused NGO)	False	False						0	0		
welfare	ORG_9990beecd05c2640	SHALOM CENTRE FOR STREET CHILDREN	Welfare specialised centre	False	False						0	0		
welfare	ORG_253bcddac2c7cfc1	THEMI YOUTH ORPHANAGE	Welfare residential care	False	False						0	0		
welfare	ORG_0e6e36885128a918	Ikunda Needs and Orphans Children Organization	Welfare family-based programme	False	False						0	0		
welfare	ORG_1d2b1648689d46af	KUZA KIPAJI ORGANIZATION	Welfare (unclassified child-focused NGO)	False	False						0	0		
welfare	ORG_5d39fedd7bbbff28	Kujengana Network	Welfare (unclassified child-focused NGO)	False	False						0	0		
welfare	ORG_5f658e3616c1a17b	ABILITY IN DISABILITY TANZANIA	Welfare specialised centre	False	False						0	0		
welfare	ORG_cba49d0f6be84790	Glory Vision Tanzania	Welfare (unclassified child-focused NGO)	False	False						0	0		
welfare	ORG_460b2e993b6ad8b1	ESAM Foundation for Change	Welfare (unclassified child-focused NGO)	False	False						0	0		
welfare	ORG_5593daf0d8c05a53	Huduma ya Fahari Kubwa Foundation	Welfare specialised centre	False	False						0	0		
welfare	ORG_a5ea896cd72f4f5e	TUNAJALI Foundation	Welfare family-based programme	False	False						0	0		
welfare	ORG_e252964e8be56f09	CHILDREN MUST LIVE-TANZANIA  (CML-T)	Welfare family-based programme	False	False						0	0		
welfare	ORG_677eabb2454d8685	YOUNG AND SINGLE MOTHERS DISABILITY ORGANIZATION-YOSIMODO	Welfare specialised centre	False	False						0	0		
welfare	ORG_5883a77fbac74d54	ST. SIMON TOMORROW RETURN OF HOPE FOUNDATION	Welfare (unclassified child-focused NGO)	False	False						0	0		
welfare	ORG_30b3480487614aca	GRACIOUS GIVERS FAMILY	Welfare family-based programme	False	False						0	0		
welfare	ORG_7eec6867b81bf6d4	UNITED WE CHANGE LIVES	Welfare (unclassified child-focused NGO)	False	False						0	0		
welfare	ORG_9a2e1fd51caa26b7	His Healing Hands Africa Ministry (Meru, Arusha)	Welfare residential care	False	False						0	0		
welfare	ORG_4dcd8cd5ec1eeaf5	Huruma Orphanage (Nshupu)	Welfare residential care	False	False						0	0		
welfare	ORG_27b52e72276973ec	Amazing Children's Home (Arusha)	Welfare residential care	False	False						0	0		
welfare	ORG_ca6e294c4a7b83a9	CANDENEZ MISSION FOR EMPOWERING VULNERABLE CHILDREN	Welfare family-based programme	True	True						0	0		
welfare	ORG_3de4936491265945	Choose Love home for orphans (Arusha)	Welfare residential care	False	False						0	0		
welfare	ORG_ddb79468329ef2fc	DINKWA WOMEN DEVELOPMENT ORGANIZATION (DIWODEO)	Welfare (unclassified child-focused NGO)	True	True						0	0		
welfare	ORG_7601c9c319952110	Holley Children Orphanage (Arusha)	Welfare residential care	False	False						0	0		
welfare	ORG_90d5a3b22943e0fe	Kidcare International centre for street children (Arusha)	Welfare specialised centre	False	False						0	0		
welfare	ORG_765b3ccd694ee28b	LEARNING MINDS AFRICA ORGANIZATION	Welfare (unclassified child-focused NGO)	True	True						0	0		
welfare	ORG_ec2d1fb3334e22e4	Malaika Orphanage (Arusha)	Welfare residential care	False	False						0	0		
welfare	ORG_e881feed8003a276	Mama Jane's Orphanage (Arusha)	Welfare residential care	False	False						0	0		
welfare	ORG_77903c7ad3418662	One Heart Source Children's Welfare Network / Children's Home (Arusha)	Welfare residential care	False	False						0	0		
welfare	ORG_8738f330a6032812	TANZANIA HOST VOLUNTEER (THV)	Welfare (unclassified child-focused NGO)	True	True						0	0		
welfare	ORG_fc7c739546636cd0	Victoria's Giving Foundation (Arusha)	Welfare family-based programme	False	False						0	0		
welfare	ORG_032395a73bad1b3e	WORLD VISION TANZANIA	Welfare (unclassified child-focused NGO)	True	True						0	0		
welfare	ORG_9cfe0f232fd76523	Arnold House AIDS Orphanage (Moshi)	Welfare residential care	False	False						0	0		
welfare	ORG_2c70b6e07a808e15	Better Future International Tanzania (Moshi)	Welfare residential care	False	False						0	0		
welfare	ORG_984f4011ee757661	Children of Destiny Foundation / New Life Christian Children's Home (Moshi)	Welfare residential care	False	False						0	0		
welfare	ORG_ddbd351742f1a21a	ELECTIVE DEVELOPMENT VOLUNTEERS ORGANIZATION	Welfare (unclassified child-focused NGO)	True	True						0	0		
welfare	ORG_03833d9c493885ff	Grace Orphanage (Moshi)	Welfare residential care	False	False						0	0		
welfare	ORG_ef2bf7b66a51c06e	KWIECO Shelter House	Welfare specialised centre	True	True						0	0		
welfare	ORG_028692018525e8a6	Kilimahewa Children's Education Center (Moshi)	Welfare specialised centre	False	False						0	0		
welfare	ORG_cc4f8524a58350f4	Kim Jones House (orphanage), Moshi	Welfare residential care	False	False						0	0		
welfare	ORG_74456a643ded1f09	St Francis of Assisi Primary School for the Disabled and Orphans (Moshi)	Welfare specialised centre	False	False						0	0		
welfare	ORG_7c5c6d4ad07be87e	St Joseph Shelter of Hope (Moshi)	Welfare residential care	False	False						0	0		
welfare	ORG_77a5a91149309e27	St Joseph's Children's Home (Franciscan Sisters of St Joseph, Moshi)	Welfare residential care	False	False						0	0		
welfare	ORG_72d04c7ad70ddb32	VOV Center (Moshi)	Welfare residential care	False	False						0	0		
welfare	ORG_8c2d70b606133ece	CONVOY OF HOPE	Welfare family-based programme	True	True						0	0		
welfare	ORG_ed93d8afc2020760	Capital International (Isle of Man)	Welfare funder	True	True						0	0		
welfare	ORG_25188ad4459e4fcb	Concordia Lutheran Ministries Foundation	Welfare funder	True	True						0	0		
welfare	ORG_d0dab6bbff2ba236	FOUNDATION LE SOLSTICE TANZANIA	Welfare (unclassified child-focused NGO)	True	True						0	0		
welfare	ORG_ff086ad36bf5b583	Friends of Amani US Inc	Welfare funder	True	True						0	0		
welfare	ORG_4e87ba0c4e74c59c	Grand Circle Foundation Inc	Welfare funder	True	True						0	0		
welfare	ORG_2cb2e5c30d55c583	Hidden With Christ Ministries	Welfare funder	True	True						0	0		
welfare	ORG_e7b5ce5a6d0d287c	Hope and Soul Tanzania	Welfare (unclassified child-focused NGO)	True	True						0	0		
welfare	ORG_9c3e9fae912ee6c1	Imaniworld	Welfare funder	True	True						0	0		
welfare	ORG_b06b310f6d18d1db	Kilimanjaro Childrens Fund	Welfare funder	True	True						0	0		
welfare	ORG_02415fa2f758db6c	Koch Foundation Inc	Welfare funder	True	True						0	0		
welfare	ORG_70f482fdddef4b73	Love for the Least	Welfare funder	True	True						0	0		
welfare	ORG_6c36122d00b7a131	One Heart Source	Welfare funder	True	True						0	0		
welfare	ORG_95807d97e5d7034a	One Kind Act	Welfare funder	True	True						0	0		
welfare	ORG_d58a3d241d8f9456	SEEDS OF KINDNESS ORGANIZATION (SOK)	Welfare (unclassified child-focused NGO)	True	True						0	0		
welfare	ORG_a1f68e65402583d5	THE LITTLE OASIS FOUNDATION (TLOF)	Welfare (unclassified child-focused NGO)	True	True						0	0		
welfare	ORG_799986a47af58c82	THE TERENCE G. KLINGELE FOUNDATION	Welfare family-based programme	True	True						0	0		
welfare	ORG_024737bc97309aad	Tanzania Youth Support and Self Reliance Organization	Welfare residential care	True	True						0	0		
welfare	ORG_1798337b5bb97fc7	TerraWatu	Welfare funder	True	True						0	0		
welfare	ORG_497fd6360b909624	TrueToTanzania	Welfare funder	True	True						0	0		
welfare	ORG_32edee56fc8a6b69	Uboratz Inc (UBORA)	Welfare funder	True	True						0	0		
welfare	ORG_d49d53c329c91480	WARIOBA CHILD COMPASSION	Welfare (unclassified child-focused NGO)	True	True						0	0		
welfare	ORG_447ff3b912109981	WILLOWS INTERNATIONAL TANZANIA	Welfare (unclassified child-focused NGO)	True	True						0	0		
welfare	ORG_d52386c895a59fb5	WOMEN AND CHILD VISION (WOCHIVI)	Welfare (unclassified child-focused NGO)	True	True						0	0		
welfare	ORG_e59180a21a6a984d	ZORAH ORGANIZATION	Welfare residential care	True	True						0	0		
welfare	ORG_c72ef616274e9b5d	Child & Youth Development Center - DLBC	Welfare (unclassified child-focused NGO)	False	False						0	0		
welfare	ORG_ec7e47c207b478ef	RESTORE HOPE FOR YOUTH	Welfare (unclassified child-focused NGO)	False	False						0	0		
welfare	ORG_4ecb8d51254eb0ed	Rise Up and Go (RU&GO)	Welfare specialised centre	False	False						0	0		
welfare	ORG_ecc1dfeaad1c6fd1	THE SAMARITAN CHILDREN'S HOME (TSCH)	Welfare residential care	False	False						0	0		
welfare	ORG_846b82f9b63ee379	ONE LOVE AFRICA FOUNDATION	Welfare residential care	False	False						0	0		
welfare	ORG_f7df0453c9e30c17	Green Future and Community Development Tanzania Organization.	Welfare (unclassified child-focused NGO)	False	False						0	0		
welfare	ORG_37336aeecdf95525	ROLINA ASSOCIATION FOR ORPHANS	Welfare family-based programme	False	False						0	0		
welfare	ORG_f255ef80d21e5935	EMUNYANI CHARITY	Welfare family-based programme	False	False						0	0		
welfare	ORG_a22d16abd24d6cad	NEEMAH WINGS FOUNDATION	Welfare (unclassified child-focused NGO)	False	False						0	0		
welfare	ORG_1e786fff59c3fd37	LIPO TUMAINI ORGANIZATION (LTO)	Welfare (unclassified child-focused NGO)	False	False						0	0		
welfare	ORG_2689736e2dbac2e1	JAMII JASIRI	Welfare specialised centre	False	False						0	0		
welfare	ORG_6877fdc7e0a86a8b	USA-RIVER CHILDREN CENTRE	Welfare (unclassified child-focused NGO)	False	False						0	0		
welfare	ORG_5833d2cea2946267	PASSIONATE KIDS CONNECT	Welfare (unclassified child-focused NGO)	False	False						0	0		
welfare	ORG_00811260764f0d55	RELIGHT WINGS FOUNDATION	Welfare (unclassified child-focused NGO)	False	False						0	0		
welfare	ORG_490ae09aa0809c68	KILIMANJARO SMILEY FOUNDATION	Welfare (unclassified child-focused NGO)	False	False						0	0		
welfare	ORG_217bbac04c2ace59	Alliance on Traditional Practices and Women Empowerment (ATPWE)	Welfare (unclassified child-focused NGO)	False	False						0	0		
welfare	ORG_978d034eb54cfcd3	EMPATHY FOUNDATION  TANZANIA	Welfare (unclassified child-focused NGO)	False	False						0	0		
welfare	ORG_f7d2423293a10c10	KABILA MOJA IMPACT	Welfare (unclassified child-focused NGO)	False	False						0	0		
welfare	ORG_e109d8ebfa169209	TANZANIA INCLUSIVE EDUCATION SUPPORT ORGANIZATION (TIESO)	Welfare specialised centre	False	False						0	0		
welfare	ORG_4e8fb3efbbc9b9ad	Comfort Watoto Foundation [COWAFO]	Welfare family-based programme	False	False						0	0		
welfare	ORG_9298cd45ad7280fb	LIFE SUPPORT FOR CHANGE (LSFORC)	Welfare family-based programme	False	False						0	0		
welfare	ORG_42ff3f0456d4c9ed	STUDENTS SUPPORT FOUNDATION(SSF)	Welfare (unclassified child-focused NGO)	False	False						0	0		
welfare	ORG_38ebc8bf4612345d	Vision of East African Child	Welfare (unclassified child-focused NGO)	False	False						0	0		
welfare	ORG_cf29bb57dbe4faa1	KILI-HOPE ORGANISATION	Welfare (unclassified child-focused NGO)	False	False						0	0		
welfare	ORG_a5a3c79a005bcdbb	ARUSHA YOUNG  FEMALE RECOVERY COMMUNITY (AYOFERC)	Welfare (unclassified child-focused NGO)	False	False						0	0		
welfare	ORG_2263fa9d9c9e5808	DOVE FOUNDATION	Welfare (unclassified child-focused NGO)	False	False						0	0		
welfare	ORG_e49bccdfeb8f4926	INITIATIVE FOR YOUTH (INFOY)	Welfare family-based programme	False	False						0	0		
welfare	ORG_bd3975eb693ec2de	LIKALILO INITIATIVES FOUNDATION	Welfare (unclassified child-focused NGO)	False	False						0	0		
welfare	ORG_bf7bfd088fff7d0d	SAIDIA WANAJAMII TANZANIA (SAWATA)	Welfare (unclassified child-focused NGO)	False	False						0	0		
welfare	ORG_a44aa5a88abf73fe	Arusha Children's Home (It Takes a Whole Village Kids)	Welfare residential care	False	False						0	0		
welfare	ORG_46c3beb50ef64447	Passionist Community Arusha	Welfare funder	True	True						0	0		
welfare	ORG_94a8c5cdcaba47f4	Congregation of the Sisters of Our Lady of Kilimanjaro	Welfare funder	False	False						0	0		
welfare	ORG_f7b0f27534386c70	JAMII INNOVATION	Welfare (unclassified child-focused NGO)	False	False						0	0		
welfare	ORG_f5281d4ed4a005dd	WE CARE AID (WCAid) Organization	Welfare (unclassified child-focused NGO)	False	False						0	0		
welfare	ORG_502aeb8ec711ef01	KILIMANJARO AID PROJECT	Welfare family-based programme	False	False						0	0		
welfare	ORG_95661e64d4476be9	HOPE FOR CHILDREN ORGANIZATION	Welfare (unclassified child-focused NGO)	False	False						0	0		
welfare	ORG_75f2fb14e81adbcf	SILOAM INTERNATIONAL AFRICA	Welfare specialised centre	False	False						0	0		
welfare	ORG_8156a90b055ab231	Bridge foundation	Welfare (unclassified child-focused NGO)	False	False						0	0		
welfare	ORG_a0b939e41d3980de	Deaf Hands Foundation(DEHAFO)	Welfare specialised centre	False	False						0	0		
welfare	ORG_d67b719a1eb143ba	AREM FOUNDATION	Welfare family-based programme	True	True						0	0		
welfare	ORG_2dc1fef98d6571b3	Asante Sana	Welfare funder	False	False						0	0		
welfare	ORG_e675047a3d203d34	Be Part Of Their Story Inc	Welfare funder	False	False						0	0		
welfare	ORG_badee9bbbc236030	Care For Children Of The Earth	Welfare funder	False	False						0	0		
welfare	ORG_6e25942fd741d675	Choose Love Inc	Welfare funder	False	False						0	0		
welfare	ORG_5d44966a86fd5122	DISABILITY REPRO - LIGHT ORGANIZATION	Welfare specialised centre	True	True						0	0		
welfare	ORG_eafa0b08d7a2a202	Education Equals Power Inc	Welfare funder	False	False						0	0		
welfare	ORG_9faca14ab962c8bc	Focus On Aids	Welfare funder	False	False						0	0		
welfare	ORG_f889989ae331a7d4	Fruitful Organization	Welfare family-based programme	False	False						0	0		
welfare	ORG_10d85b86fc9ef86d	Habari Foundation International	Welfare funder	False	False						0	0		
welfare	ORG_1f53ea264543e2b2	Klehn Family Foundation	Welfare funder	False	False						0	0		
welfare	ORG_510bb8dd35cc2d90	Orphans International America	Welfare funder	False	False						0	0		
welfare	ORG_35278c355dee6a7c	Peace House Africa	Welfare funder	False	False						0	0		
welfare	ORG_8ef7851bf9db5eb0	Sal-vay-shen Green	Welfare funder	True	True						0	0		
welfare	ORG_40edac7d3f7dfb5e	TANZANIAN  AMBASSADORS  FACILITATING COMMUNITY-DEVELOPMENT  METHODOLOGIES (TAFCOM)	Welfare specialised centre	True	True						0	0		
welfare	ORG_2e899e23820d298d	THE SAME QUALITIES FOUNDATION (SQF)	Welfare (unclassified child-focused NGO)	True	True						0	0		
welfare	ORG_60c91045597133c1	TUMAINI HOME ORGANIZATION (T.H.T.O)	Welfare residential care	False	False						0	0		
welfare	ORG_ce4f6b18bdaa1684	Upendo Kwanza	Welfare (unclassified child-focused NGO)	True	True						0	0		
welfare	ORG_43740005e31ff587	Weily Tribe Foundation	Welfare funder	True	True						0	0		
welfare	ORG_800376a0022629a5	Wevol Inc	Welfare funder	False	False						0	0		
welfare	ORG_ec175fd1b87dac56	Yelloh Foundation	Welfare funder	False	False						0	0		
welfare	ORG_359f116b8adf9907	Home Foundation (Rhotia)	Welfare family-based programme	False	False						0	0		
welfare	ORG_d6d11f72488c76f0	Enjivai Orphanage	Out of scope	True	True						2	0		
welfare	ORG_70cb5fcb461d26e3	IBES Home (IBES Incorporated Limited)	Out of scope	True	True						0	0		
welfare	ORG_cfbd6ac8688bce7b	Africa Hearts Desire (Volunteers Africa Heart's Desire Limited)	Out of scope	True	True						1	0		
welfare	ORG_dfd79380d796a599	Renea Pre and Primary School	Out of scope	True	True						0	0		
welfare	ORG_fb633d62b7bd6b0e	Jitihada Pre & Primary School (orphans)	Out of scope	False	False						0	0		
welfare	ORG_3d935a07f6b844e4	Aim Hai Pre & Primary School	Out of scope	True	True						0	0		
welfare	ORG_2bb4520a0fe72e98	Next Life Foundation	Out of scope	True	True						0	0		
welfare	ORG_96cd2affe1422b18	Uhuru Unit Primary School	Out of scope	False	False						0	0		
welfare	ORG_dfa41f0dcc934072	Mahabusu ya Watoto Arusha (Arusha Children's Retention Home)	Out of scope	True	True						0	0		
government	ORG_5f44a2ea1d7b71a6	Sekretarieti ya Mkoa wa Arusha (Arusha Regional Secretariat)	region	True	True						2	0		
government	ORG_1bf58c85f527de91	Sekretarieti ya Mkoa wa Kilimanjaro (Kilimanjaro Regional Secretariat)	region	True	True						2	0		
government	ORG_91efdf0ad0b9c7f5	Sekretarieti ya Mkoa wa Manyara (Manyara Regional Secretariat)	region	True	True						2	0		
government	ORG_23747b7e6dfcaf50	Ofisi ya Mkuu wa Wilaya ya Arumeru (Arumeru District Commissioner's Office)	district	False	False						0	0		
government	ORG_93a318bbba545db9	Ofisi ya Mkuu wa Wilaya ya Arusha (Arusha District Commissioner's Office)	district	False	False						0	0		
government	ORG_02a670df3d995726	Ofisi ya Mkuu wa Wilaya ya Monduli (Monduli District Commissioner's Office)	district	False	False						0	0		
government	ORG_8dc5eada3840a652	Ofisi ya Mkuu wa Wilaya ya Hai (Hai District Commissioner's Office)	district	False	False						0	0		
government	ORG_2dc63929b722fd43	Ofisi ya Mkuu wa Wilaya ya Moshi (Moshi District Commissioner's Office)	district	False	False						0	0		
government	ORG_8a86289125d26f54	Ofisi ya Mkuu wa Wilaya ya Siha (Siha District Commissioner's Office)	district	False	False						0	0		
government	ORG_d0fe9c8aadd5b0d6	Ofisi ya Mkuu wa Wilaya ya Simanjiro (Simanjiro District Commissioner's Office)	district	False	False						0	0		
government	ORG_c4dc7f062955745a	Halmashauri ya Jiji la Arusha (Arusha City Council)	council	True	True						2	0		
government	ORG_9438946e9fe665e8	Halmashauri ya Wilaya ya Arusha (Arusha District Council)	council	True	True						2	0		
government	ORG_6f846bdf5984e13c	Halmashauri ya Wilaya ya Meru (Meru District Council)	council	True	True						2	0		
government	ORG_cff08d8b1039ed9c	Halmashauri ya Wilaya ya Hai (Hai District Council)	council	True	True						2	0		
government	ORG_f36839e3a8cad97c	Halmashauri ya Wilaya ya Siha (Siha District Council)	council	True	True						2	0		
government	ORG_16925d2caa5e9347	Halmashauri ya Wilaya ya Moshi (Moshi District Council)	council	True	True						2	0		
government	ORG_f7366cc592268d3e	Halmashauri ya Manispaa ya Moshi (Moshi Municipal Council)	council	True	True						2	0		
government	ORG_fd1f7ecd6bc17ae4	Halmashauri ya Wilaya ya Monduli (Monduli District Council)	council	True	True						2	0		
government	ORG_0de390f57d1c0593	Halmashauri ya Wilaya ya Simanjiro (Simanjiro District Council)	council	True	True						2	0		
government	ORG_c0d4b0ff4b4a91ab	Ofisi ya Kata ya Kati (Arusha City Council)	ward	False	False						1	0		
government	ORG_88acc1e31809b7f3	Ofisi ya Kata ya Kaloleni (Arusha City Council)	ward	False	False						1	0		
government	ORG_e53b0c792c9706d9	Ofisi ya Kata ya Sekei (Arusha City Council)	ward	False	False						1	0		
government	ORG_18a5c9ccf2510692	Ofisi ya Kata ya Themi (Arusha City Council)	ward	False	False						1	0		
government	ORG_cf13052d8af6625f	Ofisi ya Kata ya Daraja II (Arusha City Council)	ward	False	False						1	0		
government	ORG_ea08e288fbaa43ae	Ofisi ya Kata ya Unga Ltd (Arusha City Council)	ward	False	False						1	0		
government	ORG_beb7056420f91f1b	Ofisi ya Kata ya Ngarenaro (Arusha City Council)	ward	False	False						1	0		
government	ORG_23cfc072709399bc	Ofisi ya Kata ya Levolosi (Arusha City Council)	ward	False	False						1	0		
government	ORG_3121f73c4a6e8778	Ofisi ya Kata ya Kimandolu (Arusha City Council)	ward	False	False						1	0		
government	ORG_7a12addf78f645a4	Ofisi ya Kata ya Baraa (Arusha City Council)	ward	False	False						1	0		
government	ORG_0289a3d7a9012f7c	Ofisi ya Kata ya Oloirien (Arusha City Council)	ward	False	False						1	0		
government	ORG_87ce1e971fce7d62	Ofisi ya Kata ya Moshono (Arusha City Council)	ward	False	False						1	0		
government	ORG_6af68bc6fe4c0a5c	Ofisi ya Kata ya Moivaro (Arusha City Council)	ward	False	False						1	0		
government	ORG_932984aeae97d0d7	Ofisi ya Kata ya Lemara (Arusha City Council)	ward	False	False						1	0		
government	ORG_cc13dd55dd003363	Ofisi ya Kata ya Terrat (Arusha City Council)	ward	False	False						1	0		
government	ORG_d6617aba27e24b19	Ofisi ya Kata ya Sokon I (Arusha City Council)	ward	False	False						1	0		
government	ORG_ac1b892e2b4676aa	Ofisi ya Kata ya Sombetini (Arusha City Council)	ward	False	False						1	0		
government	ORG_c3d5c766602b30e0	Ofisi ya Kata ya Engutoto (Arusha City Council)	ward	False	False						1	0		
government	ORG_c0dcbe305d52fea8	Ofisi ya Kata ya Elerai (Arusha City Council)	ward	False	False						1	0		
government	ORG_ad466ffc27c58062	Ofisi ya Kata ya Olasiti (Arusha City Council)	ward	False	False						1	0		
government	ORG_eaf0324ddf3ad0eb	Ofisi ya Kata ya Muriet (Arusha City Council)	ward	False	False						1	0		
government	ORG_e5a9f07677a9729b	Ofisi ya Kata ya Olmoti (Arusha City Council)	ward	False	False						1	0		
government	ORG_e75f02c47fab5f94	Ofisi ya Kata ya Sakina (Arusha City Council)	ward	False	False						1	0		
government	ORG_ef8fe849a5039b20	Ofisi ya Kata ya Osunyai Jr (Arusha City Council)	ward	False	False						1	0		
government	ORG_c20cc4e05ae3c758	Ofisi ya Kata ya Sinoni (Arusha City Council)	ward	False	False						1	0		
government	ORG_deeb0291f8d31169	Ofisi ya Kata ya Lengijave (Arusha District Council)	ward	False	False						1	0		
government	ORG_fce82fe64db6fe75	Ofisi ya Kata ya Olturumet (Arusha District Council)	ward	False	False						1	0		
government	ORG_640ffe32689ab87d	Ofisi ya Kata ya Mwandet (Arusha District Council)	ward	False	False						1	0		
government	ORG_22476e831b3b906e	Ofisi ya Kata ya Musa (Arusha District Council)	ward	False	False						1	0		
government	ORG_2a0d7a2a0316af97	Ofisi ya Kata ya Kisongo (Arusha District Council)	ward	False	False						1	0		
government	ORG_41f65b9eab2ab8a3	Ofisi ya Kata ya Mateves (Arusha District Council)	ward	False	False						1	0		
government	ORG_1744057a69177374	Ofisi ya Kata ya Oldonyowass (Arusha District Council)	ward	False	False						1	0		
government	ORG_3296e74196d6965d	Ofisi ya Kata ya Lemanyata (Arusha District Council)	ward	False	False						1	0		
government	ORG_73916eff073bdf04	Ofisi ya Kata ya Laroi (Arusha District Council)	ward	False	False						1	0		
government	ORG_1ccd48e3bffca0cb	Ofisi ya Kata ya Ilkiding'a (Arusha District Council)	ward	False	False						1	0		
government	ORG_4a128d5b03cd18b0	Ofisi ya Kata ya Olturoto (Arusha District Council)	ward	False	False						1	0		
government	ORG_2b7a3391ced0c816	Ofisi ya Kata ya Moivo (Arusha District Council)	ward	False	False						1	0		
government	ORG_691c05c51ca61045	Ofisi ya Kata ya Kiranyi (Arusha District Council)	ward	False	False						1	0		
government	ORG_eacf48dee636a03c	Ofisi ya Kata ya Kimnyak (Arusha District Council)	ward	False	False						1	0		
government	ORG_0612b79477894f84	Ofisi ya Kata ya Oljoro (Arusha District Council)	ward	False	False						1	0		
government	ORG_e1a1ec2d376df542	Ofisi ya Kata ya Sambasha (Arusha District Council)	ward	False	False						1	0		
government	ORG_88b0004f3f5198b5	Ofisi ya Kata ya Oloirien (Arusha District Council)	ward	False	False						1	0		
government	ORG_60045f4b5b277bdb	Ofisi ya Kata ya Olmotonyi (Arusha District Council)	ward	False	False						1	0		
government	ORG_0f79de59bc075f72	Ofisi ya Kata ya Tarakwa (Arusha District Council)	ward	False	False						1	0		
government	ORG_30ad2a9f1fd1d184	Ofisi ya Kata ya Ilboru (Arusha District Council)	ward	False	False						1	0		
government	ORG_8fbfa0c97e14afbc	Ofisi ya Kata ya Bangata (Arusha District Council)	ward	False	False						1	0		
government	ORG_05b4ef4b6c848330	Ofisi ya Kata ya Sokon II (Arusha District Council)	ward	False	False						1	0		
government	ORG_1727e83e469c4c79	Ofisi ya Kata ya Bwawani (Arusha District Council)	ward	False	False						1	0		
government	ORG_c0b864a1954bb7dc	Ofisi ya Kata ya Nduruma (Arusha District Council)	ward	False	False						1	0		
government	ORG_8ccab8fd3fb8559f	Ofisi ya Kata ya Mlangarini (Arusha District Council)	ward	False	False						1	0		
government	ORG_172e84a844b47f41	Ofisi ya Kata ya Kiutu (Arusha District Council)	ward	False	False						1	0		
government	ORG_bacba8722f2a756d	Ofisi ya Kata ya Machame Uroki (Hai District Council)	ward	False	False						1	0		
government	ORG_507e16dd20e8213b	Ofisi ya Kata ya Machame Kaskazini (Hai District Council)	ward	False	False						1	0		
government	ORG_03f2f80ad316e93d	Ofisi ya Kata ya Machame Mashariki (Hai District Council)	ward	False	False						1	0		
government	ORG_a8c28f839d4a2a4f	Ofisi ya Kata ya Machame Narumu (Hai District Council)	ward	False	False						1	0		
government	ORG_134ecae2feb54cb2	Ofisi ya Kata ya Mnadani (Hai District Council)	ward	False	False						1	0		
government	ORG_f497164b3ae83a9e	Ofisi ya Kata ya Weruweru (Hai District Council)	ward	False	False						1	0		
government	ORG_71f34d8026e662df	Ofisi ya Kata ya Masama Magharibi (Hai District Council)	ward	False	False						1	0		
government	ORG_97e8b8267c67b61c	Ofisi ya Kata ya Masama Kati (Hai District Council)	ward	False	False						1	0		
government	ORG_ef0be736c9948fac	Ofisi ya Kata ya Masama Mashariki (Hai District Council)	ward	False	False						1	0		
government	ORG_22414fe7017811b8	Ofisi ya Kata ya Masama Rundugai (Hai District Council)	ward	False	False						1	0		
government	ORG_efb7f0a6cb4d1e9a	Ofisi ya Kata ya KIA (Hai District Council)	ward	False	False						1	0		
government	ORG_408ddbe6b2223b9e	Ofisi ya Kata ya Muungano (Hai District Council)	ward	False	False						1	0		
government	ORG_91ecdbff9bf68881	Ofisi ya Kata ya Bondeni (Hai District Council)	ward	False	False						1	0		
government	ORG_c2d1f0b146dee1a9	Ofisi ya Kata ya Bomang'ombe (Hai District Council)	ward	False	False						1	0		
government	ORG_e54e1f005450843e	Ofisi ya Kata ya Masama Kusini (Hai District Council)	ward	False	False						1	0		
government	ORG_ebd540c6372e6192	Ofisi ya Kata ya Romu (Hai District Council)	ward	False	False						1	0		
government	ORG_009789dcbe368261	Ofisi ya Kata ya Ngarenanyuki (Meru District Council)	ward	False	False						1	0		
government	ORG_79f1fffba489df59	Ofisi ya Kata ya Leguruki (Meru District Council)	ward	False	False						1	0		
government	ORG_4816b0d886e5800f	Ofisi ya Kata ya King'ori (Meru District Council)	ward	False	False						1	0		
government	ORG_dbe94002e4d83734	Ofisi ya Kata ya Maji ya Chai (Meru District Council)	ward	False	False						1	0		
government	ORG_9ff08eb0a7057ce2	Ofisi ya Kata ya Kikatiti (Meru District Council)	ward	False	False						1	0		
government	ORG_4628462ca2aa28da	Ofisi ya Kata ya Uwiro (Meru District Council)	ward	False	False						1	0		
government	ORG_81a4a3d01f77b8c9	Ofisi ya Kata ya Maruvango (Meru District Council)	ward	False	False						1	0		
government	ORG_f223bf544010aa08	Ofisi ya Kata ya Malula (Meru District Council)	ward	False	False						1	0		
government	ORG_4ccb20e40ee0c59a	Ofisi ya Kata ya Imbaseni (Meru District Council)	ward	False	False						1	0		
government	ORG_1e175bb4fb4e9559	Ofisi ya Kata ya Usariver (Meru District Council)	ward	False	False						1	0		
government	ORG_86af1b491ef91c0b	Ofisi ya Kata ya Nkoaranga (Meru District Council)	ward	False	False						1	0		
government	ORG_0c1fb0a68b22e023	Ofisi ya Kata ya Poli (Meru District Council)	ward	False	False						1	0		
government	ORG_83956c95b53db335	Ofisi ya Kata ya Seela Sing'isi (Meru District Council)	ward	False	False						1	0		
government	ORG_7ae6301e80fb86ce	Ofisi ya Kata ya Akheri (Meru District Council)	ward	False	False						1	0		
government	ORG_4a2829ea8d4cacee	Ofisi ya Kata ya Nkoanrua (Meru District Council)	ward	False	False						1	0		
government	ORG_bf79b88a3cae64ae	Ofisi ya Kata ya Songoro (Meru District Council)	ward	False	False						1	0		
government	ORG_c90b2ebf96cbec16	Ofisi ya Kata ya Nkoarisambu (Meru District Council)	ward	False	False						1	0		
government	ORG_1ddb8ca053c2ff74	Ofisi ya Kata ya Nkoanekoli (Meru District Council)	ward	False	False						1	0		
government	ORG_2da2fe095e8a568b	Ofisi ya Kata ya Ambureni (Meru District Council)	ward	False	False						1	0		
government	ORG_7cb0b005fda5bdc4	Ofisi ya Kata ya Maroroni (Meru District Council)	ward	False	False						1	0		
government	ORG_f336af4b357458ec	Ofisi ya Kata ya Makiba (Meru District Council)	ward	False	False						1	0		
government	ORG_be3f140da1763962	Ofisi ya Kata ya Mbuguni (Meru District Council)	ward	False	False						1	0		
government	ORG_6b8a76360178e73f	Ofisi ya Kata ya Kikwe (Meru District Council)	ward	False	False						1	0		
government	ORG_030ddc89c5dd54f8	Ofisi ya Kata ya Majengo (Meru District Council)	ward	False	False						1	0		
government	ORG_4169d9952a1db7f0	Ofisi ya Kata ya Shambarai Burka (Meru District Council)	ward	False	False						1	0		
government	ORG_f61801fb09460bfe	Ofisi ya Kata ya Monduli Juu (Monduli District Council)	ward	False	False						1	0		
government	ORG_7676cc08597306e0	Ofisi ya Kata ya Engutoto (Monduli District Council)	ward	False	False						1	0		
government	ORG_38d3e8220562fea2	Ofisi ya Kata ya Monduli Mjini (Monduli District Council)	ward	False	False						1	0		
government	ORG_d26e1667b6bacd1d	Ofisi ya Kata ya Moita (Monduli District Council)	ward	False	False						1	0		
government	ORG_48f530a8bfe501a0	Ofisi ya Kata ya Meserani (Monduli District Council)	ward	False	False						1	0		
government	ORG_2d53529e781c03e9	Ofisi ya Kata ya Kindi (Moshi District Council)	ward	False	False						1	0		
government	ORG_d7719f8a86ae43bb	Ofisi ya Kata ya Kibosho Magharibi (Moshi District Council)	ward	False	False						1	0		
government	ORG_4ccd4fdb695d34ec	Ofisi ya Kata ya Kibosho Mashariki (Moshi District Council)	ward	False	False						1	0		
government	ORG_436f683a9edec65f	Ofisi ya Kata ya Uru Kusini (Moshi District Council)	ward	False	False						1	0		
government	ORG_3c2dd32e61e48b45	Ofisi ya Kata ya Kilimanjaro (Moshi Municipal Council)	ward	False	False						1	0		
government	ORG_afaf33cd4b991f51	Ofisi ya Kata ya Mfumuni (Moshi Municipal Council)	ward	False	False						1	0		
government	ORG_eb5cae9835b8899a	Ofisi ya Kata ya Kiusa (Moshi Municipal Council)	ward	False	False						1	0		
government	ORG_eea3ddd6f1af3e17	Ofisi ya Kata ya Korongoni (Moshi Municipal Council)	ward	False	False						1	0		
government	ORG_43f61bf83bd47a93	Ofisi ya Kata ya Soweto (Moshi Municipal Council)	ward	False	False						1	0		
government	ORG_31f60eeed65858bb	Ofisi ya Kata ya Shirimatunda (Moshi Municipal Council)	ward	False	False						1	0		
government	ORG_4f90d9688b68f383	Ofisi ya Kata ya Karanga (Moshi Municipal Council)	ward	False	False						1	0		
government	ORG_64c819909bcf512b	Ofisi ya Kata ya Rau (Moshi Municipal Council)	ward	False	False						1	0		
government	ORG_20655786741c56db	Ofisi ya Kata ya Bomambuzi (Moshi Municipal Council)	ward	False	False						1	0		
government	ORG_ac88b557eb808ab3	Ofisi ya Kata ya Majengo (Moshi Municipal Council)	ward	False	False						1	0		
government	ORG_36d003ca5d5c90fd	Ofisi ya Kata ya Mawenzi (Moshi Municipal Council)	ward	False	False						1	0		
government	ORG_1e632b1845722f64	Ofisi ya Kata ya Bondeni (Moshi Municipal Council)	ward	False	False						1	0		
government	ORG_fd710290f9b93c99	Ofisi ya Kata ya Mji Mpya (Moshi Municipal Council)	ward	False	False						1	0		
government	ORG_993e8f8f866e30b6	Ofisi ya Kata ya Miembeni (Moshi Municipal Council)	ward	False	False						1	0		
government	ORG_e70c685a938e834f	Ofisi ya Kata ya Njoro (Moshi Municipal Council)	ward	False	False						0	0		
government	ORG_1547ac5eaa133cca	Ofisi ya Kata ya Kaloleni (Moshi Municipal Council)	ward	False	False						1	0		
government	ORG_353335765cd8f83b	Ofisi ya Kata ya Pasua (Moshi Municipal Council)	ward	False	False						1	0		
government	ORG_4412846e728b43d0	Ofisi ya Kata ya Karansi (Siha District Council)	ward	False	False						1	0		
government	ORG_39d2d609726b27f2	Ofisi ya Kata ya Gararagua (Siha District Council)	ward	False	False						1	0		
government	ORG_7397d403061237f1	Ofisi ya Kata ya Sanya Juu (Siha District Council)	ward	False	False						1	0		
government	ORG_9bcdf360a78e9c36	Ofisi ya Kata ya Livishi (Siha District Council)	ward	False	False						1	0		
government	ORG_2e18cf39ee572326	Ofisi ya Kata ya Nasai (Siha District Council)	ward	False	False						1	0		
government	ORG_2aa44c7d35588b24	Ofisi ya Kata ya Kashashi (Siha District Council)	ward	False	False						1	0		
government	ORG_ab1b9bd5584fc0bf	Ofisi ya Kata ya Ormelili (Siha District Council)	ward	False	False						1	0		
government	ORG_617c26e9ddaba996	Ofisi ya Kata ya Olkolili (Siha District Council)	ward	False	False						1	0		
government	ORG_640054a489f3be31	Ofisi ya Kata ya Makiwaru (Siha District Council)	ward	False	False						1	0		
government	ORG_06bfea218e992a3d	Ofisi ya Kata ya Naisinyai (Simanjiro District Council)	ward	False	False						1	0		
government	ORG_0ee2925b7c7bc0a7	Ofisi ya Kijiji cha Maji ya Chai (Meru District Council)	village	False	False						0	0		
government	ORG_dd5697b330436f6a	Ofisi ya Kijiji cha Mwanama (Arusha City Council)	village	False	False						0	0		
